// This file was generated by SquareLine Studio
// SquareLine Studio version: SquareLine Studio 1.6.1
// LVGL version: 8.3.11
// Project name: dash-ui

#include "../ui.h"

#ifndef LV_ATTRIBUTE_MEM_ALIGN
    #define LV_ATTRIBUTE_MEM_ALIGN
#endif

// IMAGE DATA: assets/stingerlogo.png
const LV_ATTRIBUTE_MEM_ALIGN uint8_t ui_img_stingerlogo_png_data[]  = {
    0xFF,0xFF,0xFF,0xFF,0xFF,0xFF,0xFF,0xFF,0xFF,0xFF,0xFF,0xFF,0xFF,0xFF,0xFF,0xFF,0xFF,0xFF,0xFF,0xFF,0xFF,0xFF,0xFF,0xFF,0xFF,0xFF,0xFF,0xFF,0xFF,0xFF,0xFF,0xFF,0xFF,0xFF,0xFF,0xFF,
    0xFF,0xFF,0xFF,0xFF,0xFF,0xFF,0xFF,0xFF,0xFF,0xFF,0xFF,0xFF,0xFF,0xFF,0xFF,0xFF,0xFF,0xFF,0xFF,0xFF,0xFF,0xFF,0xFF,0xFF,0xFF,0xFF,0xFF,0xFF,0xFF,0xFF,0xFF,0xFF,0xFF,0xFF,0xFF,0xFF,
    0xFF,0xFF,0xFF,0xFF,0xFF,0xFF,0xFF,0xFF,0xFF,0xFF,0xFF,0xFF,0xFF,0xFF,0xFF,0xFF,0xFF,0xFF,0xFF,0xFF,0xFF,0xFF,0xFF,0xFF,0xFF,0xFF,0xFF,0xFF,0xFF,0xFF,0xFF,0xFF,0xFF,0xFF,0xFF,0xFF,
    0xFF,0xFF,0xFF,0xFF,0xFF,0xFF,0xFF,0xFF,0xFF,0xFF,0xFF,0xFF,0xFF,0xFF,0xFF,0xFF,0xFF,0xFF,0xFF,0xFF,0xFF,0xFF,0xFF,0xFF,0xFF,0xFF,0xFF,0xFF,0xFF,0xFF,0xFF,0xFF,0xFF,0xFF,0xFF,0xFF,
    0xFF,0xFF,0xFF,0xFF,0xFF,0xFF,0xFF,0xFF,0xFF,0xFF,0xFF,0xFF,0xFF,0xFF,0xFF,0xFF,0xFF,0xFF,0xFF,0xFF,0xFF,0xFF,0xFF,0xFF,0xFF,0xFF,0xFF,0xFF,0xFF,0xFF,0xFF,0xFF,0xFF,0xFF,0xFF,0xFF,
    0xFF,0xFF,0xFF,0xFF,0xFF,0xFF,0xFF,0xFF,0xFF,0xFF,0xFF,0xFF,0xFF,0xFF,0xFF,0xFF,0xFF,0xFF,0xFF,0xFF,0xFF,0xFF,0xFF,0xFF,0xFF,0xFF,0xFF,0xFF,0xFF,0xFF,0xFF,0xFF,0xFF,0xFF,0xFF,0xFF,
    0xFF,0xFF,0xFF,0xFF,0xFF,0xFF,0xFF,0xFF,0xFF,0xFF,0xFF,0xFF,0xFF,0xFF,0xFF,0xFF,0xFF,0xFF,0xFF,0xFF,0xFF,0xFF,0xFF,0xFF,0xFF,0xFF,0xFF,0xFF,0xFF,0xFF,0xFF,0xFF,0xFF,0xFF,0xFF,0xFF,
    0xFF,0xFF,0xFF,0xFF,0xFF,0xFF,0xFF,0xFF,0xFF,0xFF,0xFF,0xFF,0xFF,0xFF,0xFF,0xFF,0xFF,0xFF,0xFF,0xFF,0xFF,0xFF,0xFF,0xFF,0xFF,0xFF,0xFF,0xFF,0xFF,0xFF,0xFF,0xFF,0xFF,0xFF,0xFF,0xFF,
    0xFF,0xFF,0xFF,0xFF,0xFF,0xFF,0xFF,0xFF,0xFF,0xFF,0xFF,0xFF,0xFF,0xFF,0xFF,0xFF,0xFF,0xFF,0xFF,0xFF,0xFF,0xFF,0xFF,0xFF,0xFF,0xFF,0xFF,0xFF,0xFF,0xFF,0xFF,0xFF,0xFF,0xFF,0xFF,0xFF,
    0xFF,0xFF,0xFF,0xFF,0xFF,0xFF,0xFF,0xFF,0xFF,0xFF,0xFF,0xFF,0xFF,0xFF,0xFF,0xFF,0xFF,0xFF,0xFF,0xFF,0xFF,0xFF,0xFF,0xFF,0xFF,0xFF,0xFF,0xFF,0xFF,0xFF,0xFF,0xFF,0xFF,0xFF,0xFF,0xFF,
    0xFF,0xFF,0xFF,0xFF,0xFF,0xFF,0xFF,0xFF,0xFF,0xFF,0xFF,0xFF,0xFF,0xFF,0xFF,0xFF,0xFF,0xFF,0xFF,0xFF,0xFF,0xFF,0xFF,0xFF,0xFF,0xFF,0xFF,0xFF,0xFF,0xFF,0xFF,0xFF,0xFF,0xFF,0xFF,0xFF,
    0xFF,0xFF,0xFF,0xFF,0xFF,0xFF,0xFF,0xFF,0xFF,0xFF,0xFF,0xFF,0xFF,0xFF,0xFF,0xFF,0xFF,0xFF,0xFF,0xFF,0xFF,0xFF,0xFF,0xFF,0xFF,0xFF,0xFF,0xFF,0xFF,0xFF,0xFF,0xFF,0xFF,0xFF,0xFF,0xFF,
    0xFF,0xFF,0xFF,0xFF,0xFF,0xFF,0xFF,0xFF,0xFF,0xFF,0xFF,0xFF,0xFF,0xFF,0xFF,0xFF,0xFF,0xFF,0xFF,0xFF,0xFF,0xFF,0xFF,0xFF,0xFF,0xFF,0xFF,0xFF,0xFF,0xFF,0xFF,0xFF,0xFF,0xFF,0xFF,0xFF,
    0xFF,0xFF,0xFF,0xFF,0xFF,0xFF,0xFF,0xFF,0xFF,0xFF,0xFF,0xFF,0xFF,0xFF,0xFF,0xFF,0xFF,0xFF,0xFF,0xFF,0xFF,0xFF,0xFF,0xFF,0xFF,0xFF,0xFF,0xFF,0xFF,0xFF,0xFF,0xFF,0xFF,0xFF,0xFF,0xFF,
    0xFF,0xFF,0xFF,0xFF,0xFF,0xFF,0xFF,0xFF,0xFF,0xFF,0xFF,0xFF,0xFF,0xFF,0xFF,0xFF,0xFF,0xFF,0xFF,0xFF,0xFF,0xFF,0xFF,0xFF,0xFF,0xFF,0xFF,0xFF,0xFF,0xFF,0xFF,0xFF,0xFF,0xFF,0xFF,0xFF,
    0xFF,0xFF,0xFF,0xFF,0xFF,0xFF,0xFF,0xFF,0xFF,0xFF,0xFF,0xFF,0xFF,0xFF,0xFF,0xFF,0xFF,0xFF,0xFF,0xFF,0xFF,0xFF,0xFF,0xFF,0xFF,0xFF,0xFF,0xFF,0xFF,0xFF,0xFF,0xFF,0xFF,0xFF,0xFF,0xFF,
    0xFF,0xFF,0xFF,0xFF,0xFF,0xFF,0xFF,0xFF,0xFF,0xFF,0xFF,0xFF,0xFF,0xFF,0xFF,0xFF,0xFF,0xFF,0xFF,0xFF,0xFF,0xFF,0xFF,0xFF,0xFF,0xFF,0xFF,0xFF,0xFF,0xFF,0xFF,0xFF,0xFF,0xFF,0xFF,0xFF,
    0xFF,0xFF,0xFF,0xFF,0xFF,0xFF,0xFF,0xFF,0xFF,0xFF,0xFF,0xFF,0xFF,0xFF,0xFF,0xFF,0xFF,0xFF,0xFF,0xFF,0xFF,0xFF,0xFF,0xFF,0xFF,0xFF,0xFF,0xFF,0xFF,0xFF,0xFF,0xFF,0xFF,0xFF,0xFF,0xFF,
    0xFF,0xFF,0xFF,0xFF,0xFF,0xFF,0xFF,0xFF,0xFF,0xFF,0xFF,0xFF,0xFF,0xFF,0xFF,0xFF,0xFF,0xFF,0xFF,0xFF,0xFF,0xFF,0xFF,0xFF,0xFF,0xFF,0xFF,0xFF,0xFF,0xFF,0xFF,0xFF,0xFF,0xFF,0xFF,0xFF,
    0xFF,0xFF,0xFF,0xFF,0xFF,0xFF,0xFF,0xFF,0xFF,0xFF,0xFF,0xFF,0xFF,0xFF,0xFF,0xFF,0xFF,0xFF,0xFF,0xFF,0xFF,0xFF,0xFF,0xFF,0xBE,0xF7,0xFF,0xFF,0xFF,0xFF,0xFF,0xFF,0xFF,0xFF,0xFF,0xFF,
    0xFF,0xFF,0xFF,0xDF,0xFF,0xFF,0xFF,0xFF,0xFF,0xFF,0xFF,0xFF,0xFF,0xFF,0xFF,0xFF,0xFF,0xFF,0xFF,0xFF,0xFF,0xFF,0xFF,0xFF,0xFF,0xFF,0xFF,0xFF,0xFF,0xFF,0xFF,0xFF,0xFF,0xFF,0xFF,0xFF,
    0xFF,0xFF,0xFF,0xFF,0xFF,0xFF,0xFF,0xFF,0xFF,0xFF,0xFF,0xFF,0xFF,0xFF,0xFF,0xFF,0xFF,0xFF,0xFF,0xFF,0xFF,0xFF,0xFF,0xFF,0xFF,0xFF,0xFF,0xFF,0xFF,0xFF,0xFF,0xFF,0xFF,0xFF,0xFF,0xFF,
    0xFF,0xFF,0xFF,0xFF,0xFF,0xFF,0xFF,0xFF,0xFF,0xFF,0xFF,0xFF,0xFF,0xFF,0xFF,0xFF,0xFF,0xFF,0xFF,0xFF,0xFF,0xFF,0xFF,0xFF,0xFF,0xFF,0xFF,0xFF,0xFF,0xFF,0xFF,0xFF,0xFF,0xFF,0xFF,0xFF,
    0xFF,0xFF,0xFF,0xFF,0xFF,0xFF,0xFF,0xFF,0xFF,0xFF,0xFF,0xFF,0xFF,0xFF,0xFF,0xFF,0xFF,0xFF,0xFF,0xFF,0xFF,0xFF,0xFF,0xFF,0xFF,0xFF,0xFF,0xFF,0xFF,0xFF,0xFF,0xFF,0xFF,0xFF,0xFF,0xFF,
    0xFE,0xFF,0xFF,0xFE,0xFF,0xFF,0xFF,0xFF,0xFF,0xFF,0xFF,0xFF,0xFF,0xFF,0xFF,0xFF,0xFF,0xFF,0xFF,0xFF,0xFF,0xFF,0xFF,0xFF,0xFF,0xFF,0xFF,0xFF,0xFF,0xFF,0xFF,0xFF,0xFF,0xFF,0xFF,0xFF,
    0xFF,0xFF,0xFF,0xFF,0xFF,0xFF,0xFF,0xFF,0xFF,0xFF,0xFF,0xFF,0xFF,0xFF,0xFF,0xFF,0xFF,0xFF,0xFF,0xFF,0xFF,0xFF,0xFF,0xFF,0xFF,0xFF,0xFF,0xFF,0xFF,0xFF,0xFF,0xFF,0xFF,0xFF,0xFF,0xFF,
    0xFF,0xFF,0xFF,0xFF,0xFF,0xFF,0xFF,0xFF,0xFF,0xFF,0xFF,0xFF,0xFF,0xFF,0xFF,0xFF,0xFF,0xFF,0xFF,0xFF,0xFF,0xFF,0xFF,0xFF,0xFF,0xFF,0xFF,0xFF,0xFF,0xFF,0xFF,0xFF,0xFF,0xFF,0xFF,0xFF,
    0xFF,0xFF,0xFF,0xFF,0xFF,0xFF,0xFF,0xFF,0xFF,0xFF,0xFF,0xFF,0xFF,0xFF,0xFF,0xFF,0xFF,0xFF,0xFF,0xFF,0xFF,0xFF,0xFF,0xFF,0xFF,0xFF,0xFF,0xFF,0xFF,0xFF,0xFF,0xFF,0xFF,0xFF,0xFF,0xFF,
    0xFF,0xFF,0xFF,0xFF,0xFF,0xFF,0xFF,0xFF,0xFF,0xFF,0xFF,0xFF,0xFF,0xFF,0xFF,0xFF,0xFF,0xFF,0xFF,0xFF,0xFF,0xFF,0xFF,0xFF,0xFF,0xFF,0xFF,0xFF,0xFF,0xFF,0xFF,0xFF,0xFF,0xFF,0xFF,0xFF,
    0xFF,0xFF,0xFF,0xFF,0xFF,0xFF,0xFF,0xFF,0xFF,0xFF,0xFF,0xFF,0xFF,0xFF,0xFF,0xFF,0xFF,0xFF,0xFF,0xFF,0xFF,0xFF,0xFF,0xFF,0xFF,0xFF,0xFF,0xFF,0xFF,0xFF,0xFF,0xFF,0xFF,0xFF,0xFF,0xFF,
    0xFF,0xFF,0xFF,0xFF,0xFF,0xFF,0xFF,0xFF,0xFF,0xFF,0xFF,0xFF,0xFF,0xFF,0xFF,0xFF,0xFF,0xFF,0xFF,0xFF,0xFF,0xFF,0xFF,0xFF,0xFF,0xFF,0xFF,0xFF,0xFF,0xFF,0xFF,0xFF,0xFF,0xFF,0xFF,0xFF,
    0xFF,0xFF,0xFF,0xFF,0xFF,0xFF,0xFF,0xFF,0xFF,0xFF,0xFF,0xFF,0xFF,0xFF,0xFF,0xFF,0xFF,0xFF,0xFF,0xFF,0xFF,0xFF,0xFF,0xFF,0xFF,0xFF,0xFF,0xFF,0xFF,0xFF,0xFF,0xFF,0xFF,0xFF,0xFF,0xFF,
    0xFF,0xFF,0xFF,0xFF,0xFF,0xFF,0xFF,0xFF,0xFF,0xFF,0xFF,0xFF,0xFF,0xFF,0xFF,0xFF,0xFF,0xFF,0xFF,0xFF,0xFF,0xFF,0xFF,0xFF,0xFF,0xFF,0xFF,0xFF,0xFF,0xFF,0xFF,0xFF,0xFF,0xFF,0xFF,0xFF,
    0xFF,0xFF,0xFF,0xFF,0xFF,0xFF,0xFF,0xFF,0xFF,0xFF,0xFF,0xFF,0xFF,0xFF,0xFF,0xFF,0xFF,0xFF,0xFF,0xFF,0xFF,0xFF,0xFF,0xFF,0xFF,0xFF,0xFF,0xFF,0xFF,0xFF,0xFF,0xFF,0xFF,0xFF,0xFF,0xFF,
    0xFF,0xFF,0xFF,0xFF,0xFF,0xFF,0xFF,0xFF,0xFF,0xFF,0xFF,0xFF,0xFF,0xFF,0xFF,0xFF,0xFF,0xFF,0xFF,0xFF,0xFF,0xFF,0xFF,0xFF,0xFF,0xFF,0xFF,0xFF,0xFF,0xFF,0xFF,0xFF,0xFF,0xFF,0xFF,0xFF,
    0xFF,0xFF,0xFF,0xFF,0xFF,0xFF,0xFF,0xFF,0xFF,0xFF,0xFF,0xFF,0xFF,0xFF,0xFF,0xFF,0xFF,0xFF,0xFF,0xFF,0xFF,0xFF,0xFF,0xFF,0xFF,0xFF,0xFF,0xFF,0xFF,0xFF,0xFF,0xFF,0xFF,0xFF,0xFF,0xFF,
    0xFF,0xFF,0xFF,0xFF,0xFF,0xFF,0xFF,0xFF,0xFF,0xFF,0xFF,0xFF,0xFF,0xFF,0xFF,0xFF,0xFF,0xFF,0xFF,0xFF,0xFF,0xFF,0xFF,0xFF,0xFF,0xFF,0xFF,0xFF,0xFF,0xFF,0xFF,0xFF,0xFF,0xFF,0xFF,0xFF,
    0xFF,0xFF,0xFF,0xFF,0xFF,0xFF,0xFF,0xFF,0xFF,0xFF,0xFF,0xFF,0xFF,0xFF,0xFF,0xFF,0xFF,0xFF,0xFF,0xFF,0xFF,0xFF,0xFF,0xFF,0xFF,0xFF,0xFF,0xFF,0xFF,0xFF,0xFF,0xFF,0xFF,0xFF,0xFF,0xFF,
    0xFF,0xFF,0xFF,0xFF,0xFF,0xFF,0xFF,0xFF,0xFF,0xFF,0xFF,0xFF,0xFF,0xFF,0xFF,0xFF,0xFF,0xFF,0xFF,0xFF,0xFF,0xFF,0xFF,0xFF,0xFF,0xFF,0xFF,0xFF,0xFF,0xFF,0xFF,0xFF,0xFF,0xFF,0xFF,0xFF,
    0xFF,0xFF,0xFF,0xFF,0xFF,0xFF,0xFF,0xFF,0xFF,0xFF,0xFF,0xFF,0xFF,0xFF,0xFF,0xFF,0xFF,0xFF,0xFF,0xFF,0xFF,0xFF,0xFF,0xFF,0xFF,0xFF,0xFF,0xFF,0xFF,0xFF,0xFF,0xFF,0xFF,0xFF,0xFF,0xFF,
    0xFF,0xFF,0xFF,0xFF,0xFF,0xFF,0xFF,0xFF,0xFF,0xFF,0xFF,0xFF,0xFF,0xFF,0xFF,0xFF,0xFF,0xFF,0xFF,0xFF,0xFF,0xFF,0xFF,0xFF,0xFF,0xFF,0xFF,0xFF,0xFF,0xFF,0xFF,0xFF,0xFF,0xFF,0xFF,0xFF,
    0xFF,0xFF,0xFF,0xFF,0xFF,0xFF,0xFF,0xFF,0xFF,0xFF,0xFF,0xFF,0xFF,0xFF,0xFF,0xFF,0xFF,0xFF,0xFF,0xFF,0xFF,0xFF,0xFF,0xFF,0xFF,0xFF,0xFF,0xFF,0xFF,0xFF,0xFF,0xFF,0xFF,0xFF,0xFF,0xFF,
    0xFF,0xFF,0xFF,0xFF,0xFF,0xFF,0xFF,0xFF,0xFF,0xFF,0xFF,0xFF,0xFF,0xFF,0xFF,0xFF,0xFF,0xFF,0xFF,0xFF,0xFF,0xFF,0xFF,0xFF,0xFF,0xFF,0xFF,0xFF,0xFF,0xFF,0xFF,0xFF,0xFF,0xFF,0xFF,0xFF,
    0xFF,0xFF,0xFF,0xFF,0xFF,0xFF,0xFF,0xFF,0xFF,0xFF,0xFF,0xFF,0xFF,0xFF,0xFF,0xFF,0xFF,0xFF,0xFF,0xFF,0xFF,0xFF,0xFF,0xFF,0xFF,0xFF,0xFF,0xFF,0xFF,0xFF,0xFF,0xFF,0xFF,0xFF,0xFF,0xFF,
    0xFF,0xFF,0xFF,0xFF,0xFF,0xFF,0xFF,0xFF,0xFF,0xFF,0xFF,0xFF,0xFF,0xFF,0xFF,0xFF,0xFF,0xFF,0xFF,0xFF,0xFF,0xFF,0xFF,0xFF,0xFF,0xFF,0xFF,0xFF,0xFF,0xFF,0xFF,0xFF,0xFF,0xFF,0xFF,0xFF,
    0xFF,0xFF,0xFF,0xFF,0xFF,0xFF,0xFF,0xFF,0xFF,0xFF,0xFF,0xFF,0xFF,0xFF,0xFF,0xFF,0xFF,0xFF,0xFF,0xFF,0xFF,0xFF,0xFF,0xFF,0xFF,0xFF,0xFF,0xFF,0xFF,0xFF,0xFF,0xFF,0xFF,0xFF,0xFF,0xFF,
    0xFF,0xFF,0xFF,0xFF,0xFF,0xFF,0xFF,0xFF,0xFF,0xFF,0xFF,0xFF,0xFF,0xFF,0xFF,0xFF,0xFF,0xFF,0xFF,0xFF,0xFF,0xFF,0xFF,0xFF,0xFF,0xFF,0xFF,0xFF,0xFF,0xFF,0xFF,0xFF,0xFF,0xFF,0xFF,0xFF,
    0xFF,0xFF,0xFF,0xFF,0xFF,0xFF,0xFF,0xFF,0xFF,0xFF,0xFF,0xFF,0xFF,0xFF,0xFF,0xFF,0xFF,0xFF,0xFF,0xFF,0xFF,0xFF,0xFF,0xFF,0xFF,0xFF,0xFF,0xFF,0xFF,0xFF,0xFF,0xFF,0xFF,0xFF,0xFF,0xFF,
    0xFF,0xFF,0xFF,0xFF,0xFF,0xFF,0xFF,0xFF,0xFF,0xFF,0xFF,0xFF,0xFF,0xFF,0xFF,0xFF,0xFF,0xFF,0xFF,0xFF,0xFF,0xFF,0xFF,0xFF,0xFF,0xFF,0xFF,0xFF,0xFF,0xFF,0xFF,0xFF,0xFF,0xFF,0xFF,0xFF,
    0xFF,0xFF,0xFF,0xFF,0xFF,0xFF,0xFF,0xFF,0xFF,0xFF,0xFF,0xFF,0xFF,0xFF,0xFF,0xFF,0xFF,0xFF,0xFF,0xFF,0xFF,0xFF,0xFF,0xFF,0xFF,0xFF,0xFF,0xFF,0xFF,0xFF,0xFF,0xFF,0xFF,0xFF,0xFF,0xFF,
    0xFF,0xFF,0xFF,0xFF,0xFF,0xFF,0xFF,0xFF,0xFF,0xFF,0xFF,0xFF,0xFF,0xFF,0xFF,0xFF,0xFF,0xFF,0xFF,0xFF,0xFF,0xFF,0xFF,0xFF,0xFF,0xFF,0xFF,0xFF,0xFF,0xFF,0xFF,0xFF,0xFF,0xFF,0xFF,0xFF,
    0xFF,0xFF,0xFF,0xFF,0xFF,0xFF,0xFF,0xFF,0xFF,0xFF,0xFF,0xFF,0xFF,0xFF,0xFF,0xFF,0xFF,0xFF,0xFF,0xFF,0xFF,0xFF,0xFF,0xFF,0xFF,0xFF,0xFF,0xFF,0xFF,0xFF,0xFF,0xFF,0xFF,0xFF,0xFF,0xFF,
    0xFF,0xFF,0xFF,0xFF,0xFF,0xFF,0xFF,0xFF,0xFF,0xFF,0xFF,0xFF,0xFF,0xFF,0xFF,0xFF,0xFF,0xFF,0xFF,0xFF,0xFF,0xFF,0xFF,0xFF,0xFF,0xFF,0xFF,0xFF,0xFF,0xFF,0xFF,0xFF,0xFF,0xFF,0xFF,0xFF,
    0xFF,0xFF,0xFF,0xFF,0xFF,0xFF,0xDF,0xFF,0xFF,0xFF,0xFF,0xFF,0xFF,0xFF,0xFF,0x9E,0xF7,0xFF,0xFF,0xFF,0xFF,0xBE,0xF7,0xFF,0xFF,0xFF,0xFF,0xFF,0xFF,0xFF,0xFF,0xFF,0xFF,0xDF,0xFF,0xFF,
    0xFF,0xFF,0xFF,0xFF,0xFF,0xFF,0xFF,0xFF,0xFF,0xFF,0xFF,0xFF,0xFF,0xFF,0xFF,0xFF,0xFF,0xFF,0xFF,0xFF,0xFF,0xFF,0xFF,0xFF,0xFF,0xFF,0xFF,0xFF,0xFF,0xFF,0xFF,0xFF,0xFF,0xFF,0xFF,0xFF,
    0xFF,0xFF,0xFF,0xFF,0xFF,0xFF,0xFF,0xFF,0xFF,0xFF,0xFF,0xFF,0xFF,0xFF,0xFF,0xFF,0xFF,0xFF,0xFF,0xFF,0xFF,0xFF,0xFF,0xFF,0xFF,0xFF,0xFF,0xFF,0xFF,0xFF,0xFF,0xFF,0xFF,0xFF,0xFF,0xFF,
    0xFF,0xFF,0xFF,0xFF,0xFF,0xFF,0xFF,0xFF,0xFF,0xFF,0xFF,0xFF,0xFF,0xFF,0xFF,0xFF,0xFF,0xFF,0xFF,0xFF,0xFF,0xFF,0xFF,0xFF,0xFF,0xFF,0xFF,0xFF,0xFF,0xFF,0xFF,0xFF,0xFF,0xFF,0xFF,0xFF,
    0xFF,0xFF,0xFF,0xFF,0xFF,0xFF,0xFF,0xFF,0xFF,0xFF,0xFF,0xFF,0xFF,0xFF,0xFF,0xFF,0xFF,0xFF,0xFF,0xFF,0xFF,0xFF,0xFF,0xFF,0xFF,0xFF,0xFF,0xFF,0xFF,0xFF,0xFF,0xFF,0xFF,0xFF,0xFF,0xFF,
    0xFF,0xFF,0xFF,0xFF,0xFF,0xFF,0xFF,0xFF,0xFF,0xFF,0xFF,0xFF,0xFF,0xFF,0xFF,0xFF,0xFF,0xFF,0xFF,0xFF,0xFF,0xFF,0xFF,0xFF,0xFF,0xFF,0xFF,0xFF,0xFF,0xFF,0xFF,0xFF,0xFF,0xFF,0xFF,0xFF,
    0xFF,0xFF,0xFF,0xFF,0xFF,0xFF,0xFF,0xFF,0xFF,0xFF,0xFF,0xFF,0xFF,0xFF,0xFF,0xFF,0xFF,0xFF,0xFF,0xFF,0xFF,0xFF,0xFF,0xFF,0xFF,0xFF,0xFF,0xFF,0xFF,0xFF,0xFF,0xFF,0xFF,0xFF,0xFF,0xFF,
    0xFF,0xFF,0xFF,0xFF,0xFF,0xFF,0xFF,0xFF,0xFF,0xFF,0xFF,0xFF,0xFF,0xFF,0xFF,0xFF,0xFF,0xFF,0xFF,0xFF,0xFF,0xFF,0xFF,0xFF,0xFF,0xFF,0xFF,0xFF,0xFF,0xFF,0xFF,0xFF,0xFF,0xFF,0xFF,0xFF,
    0xFF,0xFF,0xFF,0xFF,0xFF,0xFF,0xFF,0xFF,0xFF,0xFF,0xFF,0xFF,0xFF,0xFF,0xFF,0xFF,0xFF,0xFF,0xFF,0xFF,0xFF,0xFF,0xFF,0xFF,0xFF,0xFF,0xFF,0xFF,0xFF,0xFF,0xFF,0xFF,0xFF,0xFF,0xFF,0xFF,
    0xFF,0xFF,0xFF,0xFF,0xFF,0xFF,0xFF,0xFF,0xFF,0xFF,0xFF,0xFF,0xFF,0xFF,0xFF,0xFF,0xFF,0xFF,0xFF,0xFF,0xFF,0xFF,0xFF,0xFF,0xFF,0xFF,0xFF,0xFF,0xFF,0xFF,0xFF,0xFF,0xFF,0xFF,0xFF,0xFF,
    0xFF,0xFF,0xFF,0xFF,0xFF,0xFF,0xFF,0xFF,0xFF,0xFF,0xFF,0xFF,0xFF,0xFF,0xFF,0xFF,0xFF,0xFF,0xFF,0xFF,0xFF,0xFF,0xFF,0xFF,0xFF,0xFF,0xFF,0xFF,0xFF,0xFF,0xFF,0xFF,0xFF,0xFF,0xFF,0xFF,
    0xFF,0xFF,0xFF,0xFF,0xFF,0xFF,0xFF,0xFF,0xFF,0xFF,0xFF,0xFF,0xFF,0xFF,0xFF,0xFF,0xFF,0xFF,0xFF,0xFF,0xFF,0xFF,0xFF,0xFF,0xFF,0xFF,0xFF,0xFF,0xFF,0xFF,0xFF,0xFF,0xFF,0xFF,0xFF,0xFF,
    0xFF,0xFF,0xFF,0xFF,0xFF,0xFF,0xFF,0xFF,0xFF,0xFF,0xFF,0xFF,0xFF,0xFF,0xFF,0xFF,0xFF,0xFF,0xFF,0xFF,0xFF,0xFF,0xFF,0xFF,0xFF,0xFF,0xFF,0xFF,0xFF,0xFF,0xFF,0xFF,0xFF,0xFF,0xFF,0xFF,
    0xFF,0xFF,0xFF,0xFF,0xFF,0xFF,0xFF,0xFF,0xFF,0xFF,0xFF,0xFF,0xFF,0xFF,0xFF,0xFF,0xFF,0xFF,0xFF,0xFF,0xFF,0xFF,0xFF,0xFF,0xFF,0xFF,0xFF,0xFF,0xFF,0xFF,0xFF,0xFF,0xFF,0xFF,0xFF,0xFF,
    0xFF,0xFF,0xFF,0xFF,0xFF,0xFF,0xFF,0xFF,0xFF,0xFF,0xFF,0xFF,0xFF,0xFF,0xFF,0xFF,0xFF,0xFF,0xFF,0xFF,0xFF,0xFF,0xFF,0xFF,0xFF,0xFF,0xFF,0xFF,0xFF,0xFF,0xFF,0xFF,0xFF,0xFF,0xFF,0xFF,
    0xFF,0xFF,0xFF,0xFF,0xFF,0xFF,0xFF,0xFF,0xFF,0xFF,0xFF,0xFF,0xFF,0xFF,0xFF,0xFF,0xFF,0xFF,0xFF,0xFF,0xFF,0xFF,0xFF,0xFF,0xFF,0xFF,0xFF,0xFF,0xFF,0xFF,0xFF,0xFF,0xFF,0xFF,0xFF,0xFF,
    0xFF,0xFF,0xFF,0xFF,0xFF,0xFF,0xFF,0xFF,0xFF,0xFF,0xFF,0xFF,0xFF,0xFF,0xFF,0xFF,0xFF,0xFF,0xFF,0xFF,0xFF,0xFF,0xFF,0xFF,0xFF,0xFF,0xFF,0xFF,0xFF,0xFF,0xFF,0xFF,0xFF,0xFF,0xFF,0xFF,
    0xFF,0xFF,0xFF,0xFF,0xFF,0xFF,0xFF,0xFF,0xFF,0xFF,0xFF,0xFF,0xFF,0xFF,0xFF,0xFF,0xFF,0xFF,0xFF,0xFF,0xFF,0xFF,0xFF,0xFF,0xFF,0xFF,0xFF,0xFF,0xFF,0xFF,0xFF,0xFF,0xFF,0xFF,0xFF,0xFF,
    0xFF,0xFF,0xFF,0xFF,0xFF,0xFF,0xFF,0xFF,0xFF,0xFF,0xFF,0xFF,0xFF,0xFF,0xFF,0xFF,0xFF,0xFF,0xFF,0xFF,0xFF,0xFF,0xFF,0xFF,0xFF,0xFF,0xFF,0xFF,0xFF,0xFF,0xFF,0xFF,0xFF,0xFF,0xFF,0xFF,
    0xFF,0xFF,0xFF,0xFF,0xFF,0xFF,0xFF,0xFF,0xFF,0xFF,0xFF,0xFF,0xFF,0xFF,0xFF,0xFF,0xFF,0xFF,0xFF,0xFF,0xFF,0xFF,0xFF,0xFF,0xFF,0xFF,0xFF,0xFF,0xFF,0xFF,0xFF,0xFF,0xFF,0xFF,0xFF,0xFF,
    0xFF,0xFF,0xFF,0xFF,0xFF,0xFF,0xFF,0xFF,0xFF,0xFF,0xFF,0xFF,0xFF,0xFF,0xFF,0xFF,0xFF,0xFF,0xFF,0xFF,0xFF,0xFF,0xFF,0xFF,0xFF,0xFF,0xFF,0xFF,0xFF,0xFF,0xFF,0xFF,0xFF,0xFF,0xFF,0xFF,
    0xFF,0xFF,0xFF,0xFF,0xFF,0xFF,0xFF,0xFF,0xFF,0xFF,0xFF,0xFF,0xFF,0xFF,0xFF,0xFF,0xFF,0xFF,0xFF,0xFF,0xFF,0xFF,0xFF,0xFF,0xFF,0xFF,0xFF,0xFF,0xFF,0xFF,0xFF,0xFF,0xFF,0xFF,0xFF,0xFF,
    0xFF,0xFF,0xFF,0xFF,0xFF,0xFF,0xFF,0xFF,0xFF,0xFF,0xFF,0xFF,0xFF,0xFF,0xFF,0xFF,0xFF,0xFF,0xFF,0xFF,0xFF,0xFF,0xFF,0xFF,0xFF,0xFF,0xFF,0xFF,0xFF,0xFF,0xFF,0xFF,0xFF,0xFF,0xFF,0xFF,
    0xFF,0xFF,0xFF,0xFF,0xFF,0xFF,0xFF,0xFF,0xFF,0xFF,0xFF,0xFF,0xFF,0xFF,0xFF,0xFF,0xFF,0xFF,0xFF,0xFF,0xFF,0xFF,0xFF,0xFF,0xFF,0xFF,0xFF,0xFF,0xFF,0xFF,0xFF,0xFF,0xFF,0xFF,0xFF,0xFF,
    0xFF,0xFF,0xFF,0xFF,0xFF,0xFF,0xFF,0xFF,0xFF,0xFF,0xFF,0xFF,0xFF,0xFF,0xFF,0xFF,0xFF,0xFF,0xFF,0xFF,0xFF,0xFF,0xFF,0xFF,0xFF,0xFF,0xFF,0xFF,0xFF,0xFF,0xFF,0xFF,0xFF,0xFF,0xFF,0xFF,
    0xFF,0xFF,0xFF,0xFF,0xFF,0xFF,0xFF,0xFF,0xFF,0xFF,0xFF,0xFF,0xFF,0xFF,0xFF,0xFF,0xFF,0xFF,0xFF,0xFF,0xFF,0xFF,0xFF,0xFF,0xFF,0xFF,0xFF,0xFF,0xFF,0xFF,0xFF,0xFF,0xFF,0xFF,0xFF,0xFF,
    0xFF,0xFF,0xFF,0xFF,0xFF,0xFF,0xFF,0xFF,0xFF,0xFF,0xFF,0xFF,0xFF,0xFF,0xFF,0xFF,0xFF,0xFF,0xFF,0xFF,0xFF,0xFF,0xFF,0xFF,0xFF,0xFF,0xFF,0xFF,0xFF,0xFF,0xFF,0xFF,0xFF,0xFF,0xFF,0xFF,
    0xFF,0xFF,0xFF,0xFF,0xFF,0xFF,0xFF,0xFF,0xFF,0xFF,0xFF,0xFF,0xFF,0xFF,0xFF,0xFF,0xFF,0xFF,0xFF,0xFF,0xFF,0xFF,0xFF,0xFF,0xFF,0xFF,0xFF,0xFF,0xFF,0xFF,0xFF,0xFF,0xFF,0xFF,0xFF,0xFF,
    0xFF,0xFF,0xFF,0xFF,0xFF,0xFF,0xFF,0xFF,0xFF,0xFF,0xFF,0xFF,0xFF,0xFF,0xFF,0xFF,0xFF,0xFF,0xFF,0xFF,0xFF,0xFF,0xFF,0xFF,0xFF,0xFF,0xFF,0xFF,0xFF,0xFF,0xFF,0xFF,0xFF,0xFF,0xFF,0xFF,
    0xFF,0xFF,0xFF,0xFF,0xFF,0xFF,0xFF,0xFF,0xFF,0xFF,0xFF,0xFF,0xFF,0xFF,0xFF,0xFF,0xFF,0xFF,0xFF,0xFF,0xFF,0xFF,0xFF,0xFF,0xFF,0xFF,0xFF,0xFF,0xFF,0xFF,0xFF,0xFF,0xFF,0xFF,0xFF,0xFF,
    0xFF,0xFF,0xFF,0xFF,0xFF,0xFF,0xFF,0xFF,0xFF,0xFF,0xFF,0xFF,0xFF,0xFF,0xFF,0xFF,0xFF,0xFF,0xFF,0xFF,0xFF,0xFF,0xFF,0xFF,0xFF,0xFF,0xFF,0xFF,0xFF,0xFF,0xFF,0xFF,0xFF,0xFF,0xFF,0xFF,
    0xFF,0xFF,0xFF,0xFF,0xFF,0xFF,0xFF,0xFF,0xFF,0xFF,0xFF,0xFF,0xFF,0xFF,0xFF,0xFF,0xFF,0xFF,0xFF,0xFF,0xFF,0xFF,0xFF,0xFF,0xFF,0xFF,0xFF,0xFF,0xFF,0xFF,0xFF,0xFF,0xFF,0xFF,0xFF,0xFF,
    0xFF,0xFF,0xFF,0xFF,0xFF,0xFF,0xFF,0xFF,0xFF,0xFF,0xFF,0xFF,0xFF,0xFF,0xFF,0xFF,0xFF,0xFF,0xFF,0xFF,0xFF,0xFF,0xFF,0xFF,0xFF,0xFF,0xFF,0xFF,0xFF,0xFF,0xFF,0xFF,0xFF,0xFF,0xFF,0xFF,
    0xFF,0xFF,0xFF,0xFF,0xFF,0xFF,0xFF,0xFF,0xFF,0xFF,0xFF,0xFF,0xDF,0xFF,0xFF,0xFF,0xFF,0xFF,0xFF,0xFF,0xFF,0xFF,0xFF,0xFF,0xFF,0xFF,0xFF,0xBE,0xF7,0xFF,0xFF,0xFF,0xFF,0xFF,0xFF,0xFF,
    0xFF,0xFF,0xFF,0xFF,0xFF,0xFF,0xFF,0xFF,0xFF,0xBE,0xF7,0xFF,0xDF,0xFF,0xFF,0xFF,0xFF,0xFF,0xFF,0xFF,0xFF,0xBE,0xF7,0xFF,0xFF,0xFF,0xFF,0xFF,0xFF,0xFF,0xFF,0xFF,0xFF,0xFF,0xFF,0xFF,
    0xFF,0xFF,0xFF,0xFF,0xFF,0xFF,0xFF,0xFF,0xFF,0xFF,0xFF,0xFF,0xFF,0xFF,0xFF,0xFF,0xFF,0xFF,0xFF,0xFF,0xFF,0xFF,0xFF,0xFF,0xFF,0xFF,0xFF,0xFF,0xFF,0xFF,0xFF,0xFF,0xFF,0xFF,0xFF,0xFF,
    0xFF,0xFF,0xFF,0xFF,0xFF,0xFF,0xFF,0xFF,0xFF,0xFF,0xFF,0xFF,0xFF,0xFF,0xFF,0xFF,0xFF,0xFF,0xFF,0xFF,0xFF,0xFF,0xFF,0xFF,0xFF,0xFF,0xFF,0xFF,0xFF,0xFF,0xFF,0xFF,0xFF,0xFF,0xFF,0xFF,
    0xFF,0xFF,0xFF,0xFF,0xFF,0xFF,0xFF,0xFF,0xFF,0xFF,0xFF,0xFF,0xFF,0xFF,0xFF,0xFF,0xFF,0xFF,0xFF,0xFF,0xFF,0xFF,0xFF,0xFF,0xFF,0xFF,0xFF,0xFF,0xFF,0xFF,0xFF,0xFF,0xFF,0xFF,0xFF,0xFF,
    0xFF,0xFF,0xFF,0xFF,0xFF,0xFF,0xFF,0xFF,0xFF,0xFF,0xFF,0xFF,0xFF,0xFF,0xFF,0xFF,0xFF,0xFF,0xFF,0xFF,0xFF,0xFF,0xFF,0xFF,0xFF,0xFF,0xFF,0xFF,0xFF,0xFF,0xFF,0xFF,0xFF,0xFF,0xFF,0xFF,
    0xFF,0xFF,0xFF,0xFF,0xFF,0xFF,0xFF,0xFF,0xFF,0xFF,0xFF,0xFF,0xFF,0xFF,0xFF,0xFF,0xFF,0xFF,0xFF,0xFF,0xFF,0xFF,0xFF,0xFF,0xFF,0xFF,0xFF,0xFF,0xFF,0xFF,0xFF,0xFF,0xFF,0xFF,0xFF,0xFF,
    0xFF,0xFF,0xFF,0xFF,0xFF,0xFF,0xFF,0xFF,0xFF,0xFF,0xFF,0xFF,0xFF,0xFF,0xFF,0xFF,0xFF,0xFF,0xFF,0xFF,0xFF,0xFF,0xFF,0xFF,0xFF,0xFF,0xFF,0xFF,0xFF,0xFF,0xFF,0xFF,0xFF,0xFF,0xFF,0xFF,
    0xFF,0xFF,0xFF,0xFF,0xFF,0xFF,0xFF,0xFF,0xFF,0xFF,0xFF,0xFF,0xFF,0xFF,0xFF,0xFF,0xFF,0xFF,0xFF,0xFF,0xFF,0xFF,0xFF,0xFF,0xFF,0xFF,0xFF,0xFF,0xFF,0xFF,0xFF,0xFF,0xFF,0xFF,0xFF,0xFF,
    0xFF,0xFF,0xFF,0xFF,0xFF,0xFF,0xFF,0xFF,0xFF,0xFF,0xFF,0xFF,0xFF,0xFF,0xFF,0xFF,0xFF,0xFF,0xFF,0xFF,0xFF,0xFF,0xFF,0xFF,0xFF,0xFF,0xFF,0xFF,0xFF,0xFF,0xFF,0xFF,0xFF,0xFF,0xFF,0xFF,
    0xFF,0xFF,0xFF,0xFF,0xFF,0xFF,0xFF,0xFF,0xFF,0xFF,0xFF,0xFF,0xFF,0xFF,0xFF,0xFF,0xFF,0xFF,0xFF,0xFF,0xFF,0xFF,0xFF,0xFF,0xFF,0xFF,0xFF,0xFF,0xFF,0xFF,0xFF,0xFF,0xFF,0xFF,0xFF,0xFF,
    0xFF,0xFF,0xFF,0xFF,0xFF,0xFF,0xFF,0xFF,0xFF,0xFF,0xFF,0xFF,0xFF,0xFF,0xFF,0xFF,0xFF,0xFF,0xFF,0xFF,0xFF,0xFF,0xFF,0xFF,0xFF,0xFF,0xFF,0xFF,0xFF,0xFF,0xFF,0xFF,0xFF,0xFF,0xFF,0xFF,
    0xFF,0xFF,0xFF,0xFF,0xFF,0xFF,0xFF,0xFF,0xFF,0xFF,0xFF,0xFF,0xFF,0xFF,0xFF,0xFF,0xFF,0xFF,0xFF,0xFF,0xFF,0xFF,0xFF,0xFF,0xFF,0xFF,0xFF,0xFF,0xFF,0xFF,0xFF,0xFF,0xFF,0xFF,0xFF,0xFF,
    0xFF,0xFF,0xFF,0xFF,0xFF,0xFF,0xFF,0xFF,0xFF,0xFF,0xFF,0xFF,0xFF,0xFF,0xFF,0xFF,0xFF,0xFF,0xFF,0xFF,0xFF,0xFF,0xFF,0xFF,0xFF,0xFF,0xFF,0xFF,0xFF,0xFF,0xFF,0xFF,0xFF,0xFF,0xFF,0xFF,
    0xFF,0xFF,0xFF,0xFF,0xFF,0xFF,0xFF,0xFF,0xFF,0xFF,0xFF,0xFF,0xFF,0xFF,0xFF,0xFF,0xFF,0xFF,0xFF,0xFF,0xFF,0xFF,0xFF,0xFF,0xFF,0xFF,0xFF,0xFF,0xFF,0xFF,0xFF,0xFF,0xFF,0xFF,0xFF,0xFF,
    0xFF,0xFF,0xFF,0xFF,0xFF,0xFF,0xFF,0xFF,0xFF,0xFF,0xFF,0xFF,0xFF,0xFF,0xFF,0xFF,0xFF,0xFF,0xFF,0xFF,0xFF,0xFF,0xFF,0xFF,0xFF,0xFF,0xFF,0xFF,0xFF,0xFF,0xFF,0xFF,0xFF,0xFF,0xFF,0xFF,
    0xFF,0xFF,0xFF,0xFF,0xFF,0xFF,0xFF,0xFF,0xFF,0xFF,0xFF,0xFF,0xFF,0xFF,0xFF,0xFF,0xFF,0xFF,0xFF,0xFF,0xFF,0xFF,0xFF,0xFF,0xFF,0xFF,0xFF,0xFF,0xFF,0xFF,0xFF,0xFF,0xFF,0xFF,0xFF,0xFF,
    0xFF,0xFF,0xFF,0xFF,0xFF,0xFF,0xFF,0xFF,0xFF,0xFF,0xFF,0xFF,0xFF,0xFF,0xFF,0xFF,0xFF,0xFF,0xFF,0xFF,0xFF,0xFF,0xFF,0xFF,0xFF,0xFF,0xFF,0xFF,0xFF,0xFF,0xFF,0xFF,0xFF,0xFF,0xFF,0xFF,
    0xFF,0xFF,0xFF,0xFF,0xFF,0xFF,0xFF,0xFF,0xFF,0xFF,0xFF,0xFF,0xFF,0xFF,0xFF,0xFF,0xFF,0xFF,0xFF,0xFF,0xFF,0xFF,0xFF,0xFF,0xFF,0xFF,0xFF,0xFF,0xFF,0xFF,0xFF,0xFF,0xFF,0xFF,0xFF,0xFF,
    0xFF,0xFF,0xFF,0xFF,0xFF,0xFF,0xFF,0xFF,0xFF,0xFF,0xFF,0xFF,0xFF,0xFF,0xFF,0xFF,0xFF,0xFF,0xFF,0xFF,0xFF,0xFF,0xFF,0xFF,0xFF,0xFF,0xFF,0xFF,0xFF,0xFF,0xFF,0xFF,0xFF,0xFF,0xFF,0xFF,
    0xFF,0xFF,0xFF,0xFF,0xFF,0xFF,0xFF,0xFF,0xFF,0xFF,0xFF,0xFF,0xFF,0xFF,0xFF,0xFF,0xFF,0xFF,0xFF,0xFF,0xFF,0xFF,0xFF,0xFF,0xFF,0xFF,0xFF,0xFF,0xFF,0xFF,0xFF,0xFF,0xFF,0xFF,0xFF,0xFF,
    0xFF,0xFF,0xFF,0xFF,0xFF,0xFF,0xFF,0xFF,0xFF,0xFF,0xFF,0xFF,0xFF,0xFF,0xFF,0xFF,0xFF,0xFF,0xFF,0xFF,0xFF,0xFF,0xFF,0xFF,0xFF,0xFF,0xFF,0xFF,0xFF,0xFF,0xFF,0xFF,0xFF,0xFF,0xFF,0xFF,
    0xFF,0xFF,0xFF,0xFF,0xFF,0xFF,0xFF,0xFF,0xFF,0xFF,0xFF,0xFF,0xFF,0xFF,0xFF,0xFF,0xFF,0xFF,0xFF,0xFF,0xFF,0xFF,0xFF,0xFF,0xFF,0xFF,0xFF,0xFF,0xFF,0xFF,0xFF,0xFF,0xFF,0xFF,0xFF,0xFF,
    0xFF,0xFF,0xFF,0xFF,0xFF,0xFF,0xFF,0xFF,0xFF,0xFF,0xFF,0xFF,0xFF,0xFF,0xFF,0xFF,0xFF,0xFF,0xFF,0xFF,0xFF,0xFF,0xFF,0xFF,0xFF,0xFF,0xFF,0xFF,0xFF,0xFF,0xFF,0xFF,0xFF,0xFF,0xFF,0xFF,
    0xFF,0xFF,0xFF,0xFF,0xFF,0xFF,0xFF,0xFF,0xFF,0xFF,0xFF,0xFF,0xFF,0xFF,0xFF,0xFF,0xFF,0xFF,0xFF,0xFF,0xFF,0xFF,0xFF,0xFF,0xFF,0xFF,0xFF,0xFF,0xFF,0xFF,0xFF,0xFF,0xFF,0xFF,0xFF,0xFF,
    0xFF,0xFF,0xFF,0xFF,0xFF,0xFF,0xFF,0xFF,0xFF,0xFF,0xFF,0xFF,0xFF,0xFF,0xFF,0xFF,0xFF,0xFF,0xFF,0xFF,0xFF,0xFF,0xFF,0xFF,0xFF,0xFF,0xFF,0xFF,0xFF,0xFF,0xFF,0xFF,0xFF,0xFF,0xFF,0xFF,
    0xFF,0xFF,0xFF,0xFF,0xFF,0xFF,0xFF,0xFF,0xFF,0xFF,0xFF,0xFF,0xFF,0xFF,0xFF,0xFF,0xFF,0xFF,0xFF,0xFF,0xFF,0xFF,0xFF,0xFF,0xFF,0xFF,0xFF,0xFF,0xFF,0xFF,0xFF,0xFF,0xFF,0xFF,0xFF,0xFF,
    0xFF,0xFF,0xFF,0xFF,0xFF,0xFF,0xFF,0xFF,0xFF,0xFF,0xFF,0xFF,0xFF,0xFF,0xFF,0xFF,0xFF,0xFF,0xFF,0xFF,0xFF,0xFF,0xFF,0xFF,0xFF,0xFF,0xFF,0xFF,0xFF,0xFF,0xFF,0xFF,0xFF,0xFF,0xFF,0xFF,
    0xFF,0xFF,0xFF,0xFF,0xFF,0xFF,0xFF,0xFF,0xFF,0xFF,0xFF,0xFF,0xFF,0xFF,0xFF,0xFF,0xFF,0xFF,0xFF,0xFF,0xFF,0xFF,0xFF,0xFF,0xFF,0xFF,0xFF,0xFF,0xFF,0xFF,0xFF,0xFF,0xFF,0xFF,0xFF,0xFF,
    0xFF,0xFF,0xFF,0xFF,0xFF,0xFF,0xFF,0xFF,0xFF,0xFF,0xFF,0xFF,0xFF,0xFF,0xFF,0xFF,0xFF,0xFF,0xFF,0xFF,0xFF,0xFF,0xFF,0xFF,0xFF,0xFF,0xFF,0xFF,0xFF,0xFF,0xFF,0xFF,0xFF,0xFF,0xFF,0xFF,
    0xFF,0xFF,0xFF,0xFF,0xFF,0xFF,0xFF,0xFF,0xFF,0xFF,0xFF,0xFF,0xFF,0xFF,0xFF,0xFF,0xFF,0xFF,0xFF,0xFF,0xFF,0xFF,0xFF,0xFF,0xFF,0xFF,0xFF,0xFF,0xFF,0xFF,0xFF,0xFF,0xFF,0xFF,0xFF,0xFF,
    0xFF,0xFF,0xFF,0xFF,0xFF,0xFF,0xFF,0xFF,0xFF,0xFF,0xFF,0xFF,0xFF,0xFF,0xFF,0xFF,0xFF,0xFF,0xFF,0xFF,0xFF,0xFF,0xFF,0xFF,0xFF,0xFF,0xFF,0xFF,0xFF,0xFF,0xFF,0xFF,0xFF,0xFF,0xFF,0xFF,
    0xFF,0xFF,0xFF,0xFF,0xFF,0xFF,0xFF,0xFF,0xFF,0xFF,0xFF,0xFF,0xFF,0xFF,0xFF,0xFF,0xFF,0xFF,0xFF,0xFF,0xFF,0xFF,0xFF,0xFF,0xFF,0xFF,0xFF,0xFF,0xFF,0xFF,0xFF,0xFF,0xFF,0xFF,0xFF,0xFF,
    0xFF,0xFF,0xFF,0xFF,0xFF,0xFF,0xFF,0xFF,0xFF,0xFF,0xFF,0xFF,0xFF,0xFF,0xFF,0xFF,0xFF,0xFF,0xFF,0xFF,0xFF,0xFF,0xFF,0xFF,0xFF,0xFF,0xFF,0xFF,0xFF,0xFF,0xFF,0xFF,0xFF,0x9E,0xF7,0xFF,
    0xDF,0xFF,0xFF,0xFF,0xFF,0xFF,0xDF,0xFF,0xFF,0xFF,0xFF,0xFF,0xFF,0xFF,0xFF,0xFF,0xFF,0xFF,0xFF,0xFF,0xFF,0xDF,0xFF,0xFF,0xFF,0xFF,0xFF,0xFF,0xFF,0xFF,0xFF,0xFF,0xFF,0xFF,0xFF,0xFF,
    0xFF,0xFF,0xFF,0xFF,0xFF,0xFF,0xFF,0xFF,0xFF,0xFF,0xFF,0xFF,0xFF,0xFF,0xFF,0xFF,0xFF,0xFF,0xFF,0xFF,0xFF,0xFF,0xFF,0xFF,0xFF,0xFF,0xFF,0xFF,0xFF,0xFF,0xFF,0xFF,0xFF,0xFF,0xFF,0xFF,
    0xFF,0xFF,0xFF,0xFF,0xFF,0xFF,0xFF,0xFF,0xFF,0xFF,0xFF,0xFF,0xFF,0xFF,0xFF,0xFF,0xFF,0xFF,0xFF,0xFF,0xFF,0xFF,0xFF,0xFF,0xFF,0xFF,0xFF,0xFF,0xFF,0xFF,0xFF,0xFF,0xFF,0xFF,0xFF,0xFF,
    0xFF,0xFF,0xFF,0xFF,0xFF,0xFF,0xFF,0xFF,0xFF,0xFF,0xFF,0xFF,0xFF,0xFF,0xFF,0xFF,0xFF,0xFF,0xFF,0xFF,0xFF,0xFF,0xFF,0xFF,0xFF,0xFF,0xFF,0xFF,0xFF,0xFF,0xFF,0xFF,0xFF,0xFF,0xFF,0xFF,
    0xFF,0xFF,0xFF,0xFF,0xFF,0xFF,0xFF,0xFF,0xFF,0xFF,0xFF,0xFF,0xFF,0xFF,0xFF,0xFF,0xFF,0xFF,0xFF,0xFF,0xFF,0xFF,0xFF,0xFF,0xFF,0xFF,0xFF,0xFF,0xFF,0xFF,0xFF,0xFF,0xFF,0xFF,0xFF,0xFF,
    0xFF,0xFF,0xFF,0xFF,0xFF,0xFF,0xFF,0xFF,0xFF,0xFF,0xFF,0xFF,0xFF,0xFF,0xFF,0xFF,0xFF,0xFF,0xFF,0xFF,0xFF,0xFF,0xFF,0xFF,0xFF,0xFF,0xFF,0xFF,0xFF,0xFF,0xFF,0xFF,0xFF,0xFF,0xFF,0xFF,
    0xFF,0xFF,0xFF,0xFF,0xFF,0xFF,0xFF,0xFF,0xFF,0xFF,0xFF,0xFF,0xFF,0xFF,0xFF,0xFF,0xFF,0xFF,0xFF,0xFF,0xFF,0xFF,0xFF,0xFF,0xFF,0xFF,0xFF,0xFF,0xFF,0xFF,0xFF,0xFF,0xFF,0xFF,0xFF,0xFF,
    0xFF,0xFF,0xFF,0xFF,0xFF,0xFF,0xFF,0xFF,0xFF,0xFF,0xFF,0xFF,0xFF,0xFF,0xFF,0xFF,0xFF,0xFF,0xFF,0xFF,0xFF,0xFF,0xFF,0xFF,0xFF,0xFF,0xFF,0xFF,0xFF,0xFF,0xFF,0xFF,0xFF,0xFF,0xFF,0xFF,
    0xFF,0xFF,0xFF,0xFF,0xFF,0xFF,0xFF,0xFF,0xFF,0xFF,0xFF,0xFF,0xFF,0xFF,0xFF,0xFF,0xFF,0xFF,0xFF,0xFF,0xFF,0xFF,0xFF,0xFF,0xFF,0xFF,0xFF,0xFF,0xFF,0xFF,0xFF,0xFF,0xFF,0xFF,0xFF,0xFF,
    0xFF,0xFF,0xFF,0xFF,0xFF,0xFF,0xFF,0xFF,0xFF,0xFF,0xFF,0xFF,0xFF,0xFF,0xFF,0xFF,0xFF,0xFF,0xFF,0xFF,0xFF,0xFF,0xFF,0xFF,0xFF,0xFF,0xFF,0xFF,0xFF,0xFF,0xFF,0xFF,0xFF,0xFF,0xFF,0xFF,
    0xFF,0xFF,0xFF,0xFF,0xFF,0xFF,0xFF,0xFF,0xFF,0xFF,0xFF,0xFF,0xFF,0xFF,0xFF,0xFF,0xFF,0xFF,0xFF,0xFF,0xFF,0xFF,0xFF,0xFF,0xFF,0xFF,0xFF,0xFF,0xFF,0xFF,0xFF,0xFF,0xFF,0xFF,0xFF,0xFF,
    0xFF,0xFF,0xFF,0xFF,0xFF,0xFF,0xFF,0xFF,0xFF,0xFF,0xFF,0xFF,0xFF,0xFF,0xFF,0xFF,0xFF,0xFF,0xFF,0xFF,0xFF,0xFF,0xFF,0xFF,0xFF,0xFF,0xFF,0xFF,0xFF,0xFF,0xFF,0xFF,0xFF,0xFF,0xFF,0xFF,
    0xFF,0xFF,0xFF,0xFF,0xFF,0xFF,0xFF,0xFF,0xFF,0xFF,0xFF,0xFF,0xFF,0xFF,0xFF,0xFF,0xFF,0xFF,0xFF,0xFF,0xFF,0xFF,0xFF,0xFF,0xFF,0xFF,0xFF,0xFF,0xFF,0xFF,0xFF,0xFF,0xFF,0xFF,0xFF,0xFF,
    0xFF,0xFF,0xFF,0xFF,0xFF,0xFF,0xFF,0xFF,0xFF,0xFF,0xFF,0xFF,0xFF,0xFF,0xFF,0xFF,0xFF,0xFF,0xFF,0xFF,0xFF,0xFF,0xFF,0xFF,0xFF,0xFF,0xFF,0xFF,0xFF,0xFF,0xFF,0xFF,0xFF,0xFF,0xFF,0xFF,
    0xFF,0xFF,0xFF,0xFF,0xFF,0xFF,0xFF,0xFF,0xFF,0xFF,0xFF,0xFF,0xFF,0xFF,0xFF,0xFF,0xFF,0xFF,0xFF,0xFF,0xFF,0xFF,0xFF,0xFF,0xFF,0xFF,0xFF,0xFF,0xFF,0xFF,0xFF,0xFF,0xFF,0xFF,0xFF,0xFF,
    0xFF,0xFF,0xFF,0xFF,0xFF,0xFF,0xFF,0xFF,0xFF,0xFF,0xFF,0xFF,0xFF,0xFF,0xFF,0xFF,0xFF,0xFF,0xFF,0xFF,0xFF,0xFF,0xFF,0xFF,0xFF,0xFF,0xFF,0xFF,0xFF,0xFF,0xFF,0xFF,0xFF,0xFF,0xFF,0xFF,
    0xFF,0xFF,0xFF,0xFF,0xFF,0xFF,0xFF,0xFF,0xFF,0xFF,0xFF,0xFF,0xFF,0xFF,0xFF,0xFF,0xFF,0xFF,0xFF,0xFF,0xFF,0xFF,0xFF,0xFF,0xFF,0xFF,0xFF,0xFF,0xFF,0xFF,0xFF,0xFF,0xFF,0xFF,0xFF,0xFF,
    0xFF,0xFF,0xFF,0xFF,0xFF,0xFF,0xFF,0xFF,0xFF,0xFF,0xFF,0xFF,0xFF,0xFF,0xFF,0xFF,0xFF,0xFF,0xFF,0xFF,0xFF,0xFF,0xFF,0xFF,0xFF,0xFF,0xFF,0xFF,0xFF,0xFF,0xFF,0xFF,0xFF,0xFF,0xFF,0xFF,
    0xFF,0xFF,0xFF,0xFF,0xFF,0xFF,0xFF,0xFF,0xFF,0xFF,0xFF,0xFF,0xFF,0xFF,0xFF,0xFF,0xFF,0xFF,0xFF,0xFF,0xFF,0xFF,0xFF,0xFF,0xFF,0xFF,0xFF,0xFF,0xFF,0xFF,0xFF,0xFF,0xFF,0xFF,0xFF,0xFF,
    0xFF,0xFF,0xFF,0xFF,0xFF,0xFF,0xFF,0xFF,0xFF,0xFF,0xFF,0xFF,0xFF,0xFF,0xFF,0xFF,0xFF,0xFF,0xFF,0xFF,0xFF,0xFF,0xFF,0xFF,0xFF,0xFF,0xFF,0xFF,0xFF,0xFF,0xFF,0xFF,0xFF,0xFF,0xFF,0xFF,
    0xFF,0xFF,0xFF,0xFF,0xFF,0xFF,0xFF,0xFF,0xFF,0xFF,0xFF,0xFF,0xFF,0xFF,0xFF,0xFF,0xFF,0xFF,0xFF,0xFF,0xFF,0xFF,0xFF,0xFF,0xFF,0xFF,0xFF,0xFF,0xFF,0xFF,0xFF,0xFF,0xFF,0xFF,0xFF,0xFF,
    0xFF,0xFF,0xFF,0xFF,0xFF,0xFF,0xFF,0xFF,0xFF,0xFF,0xFF,0xFF,0xFF,0xFF,0xFF,0xFF,0xFF,0xFF,0xFF,0xFF,0xFF,0xFF,0xFF,0xFF,0xFF,0xFF,0xFF,0xFF,0xFF,0xFF,0xFF,0xFF,0xFF,0xFF,0xFF,0xFF,
    0xFF,0xFF,0xFF,0xFF,0xFF,0xFF,0xFF,0xFF,0xFF,0xFF,0xFF,0xFF,0xFF,0xFF,0xFF,0xFF,0xFF,0xFF,0xFF,0xFF,0xFF,0xFF,0xFF,0xFF,0xFF,0xFF,0xFF,0xFF,0xFF,0xFF,0xFF,0xFF,0xFF,0xFF,0xFF,0xFF,
    0xFF,0xFF,0xFF,0xFF,0xFF,0xFF,0xFF,0xFF,0xFF,0xFF,0xFF,0xFF,0xFF,0xFF,0xFF,0xFF,0xFF,0xFF,0xFF,0xFF,0xFF,0xFF,0xFF,0xFF,0xFF,0xFF,0xFF,0xFF,0xFF,0xFF,0xFF,0xFF,0xFF,0xFF,0xFF,0xFF,
    0xFF,0xFF,0xFF,0xFF,0xFF,0xFF,0xFF,0xFF,0xFF,0xFF,0xFF,0xFF,0xFF,0xFF,0xFF,0xFF,0xFF,0xFF,0xFF,0xFF,0xFF,0xFF,0xFF,0xFF,0xFF,0xFF,0xFF,0xFF,0xFF,0xFF,0xFF,0xFF,0xFF,0xFF,0xFF,0xFF,
    0xFF,0xFF,0xFF,0xFF,0xFF,0xFF,0xFF,0xFF,0xFF,0xFF,0xFF,0xFF,0xFF,0xFF,0xFF,0xFF,0xFF,0xFF,0xFF,0xFF,0xFF,0xFF,0xFF,0xFF,0xFF,0xFF,0xFF,0xFF,0xFF,0xFF,0xFF,0xFF,0xFF,0xFF,0xFF,0xFF,
    0xFF,0xFF,0xFF,0xFF,0xFF,0xFF,0xFF,0xFF,0xFF,0xFF,0xFF,0xFF,0xFF,0xFF,0xFF,0xFF,0xFF,0xFF,0xFF,0xFF,0xFF,0xFF,0xFF,0xFF,0xFF,0xFF,0xFF,0xFF,0xFF,0xFF,0xFF,0xFF,0xFF,0xFF,0xFF,0xFF,
    0xFF,0xFF,0xFF,0xFF,0xFF,0xFF,0xFF,0xFF,0xFF,0xFF,0xFF,0xFF,0xFF,0xFF,0xFF,0xFF,0xFF,0xFF,0xFF,0xFF,0xFF,0xFF,0xFF,0xFF,0xFF,0xFF,0xFF,0xFF,0xFF,0xFF,0xFF,0xFF,0xFF,0xFF,0xFF,0xFF,
    0xFF,0xFF,0xFF,0xFF,0xFF,0xFF,0xFF,0xFF,0xFF,0xFF,0xFF,0xFF,0xFF,0xFF,0xFF,0xFF,0xFF,0xFF,0xFF,0xFF,0xFF,0xFF,0xFF,0xFF,0xFF,0xFF,0xFF,0xFF,0xFF,0xFF,0xFF,0xFF,0xFF,0xFF,0xFF,0xFF,
    0xFF,0xFF,0xFF,0xFF,0xFF,0xFF,0xFF,0xFF,0xFF,0xFF,0xFF,0xFF,0xFF,0xFF,0xFF,0xFF,0xFF,0xFF,0xFF,0xFF,0xFF,0xFF,0xFF,0xFF,0xFF,0xFF,0xFF,0xFF,0xFF,0xFF,0xFF,0xFF,0xFF,0xFF,0xFF,0xFF,
    0xFF,0xFF,0xFF,0xFF,0xFF,0xFF,0xFF,0xFF,0xFF,0xFF,0xFF,0xFF,0xFF,0xFF,0xFF,0xFF,0xFF,0xFF,0xFF,0xFF,0xFF,0xFF,0xFF,0xFF,0xFF,0xFF,0xFF,0xFF,0xFF,0xFF,0xFF,0xFF,0xFF,0xFF,0xFF,0xFF,
    0xFF,0xFF,0xFF,0xFF,0xFF,0xFF,0xFF,0xFF,0xFF,0xFF,0xFF,0xFF,0xFF,0xFF,0xFF,0xFF,0xFF,0xFF,0xFF,0xFF,0xFF,0xFF,0xFF,0xFF,0xFF,0xFF,0xFF,0xFF,0xFF,0xFF,0xFF,0xFF,0xFF,0xFF,0xFF,0xFF,
    0xFF,0xFF,0xFF,0xFF,0xFF,0xFF,0xFF,0xFF,0xFF,0xFF,0xFF,0xFF,0xFF,0xFF,0xFF,0xFF,0xFF,0xFF,0xFF,0xFF,0xFF,0xFF,0xFF,0xFF,0xFF,0xFF,0xFF,0xFF,0xFF,0xFF,0xFF,0xFF,0xFF,0xFF,0xFF,0xFF,
    0xFF,0xFF,0xFF,0xFF,0xFF,0xFF,0xFF,0xFF,0xFF,0xFF,0xFF,0xFF,0xDF,0xFF,0xFF,0xFF,0xFF,0xFF,0xFF,0xFF,0xFF,0xFF,0xFF,0xFF,0xFF,0xFF,0xFF,0xFF,0xFF,0xFF,0xDF,0xFF,0xFF,0xFF,0xFF,0xFF,
    0xFF,0xFF,0xFF,0xFF,0xFF,0xFF,0xFF,0xFF,0xFF,0xDF,0xFF,0xFF,0xBE,0xF7,0xFF,0xFF,0xFF,0xFF,0xFF,0xFF,0xFF,0xDF,0xFF,0xFF,0xFF,0xFF,0xFF,0xFF,0xFF,0xFF,0xFF,0xFF,0xFF,0xFF,0xFF,0xFF,
    0xFF,0xFF,0xFF,0xFF,0xFF,0xFF,0xFF,0xFF,0xFF,0xFF,0xFF,0xFF,0xFF,0xFF,0xFF,0xFF,0xFF,0xFF,0xFF,0xFF,0xFF,0xFF,0xFF,0xFF,0xFF,0xFF,0xFF,0xFF,0xFF,0xFF,0xFF,0xFF,0xFF,0xFF,0xFF,0xFF,
    0xFF,0xFF,0xFF,0xFF,0xFF,0xFF,0xFF,0xFF,0xFF,0xFF,0xFF,0xFF,0xFF,0xFF,0xFF,0xFF,0xFF,0xFF,0xFF,0xFF,0xFF,0xFF,0xFF,0xFF,0xFF,0xFF,0xFF,0xFF,0xFF,0xFF,0xFF,0xFF,0xFF,0xFF,0xFF,0xFF,
    0xFF,0xFF,0xFF,0xFF,0xFF,0xFF,0xFF,0xFF,0xFF,0xFF,0xFF,0xFF,0xFF,0xFF,0xFF,0xFF,0xFF,0xFF,0xFF,0xFF,0xFF,0xFF,0xFF,0xFF,0xFF,0xFF,0xFF,0xFF,0xFF,0xFF,0xFF,0xFF,0xFF,0xFF,0xFF,0xFF,
    0xFF,0xFF,0xFF,0xFF,0xFF,0xFF,0xFF,0xFF,0xFF,0xFF,0xFF,0xFF,0xFF,0xFF,0xFF,0xFF,0xFF,0xFF,0xFF,0xFF,0xFF,0xFF,0xFF,0xFF,0xFF,0xFF,0xFF,0xFF,0xFF,0xFF,0xFF,0xFF,0xFF,0xFF,0xFF,0xFF,
    0xFF,0xFF,0xFF,0xFF,0xFF,0xFF,0xFF,0xFF,0xFF,0xFF,0xFF,0xFF,0xFF,0xFF,0xFF,0xFF,0xFF,0xFF,0xFF,0xFF,0xFF,0xFF,0xFF,0xFF,0xFF,0xFF,0xFF,0xFF,0xFF,0xFF,0xFF,0xFF,0xFF,0xFF,0xFF,0xFF,
    0xFF,0xFF,0xFF,0xFF,0xFF,0xFF,0xFF,0xFF,0xFF,0xFF,0xFF,0xFF,0xFF,0xFF,0xFF,0xFF,0xFF,0xFF,0xFF,0xFF,0xFF,0xFF,0xFF,0xFF,0xFF,0xFF,0xFF,0xFF,0xFF,0xFF,0xFF,0xFF,0xFF,0xFF,0xFF,0xFF,
    0xFF,0xFF,0xFF,0xFF,0xFF,0xFF,0xFF,0xFF,0xFF,0xFF,0xFF,0xFF,0xFF,0xFF,0xFF,0xFF,0xFF,0xFF,0xFF,0xFF,0xFF,0xFF,0xFF,0xFF,0xFF,0xFF,0xFF,0xFF,0xFF,0xFF,0xFF,0xFF,0xFF,0xFF,0xFF,0xFF,
    0xFF,0xFF,0xFF,0xFF,0xFF,0xFF,0xFF,0xFF,0xFF,0xFF,0xFF,0xFF,0xFF,0xFF,0xFF,0xFF,0xFF,0xFF,0xFF,0xFF,0xFF,0xFF,0xFF,0xFF,0xFF,0xFF,0xFF,0xFF,0xFF,0xFF,0xFF,0xFF,0xFF,0xFF,0xFF,0xFF,
    0xFF,0xFF,0xFF,0xFF,0xFF,0xFF,0xFF,0xFF,0xFF,0xFF,0xFF,0xFF,0xFF,0xFF,0xFF,0xFF,0xFF,0xFF,0xFF,0xFF,0xFF,0xFF,0xFF,0xFF,0xFF,0xFF,0xFF,0xFF,0xFF,0xFF,0xFF,0xFF,0xFF,0xFF,0xFF,0xFF,
    0xFF,0xFF,0xFF,0xFF,0xFF,0xFF,0xFF,0xFF,0xFF,0xFF,0xFF,0xFF,0xFF,0xFF,0xFF,0xFF,0xFF,0xFF,0xFF,0xFF,0xFF,0xFF,0xFF,0xFF,0xFF,0xFF,0xFF,0xFF,0xFF,0xFF,0xFF,0xFF,0xFF,0xFF,0xFF,0xFF,
    0xFF,0xFF,0xFF,0xFF,0xFF,0xFF,0xFF,0xFF,0xFF,0xFF,0xFF,0xFF,0xFF,0xFF,0xFF,0xFF,0xFF,0xFF,0xFF,0xFF,0xFF,0xFF,0xFF,0xFF,0xFF,0xFF,0xFF,0xFF,0xFF,0xFF,0xFF,0xFF,0xFF,0xFF,0xFF,0xFF,
    0xFF,0xFF,0xFF,0xFF,0xFF,0xFF,0xFF,0xFF,0xFF,0xFF,0xFF,0xFF,0xFF,0xFF,0xFF,0xFF,0xFF,0xFF,0xFF,0xFF,0xFF,0xFF,0xFF,0xFF,0xFF,0xFF,0xFF,0xFF,0xFF,0xFF,0xFF,0xFF,0xFF,0xFF,0xFF,0xFF,
    0xFF,0xFF,0xFF,0xFF,0xFF,0xFF,0xFF,0xFF,0xFF,0xFF,0xFF,0xFF,0xFF,0xFF,0xFF,0xFF,0xFF,0xFF,0xFF,0xFF,0xFF,0xFF,0xFF,0xFF,0xFF,0xFF,0xFF,0xFF,0xFF,0xFF,0xFF,0xFF,0xFF,0xFF,0xFF,0xFF,
    0xFF,0xFF,0xFF,0xFF,0xFF,0xFF,0xFF,0xFF,0xFF,0xFF,0xFF,0xFF,0xFF,0xFF,0xFF,0xFF,0xFF,0xFF,0xFF,0xFF,0xFF,0xFF,0xFF,0xFF,0xFF,0xFF,0xFF,0xFF,0xFF,0xFF,0xFF,0xFF,0xFF,0xFF,0xFF,0xFF,
    0xFF,0xFF,0xFF,0xFF,0xFF,0xFF,0xFF,0xFF,0xFF,0xFF,0xFF,0xFF,0xFF,0xFF,0xFF,0xFF,0xFF,0xFF,0xFF,0xFF,0xFF,0xFF,0xFF,0xFF,0xFF,0xFF,0xFF,0xFF,0xFF,0xFF,0xFF,0xFF,0xFF,0xFF,0xFF,0xFF,
    0xFF,0xFF,0xFF,0xFF,0xFF,0xFF,0xFF,0xFF,0xFF,0xFF,0xFF,0xFF,0xFF,0xFF,0xFF,0xFF,0xFF,0xFF,0xFF,0xFF,0xFF,0xFF,0xFF,0xFF,0xFF,0xFF,0xFF,0xFF,0xFF,0xFF,0xFF,0xFF,0xFF,0xFF,0xFF,0xFF,
    0xFF,0xFF,0xFF,0xFF,0xFF,0xFF,0xFF,0xFF,0xFF,0xFF,0xFF,0xFF,0xFF,0xFF,0xFF,0xFF,0xFF,0xFF,0xFF,0xFF,0xFF,0xFF,0xFF,0xFF,0xFF,0xFF,0xFF,0xFF,0xFF,0xFF,0xFF,0xFF,0xFF,0xFF,0xFF,0xFF,
    0xFF,0xFF,0xFF,0xFF,0xFF,0xFF,0xFF,0xFF,0xFF,0xFF,0xFF,0xFF,0xFF,0xFF,0xFF,0xFF,0xFF,0xFF,0xFF,0xFF,0xFF,0xFF,0xFF,0xFF,0xFF,0xFF,0xFF,0xFF,0xFF,0xFF,0xFF,0xFF,0xFF,0xFF,0xFF,0xFF,
    0xFF,0xFF,0xFF,0xFF,0xFF,0xFF,0xFF,0xFF,0xFF,0xFF,0xFF,0xFF,0xFF,0xFF,0xFF,0xFF,0xFF,0xFF,0xFF,0xFF,0xFF,0xFF,0xFF,0xFF,0xFF,0xFF,0xFF,0xFF,0xFF,0xFF,0xFF,0xFF,0xFF,0xFF,0xFF,0xFF,
    0xFF,0xFF,0xFF,0xFF,0xFF,0xFF,0xFF,0xFF,0xFF,0xFF,0xFF,0xFF,0xFF,0xFF,0xFF,0xFF,0xFF,0xFF,0xFF,0xFF,0xFF,0xFF,0xFF,0xFF,0xFF,0xFF,0xFF,0xFF,0xFF,0xFF,0xFF,0xFF,0xFF,0xFF,0xFF,0xFF,
    0xFF,0xFF,0xFF,0xFF,0xFF,0xFF,0xFF,0xFF,0xFF,0xFF,0xFF,0xFF,0xFF,0xFF,0xFF,0xFF,0xFF,0xFF,0xFF,0xFF,0xFF,0xFF,0xFF,0xFF,0xFF,0xFF,0xFF,0xFF,0xFF,0xFF,0xFF,0xFF,0xFF,0xFF,0xFF,0xFF,
    0xFF,0xFF,0xFF,0xFF,0xFF,0xFF,0xFF,0xFF,0xFF,0xFF,0xFF,0xFF,0xFF,0xFF,0xFF,0xFF,0xFF,0xFF,0xFF,0xFF,0xFF,0xFF,0xFF,0xFF,0xFF,0xFF,0xFF,0xFF,0xFF,0xFF,0xFF,0xFF,0xFF,0xFF,0xFF,0xFF,
    0xFF,0xFF,0xFF,0xFF,0xFF,0xFF,0xFF,0xFF,0xFF,0xFF,0xFF,0xFF,0xFF,0xFF,0xFF,0xFF,0xFF,0xFF,0xFF,0xFF,0xFF,0xFF,0xFF,0xFF,0xFF,0xFF,0xFF,0xFF,0xFF,0xFF,0xFF,0xFF,0xFF,0xFF,0xFF,0xFF,
    0xFF,0xFF,0xFF,0xFF,0xFF,0xFF,0xFF,0xFF,0xFF,0xFF,0xFF,0xFF,0xFF,0xFF,0xFF,0xFF,0xFF,0xFF,0xFF,0xFF,0xFF,0xFF,0xFF,0xFF,0xFF,0xFF,0xFF,0xFF,0xFF,0xFF,0xFF,0xFF,0xFF,0xFF,0xFF,0xFF,
    0xFF,0xFF,0xFF,0xFF,0xFF,0xFF,0xFF,0xFF,0xFF,0xFF,0xFF,0xFF,0xFF,0xFF,0xFF,0xFF,0xFF,0xFF,0xFF,0xFF,0xFF,0xFF,0xFF,0xFF,0xFF,0xFF,0xFF,0xFF,0xFF,0xFF,0xFF,0xFF,0xFF,0xFF,0xFF,0xFF,
    0xFF,0xFF,0xFF,0xFF,0xFF,0xFF,0xFF,0xFF,0xFF,0xFF,0xFF,0xFF,0xFF,0xFF,0xFF,0xFF,0xFF,0xFF,0xFF,0xFF,0xFF,0xFF,0xFF,0xFF,0xFF,0xFF,0xFF,0xFF,0xFF,0xFF,0xFF,0xFF,0xFF,0xFF,0xFF,0xFF,
    0xFF,0xFF,0xFF,0xFF,0xFF,0xFF,0xFF,0xFF,0xFF,0xFF,0xFF,0xFF,0xFF,0xFF,0xFF,0xFF,0xFF,0xFF,0xFF,0xFF,0xFF,0xFF,0xFF,0xFF,0xFF,0xFF,0xFF,0xFF,0xFF,0xFF,0xFF,0xFF,0xFF,0xFF,0xFF,0xFF,
    0xFF,0xFF,0xFF,0xFF,0xFF,0xFF,0xFF,0xFF,0xFF,0xFF,0xFF,0xFF,0xFF,0xFF,0xFF,0xFF,0xFF,0xFF,0xFF,0xFF,0xFF,0xFF,0xFF,0xFF,0xFF,0xFF,0xFF,0xFF,0xFF,0xFF,0xFF,0xFF,0xFF,0xFF,0xFF,0xFF,
    0xFF,0xFF,0xFF,0xFF,0xFF,0xFF,0xFF,0xFF,0xFF,0xFF,0xFF,0xFF,0xFF,0xFF,0xFF,0xFF,0xFF,0xFF,0xFF,0xFF,0xFF,0xFF,0xFF,0xFF,0xFF,0xFF,0xFF,0xFF,0xFF,0xFF,0xFF,0xFF,0xFF,0xFF,0xFF,0xFF,
    0xFF,0xFF,0xFF,0xFF,0xFF,0xFF,0xFF,0xFF,0xFF,0xFF,0xFF,0xFF,0xFF,0xFF,0xFF,0xFF,0xFF,0xFF,0xFF,0xFF,0xFF,0xFF,0xFF,0xFF,0xFF,0xFF,0xFF,0xFF,0xFF,0xFF,0xFF,0xFF,0xFF,0xFF,0xFF,0xFF,
    0xFF,0xFF,0xFF,0xFF,0xFF,0xFF,0xFF,0xFF,0xFF,0xFF,0xFF,0xFF,0xFF,0xFF,0xFF,0xFF,0xFF,0xFF,0xFF,0xFF,0xFF,0xFF,0xFF,0xFF,0xFF,0xFF,0xFF,0xFF,0xFF,0xFF,0xFF,0xFF,0xFF,0xFF,0xFF,0xFF,
    0xFF,0xFF,0xFF,0xFF,0xFF,0xFF,0xFF,0xFF,0xFF,0xFF,0xFF,0xFF,0xFF,0xFF,0xFF,0xFF,0xFF,0xFF,0xFF,0xFF,0xFF,0xFF,0xFF,0xFF,0xFF,0xFF,0xFF,0xFF,0xFF,0xFF,0xFF,0xFF,0xFF,0xBE,0xF7,0xFF,
    0xBE,0xF7,0xFF,0xFF,0xFF,0xFF,0xDF,0xFF,0xFF,0xDF,0xFF,0xFF,0x9E,0xF7,0xFF,0xFF,0xFF,0xFF,0xFF,0xFF,0xFF,0xFF,0xFF,0xFF,0xFF,0xFF,0xFF,0xFF,0xFF,0xFF,0xDF,0xFF,0xFF,0xFF,0xFF,0xFF,
    0xFF,0xFF,0xFF,0xDF,0xFF,0xFF,0xFF,0xFF,0xFF,0xFF,0xFF,0xFF,0xFF,0xFF,0xFF,0xFF,0xFF,0xFF,0xFF,0xFF,0xFF,0xFF,0xFF,0xFF,0xFF,0xFF,0xFF,0xFF,0xFF,0xFF,0xFF,0xFF,0xFF,0xFF,0xFF,0xFF,
    0xFF,0xFF,0xFF,0xFF,0xFF,0xFF,0xFF,0xFF,0xFF,0xFF,0xFF,0xFF,0xFF,0xFF,0xFF,0xFF,0xFF,0xFF,0xFF,0xFF,0xFF,0xFF,0xFF,0xFF,0xFF,0xFF,0xFF,0xFF,0xFF,0xFF,0xFF,0xFF,0xFF,0xFF,0xFF,0xFF,
    0xFF,0xFF,0xFF,0xFF,0xFF,0xFF,0xFF,0xFF,0xFF,0xFF,0xFF,0xFF,0xFF,0xFF,0xFF,0xFF,0xFF,0xFF,0xFF,0xFF,0xFF,0xFF,0xFF,0xFF,0xFF,0xFF,0xFF,0xFF,0xFF,0xFF,0xFF,0xFF,0xFF,0xFF,0xFF,0xFF,
    0xFF,0xFF,0xFF,0xFF,0xFF,0xFF,0xFF,0xFF,0xFF,0xFF,0xFF,0xFF,0xFF,0xFF,0xFF,0xFF,0xFF,0xFF,0xFF,0xFF,0xFF,0xFF,0xFF,0xFF,0xFF,0xFF,0xFF,0xFF,0xFF,0xFF,0xFF,0xFF,0xFF,0xFF,0xFF,0xFF,
    0xFF,0xFF,0xFF,0xFF,0xFF,0xFF,0xFF,0xFF,0xFF,0xFF,0xFF,0xFF,0xFF,0xFF,0xFF,0xFF,0xFF,0xFF,0xFF,0xFF,0xFF,0xFF,0xFF,0xFF,0xFF,0xFF,0xFF,0xFF,0xFF,0xFF,0xFF,0xFF,0xFF,0xFF,0xFF,0xFF,
    0xFF,0xFF,0xFF,0xFF,0xFF,0xFF,0xFF,0xFF,0xFF,0xFF,0xFF,0xFF,0xFF,0xFF,0xFF,0xFF,0xFF,0xFF,0xFF,0xFF,0xFF,0xFF,0xFF,0xFF,0xFF,0xFF,0xFF,0xFF,0xFF,0xFF,0xFF,0xFF,0xFF,0xFF,0xFF,0xFF,
    0xFF,0xFF,0xFF,0xFF,0xFF,0xFF,0xFF,0xFF,0xFF,0xFF,0xFF,0xFF,0xFF,0xFF,0xFF,0xFF,0xFF,0xFF,0xFF,0xFF,0xFF,0xFF,0xFF,0xFF,0xFF,0xFF,0xFF,0xFF,0xFF,0xFF,0xFF,0xFF,0xFF,0xFF,0xFF,0xFF,
    0xFF,0xFF,0xFF,0xFF,0xFF,0xFF,0xFF,0xFF,0xFF,0xFF,0xFF,0xFF,0xFF,0xFF,0xFF,0xFF,0xFF,0xFF,0xFF,0xFF,0xFF,0xFF,0xFF,0xFF,0xFF,0xFF,0xFF,0xFF,0xFF,0xFF,0xFF,0xFF,0xFF,0xFF,0xFF,0xFF,
    0xFF,0xFF,0xFF,0xFF,0xFF,0xFF,0xFF,0xFF,0xFF,0xFF,0xFF,0xFF,0xFF,0xFF,0xFF,0xFF,0xFF,0xFF,0xFF,0xFF,0xFF,0xFF,0xFF,0xFF,0xFF,0xFF,0xFF,0xFF,0xFF,0xFF,0xFF,0xFF,0xFF,0xFF,0xFF,0xFF,
    0xFF,0xFF,0xFF,0xFF,0xFF,0xFF,0xFF,0xFF,0xFF,0xFF,0xFF,0xFF,0xFF,0xFF,0xFF,0xFF,0xFF,0xFF,0xFF,0xFF,0xFF,0xFF,0xFF,0xFF,0xFF,0xFF,0xFF,0xFF,0xFF,0xFF,0xFF,0xFF,0xFF,0xFF,0xFF,0xFF,
    0xFF,0xFF,0xFF,0xFF,0xFF,0xFF,0xFF,0xFF,0xFF,0xFF,0xFF,0xFF,0xFF,0xFF,0xFF,0xFF,0xFF,0xFF,0xFF,0xFF,0xFF,0xFF,0xFF,0xFF,0xFF,0xFF,0xFF,0xFF,0xFF,0xFF,0xFF,0xFF,0xFF,0xFF,0xFF,0xFF,
    0xFF,0xFF,0xFF,0xFF,0xFF,0xFF,0xFF,0xFF,0xFF,0xFF,0xFF,0xFF,0xFF,0xFF,0xFF,0xFF,0xFF,0xFF,0xFF,0xFF,0xFF,0xFF,0xFF,0xFF,0xFF,0xFF,0xFF,0xFF,0xFF,0xFF,0xFF,0xFF,0xFF,0xFF,0xFF,0xFF,
    0xFF,0xFF,0xFF,0xFF,0xFF,0xFF,0xFF,0xFF,0xFF,0xFF,0xFF,0xFF,0xFF,0xFF,0xFF,0xFF,0xFF,0xFF,0xFF,0xFF,0xFF,0xFF,0xFF,0xFF,0xFF,0xFF,0xFF,0xFF,0xFF,0xFF,0xFF,0xFF,0xFF,0xFF,0xFF,0xFF,
    0xFF,0xFF,0xFF,0xFF,0xFF,0xFF,0xFF,0xFF,0xFF,0xFF,0xFF,0xFF,0xFF,0xFF,0xFF,0xFF,0xFF,0xFF,0xFF,0xFF,0xFF,0xFF,0xFF,0xFF,0xFF,0xFF,0xFF,0xFF,0xFF,0xFF,0xFF,0xFF,0xFF,0xFF,0xFF,0xFF,
    0xFF,0xFF,0xFF,0xFF,0xFF,0xFF,0xFF,0xFF,0xFF,0xFF,0xFF,0xFF,0xFF,0xFF,0xFF,0xFF,0xFF,0xFF,0xFF,0xFF,0xFF,0xFF,0xFF,0xFF,0xFF,0xFF,0xFF,0xFF,0xFF,0xFF,0xFF,0xFF,0xFF,0xFF,0xFF,0xFF,
    0xFF,0xFF,0xFF,0xFF,0xFF,0xFF,0xFF,0xFF,0xFF,0xFF,0xFF,0xFF,0xFF,0xFF,0xFF,0xFF,0xFF,0xFF,0xFF,0xFF,0xFF,0xFF,0xFF,0xFF,0xFF,0xFF,0xFF,0xFF,0xFF,0xFF,0xFF,0xFF,0xFF,0xFF,0xFF,0xFF,
    0xFF,0xFF,0xFF,0xFF,0xFF,0xFF,0xFF,0xFF,0xFF,0xFF,0xFF,0xFF,0xFF,0xFF,0xFF,0xFF,0xFF,0xFF,0xFF,0xFF,0xFF,0xFF,0xFF,0xFF,0xFF,0xFF,0xFF,0xFF,0xFF,0xFF,0xFF,0xFF,0xFF,0xFF,0xFF,0xFF,
    0xFF,0xFF,0xFF,0xFF,0xFF,0xFF,0xFF,0xFF,0xFF,0xFF,0xFF,0xFF,0xFF,0xFF,0xFF,0xFF,0xFF,0xFF,0xFF,0xFF,0xFF,0xFF,0xFF,0xFF,0xFF,0xFF,0xFF,0xFF,0xFF,0xFF,0xFF,0xFF,0xFF,0xFF,0xFF,0xFF,
    0xFF,0xFF,0xFF,0xFF,0xFF,0xFF,0xFF,0xFF,0xFF,0xFF,0xFF,0xFF,0xFF,0xFF,0xFF,0xFF,0xFF,0xFF,0xFF,0xFF,0xFF,0xFF,0xFF,0xFF,0xFF,0xFF,0xFF,0xFF,0xFF,0xFF,0xFF,0xFF,0xFF,0xFF,0xFF,0xFF,
    0xFF,0xFF,0xFF,0xFF,0xFF,0xFF,0xFF,0xFF,0xFF,0xFF,0xFF,0xFF,0xFF,0xFF,0xFF,0xFF,0xFF,0xFF,0xFF,0xFF,0xFF,0xFF,0xFF,0xFF,0xFF,0xFF,0xFF,0xFF,0xFF,0xFF,0xFF,0xFF,0xFF,0xFF,0xFF,0xFF,
    0xFF,0xFF,0xFF,0xFF,0xFF,0xFF,0xFF,0xFF,0xFF,0xFF,0xFF,0xFF,0xFF,0xFF,0xFF,0xFF,0xFF,0xFF,0xFF,0xFF,0xFF,0xFF,0xFF,0xFF,0xFF,0xFF,0xFF,0xFF,0xFF,0xFF,0xFF,0xFF,0xFF,0xFF,0xFF,0xFF,
    0xFF,0xFF,0xFF,0xFF,0xFF,0xFF,0xFF,0xFF,0xFF,0xFF,0xFF,0xFF,0xFF,0xFF,0xFF,0xFF,0xFF,0xFF,0xFF,0xFF,0xFF,0xFF,0xFF,0xFF,0xFF,0xFF,0xFF,0xFF,0xFF,0xFF,0xFF,0xFF,0xFF,0xFF,0xFF,0xFF,
    0xFF,0xFF,0xFF,0xFF,0xFF,0xFF,0xFF,0xFF,0xFF,0xFF,0xFF,0xFF,0xFF,0xFF,0xFF,0xFF,0xFF,0xFF,0xFF,0xFF,0xFF,0xFF,0xFF,0xFF,0xFF,0xFF,0xFF,0xFF,0xFF,0xFF,0xFF,0xFF,0xFF,0xFF,0xFF,0xFF,
    0xFF,0xFF,0xFF,0xFF,0xFF,0xFF,0xFF,0xFF,0xFF,0xFF,0xFF,0xFF,0xFF,0xFF,0xFF,0xFF,0xFF,0xFF,0xFF,0xFF,0xFF,0xFF,0xFF,0xFF,0xFF,0xFF,0xFF,0xFF,0xFF,0xFF,0xFF,0xFF,0xFF,0xFF,0xFF,0xFF,
    0xFF,0xFF,0xFF,0xFF,0xFF,0xFF,0xFF,0xFF,0xFF,0xFF,0xFF,0xFF,0xFF,0xFF,0xFF,0xFF,0xFF,0xFF,0xFF,0xFF,0xFF,0xFF,0xFF,0xFF,0xFF,0xFF,0xFF,0xFF,0xFF,0xFF,0xFF,0xFF,0xFF,0xFF,0xFF,0xFF,
    0xFF,0xFF,0xFF,0xFF,0xFF,0xFF,0xFF,0xFF,0xFF,0xFF,0xFF,0xFF,0xFF,0xFF,0xFF,0xFF,0xFF,0xFF,0xFF,0xFF,0xFF,0xFF,0xFF,0xFF,0xFF,0xFF,0xFF,0xFF,0xFF,0xFF,0xFF,0xFF,0xFF,0xFF,0xFF,0xFF,
    0xFF,0xFF,0xFF,0xFF,0xFF,0xFF,0xFF,0xFF,0xFF,0xFF,0xFF,0xFF,0xFF,0xFF,0xFF,0xFF,0xFF,0xFF,0xFF,0xFF,0xFF,0xFF,0xFF,0xFF,0xFF,0xFF,0xFF,0xFF,0xFF,0xFF,0xFF,0xFF,0xFF,0xFF,0xFF,0xFF,
    0xFF,0xFF,0xFF,0xFF,0xFF,0xFF,0xFF,0xFF,0xFF,0xFF,0xFF,0xFF,0xFF,0xFF,0xFF,0xFF,0xFF,0xFF,0xFF,0xFF,0xFF,0xFF,0xFF,0xFF,0xFF,0xFF,0xFF,0xFF,0xFF,0xFF,0xFF,0xFF,0xFF,0xFF,0xFF,0xFF,
    0xFF,0xFF,0xFF,0xFF,0xFF,0xFF,0xFF,0xFF,0xFF,0xFF,0xFF,0xFF,0xFF,0xFF,0xFF,0xFF,0xFF,0xFF,0xFF,0xFF,0xFF,0xFF,0xFF,0xFF,0xFF,0xFF,0xFF,0xFF,0xFF,0xFF,0xFF,0xFF,0xFF,0xFF,0xFF,0xFF,
    0xFF,0xFF,0xFF,0xFF,0xFF,0xFF,0xFF,0xFF,0xFF,0xFF,0xFF,0xFF,0xFF,0xFF,0xFF,0xFF,0xFF,0xFF,0xFF,0xFF,0xFF,0xFF,0xFF,0xFF,0xFF,0xFF,0xFF,0xFF,0xFF,0xFF,0xFF,0xFF,0xFF,0xFF,0xFF,0xFF,
    0xFF,0xFF,0xFF,0xFF,0xFF,0xFF,0xFF,0xFF,0xFF,0xFF,0xFF,0xFF,0xFF,0xFF,0xFF,0xFF,0xFF,0xFF,0xFF,0xFF,0xFF,0xFF,0xFF,0xFF,0xFF,0xFF,0xFF,0xFF,0xFF,0xFF,0xFF,0xFF,0xFF,0xFF,0xFF,0xFF,
    0xFF,0xFF,0xFF,0xFF,0xFF,0xFF,0xFF,0xFF,0xFF,0xFF,0xFF,0xFF,0xFF,0xFF,0xFF,0xFF,0xFF,0xFF,0xFF,0xFF,0xFF,0xFF,0xFF,0xFF,0xFF,0xFF,0xFF,0xFF,0xFF,0xFF,0xFF,0xFF,0xFF,0xFF,0xFF,0xFF,
    0xFF,0xFF,0xFF,0xFF,0xFF,0xFF,0xFF,0xFF,0xFF,0xFF,0xFF,0xFF,0xFF,0xFF,0xFF,0xFF,0xFF,0xFF,0xFF,0xFF,0xFF,0xFF,0xFF,0xFF,0x6D,0x6B,0xFF,0xC3,0x18,0xFF,0x82,0x10,0xFF,0x00,0x00,0xFF,
    0x41,0x08,0xFF,0xC3,0x18,0xFF,0xAE,0x73,0xFF,0x3C,0xE7,0xFF,0xDF,0xFF,0xFF,0xFF,0xFF,0xFF,0xFF,0xFF,0xFF,0xDF,0xFF,0xFF,0xFF,0xFF,0xFF,0xFF,0xFF,0xFF,0xFF,0xFF,0xFF,0xFF,0xFF,0xFF,
    0xFF,0xFF,0xFF,0xFF,0xFF,0xFF,0xFF,0xFF,0xFF,0xFF,0xFF,0xFF,0xFF,0xFF,0xFF,0xFF,0xFF,0xFF,0xFF,0xFF,0xFF,0xFF,0xFF,0xFF,0xFF,0xFF,0xFF,0xFF,0xFF,0xFF,0xFF,0xFF,0xFF,0xFF,0xFF,0xFF,
    0xFF,0xFF,0xFF,0xFF,0xFF,0xFF,0xFF,0xFF,0xFF,0xFF,0xFF,0xFF,0xFF,0xFF,0xFF,0xFF,0xFF,0xFF,0xFF,0xFF,0xFF,0xFF,0xFF,0xFF,0xFF,0xFF,0xFF,0xFF,0xFF,0xFF,0xFF,0xFF,0xFF,0xFF,0xFF,0xFF,
    0xFF,0xFF,0xFF,0xFF,0xFF,0xFF,0xFF,0xFF,0xFF,0xFF,0xFF,0xFF,0xFF,0xFF,0xFF,0xFF,0xFF,0xFF,0xFF,0xFF,0xFF,0xFF,0xFF,0xFF,0xFF,0xFF,0xFF,0xFF,0xFF,0xFF,0xFF,0xFF,0xFF,0xFF,0xFF,0xFF,
    0xFF,0xFF,0xFF,0xDF,0xFF,0xFF,0xFF,0xFF,0xFF,0xFF,0xFF,0xFF,0xFF,0xFF,0xFF,0xFF,0xFF,0xFF,0xFF,0xFF,0xFF,0xFE,0xFF,0xFF,0xFE,0xFF,0xFF,0xFE,0xFF,0xFF,0xFE,0xFF,0xFF,0xFF,0xFF,0xFF,
    0xFF,0xFF,0xFF,0xFF,0xFF,0xFF,0xFF,0xFF,0xFF,0xFF,0xFF,0xFF,0xFF,0xFF,0xFF,0xFF,0xFF,0xFF,0xFF,0xFF,0xFF,0xFF,0xFF,0xFF,0xFF,0xFF,0xFF,0xFF,0xFF,0xFF,0xFF,0xFF,0xFF,0xFF,0xFF,0xFF,
    0xFF,0xFF,0xFF,0xFF,0xFF,0xFF,0xFF,0xFF,0xFF,0xFF,0xFF,0xFF,0xFF,0xFF,0xFF,0xFF,0xFF,0xFF,0xFF,0xFF,0xFF,0xFF,0xFF,0xFF,0xFF,0xFF,0xFF,0xFF,0xFF,0xFF,0xFF,0xFF,0xFF,0xFF,0xFF,0xFF,
    0xFF,0xFF,0xFF,0xFF,0xFF,0xFF,0xFF,0xFF,0xFF,0xFF,0xFF,0xFF,0xFF,0xFF,0xFF,0xFF,0xFF,0xFF,0xFF,0xFF,0xFF,0xFF,0xFF,0xFF,0xFF,0xFF,0xFF,0xFF,0xFF,0xFF,0xFF,0xFF,0xFF,0xFF,0xFF,0xFF,
    0xFF,0xFF,0xFF,0xFF,0xFF,0xFF,0xFF,0xFF,0xFF,0xFF,0xFF,0xFF,0xFF,0xFF,0xFF,0xFF,0xFF,0xFF,0xFF,0xFF,0xFF,0xFF,0xFF,0xFF,0xFF,0xFF,0xFF,0xFF,0xFF,0xFF,0xFF,0xFF,0xFF,0xFF,0xFF,0xFF,
    0xFF,0xFF,0xFF,0xFF,0xFF,0xFF,0xFF,0xFF,0xFF,0xFF,0xFF,0xFF,0xFF,0xFF,0xFF,0xFF,0xFF,0xFF,0xFF,0xFF,0xFF,0xFF,0xFF,0xFF,0xFF,0xFF,0xFF,0xFF,0xFF,0xFF,0xFF,0xFF,0xFF,0xFF,0xFF,0xFF,
    0xFF,0xFF,0xFF,0xFF,0xFF,0xFF,0xFF,0xFF,0xFF,0xFF,0xFF,0xFF,0xFF,0xFF,0xFF,0xFF,0xFF,0xFF,0xFF,0xFF,0xFF,0xFF,0xFF,0xFF,0xFF,0xFF,0xFF,0xFF,0xFF,0xFF,0xFF,0xFF,0xFF,0xFF,0xFF,0xFF,
    0xFF,0xFF,0xFF,0xFF,0xFF,0xFF,0xFF,0xFF,0xFF,0xFF,0xFF,0xFF,0xFF,0xFF,0xFF,0xFF,0xFF,0xFF,0xFF,0xFF,0xFF,0xFF,0xFF,0xFF,0xFF,0xFF,0xFF,0xFF,0xFF,0xFF,0xFF,0xFF,0xFF,0xFF,0xFF,0xFF,
    0xFF,0xFF,0xFF,0xFF,0xFF,0xFF,0xFF,0xFF,0xFF,0xFF,0xFF,0xFF,0xFF,0xFF,0xFF,0xFF,0xFF,0xFF,0xFF,0xFF,0xFF,0xFF,0xFF,0xFF,0xDF,0xFF,0xFF,0xFF,0xFF,0xFF,0xFF,0xFF,0xFF,0xFF,0xFF,0xFF,
    0xFF,0xFF,0xFF,0xFF,0xFF,0xFF,0xFF,0xFF,0xFF,0xFF,0xFF,0xFF,0xFF,0xFF,0xFF,0xFF,0xFF,0xFF,0xFF,0xFF,0xFF,0xFF,0xFF,0xFF,0xFF,0xFF,0xFF,0xFF,0xFF,0xFF,0xFF,0xFF,0xFF,0xFF,0xFF,0xFF,
    0xFF,0xFF,0xFF,0xFF,0xFF,0xFF,0xFF,0xFF,0xFF,0xFF,0xFF,0xFF,0xFF,0xFF,0xFF,0xFF,0xFF,0xFF,0xFF,0xFF,0xFF,0xFF,0xFF,0xFF,0xFF,0xFF,0xFF,0xFF,0xFF,0xFF,0xFF,0xFF,0xFF,0xFF,0xFF,0xFF,
    0xFF,0xFF,0xFF,0xFF,0xFF,0xFF,0xFF,0xFF,0xFF,0xFF,0xFF,0xFF,0xFF,0xFF,0xFF,0xFF,0xFF,0xFF,0xFF,0xFF,0xFF,0xFF,0xFF,0xFF,0xFF,0xFF,0xFF,0xFF,0xFF,0xFF,0xFF,0xFF,0xFF,0xFF,0xFF,0xFF,
    0xFF,0xFF,0xFF,0xFF,0xFF,0xFF,0xFF,0xFF,0xFF,0xFF,0xFF,0xFF,0xFF,0xFF,0xFF,0xFF,0xFF,0xFF,0xFF,0xFF,0xFF,0xFF,0xFF,0xFF,0xFF,0xFF,0xFF,0xFF,0xFF,0xFF,0xFF,0xFF,0xFF,0xFF,0xFF,0xFF,
    0xFF,0xFF,0xFF,0xFF,0xFF,0xFF,0xFF,0xFF,0xFF,0xFF,0xFF,0xFF,0xFF,0xFF,0xFF,0xFF,0xFF,0xFF,0xFF,0xFF,0xFF,0xFF,0xFF,0xFF,0xFF,0xFF,0xFF,0xFF,0xFF,0xFF,0xFF,0xFF,0xFF,0xFF,0xFF,0xFF,
    0xFF,0xFF,0xFF,0xFF,0xFF,0xFF,0xFF,0xFF,0xFF,0xFF,0xFF,0xFF,0xFF,0xFF,0xFF,0xFF,0xFF,0xFF,0xFF,0xFF,0xFF,0xFF,0xFF,0xFF,0xFF,0xFF,0xFF,0xFF,0xFF,0xFF,0xFF,0xFF,0xFF,0xFF,0xFF,0xFF,
    0xFF,0xFF,0xFF,0xFF,0xFF,0xFF,0xFF,0xFF,0xFF,0xFF,0xFF,0xFF,0xFF,0xFF,0xFF,0xFF,0xFF,0xFF,0xFF,0xFF,0xFF,0xFF,0xFF,0xFF,0xFF,0xFF,0xFF,0xFF,0xFF,0xFF,0xFF,0xFF,0xFF,0xFF,0xFF,0xFF,
    0xFF,0xFF,0xFF,0xFF,0xFF,0xFF,0xFF,0xFF,0xFF,0xFF,0xFF,0xFF,0xFF,0xFF,0xFF,0xFF,0xFF,0xFF,0xFF,0xFF,0xFF,0xFF,0xFF,0xFF,0xFF,0xFF,0xFF,0xFF,0xFF,0xFF,0xFF,0xFF,0xFF,0xFF,0xFF,0xFF,
    0xFF,0xFF,0xFF,0xFF,0xFF,0xFF,0xFF,0xFF,0xFF,0xFF,0xFF,0xFF,0xFF,0xFF,0xFF,0xFF,0xFF,0xFF,0xFF,0xFF,0xFF,0xFF,0xFF,0xFF,0xFF,0xFF,0xFF,0xFF,0xFF,0xFF,0xFF,0xFF,0xFF,0xFF,0xFF,0xFF,
    0xFF,0xFF,0xFF,0xFF,0xFF,0xFF,0xFF,0xFF,0xFF,0xFF,0xFF,0xFF,0xFF,0xFF,0xFF,0xFF,0xFF,0xFF,0xFF,0xFF,0xFF,0xFF,0xFF,0xFF,0xFF,0xFF,0xFF,0xFF,0xFF,0xFF,0xFF,0xFF,0xFF,0xFF,0xFF,0xFF,
    0xFF,0xFF,0xFF,0xFF,0xFF,0xFF,0xFF,0xFF,0xFF,0xFF,0xFF,0xFF,0xFF,0xFF,0xFF,0xFF,0xFF,0xFF,0xFF,0xFF,0xFF,0xFF,0xFF,0xFF,0xFF,0xFF,0xFF,0xFF,0xFF,0xFF,0xFF,0xFF,0xFF,0xFF,0xFF,0xFF,
    0xFF,0xFF,0xFF,0xFF,0xFF,0xFF,0xFF,0xFF,0xFF,0xFF,0xFF,0xFF,0xFF,0xFF,0xFF,0xFF,0xFF,0xFF,0xFF,0xFF,0xFF,0xFF,0xFF,0xFF,0xFF,0xFF,0xFF,0xFF,0xFF,0xFF,0xFF,0xFF,0xFF,0xFF,0xFF,0xFF,
    0xFF,0xFF,0xFF,0xFF,0xFF,0xFF,0xFF,0xFF,0xFF,0xFF,0xFF,0xFF,0xFF,0xFF,0xFF,0xFF,0xFF,0xFF,0xFF,0xFF,0xFF,0xFF,0xFF,0xFF,0xFF,0xFF,0xFF,0xFF,0xFF,0xFF,0xFF,0xFF,0xFF,0xFF,0xFF,0xFF,
    0xFF,0xFF,0xFF,0xFF,0xFF,0xFF,0xFF,0xFF,0xFF,0xFF,0xFF,0xFF,0xFF,0xFF,0xFF,0xFF,0xFF,0xFF,0xFF,0xFF,0xFF,0xFF,0xFF,0xFF,0xFF,0xFF,0xFF,0xFF,0xFF,0xFF,0xFF,0xFF,0xFF,0xFF,0xFF,0xFF,
    0xFF,0xFF,0xFF,0xFF,0xFF,0xFF,0xFF,0xFF,0xFF,0xFF,0xFF,0xFF,0xFF,0xFF,0xFF,0xFF,0xFF,0xFF,0xFF,0xFF,0xFF,0xFF,0xFF,0xFF,0xFF,0xFF,0xFF,0xFF,0xFF,0xFF,0xFF,0xFF,0xFF,0xFF,0xFF,0xFF,
    0xFF,0xFF,0xFF,0xFF,0xFF,0xFF,0xFF,0xFF,0xFF,0xFF,0xFF,0xFF,0xFF,0xFF,0xFF,0xFF,0xFF,0xFF,0xFF,0xFF,0xFF,0xFF,0xFF,0xFF,0xFF,0xFF,0xFF,0xFF,0xFF,0xFF,0xFF,0xFF,0xFF,0xFF,0xFF,0xFF,
    0xFF,0xFF,0xFF,0xFF,0xFF,0xFF,0xFF,0xFF,0xFF,0xFF,0xFF,0xFF,0xFF,0xFF,0xFF,0xFF,0xFF,0xFF,0xFF,0xFF,0xFF,0xFF,0xFF,0xFF,0xFF,0xFF,0xFF,0xFF,0xFF,0xFF,0xFF,0xFF,0xFF,0xFF,0xFF,0xFF,
    0xFF,0xFF,0xFF,0xFF,0xFF,0xFF,0xFF,0xFF,0xFF,0xFF,0xFF,0xFF,0xFF,0xFF,0xFF,0xFF,0xFF,0xFF,0xFF,0xFF,0xFF,0xFF,0xFF,0xFF,0xFF,0xFF,0xFF,0xFF,0xFF,0xFF,0xFF,0xFF,0xFF,0xFF,0xFF,0xFF,
    0xFF,0xFF,0xFF,0xFF,0xFF,0xFF,0xFF,0xFF,0xFF,0xFF,0xFF,0xFF,0xFF,0xFF,0xFF,0xFF,0xFF,0xFF,0xFF,0xFF,0xFF,0xFF,0xFF,0xFF,0xFF,0xFF,0xFF,0xFF,0xFF,0xFF,0xFF,0xFF,0xFF,0xFF,0xFF,0xFF,
    0xFF,0xFF,0xFF,0xFF,0xFF,0xFF,0xFF,0xFF,0xFF,0xFF,0xFF,0xFF,0xFF,0xFF,0xFF,0xFF,0xFF,0xFF,0xFF,0xFF,0xFF,0xFF,0xFF,0xFF,0xFF,0xFF,0xFF,0xFF,0xFF,0xFF,0xBE,0xF7,0xFF,0xFF,0xFF,0xFF,
    0x08,0x42,0xFF,0x00,0x00,0xFF,0x00,0x00,0xFF,0x20,0x00,0xFF,0x00,0x00,0xFF,0x20,0x00,0xFF,0x00,0x00,0xFF,0x20,0x00,0xFF,0x00,0x00,0xFF,0x00,0x00,0xFF,0x41,0x08,0xFF,0x92,0x94,0xFF,
    0xDF,0xFF,0xFF,0xFF,0xFF,0xFF,0xFF,0xFF,0xFF,0xFF,0xFF,0xFF,0xFF,0xFF,0xFF,0xFF,0xFF,0xFF,0xFF,0xFF,0xFF,0xFF,0xFF,0xFF,0xFF,0xFF,0xFF,0xFF,0xFF,0xFF,0xFF,0xFF,0xFF,0xFF,0xFF,0xFF,
    0xFF,0xFF,0xFF,0xFF,0xFF,0xFF,0xFF,0xFF,0xFF,0xFF,0xFF,0xFF,0xFF,0xFF,0xFF,0xFF,0xFF,0xFF,0xFF,0xFF,0xFF,0xFF,0xFF,0xFF,0xFF,0xFF,0xFF,0xFF,0xFF,0xFF,0xFF,0xFF,0xFF,0xFF,0xFF,0xFF,
    0xFF,0xFF,0xFF,0xFF,0xFF,0xFF,0xFF,0xFF,0xFF,0xFF,0xFF,0xFF,0xFF,0xFF,0xFF,0xFF,0xFF,0xFF,0xFF,0xFF,0xFF,0xFF,0xFF,0xFF,0xFF,0xFF,0xFF,0xFF,0xFF,0xFF,0xFF,0xFF,0xFF,0xFF,0xFF,0xFF,
    0xFF,0xFF,0xFF,0xFF,0xFF,0xFF,0xFF,0xFF,0xFF,0xFF,0xFF,0xFF,0xFF,0xFF,0xFF,0xFF,0xFF,0xFF,0xFF,0xFF,0xFF,0xFF,0xFF,0xFF,0xFF,0xFF,0xFF,0xFF,0xFF,0xFF,0xFF,0xFF,0xFF,0xFF,0xFF,0xFF,
    0xFE,0xFF,0xFF,0xFE,0xFF,0xFF,0xFE,0xFF,0xFF,0xFE,0xFF,0xFF,0xFE,0xFF,0xFF,0xFF,0xFF,0xFF,0xFF,0xFF,0xFF,0xFF,0xFF,0xFF,0xFF,0xFF,0xFF,0xDF,0xFF,0xFF,0xFF,0xFF,0xFF,0xFF,0xFF,0xFF,
    0xFF,0xFF,0xFF,0xFF,0xFF,0xFF,0xFF,0xFF,0xFF,0xFF,0xFF,0xFF,0xFF,0xFF,0xFF,0xFF,0xFF,0xFF,0xFF,0xFF,0xFF,0xFF,0xFF,0xFF,0xFF,0xFF,0xFF,0xFF,0xFF,0xFF,0xFF,0xFF,0xFF,0xFF,0xFF,0xFF,
    0xFF,0xFF,0xFF,0xFF,0xFF,0xFF,0xFF,0xFF,0xFF,0xFF,0xFF,0xFF,0xFF,0xFF,0xFF,0xFF,0xFF,0xFF,0xFF,0xFF,0xFF,0xFF,0xFF,0xFF,0xFF,0xFF,0xFF,0xFF,0xFF,0xFF,0xFF,0xFF,0xFF,0xFF,0xFF,0xFF,
    0xFF,0xFF,0xFF,0xFF,0xFF,0xFF,0xFF,0xFF,0xFF,0xFF,0xFF,0xFF,0xFF,0xFF,0xFF,0xFF,0xFF,0xFF,0xFF,0xFF,0xFF,0xFF,0xFF,0xFF,0xFF,0xFF,0xFF,0xFF,0xFF,0xFF,0xFF,0xFF,0xFF,0xFF,0xFF,0xFF,
    0xFF,0xFF,0xFF,0xFF,0xFF,0xFF,0xFF,0xFF,0xFF,0xFF,0xFF,0xFF,0xFF,0xFF,0xFF,0xFF,0xFF,0xFF,0xFF,0xFF,0xFF,0xFF,0xFF,0xFF,0xFF,0xFF,0xFF,0xFF,0xFF,0xFF,0xFF,0xFF,0xFF,0xFF,0xFF,0xFF,
    0xFF,0xFF,0xFF,0xFF,0xFF,0xFF,0xFF,0xFF,0xFF,0xFF,0xFF,0xFF,0xFF,0xFF,0xFF,0xFF,0xFF,0xFF,0xFF,0xFF,0xFF,0xFF,0xFF,0xFF,0xFF,0xFF,0xFF,0xFF,0xFF,0xFF,0xFF,0xFF,0xFF,0xFF,0xFF,0xFF,
    0xFF,0xFF,0xFF,0xFF,0xFF,0xFF,0xFF,0xFF,0xFF,0xFF,0xFF,0xFF,0xFF,0xFF,0xFF,0xFF,0xFF,0xFF,0xFF,0xFF,0xFF,0xFF,0xFF,0xFF,0xFF,0xFF,0xFF,0xFF,0xFF,0xFF,0xFF,0xFF,0xFF,0xFF,0xFF,0xFF,
    0xFF,0xFF,0xFF,0xFF,0xFF,0xFF,0xFF,0xFF,0xFF,0xFF,0xFF,0xFF,0xFF,0xFF,0xFF,0xFF,0xFF,0xFF,0xFF,0xFF,0xFF,0xFF,0xFF,0xFF,0xFF,0xFF,0xFF,0xFF,0xFF,0xFF,0xFF,0xFF,0xFF,0xFF,0xFF,0xFF,
    0xFF,0xFF,0xFF,0xFF,0xFF,0xFF,0xDF,0xFF,0xFF,0xDF,0xFF,0xFF,0xFF,0xFF,0xFF,0xFF,0xFF,0xFF,0xFF,0xFF,0xFF,0xFF,0xFF,0xFF,0xFF,0xFF,0xFF,0xFF,0xFF,0xFF,0xFF,0xFF,0xFF,0xFF,0xFF,0xFF,
    0xFF,0xFF,0xFF,0xFF,0xFF,0xFF,0xFF,0xFF,0xFF,0xFF,0xFF,0xFF,0xFF,0xFF,0xFF,0xFF,0xFF,0xFF,0xFF,0xFF,0xFF,0xFF,0xFF,0xFF,0xFF,0xFF,0xFF,0xFF,0xFF,0xFF,0xFF,0xFF,0xFF,0xFF,0xFF,0xFF,
    0xFF,0xFF,0xFF,0xFF,0xFF,0xFF,0xFF,0xFF,0xFF,0xFF,0xFF,0xFF,0xFF,0xFF,0xFF,0xFF,0xFF,0xFF,0xFF,0xFF,0xFF,0xFF,0xFF,0xFF,0xFF,0xFF,0xFF,0xFF,0xFF,0xFF,0xFF,0xFF,0xFF,0xFF,0xFF,0xFF,
    0xFF,0xFF,0xFF,0xFF,0xFF,0xFF,0xFF,0xFF,0xFF,0xFF,0xFF,0xFF,0xFF,0xFF,0xFF,0xFF,0xFF,0xFF,0xFF,0xFF,0xFF,0xFF,0xFF,0xFF,0xFF,0xFF,0xFF,0xFF,0xFF,0xFF,0xFF,0xFF,0xFF,0xFF,0xFF,0xFF,
    0xFF,0xFF,0xFF,0xFF,0xFF,0xFF,0xFF,0xFF,0xFF,0xFF,0xFF,0xFF,0xFF,0xFF,0xFF,0xFF,0xFF,0xFF,0xFF,0xFF,0xFF,0xFF,0xFF,0xFF,0xFF,0xFF,0xFF,0xFF,0xFF,0xFF,0xFF,0xFF,0xFF,0xFF,0xFF,0xFF,
    0xFF,0xFF,0xFF,0xFF,0xFF,0xFF,0xFF,0xFF,0xFF,0xFF,0xFF,0xFF,0xFF,0xFF,0xFF,0xFF,0xFF,0xFF,0xFF,0xFF,0xFF,0xFF,0xFF,0xFF,0xFF,0xFF,0xFF,0xFF,0xFF,0xFF,0xFF,0xFF,0xFF,0xFF,0xFF,0xFF,
    0xFF,0xFF,0xFF,0xFF,0xFF,0xFF,0xFF,0xFF,0xFF,0xFF,0xFF,0xFF,0xFF,0xFF,0xFF,0xFF,0xFF,0xFF,0xFF,0xFF,0xFF,0xFF,0xFF,0xFF,0xFF,0xFF,0xFF,0xFF,0xFF,0xFF,0xFF,0xFF,0xFF,0xFF,0xFF,0xFF,
    0xFF,0xFF,0xFF,0xFF,0xFF,0xFF,0xFF,0xFF,0xFF,0xFF,0xFF,0xFF,0xFF,0xFF,0xFF,0xFF,0xFF,0xFF,0xFF,0xFF,0xFF,0xFF,0xFF,0xFF,0xFF,0xFF,0xFF,0xFF,0xFF,0xFF,0xFF,0xFF,0xFF,0xFF,0xFF,0xFF,
    0xFF,0xFF,0xFF,0xFF,0xFF,0xFF,0xFF,0xFF,0xFF,0xFF,0xFF,0xFF,0xFF,0xFF,0xFF,0xFF,0xFF,0xFF,0xFF,0xFF,0xFF,0xFF,0xFF,0xFF,0xFF,0xFF,0xFF,0xFF,0xFF,0xFF,0xFF,0xFF,0xFF,0xFF,0xFF,0xFF,
    0xFF,0xFF,0xFF,0xFF,0xFF,0xFF,0xFF,0xFF,0xFF,0xFF,0xFF,0xFF,0xFF,0xFF,0xFF,0xFF,0xFF,0xFF,0xFF,0xFF,0xFF,0xFF,0xFF,0xFF,0xFF,0xFF,0xFF,0xFF,0xFF,0xFF,0xFF,0xFF,0xFF,0xFF,0xFF,0xFF,
    0xFF,0xFF,0xFF,0xFF,0xFF,0xFF,0xFF,0xFF,0xFF,0xFF,0xFF,0xFF,0xFF,0xFF,0xFF,0xFF,0xFF,0xFF,0xFF,0xFF,0xFF,0xFF,0xFF,0xFF,0xFF,0xFF,0xFF,0xFF,0xFF,0xFF,0xFF,0xFF,0xFF,0xFF,0xFF,0xFF,
    0xFF,0xFF,0xFF,0xFF,0xFF,0xFF,0xFF,0xFF,0xFF,0xFF,0xFF,0xFF,0xFF,0xFF,0xFF,0xFF,0xFF,0xFF,0xFF,0xFF,0xFF,0xFF,0xFF,0xFF,0xFF,0xFF,0xFF,0xFF,0xFF,0xFF,0xFF,0xFF,0xFF,0xFF,0xFF,0xFF,
    0xFF,0xFF,0xFF,0xFF,0xFF,0xFF,0xFF,0xFF,0xFF,0xFF,0xFF,0xFF,0xFF,0xFF,0xFF,0xFF,0xFF,0xFF,0xFF,0xFF,0xFF,0xFF,0xFF,0xFF,0xFF,0xFF,0xFF,0xFF,0xFF,0xFF,0xFF,0xFF,0xFF,0xFF,0xFF,0xFF,
    0xFF,0xFF,0xFF,0xFF,0xFF,0xFF,0xFF,0xFF,0xFF,0xFF,0xFF,0xFF,0xFF,0xFF,0xFF,0xFF,0xFF,0xFF,0xFF,0xFF,0xFF,0xFF,0xFF,0xFF,0xFF,0xFF,0xFF,0xFF,0xFF,0xFF,0xFF,0xFF,0xFF,0xFF,0xFF,0xFF,
    0xFF,0xFF,0xFF,0xFF,0xFF,0xFF,0xFF,0xFF,0xFF,0xFF,0xFF,0xFF,0xFF,0xFF,0xFF,0xFF,0xFF,0xFF,0xFF,0xFF,0xFF,0xFF,0xFF,0xFF,0xFF,0xFF,0xFF,0xFF,0xFF,0xFF,0xFF,0xFF,0xFF,0xFF,0xFF,0xFF,
    0xFF,0xFF,0xFF,0xFF,0xFF,0xFF,0xFF,0xFF,0xFF,0xFF,0xFF,0xFF,0xFF,0xFF,0xFF,0xFF,0xFF,0xFF,0xFF,0xFF,0xFF,0xFF,0xFF,0xFF,0xFF,0xFF,0xFF,0xFF,0xFF,0xFF,0xFF,0xFF,0xFF,0xFF,0xFF,0xFF,
    0xFF,0xFF,0xFF,0xFF,0xFF,0xFF,0xFF,0xFF,0xFF,0xFF,0xFF,0xFF,0xFF,0xFF,0xFF,0xFF,0xFF,0xFF,0xFF,0xFF,0xFF,0xFF,0xFF,0xFF,0xFF,0xFF,0xFF,0xFF,0xFF,0xFF,0xFF,0xFF,0xFF,0xFF,0xFF,0xFF,
    0xFF,0xFF,0xFF,0xFF,0xFF,0xFF,0xFF,0xFF,0xFF,0xFF,0xFF,0xFF,0xFF,0xFF,0xFF,0xFF,0xFF,0xFF,0xFF,0xFF,0xFF,0xFF,0xFF,0xFF,0xFF,0xFF,0xFF,0xFF,0xFF,0xFF,0xFF,0xFF,0xFF,0xFF,0xFF,0xFF,
    0xFF,0xFF,0xFF,0xFF,0xFF,0xFF,0xFF,0xFF,0xFF,0xFF,0xFF,0xFF,0xFF,0xFF,0xFF,0xFF,0xFF,0xFF,0xFF,0xFF,0xFF,0xFF,0xFF,0xFF,0xFF,0xFF,0xFF,0xFF,0xFF,0xFF,0xFF,0xFF,0xFF,0xFF,0xFF,0xFF,
    0xFF,0xFF,0xFF,0xFF,0xFF,0xFF,0xFF,0xFF,0xFF,0xFF,0xFF,0xFF,0xFF,0xFF,0xFF,0xFF,0xFF,0xFF,0xFF,0xFF,0xFF,0xFF,0xFF,0xFF,0xFF,0xFF,0xFF,0xFF,0xFF,0xFF,0xFF,0xFF,0xFF,0xFF,0xFF,0xFF,
    0xFF,0xFF,0xFF,0xFF,0xFF,0xFF,0xDF,0xFF,0xFF,0xFF,0xFF,0xFF,0x9E,0xF7,0xFF,0x61,0x08,0xFF,0x20,0x00,0xFF,0x00,0x00,0xFF,0x82,0x10,0xFF,0x00,0x00,0xFF,0x00,0x00,0xFF,0x00,0x00,0xFF,
    0x00,0x00,0xFF,0x00,0x00,0xFF,0x41,0x08,0xFF,0x00,0x00,0xFF,0x41,0x08,0xFF,0x00,0x00,0xFF,0x00,0x00,0xFF,0xAE,0x73,0xFF,0xFF,0xFF,0xFF,0xFF,0xFF,0xFF,0xDF,0xFF,0xFF,0xFF,0xFF,0xFF,
    0xDF,0xFF,0xFF,0xFF,0xFF,0xFF,0xFF,0xFF,0xFF,0xDF,0xFF,0xFF,0x7D,0xEF,0xFF,0xFF,0xFF,0xFF,0xBE,0xF7,0xFF,0xFF,0xFF,0xFF,0xFF,0xFF,0xFF,0xFF,0xFF,0xFF,0xFF,0xFF,0xFF,0xFF,0xFF,0xFF,
    0xFF,0xFF,0xFF,0xFF,0xFF,0xFF,0xFF,0xFF,0xFF,0xFF,0xFF,0xFF,0xFF,0xFF,0xFF,0xFF,0xFF,0xFF,0xFF,0xFF,0xFF,0xFF,0xFF,0xFF,0xFF,0xFF,0xFF,0xFF,0xFF,0xFF,0xFF,0xFF,0xFF,0xFF,0xFF,0xFF,
    0xFF,0xFF,0xFF,0xFF,0xFF,0xFF,0xFF,0xFF,0xFF,0xFF,0xFF,0xFF,0xFF,0xFF,0xFF,0xBE,0xF7,0xFF,0xFF,0xFF,0xFF,0xFF,0xFF,0xFF,0xFF,0xFF,0xFF,0xFF,0xFF,0xFF,0xFF,0xFF,0xFF,0xFF,0xFF,0xFF,
    0xFF,0xFF,0xFF,0xBF,0xFF,0xFF,0xFF,0xFF,0xFF,0xFF,0xFF,0xFF,0xFF,0xFF,0xFF,0xBD,0xF7,0xFF,0xFE,0xFF,0xFF,0xDD,0xF7,0xFF,0x9C,0xF7,0xFF,0xFD,0xFF,0xFF,0xB9,0xD6,0xFF,0x58,0xC6,0xFF,
    0x75,0xAD,0xFF,0xB6,0xB5,0xFF,0x7A,0xCE,0xFF,0xDF,0xFF,0xFF,0xFF,0xFF,0xFF,0xFF,0xFF,0xFF,0xFF,0xFF,0xFF,0xFF,0xFF,0xFF,0xFF,0xFF,0xFF,0xFF,0xFF,0xFF,0xFF,0xFF,0xFF,0xFF,0xFF,0xFF,
    0xFF,0xFF,0xFF,0xFF,0xFF,0xFF,0xFF,0xFF,0xFF,0xFF,0xFF,0xFF,0xFF,0xFF,0xFF,0xFF,0xFF,0xFF,0xFF,0xFF,0xFF,0xFF,0xFF,0xFF,0xFF,0xFF,0xFF,0xFF,0xFF,0xFF,0xFF,0xFF,0xFF,0xFF,0xFF,0xFF,
    0xFF,0xFF,0xFF,0xFF,0xFF,0xFF,0xFF,0xFF,0xFF,0xFF,0xFF,0xFF,0xFF,0xFF,0xFF,0xFF,0xFF,0xFF,0xFF,0xFF,0xFF,0xFF,0xFF,0xFF,0xFF,0xFF,0xFF,0xFF,0xFF,0xFF,0xFF,0xFF,0xFF,0xFF,0xFF,0xFF,
    0xFF,0xFF,0xFF,0xFF,0xFF,0xFF,0xFF,0xFF,0xFF,0xFF,0xFF,0xFF,0xFF,0xFF,0xFF,0xFF,0xFF,0xFF,0xFF,0xFF,0xFF,0xFF,0xFF,0xFF,0xFF,0xFF,0xFF,0xFF,0xFF,0xFF,0xFF,0xFF,0xFF,0xFF,0xFF,0xFF,
    0xFF,0xFF,0xFF,0xFF,0xFF,0xFF,0xFF,0xFF,0xFF,0xFF,0xFF,0xFF,0xFF,0xFF,0xFF,0xFF,0xFF,0xFF,0xFF,0xFF,0xFF,0xFF,0xFF,0xFF,0xFF,0xFF,0xFF,0xFF,0xFF,0xFF,0xFF,0xFF,0xFF,0xFF,0xFF,0xFF,
    0xFF,0xFF,0xFF,0x9E,0xF7,0xFF,0xFF,0xFF,0xFF,0xFF,0xFF,0xFF,0x7D,0xEF,0xFF,0xFF,0xFF,0xFF,0xDF,0xFF,0xFF,0xFF,0xFF,0xFF,0xFF,0xFF,0xFF,0xDF,0xFF,0xFF,0xFF,0xFF,0xFF,0xFF,0xFF,0xFF,
    0xDF,0xFF,0xFF,0xFF,0xFF,0xFF,0xFF,0xFF,0xFF,0xFF,0xFF,0xFF,0xFF,0xFF,0xFF,0xFF,0xFF,0xFF,0xFF,0xFF,0xFF,0xFF,0xFF,0xFF,0xFF,0xFF,0xFF,0xDF,0xFF,0xFF,0xDF,0xFF,0xFF,0xFF,0xFF,0xFF,
    0xFF,0xFF,0xFF,0xFF,0xFF,0xFF,0xFF,0xFF,0xFF,0xDF,0xFF,0xFF,0xFF,0xFF,0xFF,0xFF,0xFF,0xFF,0x9E,0xF7,0xFF,0xFF,0xFF,0xFF,0xFF,0xFF,0xFF,0xFF,0xFF,0xFF,0xFF,0xFF,0xFF,0xFF,0xFF,0xFF,
    0xFF,0xFF,0xFF,0xDF,0xFF,0xFF,0xFF,0xFF,0xFF,0xDF,0xFF,0xFF,0xFF,0xFF,0xFF,0xFF,0xFF,0xFF,0xFF,0xFF,0xFF,0xFF,0xFF,0xFF,0xFF,0xFF,0xFF,0xFF,0xFF,0xFF,0xFF,0xFF,0xFF,0xFF,0xFF,0xFF,
    0xFF,0xFF,0xFF,0xFF,0xFF,0xFF,0xFF,0xFF,0xFF,0xFF,0xFF,0xFF,0xFF,0xFF,0xFF,0xFF,0xFF,0xFF,0xFF,0xFF,0xFF,0xFF,0xFF,0xFF,0xFF,0xFF,0xFF,0xFF,0xFF,0xFF,0xFF,0xFF,0xFF,0xFF,0xFF,0xFF,
    0xFF,0xFF,0xFF,0xFF,0xFF,0xFF,0xFF,0xFF,0xFF,0xFF,0xFF,0xFF,0xFF,0xFF,0xFF,0xFF,0xFF,0xFF,0xFF,0xFF,0xFF,0xFF,0xFF,0xFF,0xFF,0xFF,0xFF,0xFF,0xFF,0xFF,0xFF,0xFF,0xFF,0xFF,0xFF,0xFF,
    0xFF,0xFF,0xFF,0xFF,0xFF,0xFF,0xFF,0xFF,0xFF,0xFF,0xFF,0xFF,0xFF,0xFF,0xFF,0xFF,0xFF,0xFF,0xFF,0xFF,0xFF,0xFF,0xFF,0xFF,0xFF,0xFF,0xFF,0xFF,0xFF,0xFF,0xFF,0xFF,0xFF,0xFF,0xFF,0xFF,
    0xFF,0xFF,0xFF,0xFF,0xFF,0xFF,0xFF,0xFF,0xFF,0xFF,0xFF,0xFF,0xFF,0xFF,0xFF,0xFF,0xFF,0xFF,0xFF,0xFF,0xFF,0xFF,0xFF,0xFF,0xFF,0xFF,0xFF,0xFF,0xFF,0xFF,0xFF,0xFF,0xFF,0xFF,0xFF,0xFF,
    0xFF,0xFF,0xFF,0xFF,0xFF,0xFF,0xFF,0xFF,0xFF,0xFF,0xFF,0xFF,0xFF,0xFF,0xFF,0xFF,0xFF,0xFF,0xFF,0xFF,0xFF,0xFF,0xFF,0xFF,0xFF,0xFF,0xFF,0xFF,0xFF,0xFF,0xFF,0xFF,0xFF,0xFF,0xFF,0xFF,
    0xFF,0xFF,0xFF,0xFF,0xFF,0xFF,0xFF,0xFF,0xFF,0xFF,0xFF,0xFF,0xFF,0xFF,0xFF,0xFF,0xFF,0xFF,0xFF,0xFF,0xFF,0xFF,0xFF,0xFF,0xFF,0xFF,0xFF,0xFF,0xFF,0xFF,0xFF,0xFF,0xFF,0xFF,0xFF,0xFF,
    0xFF,0xFF,0xFF,0xFF,0xFF,0xFF,0xFF,0xFF,0xFF,0xFF,0xFF,0xFF,0xFF,0xFF,0xFF,0xFF,0xFF,0xFF,0xFF,0xFF,0xFF,0xFF,0xFF,0xFF,0xFF,0xFF,0xFF,0xFF,0xFF,0xFF,0xFF,0xFF,0xFF,0xFF,0xFF,0xFF,
    0xFF,0xFF,0xFF,0xFF,0xFF,0xFF,0xFF,0xFF,0xFF,0xFF,0xFF,0xFF,0xFF,0xFF,0xFF,0xFF,0xFF,0xFF,0xFF,0xFF,0xFF,0xFF,0xFF,0xFF,0xFF,0xFF,0xFF,0xFF,0xFF,0xFF,0xFF,0xFF,0xFF,0xFF,0xFF,0xFF,
    0xFF,0xFF,0xFF,0xFF,0xFF,0xFF,0xFF,0xFF,0xFF,0xFF,0xFF,0xFF,0xFF,0xFF,0xFF,0xFF,0xFF,0xFF,0xFF,0xFF,0xFF,0xFF,0xFF,0xFF,0xFF,0xFF,0xFF,0xFF,0xFF,0xFF,0xFF,0xFF,0xFF,0xFF,0xFF,0xFF,
    0xFF,0xFF,0xFF,0xFF,0xFF,0xFF,0xFF,0xFF,0xFF,0xFF,0xFF,0xFF,0xFF,0xFF,0xFF,0xFF,0xFF,0xFF,0xFF,0xFF,0xFF,0xFF,0xFF,0xFF,0xFF,0xFF,0xFF,0xFF,0xFF,0xFF,0xFF,0xFF,0xFF,0xFF,0xFF,0xFF,
    0xFF,0xFF,0xFF,0xFF,0xFF,0xFF,0xFF,0xFF,0xFF,0xFF,0xFF,0xFF,0xFF,0xFF,0xFF,0xFF,0xFF,0xFF,0xFF,0xFF,0xFF,0xFF,0xFF,0xFF,0xFF,0xFF,0xFF,0xFF,0xFF,0xFF,0xFF,0xFF,0xFF,0xFF,0xFF,0xFF,
    0xFF,0xFF,0xFF,0xFF,0xFF,0xFF,0xFF,0xFF,0xFF,0xFF,0xFF,0xFF,0xFF,0xFF,0xFF,0xFF,0xFF,0xFF,0xFF,0xFF,0xFF,0xFF,0xFF,0xFF,0xFF,0xFF,0xFF,0xFF,0xFF,0xFF,0xFF,0xFF,0xFF,0xFF,0xFF,0xFF,
    0xFF,0xFF,0xFF,0xFF,0xFF,0xFF,0xFF,0xFF,0xFF,0xFF,0xFF,0xFF,0xFF,0xFF,0xFF,0xFF,0xFF,0xFF,0xFF,0xFF,0xFF,0xFF,0xFF,0xFF,0xFF,0xFF,0xFF,0xFF,0xFF,0xFF,0xFF,0xFF,0xFF,0xFF,0xFF,0xFF,
    0xFF,0xFF,0xFF,0xFF,0xFF,0xFF,0xFF,0xFF,0xFF,0xFF,0xFF,0xFF,0xFF,0xFF,0xFF,0xFF,0xFF,0xFF,0xFF,0xFF,0xFF,0xFF,0xFF,0xFF,0xFF,0xFF,0xFF,0xFF,0xFF,0xFF,0xFF,0xFF,0xFF,0xFF,0xFF,0xFF,
    0xFF,0xFF,0xFF,0xFF,0xFF,0xFF,0xFF,0xFF,0xFF,0xFF,0xFF,0xFF,0xFF,0xFF,0xFF,0xFF,0xFF,0xFF,0xFF,0xFF,0xFF,0xFF,0xFF,0xFF,0xFF,0xFF,0xFF,0xFF,0xFF,0xFF,0xFF,0xFF,0xFF,0xFF,0xFF,0xFF,
    0xFF,0xFF,0xFF,0xFF,0xFF,0xFF,0xFF,0xFF,0xFF,0xFF,0xFF,0xFF,0xFF,0xFF,0xFF,0xFF,0xFF,0xFF,0xFF,0xFF,0xFF,0xFF,0xFF,0xFF,0xFF,0xFF,0xFF,0xFF,0xFF,0xFF,0xFF,0xFF,0xFF,0xFF,0xFF,0xFF,
    0xFF,0xFF,0xFF,0xFF,0xFF,0xFF,0xFF,0xFF,0xFF,0xFF,0xFF,0xFF,0xFF,0xFF,0xFF,0xFF,0xFF,0xFF,0xFF,0xFF,0xFF,0xFF,0xFF,0xFF,0xFF,0xFF,0xFF,0xFF,0xFF,0xFF,0xFF,0xFF,0xFF,0xFF,0xFF,0xFF,
    0xFF,0xFF,0xFF,0xFF,0xFF,0xFF,0xFF,0xFF,0xFF,0xFF,0xFF,0xFF,0xFF,0xFF,0xFF,0xFF,0xFF,0xFF,0xFF,0xFF,0xFF,0xFF,0xFF,0xFF,0xFF,0xFF,0xFF,0xFF,0xFF,0xFF,0xFF,0xFF,0xFF,0xFF,0xFF,0xFF,
    0xFF,0xFF,0xFF,0xFF,0xFF,0xFF,0xFF,0xFF,0xFF,0xDF,0xFF,0xFF,0xBE,0xF7,0xFF,0xFF,0xFF,0xFF,0xFF,0xFF,0xFF,0xFF,0xFF,0xFF,0xDF,0xFF,0xFF,0xFF,0xFF,0xFF,0x20,0x00,0xFF,0x00,0x00,0xFF,
    0x00,0x00,0xFF,0x61,0x08,0xFF,0x41,0x08,0xFF,0x55,0xAD,0xFF,0x7D,0xEF,0xFF,0xBE,0xF7,0xFF,0xDF,0xFF,0xFF,0x34,0xA5,0xFF,0x86,0x31,0xFF,0x00,0x00,0xFF,0x20,0x00,0xFF,0x61,0x08,0xFF,
    0x00,0x00,0xFF,0x00,0x00,0xFF,0x00,0x00,0xFF,0xD7,0xBD,0xFF,0xFF,0xFF,0xFF,0xBE,0xF7,0xFF,0xFF,0xFF,0xFF,0xFF,0xFF,0xFF,0xBE,0xF7,0xFF,0xFF,0xFF,0xFF,0xFF,0xFF,0xFF,0x7D,0xEF,0xFF,
    0xFF,0xFF,0xFF,0xFF,0xFF,0xFF,0xFF,0xFF,0xFF,0xFF,0xFF,0xFF,0xDF,0xFF,0xFF,0xDF,0xFF,0xFF,0xFF,0xFF,0xFF,0xFF,0xFF,0xFF,0xFF,0xFF,0xFF,0xFF,0xFF,0xFF,0xFF,0xFF,0xFF,0xFF,0xFF,0xFF,
    0xFF,0xFF,0xFF,0xFF,0xFF,0xFF,0xFF,0xFF,0xFF,0xFF,0xFF,0xFF,0xFF,0xFF,0xFF,0xFF,0xFF,0xFF,0xFF,0xFF,0xFF,0xFF,0xFF,0xFF,0xFF,0xFF,0xFF,0xFF,0xFF,0xFF,0xFF,0xFF,0xFF,0xFF,0xFF,0xFF,
    0xFF,0xFF,0xFF,0xDE,0xFF,0xFF,0xBE,0xF7,0xFF,0xFF,0xFF,0xFF,0xFF,0xFF,0xFF,0xBE,0xF7,0xFF,0xBE,0xF7,0xFF,0xFF,0xFF,0xFF,0xFF,0xFF,0xFF,0xFF,0xFF,0xFF,0x9D,0xF7,0xFF,0xB1,0x94,0xFF,
    0x64,0x29,0xFF,0x60,0x08,0xFF,0x40,0x08,0xFF,0x00,0x00,0xFF,0x20,0x00,0xFF,0x60,0x08,0xFF,0x00,0x00,0xFF,0x41,0x08,0xFF,0x00,0x00,0xFF,0x0C,0x63,0xFF,0xFF,0xFF,0xFF,0xFF,0xFF,0xFF,
    0xFF,0xFF,0xFF,0xFF,0xFF,0xFF,0xFF,0xFF,0xFF,0xFF,0xFF,0xFF,0xFF,0xFF,0xFF,0xFF,0xFF,0xFF,0xFF,0xFF,0xFF,0xFF,0xFF,0xFF,0xFF,0xFF,0xFF,0xFF,0xFF,0xFF,0xFF,0xFF,0xFF,0xFF,0xFF,0xFF,
    0xFF,0xFF,0xFF,0xFF,0xFF,0xFF,0xFF,0xFF,0xFF,0xFF,0xFF,0xFF,0xFF,0xFF,0xFF,0xFF,0xFF,0xFF,0xFF,0xFF,0xFF,0xFF,0xFF,0xFF,0xFF,0xFF,0xFF,0xFF,0xFF,0xFF,0xFF,0xFF,0xFF,0xFF,0xFF,0xFF,
    0xFF,0xFF,0xFF,0xFF,0xFF,0xFF,0xFF,0xFF,0xFF,0xFF,0xFF,0xFF,0xFF,0xFF,0xFF,0xFF,0xFF,0xFF,0xFF,0xFF,0xFF,0xFF,0xFF,0xFF,0xFF,0xFF,0xFF,0xFF,0xFF,0xFF,0xFF,0xFF,0xFF,0xFF,0xFF,0xFF,
    0xFF,0xFF,0xFF,0xFF,0xFF,0xFF,0xFF,0xFF,0xFF,0xFF,0xFF,0xFF,0xFF,0xFF,0xFF,0xFF,0xFF,0xFF,0xFF,0xFF,0xFF,0xFF,0xFF,0xFF,0xFF,0xFF,0xFF,0xFF,0xFF,0xFF,0xFF,0xFF,0xFF,0xFF,0xFF,0xFF,
    0xFF,0xFF,0xFF,0xFF,0xFF,0xFF,0xDF,0xFF,0xFF,0xFF,0xFF,0xFF,0xFF,0xFF,0xFF,0xFF,0xFF,0xFF,0xFF,0xFF,0xFF,0xFF,0xFF,0xFF,0xDF,0xFF,0xFF,0xFF,0xFF,0xFF,0xDF,0xFF,0xFF,0xFF,0xFF,0xFF,
    0xFF,0xFF,0xFF,0xDF,0xFF,0xFF,0xBE,0xF7,0xFF,0xFF,0xFF,0xFF,0xFF,0xFF,0xFF,0xBE,0xF7,0xFF,0xFF,0xFF,0xFF,0xFF,0xFF,0xFF,0xDF,0xFF,0xFF,0xFF,0xFF,0xFF,0x9E,0xF7,0xFF,0x14,0xA5,0xFF,
    0x08,0x42,0xFF,0x82,0x10,0xFF,0x41,0x08,0xFF,0x61,0x08,0xFF,0x20,0x00,0xFF,0x00,0x00,0xFF,0x00,0x00,0xFF,0x41,0x08,0xFF,0x61,0x08,0xFF,0x49,0x4A,0xFF,0x38,0xC6,0xFF,0xFF,0xFF,0xFF,
    0xDF,0xFF,0xFF,0xFF,0xFF,0xFF,0xFF,0xFF,0xFF,0xFF,0xFF,0xFF,0x9E,0xF7,0xFF,0xFF,0xFF,0xFF,0xFF,0xFF,0xFF,0xDF,0xFF,0xFF,0xFF,0xFF,0xFF,0xFF,0xFF,0xFF,0xFF,0xFF,0xFF,0xFF,0xFF,0xFF,
    0xFF,0xFF,0xFF,0xFF,0xFF,0xFF,0xFF,0xFF,0xFF,0xFF,0xFF,0xFF,0xFF,0xFF,0xFF,0xFF,0xFF,0xFF,0xFF,0xFF,0xFF,0xFF,0xFF,0xFF,0xFF,0xFF,0xFF,0xFF,0xFF,0xFF,0xFF,0xFF,0xFF,0xFF,0xFF,0xFF,
    0xFF,0xFF,0xFF,0xFF,0xFF,0xFF,0xFF,0xFF,0xFF,0xFF,0xFF,0xFF,0xFF,0xFF,0xFF,0xFF,0xFF,0xFF,0xFF,0xFF,0xFF,0xFF,0xFF,0xFF,0xFF,0xFF,0xFF,0xFF,0xFF,0xFF,0xFF,0xFF,0xFF,0xFF,0xFF,0xFF,
    0xFF,0xFF,0xFF,0xFF,0xFF,0xFF,0xFF,0xFF,0xFF,0xFF,0xFF,0xFF,0xFF,0xFF,0xFF,0xFF,0xFF,0xFF,0xFF,0xFF,0xFF,0xFF,0xFF,0xFF,0xFF,0xFF,0xFF,0xFF,0xFF,0xFF,0xFF,0xFF,0xFF,0xFF,0xFF,0xFF,
    0xFF,0xFF,0xFF,0xFF,0xFF,0xFF,0xFF,0xFF,0xFF,0xFF,0xFF,0xFF,0xFF,0xFF,0xFF,0xFF,0xFF,0xFF,0xFF,0xFF,0xFF,0xFF,0xFF,0xFF,0xFF,0xFF,0xFF,0xFF,0xFF,0xFF,0xFF,0xFF,0xFF,0xFF,0xFF,0xFF,
    0xFF,0xFF,0xFF,0xFF,0xFF,0xFF,0xFF,0xFF,0xFF,0xFF,0xFF,0xFF,0xFF,0xFF,0xFF,0xFF,0xFF,0xFF,0xFF,0xFF,0xFF,0xFF,0xFF,0xFF,0xFF,0xFF,0xFF,0xFF,0xFF,0xFF,0xFF,0xFF,0xFF,0xFF,0xFF,0xFF,
    0xFF,0xFF,0xFF,0xFF,0xFF,0xFF,0xFF,0xFF,0xFF,0xFF,0xFF,0xFF,0xFF,0xFF,0xFF,0xFF,0xFF,0xFF,0xFF,0xFF,0xFF,0xFF,0xFF,0xFF,0xFF,0xFF,0xFF,0xFF,0xFF,0xFF,0xFF,0xFF,0xFF,0xFF,0xFF,0xFF,
    0xFF,0xFF,0xFF,0xFF,0xFF,0xFF,0xFF,0xFF,0xFF,0xFF,0xFF,0xFF,0xFF,0xFF,0xFF,0xFF,0xFF,0xFF,0xFF,0xFF,0xFF,0xFF,0xFF,0xFF,0xFF,0xFF,0xFF,0xFF,0xFF,0xFF,0xFF,0xFF,0xFF,0xFF,0xFF,0xFF,
    0xFF,0xFF,0xFF,0xFF,0xFF,0xFF,0xFF,0xFF,0xFF,0xFF,0xFF,0xFF,0xFF,0xFF,0xFF,0xFF,0xFF,0xFF,0xFF,0xFF,0xFF,0xFF,0xFF,0xFF,0xFF,0xFF,0xFF,0xFF,0xFF,0xFF,0xFF,0xFF,0xFF,0xFF,0xFF,0xFF,
    0xFF,0xFF,0xFF,0xFF,0xFF,0xFF,0xFF,0xFF,0xFF,0xFF,0xFF,0xFF,0xFF,0xFF,0xFF,0xFF,0xFF,0xFF,0xFF,0xFF,0xFF,0xFF,0xFF,0xFF,0xFF,0xFF,0xFF,0xFF,0xFF,0xFF,0xFF,0xFF,0xFF,0xFF,0xFF,0xFF,
    0xFF,0xFF,0xFF,0xFF,0xFF,0xFF,0xFF,0xFF,0xFF,0xFF,0xFF,0xFF,0xFF,0xFF,0xFF,0xFF,0xFF,0xFF,0xFF,0xFF,0xFF,0xFF,0xFF,0xFF,0xFF,0xFF,0xFF,0xFF,0xFF,0xFF,0xFF,0xFF,0xFF,0xFF,0xFF,0xFF,
    0xFF,0xFF,0xFF,0xFF,0xFF,0xFF,0xFF,0xFF,0xFF,0xFF,0xFF,0xFF,0xFF,0xFF,0xFF,0xFF,0xFF,0xFF,0xFF,0xFF,0xFF,0xFF,0xFF,0xFF,0xFF,0xFF,0xFF,0xFF,0xFF,0xFF,0xFF,0xFF,0xFF,0xFF,0xFF,0xFF,
    0xFF,0xFF,0xFF,0xFF,0xFF,0xFF,0xFF,0xFF,0xFF,0xFF,0xFF,0xFF,0xFF,0xFF,0xFF,0xFF,0xFF,0xFF,0xFF,0xFF,0xFF,0xFF,0xFF,0xFF,0xFF,0xFF,0xFF,0xFF,0xFF,0xFF,0xFF,0xFF,0xFF,0xFF,0xFF,0xFF,
    0xFF,0xFF,0xFF,0xFF,0xFF,0xFF,0xFF,0xFF,0xFF,0xFF,0xFF,0xFF,0xFF,0xFF,0xFF,0xFF,0xFF,0xFF,0xFF,0xFF,0xFF,0xFF,0xFF,0xFF,0xFF,0xFF,0xFF,0xFF,0xFF,0xFF,0xFF,0xFF,0xFF,0xFF,0xFF,0xFF,
    0xFF,0xFF,0xFF,0xFF,0xFF,0xFF,0xFF,0xFF,0xFF,0xFF,0xFF,0xFF,0xFF,0xFF,0xFF,0xFF,0xFF,0xFF,0xFF,0xFF,0xFF,0xFF,0xFF,0xFF,0xFF,0xFF,0xFF,0xFF,0xFF,0xFF,0xFF,0xFF,0xFF,0xFF,0xFF,0xFF,
    0xFF,0xFF,0xFF,0xFF,0xFF,0xFF,0xFF,0xFF,0xFF,0xFF,0xFF,0xFF,0xFF,0xFF,0xFF,0xFF,0xFF,0xFF,0xFF,0xFF,0xFF,0xFF,0xFF,0xFF,0xFF,0xFF,0xFF,0xFF,0xFF,0xFF,0xFF,0xFF,0xFF,0xFF,0xFF,0xFF,
    0xFF,0xFF,0xFF,0xFF,0xFF,0xFF,0xFF,0xFF,0xFF,0xFF,0xFF,0xFF,0xFF,0xFF,0xFF,0xFF,0xFF,0xFF,0xFF,0xFF,0xFF,0xFF,0xFF,0xFF,0xFF,0xFF,0xFF,0xFF,0xFF,0xFF,0xFF,0xFF,0xFF,0xFF,0xFF,0xFF,
    0xFF,0xFF,0xFF,0xFF,0xFF,0xFF,0xFF,0xFF,0xFF,0xFF,0xFF,0xFF,0xFF,0xFF,0xFF,0xFF,0xFF,0xFF,0xFF,0xFF,0xFF,0xFF,0xFF,0xFF,0xFF,0xFF,0xFF,0xFF,0xFF,0xFF,0xFF,0xFF,0xFF,0xFF,0xFF,0xFF,
    0xFF,0xFF,0xFF,0xFF,0xFF,0xFF,0xFF,0xFF,0xFF,0xFF,0xFF,0xFF,0xFF,0xFF,0xFF,0xFF,0xFF,0xFF,0xFF,0xFF,0xFF,0xFF,0xFF,0xFF,0xFF,0xFF,0xFF,0xFF,0xFF,0xFF,0xFF,0xFF,0xFF,0xFF,0xFF,0xFF,
    0xFF,0xFF,0xFF,0xFF,0xFF,0xFF,0xFF,0xFF,0xFF,0xFF,0xFF,0xFF,0xFF,0xFF,0xFF,0xFF,0xFF,0xFF,0xFF,0xFF,0xFF,0xFF,0xFF,0xFF,0xFF,0xFF,0xFF,0xFF,0xFF,0xFF,0xFF,0xFF,0xFF,0xBE,0xF7,0xFF,
    0xFF,0xFF,0xFF,0xFF,0xFF,0xFF,0xBE,0xF7,0xFF,0x65,0x29,0xFF,0x20,0x00,0xFF,0x61,0x08,0xFF,0x41,0x08,0xFF,0x14,0xA5,0xFF,0xBE,0xF7,0xFF,0xFF,0xFF,0xFF,0xDF,0xFF,0xFF,0x5D,0xEF,0xFF,
    0xBE,0xF7,0xFF,0x9E,0xF7,0xFF,0xDF,0xFF,0xFF,0xFF,0xFF,0xFF,0x71,0x8C,0xFF,0x20,0x00,0xFF,0x00,0x00,0xFF,0x20,0x00,0xFF,0x41,0x08,0xFF,0x00,0x00,0xFF,0x04,0x21,0xFF,0xDF,0xFF,0xFF,
    0x7D,0xEF,0xFF,0xFF,0xFF,0xFF,0xBE,0xF7,0xFF,0xFF,0xFF,0xFF,0xFF,0xFF,0xFF,0xDF,0xFF,0xFF,0xFF,0xFF,0xFF,0xBE,0xF7,0xFF,0xFF,0xFF,0xFF,0xDF,0xFF,0xFF,0xFF,0xFF,0xFF,0xFF,0xFF,0xFF,
    0xFF,0xFF,0xFF,0xFF,0xFF,0xFF,0xFF,0xFF,0xFF,0xFF,0xFF,0xFF,0xFF,0xFF,0xFF,0xFF,0xFF,0xFF,0xFF,0xFF,0xFF,0xFF,0xFF,0xFF,0xFF,0xFF,0xFF,0xFF,0xFF,0xFF,0xFF,0xFF,0xFF,0xFF,0xFF,0xFF,
    0xFF,0xFF,0xFF,0xFF,0xFF,0xFF,0xFF,0xFF,0xFF,0xFF,0xFF,0xFF,0xFF,0xFF,0xFF,0xFF,0xFF,0xFF,0xDE,0xF7,0xFF,0xFF,0xFF,0xFF,0xDE,0xFF,0xFF,0xFF,0xFF,0xFF,0xFE,0xFF,0xFF,0xFF,0xFF,0xFF,
    0xFE,0xFF,0xFF,0xFD,0xFF,0xFF,0xAD,0x73,0xFF,0x60,0x08,0xFF,0x80,0x10,0xFF,0x20,0x00,0xFF,0x20,0x00,0xFF,0x00,0x00,0xFF,0xA1,0x10,0xFF,0x0A,0x5B,0xFF,0x48,0x4A,0xFF,0xA1,0x10,0xFF,
    0xB2,0x94,0xFF,0x7D,0xEF,0xFF,0x62,0x08,0xFF,0x45,0x29,0xFF,0xFF,0xFF,0xFF,0xFF,0xFF,0xFF,0xFF,0xFF,0xFF,0xFF,0xFF,0xFF,0xFF,0xFF,0xFF,0xFF,0xFF,0xFF,0xFF,0xFF,0xFF,0xFF,0xFF,0xFF,
    0xFF,0xFF,0xFF,0xFF,0xFF,0xFF,0xFF,0xFF,0xFF,0xFF,0xFF,0xFF,0xFF,0xFF,0xFF,0xFF,0xFF,0xFF,0xFF,0xFF,0xFF,0xFF,0xFF,0xFF,0xFF,0xFF,0xFF,0xFF,0xFF,0xFF,0xFF,0xFF,0xFF,0xFF,0xFF,0xFF,
    0xFF,0xFF,0xFF,0xFF,0xFF,0xFF,0xFF,0xFF,0xFF,0xFF,0xFF,0xFF,0xFF,0xFF,0xFF,0xFF,0xFF,0xFF,0xFF,0xFF,0xFF,0xFF,0xFF,0xFF,0xFF,0xFF,0xFF,0xFF,0xFF,0xFF,0xFF,0xFF,0xFF,0xFF,0xFF,0xFF,
    0xFF,0xFF,0xFF,0xFF,0xFF,0xFF,0xFF,0xFF,0xFF,0xFF,0xFF,0xFF,0xFF,0xFF,0xFF,0xFF,0xFF,0xFF,0xFF,0xFF,0xFF,0xFF,0xFF,0xFF,0xFF,0xFF,0xFF,0xFF,0xFF,0xFF,0xFF,0xFF,0xFF,0xFF,0xFF,0xFF,
    0xFF,0xFF,0xFF,0xFF,0xFF,0xFF,0xFF,0xFF,0xFF,0xFF,0xFF,0xFF,0xFF,0xFF,0xFF,0xFF,0xFF,0xFF,0xFF,0xFF,0xFF,0xFF,0xFF,0xFF,0xFF,0xFF,0xFF,0xFF,0xFF,0xFF,0xFF,0xFF,0xFF,0xFF,0xFF,0xFF,
    0xDF,0xFF,0xFF,0xFF,0xFF,0xFF,0xFF,0xFF,0xFF,0x9E,0xF7,0xFF,0xFF,0xFF,0xFF,0xFF,0xFF,0xFF,0xDF,0xFF,0xFF,0xFF,0xFF,0xFF,0xFF,0xFF,0xFF,0xFF,0xFF,0xFF,0xBE,0xF7,0xFF,0xFF,0xFF,0xFF,
    0x9E,0xF7,0xFF,0xCF,0x7B,0xFF,0x82,0x10,0xFF,0x41,0x08,0xFF,0x20,0x00,0xFF,0x20,0x00,0xFF,0x20,0x00,0xFF,0x20,0x00,0xFF,0x00,0x00,0xFF,0x00,0x00,0xFF,0x00,0x00,0xFF,0x41,0x08,0xFF,
    0x20,0x00,0xFF,0x20,0x00,0xFF,0x00,0x00,0xFF,0x00,0x00,0xFF,0x00,0x00,0xFF,0x00,0x00,0xFF,0x8E,0x73,0xFF,0xFF,0xFF,0xFF,0xDF,0xFF,0xFF,0xDF,0xFF,0xFF,0xFF,0xFF,0xFF,0xDF,0xFF,0xFF,
    0xBE,0xF7,0xFF,0xFF,0xFF,0xFF,0x9E,0xF7,0xFF,0xFF,0xFF,0xFF,0xFF,0xFF,0xFF,0xFF,0xFF,0xFF,0xFF,0xFF,0xFF,0xFF,0xFF,0xFF,0xFF,0xFF,0xFF,0xFF,0xFF,0xFF,0xFF,0xFF,0xFF,0xFF,0xFF,0xFF,
    0xFF,0xFF,0xFF,0xFF,0xFF,0xFF,0xFF,0xFF,0xFF,0xFF,0xFF,0xFF,0xFF,0xFF,0xFF,0xFF,0xFF,0xFF,0xFF,0xFF,0xFF,0xFF,0xFF,0xFF,0xFF,0xFF,0xFF,0xFF,0xFF,0xFF,0xFF,0xFF,0xFF,0xFF,0xFF,0xFF,
    0xFF,0xFF,0xFF,0xFF,0xFF,0xFF,0xFF,0xFF,0xFF,0xFF,0xFF,0xFF,0xFF,0xFF,0xFF,0xFF,0xFF,0xFF,0xFF,0xFF,0xFF,0xFF,0xFF,0xFF,0xFF,0xFF,0xFF,0xFF,0xFF,0xFF,0xFF,0xFF,0xFF,0xFF,0xFF,0xFF,
    0xFF,0xFF,0xFF,0xFF,0xFF,0xFF,0xFF,0xFF,0xFF,0xFF,0xFF,0xFF,0xFF,0xFF,0xFF,0xFF,0xFF,0xFF,0xFF,0xFF,0xFF,0xFF,0xFF,0xFF,0xFF,0xFF,0xFF,0xFF,0xFF,0xFF,0xFF,0xFF,0xFF,0xFF,0xFF,0xFF,
    0xFF,0xFF,0xFF,0xFF,0xFF,0xFF,0xFF,0xFF,0xFF,0xFF,0xFF,0xFF,0xFF,0xFF,0xFF,0xFF,0xFF,0xFF,0xFF,0xFF,0xFF,0xFF,0xFF,0xFF,0xFF,0xFF,0xFF,0xFF,0xFF,0xFF,0xFF,0xFF,0xFF,0xFF,0xFF,0xFF,
    0xFF,0xFF,0xFF,0xFF,0xFF,0xFF,0xFF,0xFF,0xFF,0xFF,0xFF,0xFF,0xFF,0xFF,0xFF,0xFF,0xFF,0xFF,0xFF,0xFF,0xFF,0xFF,0xFF,0xFF,0xFF,0xFF,0xFF,0xFF,0xFF,0xFF,0xFF,0xFF,0xFF,0xFF,0xFF,0xFF,
    0xFF,0xFF,0xFF,0xFF,0xFF,0xFF,0xFF,0xFF,0xFF,0xFF,0xFF,0xFF,0xFF,0xFF,0xFF,0xFF,0xFF,0xFF,0xFF,0xFF,0xFF,0xFF,0xFF,0xFF,0xFF,0xFF,0xFF,0xFF,0xFF,0xFF,0xFF,0xFF,0xFF,0xFF,0xFF,0xFF,
    0xFF,0xFF,0xFF,0xFF,0xFF,0xFF,0xFF,0xFF,0xFF,0xFF,0xFF,0xFF,0xFF,0xFF,0xFF,0xFF,0xFF,0xFF,0xFF,0xFF,0xFF,0xFF,0xFF,0xFF,0xFF,0xFF,0xFF,0xFF,0xFF,0xFF,0xFF,0xFF,0xFF,0xFF,0xFF,0xFF,
    0xFF,0xFF,0xFF,0xFF,0xFF,0xFF,0xFF,0xFF,0xFF,0xFF,0xFF,0xFF,0xFF,0xFF,0xFF,0xFF,0xFF,0xFF,0xFF,0xFF,0xFF,0xFF,0xFF,0xFF,0xFF,0xFF,0xFF,0xFF,0xFF,0xFF,0xFF,0xFF,0xFF,0xFF,0xFF,0xFF,
    0xFF,0xFF,0xFF,0xFF,0xFF,0xFF,0xFF,0xFF,0xFF,0xFF,0xFF,0xFF,0xFF,0xFF,0xFF,0xFF,0xFF,0xFF,0xFF,0xFF,0xFF,0xFF,0xFF,0xFF,0xFF,0xFF,0xFF,0xFF,0xFF,0xFF,0xFF,0xFF,0xFF,0xFF,0xFF,0xFF,
    0xFF,0xFF,0xFF,0xFF,0xFF,0xFF,0xFF,0xFF,0xFF,0xFF,0xFF,0xFF,0xFF,0xFF,0xFF,0xFF,0xFF,0xFF,0xFF,0xFF,0xFF,0xFF,0xFF,0xFF,0xFF,0xFF,0xFF,0xFF,0xFF,0xFF,0xFF,0xFF,0xFF,0xFF,0xFF,0xFF,
    0xFF,0xFF,0xFF,0xFF,0xFF,0xFF,0xFF,0xFF,0xFF,0xFF,0xFF,0xFF,0xFF,0xFF,0xFF,0xFF,0xFF,0xFF,0xFF,0xFF,0xFF,0xFF,0xFF,0xFF,0xFF,0xFF,0xFF,0xFF,0xFF,0xFF,0xFF,0xFF,0xFF,0xFF,0xFF,0xFF,
    0xFF,0xFF,0xFF,0xFF,0xFF,0xFF,0xFF,0xFF,0xFF,0xFF,0xFF,0xFF,0xFF,0xFF,0xFF,0xFF,0xFF,0xFF,0xFF,0xFF,0xFF,0xFF,0xFF,0xFF,0xFF,0xFF,0xFF,0xFF,0xFF,0xFF,0xFF,0xFF,0xFF,0xFF,0xFF,0xFF,
    0xFF,0xFF,0xFF,0xFF,0xFF,0xFF,0xFF,0xFF,0xFF,0xFF,0xFF,0xFF,0xFF,0xFF,0xFF,0xFF,0xFF,0xFF,0xFF,0xFF,0xFF,0xFF,0xFF,0xFF,0xFF,0xFF,0xFF,0xFF,0xFF,0xFF,0xFF,0xFF,0xFF,0xFF,0xFF,0xFF,
    0xFF,0xFF,0xFF,0xFF,0xFF,0xFF,0xFF,0xFF,0xFF,0xFF,0xFF,0xFF,0xFF,0xFF,0xFF,0xFF,0xFF,0xFF,0xFF,0xFF,0xFF,0xFF,0xFF,0xFF,0xFF,0xFF,0xFF,0xFF,0xFF,0xFF,0xFF,0xFF,0xFF,0xFF,0xFF,0xFF,
    0xFF,0xFF,0xFF,0xFF,0xFF,0xFF,0xFF,0xFF,0xFF,0xFF,0xFF,0xFF,0xFF,0xFF,0xFF,0xFF,0xFF,0xFF,0xFF,0xFF,0xFF,0xFF,0xFF,0xFF,0xFF,0xFF,0xFF,0xFF,0xFF,0xFF,0xFF,0xFF,0xFF,0xFF,0xFF,0xFF,
    0xFF,0xFF,0xFF,0xFF,0xFF,0xFF,0xFF,0xFF,0xFF,0xFF,0xFF,0xFF,0xFF,0xFF,0xFF,0xFF,0xFF,0xFF,0xFF,0xFF,0xFF,0xFF,0xFF,0xFF,0xFF,0xFF,0xFF,0xFF,0xFF,0xFF,0xFF,0xFF,0xFF,0xFF,0xFF,0xFF,
    0xFF,0xFF,0xFF,0xFF,0xFF,0xFF,0xFF,0xFF,0xFF,0xFF,0xFF,0xFF,0xFF,0xFF,0xFF,0xFF,0xFF,0xFF,0xFF,0xFF,0xFF,0xFF,0xFF,0xFF,0xFF,0xFF,0xFF,0xFF,0xFF,0xFF,0xFF,0xFF,0xFF,0xFF,0xFF,0xFF,
    0xFF,0xFF,0xFF,0xFF,0xFF,0xFF,0xFF,0xFF,0xFF,0xFF,0xFF,0xFF,0xFF,0xFF,0xFF,0xFF,0xFF,0xFF,0xFF,0xFF,0xFF,0xFF,0xFF,0xFF,0xFF,0xFF,0xFF,0xFF,0xFF,0xFF,0xFF,0xFF,0xFF,0xFF,0xFF,0xFF,
    0xFF,0xFF,0xFF,0xFF,0xFF,0xFF,0xFF,0xFF,0xFF,0xFF,0xFF,0xFF,0xFF,0xFF,0xFF,0xFF,0xFF,0xFF,0xFF,0xFF,0xFF,0xFF,0xFF,0xFF,0xF7,0xBD,0xFF,0x00,0x00,0xFF,0x00,0x00,0xFF,0x00,0x00,0xFF,
    0x55,0xAD,0xFF,0xFF,0xFF,0xFF,0x1C,0xE7,0xFF,0xFF,0xFF,0xFF,0xBE,0xF7,0xFF,0xBE,0xF7,0xFF,0x9E,0xF7,0xFF,0x9E,0xF7,0xFF,0x5D,0xEF,0xFF,0xFF,0xFF,0xFF,0xFF,0xFF,0xFF,0x5D,0xEF,0xFF,
    0x14,0xA5,0xFF,0x20,0x00,0xFF,0x00,0x00,0xFF,0x00,0x00,0xFF,0x00,0x00,0xFF,0x00,0x00,0xFF,0xB6,0xB5,0xFF,0xFF,0xFF,0xFF,0xFF,0xFF,0xFF,0xFF,0xFF,0xFF,0xDF,0xFF,0xFF,0xFF,0xFF,0xFF,
    0xFF,0xFF,0xFF,0x9E,0xF7,0xFF,0xFF,0xFF,0xFF,0xFF,0xFF,0xFF,0xDF,0xFF,0xFF,0xFF,0xFF,0xFF,0xFF,0xFF,0xFF,0xFF,0xFF,0xFF,0xFF,0xFF,0xFF,0xFF,0xFF,0xFF,0xFF,0xFF,0xFF,0xFF,0xFF,0xFF,
    0xFF,0xFF,0xFF,0xFF,0xFF,0xFF,0xFF,0xFF,0xFF,0xFF,0xFF,0xFF,0xFF,0xFF,0xFF,0xFF,0xFF,0xFF,0xFF,0xFF,0xFF,0xFF,0xFF,0xFF,0xFF,0xFF,0xFF,0xFF,0xFF,0xFF,0x7D,0xEF,0xFF,0xFF,0xFF,0xFF,
    0xDE,0xFF,0xFF,0xDE,0xFF,0xFF,0xFF,0xFF,0xFF,0x7C,0xEF,0xFF,0xFF,0xFF,0xFF,0x5C,0xEF,0xFF,0xC5,0x39,0xFF,0x60,0x08,0xFF,0x20,0x00,0xFF,0x40,0x00,0xFF,0x40,0x00,0xFF,0xA4,0x31,0xFF,
    0xB4,0xB5,0xFF,0x73,0xAD,0xFF,0xC1,0x18,0xFF,0x0A,0x63,0xFF,0xBD,0xF7,0xFF,0xFF,0xFF,0xFF,0xBE,0xF7,0xFF,0xFF,0xFF,0xFF,0x20,0x00,0xFF,0x41,0x08,0xFF,0xFF,0xFF,0xFF,0xFF,0xFF,0xFF,
    0xFF,0xFF,0xFF,0xFF,0xFF,0xFF,0xFF,0xFF,0xFF,0xFF,0xFF,0xFF,0xFF,0xFF,0xFF,0xFF,0xFF,0xFF,0xFF,0xFF,0xFF,0xFF,0xFF,0xFF,0xFF,0xFF,0xFF,0xFF,0xFF,0xFF,0xFF,0xFF,0xFF,0xFF,0xFF,0xFF,
    0xFF,0xFF,0xFF,0xFF,0xFF,0xFF,0xFF,0xFF,0xFF,0xFF,0xFF,0xFF,0xFF,0xFF,0xFF,0xFF,0xFF,0xFF,0xFF,0xFF,0xFF,0xFF,0xFF,0xFF,0xFF,0xFF,0xFF,0xFF,0xFF,0xFF,0xFF,0xFF,0xFF,0xFF,0xFF,0xFF,
    0xFF,0xFF,0xFF,0xFF,0xFF,0xFF,0xFF,0xFF,0xFF,0xFF,0xFF,0xFF,0xFF,0xFF,0xFF,0xFF,0xFF,0xFF,0xFF,0xFF,0xFF,0xFF,0xFF,0xFF,0xFF,0xFF,0xFF,0xFF,0xFF,0xFF,0xFF,0xFF,0xFF,0xFF,0xFF,0xFF,
    0xFF,0xFF,0xFF,0xFF,0xFF,0xFF,0xFF,0xFF,0xFF,0xFF,0xFF,0xFF,0xFF,0xFF,0xFF,0xFF,0xFF,0xFF,0xFF,0xFF,0xFF,0xFF,0xFF,0xFF,0xFF,0xFF,0xFF,0xFF,0xFF,0xFF,0xDF,0xFF,0xFF,0xFF,0xFF,0xFF,
    0xFF,0xFF,0xFF,0xFF,0xFF,0xFF,0xFF,0xFF,0xFF,0xFF,0xFF,0xFF,0xFF,0xFF,0xFF,0xFF,0xFF,0xFF,0xFF,0xFF,0xFF,0xFF,0xFF,0xFF,0xFF,0xFF,0xFF,0xBE,0xF7,0xFF,0xDF,0xFF,0xFF,0xFF,0xFF,0xFF,
    0xFF,0xFF,0xFF,0xBE,0xF7,0xFF,0xFF,0xFF,0xFF,0x79,0xCE,0xFF,0x8A,0x52,0xFF,0x00,0x00,0xFF,0x20,0x00,0xFF,0x61,0x08,0xFF,0x00,0x00,0xFF,0x00,0x00,0xFF,0x00,0x00,0xFF,0x00,0x00,0xFF,
    0x00,0x00,0xFF,0x20,0x00,0xFF,0x61,0x08,0xFF,0x41,0x08,0xFF,0x00,0x00,0xFF,0x00,0x00,0xFF,0x41,0x08,0xFF,0x00,0x00,0xFF,0x00,0x00,0xFF,0x61,0x08,0xFF,0x20,0x00,0xFF,0x20,0x00,0xFF,
    0x20,0x00,0xFF,0x20,0x00,0xFF,0xBE,0xF7,0xFF,0xBE,0xF7,0xFF,0xFF,0xFF,0xFF,0xFF,0xFF,0xFF,0xDF,0xFF,0xFF,0xFF,0xFF,0xFF,0xFF,0xFF,0xFF,0xDF,0xFF,0xFF,0xFF,0xFF,0xFF,0xFF,0xFF,0xFF,
    0xFF,0xFF,0xFF,0xFF,0xFF,0xFF,0xFF,0xFF,0xFF,0xFF,0xFF,0xFF,0xFF,0xFF,0xFF,0xFF,0xFF,0xFF,0xFF,0xFF,0xFF,0xFF,0xFF,0xFF,0xFF,0xFF,0xFF,0xFF,0xFF,0xFF,0xFF,0xFF,0xFF,0xFF,0xFF,0xFF,
    0xFF,0xFF,0xFF,0xFF,0xFF,0xFF,0xFF,0xFF,0xFF,0xFF,0xFF,0xFF,0xFF,0xFF,0xFF,0xFF,0xFF,0xFF,0xFF,0xFF,0xFF,0xFF,0xFF,0xFF,0xFF,0xFF,0xFF,0xFF,0xFF,0xFF,0xFF,0xFF,0xFF,0xFF,0xFF,0xFF,
    0xFF,0xFF,0xFF,0xFF,0xFF,0xFF,0xFF,0xFF,0xFF,0xFF,0xFF,0xFF,0xFF,0xFF,0xFF,0xFF,0xFF,0xFF,0xFF,0xFF,0xFF,0xFF,0xFF,0xFF,0xFF,0xFF,0xFF,0xFF,0xFF,0xFF,0xFF,0xFF,0xFF,0xFF,0xFF,0xFF,
    0xFF,0xFF,0xFF,0xFF,0xFF,0xFF,0xFF,0xFF,0xFF,0xFF,0xFF,0xFF,0xFF,0xFF,0xFF,0xFF,0xFF,0xFF,0xFF,0xFF,0xFF,0xFF,0xFF,0xFF,0xFF,0xFF,0xFF,0xFF,0xFF,0xFF,0xFF,0xFF,0xFF,0xFF,0xFF,0xFF,
    0xFF,0xFF,0xFF,0xFF,0xFF,0xFF,0xFF,0xFF,0xFF,0xFF,0xFF,0xFF,0xFF,0xFF,0xFF,0xFF,0xFF,0xFF,0xFF,0xFF,0xFF,0xFF,0xFF,0xFF,0xFF,0xFF,0xFF,0xFF,0xFF,0xFF,0xFF,0xFF,0xFF,0xFF,0xFF,0xFF,
    0xFF,0xFF,0xFF,0xFF,0xFF,0xFF,0xFF,0xFF,0xFF,0xFF,0xFF,0xFF,0xFF,0xFF,0xFF,0xFF,0xFF,0xFF,0xFF,0xFF,0xFF,0xFF,0xFF,0xFF,0xFF,0xFF,0xFF,0xFF,0xFF,0xFF,0xFF,0xFF,0xFF,0xFF,0xFF,0xFF,
    0xFF,0xFF,0xFF,0xFF,0xFF,0xFF,0xFF,0xFF,0xFF,0xFF,0xFF,0xFF,0xFF,0xFF,0xFF,0xFF,0xFF,0xFF,0xFF,0xFF,0xFF,0xFF,0xFF,0xFF,0xFF,0xFF,0xFF,0xFF,0xFF,0xFF,0xFF,0xFF,0xFF,0xFF,0xFF,0xFF,
    0xFF,0xFF,0xFF,0xFF,0xFF,0xFF,0xFF,0xFF,0xFF,0xFF,0xFF,0xFF,0xFF,0xFF,0xFF,0xFF,0xFF,0xFF,0xFF,0xFF,0xFF,0xFF,0xFF,0xFF,0xFF,0xFF,0xFF,0xFF,0xFF,0xFF,0xFF,0xFF,0xFF,0xFF,0xFF,0xFF,
    0xFF,0xFF,0xFF,0xFF,0xFF,0xFF,0xFF,0xFF,0xFF,0xFF,0xFF,0xFF,0xFF,0xFF,0xFF,0xFF,0xFF,0xFF,0xFF,0xFF,0xFF,0xFF,0xFF,0xFF,0xFF,0xFF,0xFF,0xFF,0xFF,0xFF,0xFF,0xFF,0xFF,0xFF,0xFF,0xFF,
    0xFF,0xFF,0xFF,0xFF,0xFF,0xFF,0xFF,0xFF,0xFF,0xFF,0xFF,0xFF,0xFF,0xFF,0xFF,0xFF,0xFF,0xFF,0xFF,0xFF,0xFF,0xFF,0xFF,0xFF,0xFF,0xFF,0xFF,0xFF,0xFF,0xFF,0xFF,0xFF,0xFF,0xFF,0xFF,0xFF,
    0xFF,0xFF,0xFF,0xFF,0xFF,0xFF,0xFF,0xFF,0xFF,0xFF,0xFF,0xFF,0xFF,0xFF,0xFF,0xFF,0xFF,0xFF,0xFF,0xFF,0xFF,0xFF,0xFF,0xFF,0xFF,0xFF,0xFF,0xFF,0xFF,0xFF,0xFF,0xFF,0xFF,0xFF,0xFF,0xFF,
    0xFF,0xFF,0xFF,0xFF,0xFF,0xFF,0xFF,0xFF,0xFF,0xFF,0xFF,0xFF,0xFF,0xFF,0xFF,0xFF,0xFF,0xFF,0xFF,0xFF,0xFF,0xFF,0xFF,0xFF,0xFF,0xFF,0xFF,0xFF,0xFF,0xFF,0xFF,0xFF,0xFF,0xFF,0xFF,0xFF,
    0xFF,0xFF,0xFF,0xFF,0xFF,0xFF,0xFF,0xFF,0xFF,0xFF,0xFF,0xFF,0xFF,0xFF,0xFF,0xFF,0xFF,0xFF,0xFF,0xFF,0xFF,0xFF,0xFF,0xFF,0xFF,0xFF,0xFF,0xFF,0xFF,0xFF,0xFF,0xFF,0xFF,0xFF,0xFF,0xFF,
    0xFF,0xFF,0xFF,0xFF,0xFF,0xFF,0xFF,0xFF,0xFF,0xFF,0xFF,0xFF,0xFF,0xFF,0xFF,0xFF,0xFF,0xFF,0xFF,0xFF,0xFF,0xFF,0xFF,0xFF,0xFF,0xFF,0xFF,0xFF,0xFF,0xFF,0xFF,0xFF,0xFF,0xFF,0xFF,0xFF,
    0xFF,0xFF,0xFF,0xFF,0xFF,0xFF,0xFF,0xFF,0xFF,0xFF,0xFF,0xFF,0xFF,0xFF,0xFF,0xFF,0xFF,0xFF,0xFF,0xFF,0xFF,0xFF,0xFF,0xFF,0xFF,0xFF,0xFF,0xFF,0xFF,0xFF,0xFF,0xFF,0xFF,0xFF,0xFF,0xFF,
    0xFF,0xFF,0xFF,0xFF,0xFF,0xFF,0xFF,0xFF,0xFF,0xFF,0xFF,0xFF,0xFF,0xFF,0xFF,0xFF,0xFF,0xFF,0xFF,0xFF,0xFF,0xFF,0xFF,0xFF,0xFF,0xFF,0xFF,0xFF,0xFF,0xFF,0xFF,0xFF,0xFF,0xFF,0xFF,0xFF,
    0xFF,0xFF,0xFF,0xFF,0xFF,0xFF,0xFF,0xFF,0xFF,0xFF,0xFF,0xFF,0xFF,0xFF,0xFF,0xFF,0xFF,0xFF,0xFF,0xFF,0xFF,0xFF,0xFF,0xFF,0xFF,0xFF,0xFF,0xFF,0xFF,0xFF,0xFF,0xFF,0xFF,0xFF,0xFF,0xFF,
    0xFF,0xFF,0xFF,0xFF,0xFF,0xFF,0xFF,0xFF,0xFF,0xFF,0xFF,0xFF,0xFF,0xFF,0xFF,0xFF,0xFF,0xFF,0xFF,0xFF,0xFF,0xFF,0xFF,0xFF,0xFF,0xFF,0xFF,0xFF,0xFF,0xFF,0xFF,0xFF,0xFF,0xFF,0xFF,0xFF,
    0xFF,0xFF,0xFF,0xFF,0xFF,0xFF,0xFF,0xFF,0xFF,0xFF,0xFF,0xFF,0xFF,0xFF,0xFF,0xFF,0xFF,0xFF,0xFF,0xFF,0xFF,0xFF,0xFF,0xFF,0xFF,0xFF,0xFF,0xDF,0xFF,0xFF,0xDF,0xFF,0xFF,0xFF,0xFF,0xFF,
    0xBE,0xF7,0xFF,0xFF,0xFF,0xFF,0x41,0x08,0xFF,0x00,0x00,0xFF,0x41,0x08,0xFF,0x28,0x42,0xFF,0xFF,0xFF,0xFF,0x9E,0xF7,0xFF,0xFF,0xFF,0xFF,0x3C,0xE7,0xFF,0xDF,0xFF,0xFF,0x5D,0xEF,0xFF,
    0xFF,0xFF,0xFF,0xDF,0xFF,0xFF,0xFF,0xFF,0xFF,0xFF,0xFF,0xFF,0x7D,0xEF,0xFF,0x9E,0xF7,0xFF,0xFF,0xFF,0xFF,0x5D,0xEF,0xFF,0x49,0x4A,0xFF,0x82,0x10,0xFF,0x41,0x08,0xFF,0x00,0x00,0xFF,
    0x00,0x00,0xFF,0xE7,0x39,0xFF,0x5D,0xEF,0xFF,0xFF,0xFF,0xFF,0xFF,0xFF,0xFF,0x5D,0xEF,0xFF,0xFF,0xFF,0xFF,0xFF,0xFF,0xFF,0xBE,0xF7,0xFF,0xFF,0xFF,0xFF,0xBE,0xF7,0xFF,0xFF,0xFF,0xFF,
    0xFF,0xFF,0xFF,0xFF,0xFF,0xFF,0xFF,0xFF,0xFF,0xFF,0xFF,0xFF,0xFF,0xFF,0xFF,0xFF,0xFF,0xFF,0xFF,0xFF,0xFF,0xFF,0xFF,0xFF,0xFF,0xFF,0xFF,0xFF,0xFF,0xFF,0xFF,0xFF,0xFF,0xFF,0xFF,0xFF,
    0xFF,0xFF,0xFF,0xFF,0xFF,0xFF,0xFF,0xFF,0xFF,0xFF,0xFF,0xFF,0xFF,0xFF,0xFF,0xFF,0xFF,0xFF,0xFF,0xFF,0xFF,0xFF,0xFF,0xFF,0xBD,0xF7,0xFF,0xFE,0xFF,0xFF,0x27,0x42,0xFF,0x40,0x00,0xFF,
    0x60,0x08,0xFF,0x60,0x00,0xFF,0x40,0x00,0xFF,0x8E,0x8C,0xFF,0x7A,0xEF,0xFF,0xA8,0x52,0xFF,0x80,0x08,0xFF,0x33,0xA5,0xFF,0xDD,0xF7,0xFF,0xDE,0xFF,0xFF,0xFF,0xFF,0xFF,0xBE,0xF7,0xFF,
    0x9E,0xF7,0xFF,0xFF,0xFF,0xFF,0x00,0x00,0xFF,0x00,0x00,0xFF,0xFF,0xFF,0xFF,0xFF,0xFF,0xFF,0xFF,0xFF,0xFF,0xFF,0xFF,0xFF,0xFF,0xFF,0xFF,0xFF,0xFF,0xFF,0xFF,0xFF,0xFF,0xFF,0xFF,0xFF,
    0xFF,0xFF,0xFF,0xFF,0xFF,0xFF,0xFF,0xFF,0xFF,0xFF,0xFF,0xFF,0xFF,0xFF,0xFF,0xFF,0xFF,0xFF,0xFF,0xFF,0xFF,0xFF,0xFF,0xFF,0xFF,0xFF,0xFF,0xFF,0xFF,0xFF,0xFF,0xFF,0xFF,0xFF,0xFF,0xFF,
    0xFF,0xFF,0xFF,0xFF,0xFF,0xFF,0xFF,0xFF,0xFF,0xFF,0xFF,0xFF,0xFF,0xFF,0xFF,0xFF,0xFF,0xFF,0xFF,0xFF,0xFF,0xFF,0xFF,0xFF,0xFF,0xFF,0xFF,0xFF,0xFF,0xFF,0xFF,0xFF,0xFF,0xFF,0xFF,0xFF,
    0xFF,0xFF,0xFF,0xFF,0xFF,0xFF,0xFF,0xFF,0xFF,0xFF,0xFF,0xFF,0xFF,0xFF,0xFF,0xFF,0xFF,0xFF,0xFF,0xFF,0xFF,0xFF,0xFF,0xFF,0xFF,0xFF,0xFF,0xFF,0xFF,0xFF,0xFF,0xFF,0xFF,0xFF,0xFF,0xFF,
    0xFF,0xFF,0xFF,0xFF,0xFF,0xFF,0xFF,0xFF,0xFF,0xFF,0xFF,0xFF,0xFF,0xFF,0xFF,0xFF,0xFF,0xFF,0xFF,0xFF,0xFF,0xFF,0xFF,0xFF,0xFF,0xFF,0xFF,0xDF,0xFF,0xFF,0xDF,0xFF,0xFF,0xFF,0xFF,0xFF,
    0xFF,0xFF,0xFF,0xBE,0xF7,0xFF,0xFF,0xFF,0xFF,0xFF,0xFF,0xFF,0xDF,0xFF,0xFF,0xFF,0xFF,0xFF,0x9E,0xF7,0xFF,0x2C,0x63,0xFF,0x00,0x00,0xFF,0x20,0x00,0xFF,0x00,0x00,0xFF,0x00,0x00,0xFF,
    0x00,0x00,0xFF,0x00,0x00,0xFF,0x20,0x00,0xFF,0x41,0x08,0xFF,0x00,0x00,0xFF,0x86,0x31,0xFF,0xEF,0x7B,0xFF,0xF7,0xBD,0xFF,0x1C,0xE7,0xFF,0x7D,0xEF,0xFF,0x9E,0xF7,0xFF,0x9E,0xF7,0xFF,
    0xBE,0xF7,0xFF,0x9E,0xF7,0xFF,0xDB,0xDE,0xFF,0xEB,0x5A,0xFF,0x00,0x00,0xFF,0x20,0x00,0xFF,0x00,0x00,0xFF,0x00,0x00,0xFF,0x82,0x10,0xFF,0xDF,0xFF,0xFF,0xFF,0xFF,0xFF,0xFF,0xFF,0xFF,
    0x9E,0xF7,0xFF,0xDF,0xFF,0xFF,0xFF,0xFF,0xFF,0xFF,0xFF,0xFF,0xFF,0xFF,0xFF,0xFF,0xFF,0xFF,0xFF,0xFF,0xFF,0xFF,0xFF,0xFF,0xFF,0xFF,0xFF,0xFF,0xFF,0xFF,0xFF,0xFF,0xFF,0xFF,0xFF,0xFF,
    0xFF,0xFF,0xFF,0xFF,0xFF,0xFF,0xFF,0xFF,0xFF,0xFF,0xFF,0xFF,0xFF,0xFF,0xFF,0xFF,0xFF,0xFF,0xFF,0xFF,0xFF,0xFF,0xFF,0xFF,0xFF,0xFF,0xFF,0xFF,0xFF,0xFF,0xFF,0xFF,0xFF,0xFF,0xFF,0xFF,
    0xFF,0xFF,0xFF,0xFF,0xFF,0xFF,0xFF,0xFF,0xFF,0xFF,0xFF,0xFF,0xFF,0xFF,0xFF,0xFF,0xFF,0xFF,0xFF,0xFF,0xFF,0xFF,0xFF,0xFF,0xFF,0xFF,0xFF,0xFF,0xFF,0xFF,0xFF,0xFF,0xFF,0xFF,0xFF,0xFF,
    0xFF,0xFF,0xFF,0xFF,0xFF,0xFF,0xFF,0xFF,0xFF,0xFF,0xFF,0xFF,0xFF,0xFF,0xFF,0xFF,0xFF,0xFF,0xFF,0xFF,0xFF,0xFF,0xFF,0xFF,0xFF,0xFF,0xFF,0xFF,0xFF,0xFF,0xFF,0xFF,0xFF,0xFF,0xFF,0xFF,
    0xFF,0xFF,0xFF,0xFF,0xFF,0xFF,0xFF,0xFF,0xFF,0xFF,0xFF,0xFF,0xFF,0xFF,0xFF,0xFF,0xFF,0xFF,0xFF,0xFF,0xFF,0xFF,0xFF,0xFF,0xFF,0xFF,0xFF,0xFF,0xFF,0xFF,0xFF,0xFF,0xFF,0xFF,0xFF,0xFF,
    0xFF,0xFF,0xFF,0xFF,0xFF,0xFF,0xFF,0xFF,0xFF,0xFF,0xFF,0xFF,0xFF,0xFF,0xFF,0xFF,0xFF,0xFF,0xFF,0xFF,0xFF,0xFF,0xFF,0xFF,0xFF,0xFF,0xFF,0xFF,0xFF,0xFF,0xFF,0xFF,0xFF,0xFF,0xFF,0xFF,
    0xFF,0xFF,0xFF,0xFF,0xFF,0xFF,0xFF,0xFF,0xFF,0xFF,0xFF,0xFF,0xFF,0xFF,0xFF,0xFF,0xFF,0xFF,0xFF,0xFF,0xFF,0xFF,0xFF,0xFF,0xFF,0xFF,0xFF,0xFF,0xFF,0xFF,0xFF,0xFF,0xFF,0xFF,0xFF,0xFF,
    0xFF,0xFF,0xFF,0xFF,0xFF,0xFF,0xFF,0xFF,0xFF,0xFF,0xFF,0xFF,0xFF,0xFF,0xFF,0xFF,0xFF,0xFF,0xFF,0xFF,0xFF,0xFF,0xFF,0xFF,0xFF,0xFF,0xFF,0xFF,0xFF,0xFF,0xFF,0xFF,0xFF,0xFF,0xFF,0xFF,
    0xFF,0xFF,0xFF,0xFF,0xFF,0xFF,0xFF,0xFF,0xFF,0xFF,0xFF,0xFF,0xFF,0xFF,0xFF,0xFF,0xFF,0xFF,0xFF,0xFF,0xFF,0xFF,0xFF,0xFF,0xFF,0xFF,0xFF,0xFF,0xFF,0xFF,0xFF,0xFF,0xFF,0xFF,0xFF,0xFF,
    0xFF,0xFF,0xFF,0xFF,0xFF,0xFF,0xFF,0xFF,0xFF,0xFF,0xFF,0xFF,0xFF,0xFF,0xFF,0xFF,0xFF,0xFF,0xFF,0xFF,0xFF,0xFF,0xFF,0xFF,0xFF,0xFF,0xFF,0xFF,0xFF,0xFF,0xFF,0xFF,0xFF,0xFF,0xFF,0xFF,
    0xFF,0xFF,0xFF,0xFF,0xFF,0xFF,0xFF,0xFF,0xFF,0xFF,0xFF,0xFF,0xFF,0xFF,0xFF,0xFF,0xFF,0xFF,0xFF,0xFF,0xFF,0xFF,0xFF,0xFF,0xFF,0xFF,0xFF,0xFF,0xFF,0xFF,0xFF,0xFF,0xFF,0xFF,0xFF,0xFF,
    0xFF,0xFF,0xFF,0xFF,0xFF,0xFF,0xFF,0xFF,0xFF,0xFF,0xFF,0xFF,0xFF,0xFF,0xFF,0xFF,0xFF,0xFF,0xFF,0xFF,0xFF,0xFF,0xFF,0xFF,0xFF,0xFF,0xFF,0xFF,0xFF,0xFF,0xFF,0xFF,0xFF,0xFF,0xFF,0xFF,
    0xFF,0xFF,0xFF,0xFF,0xFF,0xFF,0xFF,0xFF,0xFF,0xFF,0xFF,0xFF,0xFF,0xFF,0xFF,0xFF,0xFF,0xFF,0xFF,0xFF,0xFF,0xFF,0xFF,0xFF,0xFF,0xFF,0xFF,0xFF,0xFF,0xFF,0xFF,0xFF,0xFF,0xFF,0xFF,0xFF,
    0xFF,0xFF,0xFF,0xFF,0xFF,0xFF,0xFF,0xFF,0xFF,0xFF,0xFF,0xFF,0xFF,0xFF,0xFF,0xFF,0xFF,0xFF,0xFF,0xFF,0xFF,0xFF,0xFF,0xFF,0xFF,0xFF,0xFF,0xFF,0xFF,0xFF,0xFF,0xFF,0xFF,0xFF,0xFF,0xFF,
    0xFF,0xFF,0xFF,0xFF,0xFF,0xFF,0xFF,0xFF,0xFF,0xFF,0xFF,0xFF,0xFF,0xFF,0xFF,0xFF,0xFF,0xFF,0xFF,0xFF,0xFF,0xFF,0xFF,0xFF,0xFF,0xFF,0xFF,0xFF,0xFF,0xFF,0xFF,0xFF,0xFF,0xFF,0xFF,0xFF,
    0xFF,0xFF,0xFF,0xFF,0xFF,0xFF,0xFF,0xFF,0xFF,0xFF,0xFF,0xFF,0xFF,0xFF,0xFF,0xFF,0xFF,0xFF,0xFF,0xFF,0xFF,0xFF,0xFF,0xFF,0xFF,0xFF,0xFF,0xFF,0xFF,0xFF,0xFF,0xFF,0xFF,0xFF,0xFF,0xFF,
    0xFF,0xFF,0xFF,0xFF,0xFF,0xFF,0xFF,0xFF,0xFF,0xFF,0xFF,0xFF,0xFF,0xFF,0xFF,0xFF,0xFF,0xFF,0xFF,0xFF,0xFF,0xFF,0xFF,0xFF,0xFF,0xFF,0xFF,0xFF,0xFF,0xFF,0xFF,0xFF,0xFF,0xFF,0xFF,0xFF,
    0xFF,0xFF,0xFF,0xFF,0xFF,0xFF,0xFF,0xFF,0xFF,0xFF,0xFF,0xFF,0xFF,0xFF,0xFF,0xFF,0xFF,0xFF,0xFF,0xFF,0xFF,0xFF,0xFF,0xFF,0xFF,0xFF,0xFF,0xFF,0xFF,0xFF,0xFF,0xFF,0xFF,0xFF,0xFF,0xFF,
    0xFF,0xFF,0xFF,0xFF,0xFF,0xFF,0xFF,0xFF,0xFF,0xFF,0xFF,0xFF,0xFF,0xFF,0xFF,0xFF,0xFF,0xFF,0xFF,0xFF,0xFF,0xFF,0xFF,0xFF,0xFF,0xFF,0xFF,0xFF,0xFF,0xFF,0xFF,0xFF,0xFF,0xFF,0xFF,0xFF,
    0xFF,0xFF,0xFF,0xFF,0xFF,0xFF,0xDF,0xFF,0xFF,0xFF,0xFF,0xFF,0xFF,0xFF,0xFF,0xFF,0xFF,0xFF,0xFF,0xFF,0xFF,0x59,0xCE,0xFF,0x00,0x00,0xFF,0x20,0x00,0xFF,0x00,0x00,0xFF,0xFF,0xFF,0xFF,
    0x5D,0xEF,0xFF,0x7D,0xEF,0xFF,0xFF,0xFF,0xFF,0xBE,0xF7,0xFF,0xBE,0xF7,0xFF,0xDF,0xFF,0xFF,0x9E,0xF7,0xFF,0x7D,0xEF,0xFF,0xBE,0xF7,0xFF,0x7D,0xEF,0xFF,0x9E,0xF7,0xFF,0xDF,0xFF,0xFF,
    0x9E,0xF7,0xFF,0xFF,0xFF,0xFF,0x7D,0xEF,0xFF,0xDB,0xDE,0xFF,0x00,0x00,0xFF,0x82,0x10,0xFF,0x00,0x00,0xFF,0x00,0x00,0xFF,0xA2,0x10,0xFF,0xBA,0xD6,0xFF,0xBE,0xF7,0xFF,0xFF,0xFF,0xFF,
    0xBE,0xF7,0xFF,0xFF,0xFF,0xFF,0xBE,0xF7,0xFF,0xDF,0xFF,0xFF,0xFF,0xFF,0xFF,0xDF,0xFF,0xFF,0xFF,0xFF,0xFF,0xFF,0xFF,0xFF,0xFF,0xFF,0xFF,0xFF,0xFF,0xFF,0xFF,0xFF,0xFF,0xFF,0xFF,0xFF,
    0xFF,0xFF,0xFF,0xFF,0xFF,0xFF,0xFF,0xFF,0xFF,0xFF,0xFF,0xFF,0xFF,0xFF,0xFF,0xFF,0xFF,0xFF,0xFF,0xFF,0xFF,0xFF,0xFF,0xFF,0xFF,0xFF,0xFF,0xFF,0xFF,0xFF,0xFF,0xFF,0xFF,0xFE,0xFF,0xFF,
    0xDE,0xFF,0xFF,0xFE,0xFF,0xFF,0xDE,0xFF,0xFF,0xA1,0x10,0xFF,0x00,0x00,0xFF,0x40,0x00,0xFF,0xA0,0x08,0xFF,0x0F,0x9D,0xFF,0x17,0xDF,0xFF,0x86,0x4A,0xFF,0x60,0x08,0xFF,0xD8,0xD6,0xFF,
    0xFD,0xFF,0xFF,0xFE,0xFF,0xFF,0xFE,0xFF,0xFF,0xFF,0xFF,0xFF,0xDE,0xFF,0xFF,0xFF,0xFF,0xFF,0xFF,0xFF,0xFF,0xFF,0xFF,0xFF,0x41,0x08,0xFF,0x00,0x00,0xFF,0xFF,0xFF,0xFF,0xFF,0xFF,0xFF,
    0xFF,0xFF,0xFF,0xFF,0xFF,0xFF,0xFF,0xFF,0xFF,0xFF,0xFF,0xFF,0xFF,0xFF,0xFF,0xFF,0xFF,0xFF,0xFF,0xFF,0xFF,0xFF,0xFF,0xFF,0xFF,0xFF,0xFF,0xFF,0xFF,0xFF,0xFF,0xFF,0xFF,0xFF,0xFF,0xFF,
    0xFF,0xFF,0xFF,0xFF,0xFF,0xFF,0xFF,0xFF,0xFF,0xFF,0xFF,0xFF,0xFF,0xFF,0xFF,0xFF,0xFF,0xFF,0xFF,0xFF,0xFF,0xFF,0xFF,0xFF,0xFF,0xFF,0xFF,0xFF,0xFF,0xFF,0xFF,0xFF,0xFF,0xFF,0xFF,0xFF,
    0xFF,0xFF,0xFF,0xFF,0xFF,0xFF,0xFF,0xFF,0xFF,0xFF,0xFF,0xFF,0xFF,0xFF,0xFF,0xFF,0xFF,0xFF,0xFF,0xFF,0xFF,0xFF,0xFF,0xFF,0xFF,0xFF,0xFF,0xFF,0xFF,0xFF,0xFF,0xFF,0xFF,0xFF,0xFF,0xFF,
    0xFF,0xFF,0xFF,0xFF,0xFF,0xFF,0xFF,0xFF,0xFF,0xFF,0xFF,0xFF,0xFF,0xFF,0xFF,0xFF,0xFF,0xFF,0xFF,0xFF,0xFF,0xFF,0xFF,0xFF,0xFF,0xFF,0xFF,0xFF,0xFF,0xFF,0xFF,0xFF,0xFF,0xFF,0xFF,0xFF,
    0xFF,0xFF,0xFF,0xFF,0xFF,0xFF,0xFF,0xFF,0xFF,0xFF,0xFF,0xFF,0xFF,0xFF,0xFF,0xFF,0xFF,0xFF,0xDF,0xFF,0xFF,0xFF,0xFF,0xFF,0xBE,0xF7,0xFF,0xDF,0xFF,0xFF,0xF3,0x9C,0xFF,0x20,0x00,0xFF,
    0x00,0x00,0xFF,0x00,0x00,0xFF,0x41,0x08,0xFF,0x20,0x00,0xFF,0x00,0x00,0xFF,0x00,0x00,0xFF,0x00,0x00,0xFF,0x86,0x31,0xFF,0x55,0xAD,0xFF,0x5D,0xEF,0xFF,0xBE,0xF7,0xFF,0xBE,0xF7,0xFF,
    0xDF,0xFF,0xFF,0xDF,0xFF,0xFF,0xDF,0xFF,0xFF,0xDF,0xFF,0xFF,0xDF,0xFF,0xFF,0xDF,0xFF,0xFF,0x5D,0xEF,0xFF,0xFF,0xFF,0xFF,0x9E,0xF7,0xFF,0x9E,0xF7,0xFF,0xFF,0xFF,0xFF,0xB2,0x94,0xFF,
    0x00,0x00,0xFF,0x20,0x00,0xFF,0x00,0x00,0xFF,0x00,0x00,0xFF,0xFF,0xFF,0xFF,0xBE,0xF7,0xFF,0xFF,0xFF,0xFF,0xFF,0xFF,0xFF,0x9E,0xF7,0xFF,0xDF,0xFF,0xFF,0xFF,0xFF,0xFF,0xFF,0xFF,0xFF,
    0xFF,0xFF,0xFF,0xFF,0xFF,0xFF,0xFF,0xFF,0xFF,0xFF,0xFF,0xFF,0xFF,0xFF,0xFF,0xFF,0xFF,0xFF,0xFF,0xFF,0xFF,0xFF,0xFF,0xFF,0xFF,0xFF,0xFF,0xFF,0xFF,0xFF,0xFF,0xFF,0xFF,0xFF,0xFF,0xFF,
    0xFF,0xFF,0xFF,0xFF,0xFF,0xFF,0xFF,0xFF,0xFF,0xFF,0xFF,0xFF,0xFF,0xFF,0xFF,0xFF,0xFF,0xFF,0xFF,0xFF,0xFF,0xFF,0xFF,0xFF,0xFF,0xFF,0xFF,0xFF,0xFF,0xFF,0xFF,0xFF,0xFF,0xFF,0xFF,0xFF,
    0xFF,0xFF,0xFF,0xFF,0xFF,0xFF,0xFF,0xFF,0xFF,0xFF,0xFF,0xFF,0xFF,0xFF,0xFF,0xFF,0xFF,0xFF,0xFF,0xFF,0xFF,0xFF,0xFF,0xFF,0xFF,0xFF,0xFF,0xFF,0xFF,0xFF,0xFF,0xFF,0xFF,0xFF,0xFF,0xFF,
    0xFF,0xFF,0xFF,0xFF,0xFF,0xFF,0xFF,0xFF,0xFF,0xFF,0xFF,0xFF,0xFF,0xFF,0xFF,0xFF,0xFF,0xFF,0xFF,0xFF,0xFF,0xFF,0xFF,0xFF,0xFF,0xFF,0xFF,0xFF,0xFF,0xFF,0xFF,0xFF,0xFF,0xFF,0xFF,0xFF,
    0xFF,0xFF,0xFF,0xFF,0xFF,0xFF,0xFF,0xFF,0xFF,0xFF,0xFF,0xFF,0xFF,0xFF,0xFF,0xFF,0xFF,0xFF,0xFF,0xFF,0xFF,0xFF,0xFF,0xFF,0xFF,0xFF,0xFF,0xFF,0xFF,0xFF,0xFF,0xFF,0xFF,0xFF,0xFF,0xFF,
    0xFF,0xFF,0xFF,0xFF,0xFF,0xFF,0xFF,0xFF,0xFF,0xFF,0xFF,0xFF,0xFF,0xFF,0xFF,0xFF,0xFF,0xFF,0xFF,0xFF,0xFF,0xFF,0xFF,0xFF,0xFF,0xFF,0xFF,0xFF,0xFF,0xFF,0xFF,0xFF,0xFF,0xFF,0xFF,0xFF,
    0xFF,0xFF,0xFF,0xFF,0xFF,0xFF,0xFF,0xFF,0xFF,0xFF,0xFF,0xFF,0xFF,0xFF,0xFF,0xFF,0xFF,0xFF,0xFF,0xFF,0xFF,0xFF,0xFF,0xFF,0xFF,0xFF,0xFF,0xFF,0xFF,0xFF,0xFF,0xFF,0xFF,0xFF,0xFF,0xFF,
    0xFF,0xFF,0xFF,0xFF,0xFF,0xFF,0xFF,0xFF,0xFF,0xFF,0xFF,0xFF,0xFF,0xFF,0xFF,0xFF,0xFF,0xFF,0xFF,0xFF,0xFF,0xFF,0xFF,0xFF,0xFF,0xFF,0xFF,0xFF,0xFF,0xFF,0xFF,0xFF,0xFF,0xFF,0xFF,0xFF,
    0xFF,0xFF,0xFF,0xFF,0xFF,0xFF,0xFF,0xFF,0xFF,0xFF,0xFF,0xFF,0xFF,0xFF,0xFF,0xFF,0xFF,0xFF,0xFF,0xFF,0xFF,0xFF,0xFF,0xFF,0xFF,0xFF,0xFF,0xFF,0xFF,0xFF,0xFF,0xFF,0xFF,0xFF,0xFF,0xFF,
    0xFF,0xFF,0xFF,0xFF,0xFF,0xFF,0xFF,0xFF,0xFF,0xFF,0xFF,0xFF,0xFF,0xFF,0xFF,0xFF,0xFF,0xFF,0xFF,0xFF,0xFF,0xFF,0xFF,0xFF,0xFF,0xFF,0xFF,0xFF,0xFF,0xFF,0xFF,0xFF,0xFF,0xFF,0xFF,0xFF,
    0xFF,0xFF,0xFF,0xFF,0xFF,0xFF,0xFF,0xFF,0xFF,0xFF,0xFF,0xFF,0xFF,0xFF,0xFF,0xFF,0xFF,0xFF,0xFF,0xFF,0xFF,0xFF,0xFF,0xFF,0xFF,0xFF,0xFF,0xFF,0xFF,0xFF,0xFF,0xFF,0xFF,0xFF,0xFF,0xFF,
    0xFF,0xFF,0xFF,0xFF,0xFF,0xFF,0xFF,0xFF,0xFF,0xFF,0xFF,0xFF,0xFF,0xFF,0xFF,0xFF,0xFF,0xFF,0xFF,0xFF,0xFF,0xFF,0xFF,0xFF,0xFF,0xFF,0xFF,0xFF,0xFF,0xFF,0xFF,0xFF,0xFF,0xFF,0xFF,0xFF,
    0xFF,0xFF,0xFF,0xFF,0xFF,0xFF,0xFF,0xFF,0xFF,0xFF,0xFF,0xFF,0xFF,0xFF,0xFF,0xFF,0xFF,0xFF,0xFF,0xFF,0xFF,0xFF,0xFF,0xFF,0xFF,0xFF,0xFF,0xFF,0xFF,0xFF,0xFF,0xFF,0xFF,0xFF,0xFF,0xFF,
    0xFF,0xFF,0xFF,0xFF,0xFF,0xFF,0xFF,0xFF,0xFF,0xFF,0xFF,0xFF,0xFF,0xFF,0xFF,0xFF,0xFF,0xFF,0xFF,0xFF,0xFF,0xFF,0xFF,0xFF,0xFF,0xFF,0xFF,0xFF,0xFF,0xFF,0xFF,0xFF,0xFF,0xFF,0xFF,0xFF,
    0xFF,0xFF,0xFF,0xFF,0xFF,0xFF,0xFF,0xFF,0xFF,0xFF,0xFF,0xFF,0xFF,0xFF,0xFF,0xFF,0xFF,0xFF,0xFF,0xFF,0xFF,0xFF,0xFF,0xFF,0xFF,0xFF,0xFF,0xFF,0xFF,0xFF,0xFF,0xFF,0xFF,0xFF,0xFF,0xFF,
    0xFF,0xFF,0xFF,0xFF,0xFF,0xFF,0xFF,0xFF,0xFF,0xFF,0xFF,0xFF,0xFF,0xFF,0xFF,0xFF,0xFF,0xFF,0xFF,0xFF,0xFF,0xFF,0xFF,0xFF,0xFF,0xFF,0xFF,0xFF,0xFF,0xFF,0xFF,0xFF,0xFF,0xFF,0xFF,0xFF,
    0xFF,0xFF,0xFF,0xFF,0xFF,0xFF,0xFF,0xFF,0xFF,0xFF,0xFF,0xFF,0xFF,0xFF,0xFF,0xFF,0xFF,0xFF,0xFF,0xFF,0xFF,0xFF,0xFF,0xFF,0xFF,0xFF,0xFF,0xFF,0xFF,0xFF,0xFF,0xFF,0xFF,0xFF,0xFF,0xFF,
    0xFF,0xFF,0xFF,0xFF,0xFF,0xFF,0xFF,0xFF,0xFF,0xFF,0xFF,0xFF,0xFF,0xFF,0xFF,0xFF,0xFF,0xFF,0xFF,0xFF,0xFF,0xFF,0xFF,0xFF,0xFF,0xFF,0xFF,0xFF,0xFF,0xFF,0xFF,0xFF,0xFF,0xFF,0xFF,0xFF,
    0xFF,0xFF,0xFF,0xFF,0xFF,0xFF,0xFF,0xFF,0xFF,0xFF,0xFF,0xFF,0xFF,0xFF,0xFF,0xFF,0xFF,0xFF,0xFF,0xFF,0xFF,0xFF,0xFF,0xFF,0xFF,0xFF,0xFF,0xDF,0xFF,0xFF,0xFF,0xFF,0xFF,0xDF,0xFF,0xFF,
    0x9E,0xF7,0xFF,0x04,0x21,0xFF,0x00,0x00,0xFF,0x61,0x08,0xFF,0xEB,0x5A,0xFF,0x7D,0xEF,0xFF,0xFF,0xFF,0xFF,0xDF,0xFF,0xFF,0xDF,0xFF,0xFF,0x7D,0xEF,0xFF,0x7D,0xEF,0xFF,0xBE,0xF7,0xFF,
    0xBE,0xF7,0xFF,0xBE,0xF7,0xFF,0xFF,0xFF,0xFF,0xDF,0xFF,0xFF,0xBE,0xF7,0xFF,0xDF,0xFF,0xFF,0x9E,0xF7,0xFF,0xDF,0xFF,0xFF,0xBE,0xF7,0xFF,0xBE,0xF7,0xFF,0xDF,0xFF,0xFF,0x49,0x4A,0xFF,
    0x00,0x00,0xFF,0x00,0x00,0xFF,0x00,0x00,0xFF,0x00,0x00,0xFF,0xB2,0x94,0xFF,0xFF,0xFF,0xFF,0xDF,0xFF,0xFF,0xFF,0xFF,0xFF,0xFF,0xFF,0xFF,0x9E,0xF7,0xFF,0xFF,0xFF,0xFF,0xBE,0xF7,0xFF,
    0xFF,0xFF,0xFF,0xFF,0xFF,0xFF,0xFF,0xFF,0xFF,0xFF,0xFF,0xFF,0xFF,0xFF,0xFF,0xFF,0xFF,0xFF,0xFF,0xFF,0xFF,0xFF,0xFF,0xFF,0xFF,0xFF,0xFF,0xFF,0xFF,0xFF,0xFF,0xFF,0xFF,0xFF,0xFF,0xFF,
    0xFF,0xFF,0xFF,0xFF,0xFF,0xFF,0xFF,0xFF,0xFF,0xFF,0xFF,0xFF,0xFF,0xFF,0xFF,0xFF,0xFF,0xFF,0xDE,0xFF,0xFF,0xFE,0xFF,0xFF,0xFE,0xFF,0xFF,0x00,0x00,0xFF,0x60,0x08,0xFF,0xAB,0x73,0xFF,
    0x57,0xE7,0xFF,0x0A,0x7C,0xFF,0xA0,0x10,0xFF,0x13,0xBE,0xFF,0xFC,0xFF,0xFF,0xBB,0xF7,0xFF,0xFD,0xFF,0xFF,0xBD,0xF7,0xFF,0xFF,0xFF,0xFF,0xFF,0xFF,0xFF,0xBE,0xF7,0xFF,0xDF,0xFF,0xFF,
    0xFF,0xFF,0xFF,0xDF,0xFF,0xFF,0x45,0x29,0xFF,0x00,0x00,0xFF,0xFF,0xFF,0xFF,0xFF,0xFF,0xFF,0xFF,0xFF,0xFF,0xFF,0xFF,0xFF,0xFF,0xFF,0xFF,0xFF,0xFF,0xFF,0xFF,0xFF,0xFF,0xFF,0xFF,0xFF,
    0xFF,0xFF,0xFF,0xFF,0xFF,0xFF,0xFF,0xFF,0xFF,0xFF,0xFF,0xFF,0xFF,0xFF,0xFF,0xFF,0xFF,0xFF,0xFF,0xFF,0xFF,0xFF,0xFF,0xFF,0xFF,0xFF,0xFF,0xFF,0xFF,0xFF,0xFF,0xFF,0xFF,0xFF,0xFF,0xFF,
    0xFF,0xFF,0xFF,0xFF,0xFF,0xFF,0xFF,0xFF,0xFF,0xFF,0xFF,0xFF,0xFF,0xFF,0xFF,0xFF,0xFF,0xFF,0xFF,0xFF,0xFF,0xFF,0xFF,0xFF,0xFF,0xFF,0xFF,0xFF,0xFF,0xFF,0xFF,0xFF,0xFF,0xFF,0xFF,0xFF,
    0xFF,0xFF,0xFF,0xFF,0xFF,0xFF,0xFF,0xFF,0xFF,0xFF,0xFF,0xFF,0xFF,0xFF,0xFF,0xFF,0xFF,0xFF,0xFF,0xFF,0xFF,0xFF,0xFF,0xFF,0xFF,0xFF,0xFF,0xFF,0xFF,0xFF,0xFF,0xFF,0xFF,0xFF,0xFF,0xFF,
    0xFF,0xFF,0xFF,0xFF,0xFF,0xFF,0xFF,0xFF,0xFF,0xFF,0xFF,0xFF,0xFF,0xFF,0xFF,0xFF,0xFF,0xFF,0xFF,0xFF,0xFF,0xDF,0xFF,0xFF,0xFF,0xFF,0xFF,0xFF,0xFF,0xFF,0xFF,0xFF,0xFF,0x9E,0xF7,0xFF,
    0xDF,0xFF,0xFF,0x1C,0xE7,0xFF,0x28,0x42,0xFF,0x00,0x00,0xFF,0x41,0x08,0xFF,0x00,0x00,0xFF,0x00,0x00,0xFF,0x61,0x08,0xFF,0x00,0x00,0xFF,0x00,0x00,0xFF,0x28,0x42,0xFF,0x79,0xCE,0xFF,
    0xFF,0xFF,0xFF,0x5D,0xEF,0xFF,0xBE,0xF7,0xFF,0xFF,0xFF,0xFF,0x9E,0xF7,0xFF,0xBE,0xF7,0xFF,0xBE,0xF7,0xFF,0xBE,0xF7,0xFF,0x9E,0xF7,0xFF,0x9E,0xF7,0xFF,0x9E,0xF7,0xFF,0x9E,0xF7,0xFF,
    0xFF,0xFF,0xFF,0x9E,0xF7,0xFF,0xBE,0xF7,0xFF,0x9E,0xF7,0xFF,0x1C,0xE7,0xFF,0xFF,0xFF,0xFF,0x18,0xC6,0xFF,0x00,0x00,0xFF,0x41,0x08,0xFF,0x00,0x00,0xFF,0xCF,0x7B,0xFF,0xFF,0xFF,0xFF,
    0x3C,0xE7,0xFF,0xFF,0xFF,0xFF,0xDF,0xFF,0xFF,0xFF,0xFF,0xFF,0xFF,0xFF,0xFF,0xFF,0xFF,0xFF,0xFF,0xFF,0xFF,0xFF,0xFF,0xFF,0xFF,0xFF,0xFF,0xFF,0xFF,0xFF,0xFF,0xFF,0xFF,0xFF,0xFF,0xFF,
    0xFF,0xFF,0xFF,0xFF,0xFF,0xFF,0xFF,0xFF,0xFF,0xFF,0xFF,0xFF,0xFF,0xFF,0xFF,0xFF,0xFF,0xFF,0xFF,0xFF,0xFF,0xFF,0xFF,0xFF,0xFF,0xFF,0xFF,0xFF,0xFF,0xFF,0xFF,0xFF,0xFF,0xFF,0xFF,0xFF,
    0xFF,0xFF,0xFF,0xFF,0xFF,0xFF,0xFF,0xFF,0xFF,0xFF,0xFF,0xFF,0xFF,0xFF,0xFF,0xFF,0xFF,0xFF,0xFF,0xFF,0xFF,0xFF,0xFF,0xFF,0xFF,0xFF,0xFF,0xFF,0xFF,0xFF,0xFF,0xFF,0xFF,0xFF,0xFF,0xFF,
    0xFF,0xFF,0xFF,0xFF,0xFF,0xFF,0xFF,0xFF,0xFF,0xFF,0xFF,0xFF,0xFF,0xFF,0xFF,0xFF,0xFF,0xFF,0xFF,0xFF,0xFF,0xFF,0xFF,0xFF,0xFF,0xFF,0xFF,0xFF,0xFF,0xFF,0xFF,0xFF,0xFF,0xFF,0xFF,0xFF,
    0xFF,0xFF,0xFF,0xFF,0xFF,0xFF,0xFF,0xFF,0xFF,0xFF,0xFF,0xFF,0xFF,0xFF,0xFF,0xFF,0xFF,0xFF,0xFF,0xFF,0xFF,0xFF,0xFF,0xFF,0xFF,0xFF,0xFF,0xFF,0xFF,0xFF,0xFF,0xFF,0xFF,0xFF,0xFF,0xFF,
    0xFF,0xFF,0xFF,0xFF,0xFF,0xFF,0xFF,0xFF,0xFF,0xFF,0xFF,0xFF,0xFF,0xFF,0xFF,0xFF,0xFF,0xFF,0xFF,0xFF,0xFF,0xFF,0xFF,0xFF,0xFF,0xFF,0xFF,0xFF,0xFF,0xFF,0xFF,0xFF,0xFF,0xFF,0xFF,0xFF,
    0xFF,0xFF,0xFF,0xFF,0xFF,0xFF,0xFF,0xFF,0xFF,0xFF,0xFF,0xFF,0xFF,0xFF,0xFF,0xFF,0xFF,0xFF,0xFF,0xFF,0xFF,0xFF,0xFF,0xFF,0xFF,0xFF,0xFF,0xFF,0xFF,0xFF,0xFF,0xFF,0xFF,0xFF,0xFF,0xFF,
    0xFF,0xFF,0xFF,0xFF,0xFF,0xFF,0xFF,0xFF,0xFF,0xFF,0xFF,0xFF,0xFF,0xFF,0xFF,0xFF,0xFF,0xFF,0xFF,0xFF,0xFF,0xFF,0xFF,0xFF,0xFF,0xFF,0xFF,0xFF,0xFF,0xFF,0xFF,0xFF,0xFF,0xFF,0xFF,0xFF,
    0xFF,0xFF,0xFF,0xFF,0xFF,0xFF,0xFF,0xFF,0xFF,0xFF,0xFF,0xFF,0xFF,0xFF,0xFF,0xFF,0xFF,0xFF,0xFF,0xFF,0xFF,0xFF,0xFF,0xFF,0xFF,0xFF,0xFF,0xFF,0xFF,0xFF,0xFF,0xFF,0xFF,0xFF,0xFF,0xFF,
    0xFF,0xFF,0xFF,0xFF,0xFF,0xFF,0xFF,0xFF,0xFF,0xFF,0xFF,0xFF,0xFF,0xFF,0xFF,0xFF,0xFF,0xFF,0xFF,0xFF,0xFF,0xFF,0xFF,0xFF,0xFF,0xFF,0xFF,0xFF,0xFF,0xFF,0xFF,0xFF,0xFF,0xFF,0xFF,0xFF,
    0xFF,0xFF,0xFF,0xFF,0xFF,0xFF,0xFF,0xFF,0xFF,0xFF,0xFF,0xFF,0xFF,0xFF,0xFF,0xFF,0xFF,0xFF,0xFF,0xFF,0xFF,0xFF,0xFF,0xFF,0xFF,0xFF,0xFF,0xFF,0xFF,0xFF,0xFF,0xFF,0xFF,0xFF,0xFF,0xFF,
    0xFF,0xFF,0xFF,0xFF,0xFF,0xFF,0xFF,0xFF,0xFF,0xFF,0xFF,0xFF,0xFF,0xFF,0xFF,0xFF,0xFF,0xFF,0xFF,0xFF,0xFF,0xFF,0xFF,0xFF,0xFF,0xFF,0xFF,0xFF,0xFF,0xFF,0xFF,0xFF,0xFF,0xFF,0xFF,0xFF,
    0xFF,0xFF,0xFF,0xFF,0xFF,0xFF,0xFF,0xFF,0xFF,0xFF,0xFF,0xFF,0xFF,0xFF,0xFF,0xFF,0xFF,0xFF,0xFF,0xFF,0xFF,0xFF,0xFF,0xFF,0xFF,0xFF,0xFF,0xFF,0xFF,0xFF,0xFF,0xFF,0xFF,0xFF,0xFF,0xFF,
    0xFF,0xFF,0xFF,0xFF,0xFF,0xFF,0xFF,0xFF,0xFF,0xFF,0xFF,0xFF,0xFF,0xFF,0xFF,0xFF,0xFF,0xFF,0xFF,0xFF,0xFF,0xFF,0xFF,0xFF,0xFF,0xFF,0xFF,0xFF,0xFF,0xFF,0xFF,0xFF,0xFF,0xFF,0xFF,0xFF,
    0xFF,0xFF,0xFF,0xFF,0xFF,0xFF,0xFF,0xFF,0xFF,0xFF,0xFF,0xFF,0xFF,0xFF,0xFF,0xFF,0xFF,0xFF,0xFF,0xFF,0xFF,0xFF,0xFF,0xFF,0xFF,0xFF,0xFF,0xFF,0xFF,0xFF,0xFF,0xFF,0xFF,0xFF,0xFF,0xFF,
    0xFF,0xFF,0xFF,0xFF,0xFF,0xFF,0xFF,0xFF,0xFF,0xFF,0xFF,0xFF,0xFF,0xFF,0xFF,0xFF,0xFF,0xFF,0xFF,0xFF,0xFF,0xFF,0xFF,0xFF,0xFF,0xFF,0xFF,0xFF,0xFF,0xFF,0xFF,0xFF,0xFF,0xFF,0xFF,0xFF,
    0xFF,0xFF,0xFF,0xFF,0xFF,0xFF,0xFF,0xFF,0xFF,0xFF,0xFF,0xFF,0xFF,0xFF,0xFF,0xFF,0xFF,0xFF,0xFF,0xFF,0xFF,0xFF,0xFF,0xFF,0xFF,0xFF,0xFF,0xFF,0xFF,0xFF,0xFF,0xFF,0xFF,0xFF,0xFF,0xFF,
    0xFF,0xFF,0xFF,0xFF,0xFF,0xFF,0xFF,0xFF,0xFF,0xFF,0xFF,0xFF,0xFF,0xFF,0xFF,0xFF,0xFF,0xFF,0xFF,0xFF,0xFF,0xFF,0xFF,0xFF,0xFF,0xFF,0xFF,0xFF,0xFF,0xFF,0xFF,0xFF,0xFF,0xFF,0xFF,0xFF,
    0xFF,0xFF,0xFF,0xFF,0xFF,0xFF,0xFF,0xFF,0xFF,0xFF,0xFF,0xFF,0xFF,0xFF,0xFF,0xFF,0xFF,0xFF,0xFF,0xFF,0xFF,0xFF,0xFF,0xFF,0xFF,0xFF,0xFF,0xFF,0xFF,0xFF,0xFF,0xFF,0xFF,0xFF,0xFF,0xFF,
    0xFF,0xFF,0xFF,0xFF,0xFF,0xFF,0xFF,0xFF,0xFF,0xFF,0xFF,0xFF,0xFF,0xFF,0xFF,0xBE,0xF7,0xFF,0xFF,0xFF,0xFF,0x00,0x00,0xFF,0x00,0x00,0xFF,0x00,0x00,0xFF,0x7D,0xEF,0xFF,0xDF,0xFF,0xFF,
    0xDF,0xFF,0xFF,0x5D,0xEF,0xFF,0xBE,0xF7,0xFF,0xBE,0xF7,0xFF,0xDF,0xFF,0xFF,0x9E,0xF7,0xFF,0xDF,0xFF,0xFF,0xBE,0xF7,0xFF,0xBE,0xF7,0xFF,0x9E,0xF7,0xFF,0x9E,0xF7,0xFF,0xBE,0xF7,0xFF,
    0xDF,0xFF,0xFF,0x9E,0xF7,0xFF,0xFF,0xFF,0xFF,0x5D,0xEF,0xFF,0xBE,0xF7,0xFF,0x7D,0xEF,0xFF,0xB6,0xB5,0xFF,0x20,0x00,0xFF,0x20,0x00,0xFF,0x00,0x00,0xFF,0x00,0x00,0xFF,0x49,0x4A,0xFF,
    0x7D,0xEF,0xFF,0xFF,0xFF,0xFF,0xDF,0xFF,0xFF,0xFF,0xFF,0xFF,0x7D,0xEF,0xFF,0xFF,0xFF,0xFF,0xFF,0xFF,0xFF,0xFF,0xFF,0xFF,0xFF,0xFF,0xFF,0xFF,0xFF,0xFF,0xFF,0xFF,0xFF,0xFF,0xFF,0xFF,
    0xFF,0xFF,0xFF,0xFF,0xFF,0xFF,0xFF,0xFF,0xFF,0xFF,0xFF,0xFF,0xFF,0xFF,0xFF,0xFF,0xFF,0xFF,0xFF,0xFF,0xFF,0xFF,0xFF,0xFF,0xFF,0xFF,0xFF,0xFF,0xFF,0xFF,0x9D,0xF7,0xFF,0xFF,0xFF,0xFF,
    0xFF,0xFF,0xFF,0x5C,0xEF,0xFF,0xFE,0xFF,0xFF,0x53,0xA5,0xFF,0xED,0x7B,0xFF,0x36,0xC6,0xFF,0x60,0x08,0xFF,0x4C,0x84,0xFF,0xDA,0xF7,0xFF,0xFB,0xFF,0xFF,0xFD,0xFF,0xFF,0xFD,0xFF,0xFF,
    0xFE,0xFF,0xFF,0xFF,0xFF,0xFF,0xDF,0xFF,0xFF,0xFF,0xFF,0xFF,0xDF,0xFF,0xFF,0xFF,0xFF,0xFF,0xFF,0xFF,0xFF,0xDE,0xFF,0xFF,0xA5,0x31,0xFF,0x20,0x00,0xFF,0xFE,0xFF,0xFF,0xFF,0xFF,0xFF,
    0xFF,0xFF,0xFF,0xFF,0xFF,0xFF,0xFF,0xFF,0xFF,0xFF,0xFF,0xFF,0xFF,0xFF,0xFF,0xFF,0xFF,0xFF,0xFF,0xFF,0xFF,0xFF,0xFF,0xFF,0xFF,0xFF,0xFF,0xFF,0xFF,0xFF,0xFF,0xFF,0xFF,0xFF,0xFF,0xFF,
    0xFF,0xFF,0xFF,0xFF,0xFF,0xFF,0xFF,0xFF,0xFF,0xFF,0xFF,0xFF,0xFF,0xFF,0xFF,0xFF,0xFF,0xFF,0xFF,0xFF,0xFF,0xFF,0xFF,0xFF,0xFF,0xFF,0xFF,0xFF,0xFF,0xFF,0xFF,0xFF,0xFF,0xFF,0xFF,0xFF,
    0xFF,0xFF,0xFF,0xFF,0xFF,0xFF,0xFF,0xFF,0xFF,0xFF,0xFF,0xFF,0xFF,0xFF,0xFF,0xFF,0xFF,0xFF,0xFF,0xFF,0xFF,0xFF,0xFF,0xFF,0xFF,0xFF,0xFF,0xFF,0xFF,0xFF,0xFF,0xFF,0xFF,0xFF,0xFF,0xFF,
    0xFF,0xFF,0xFF,0xFF,0xFF,0xFF,0xFF,0xFF,0xFF,0xFF,0xFF,0xFF,0xFF,0xFF,0xFF,0xFF,0xFF,0xFF,0xFF,0xFF,0xFF,0xFF,0xFF,0xFF,0xFF,0xFF,0xFF,0xFF,0xFF,0xFF,0xDF,0xFF,0xFF,0xFF,0xFF,0xFF,
    0xFF,0xFF,0xFF,0xDF,0xFF,0xFF,0xFF,0xFF,0xFF,0xFF,0xFF,0xFF,0x7D,0xEF,0xFF,0x79,0xCE,0xFF,0xC3,0x18,0xFF,0x00,0x00,0xFF,0x00,0x00,0xFF,0x00,0x00,0xFF,0x00,0x00,0xFF,0x41,0x08,0xFF,
    0x00,0x00,0xFF,0x86,0x31,0xFF,0x9A,0xD6,0xFF,0xBE,0xF7,0xFF,0xBE,0xF7,0xFF,0xDF,0xFF,0xFF,0x9E,0xF7,0xFF,0x7D,0xEF,0xFF,0xFF,0xFF,0xFF,0x9E,0xF7,0xFF,0xBE,0xF7,0xFF,0x9E,0xF7,0xFF,
    0x9E,0xF7,0xFF,0x9E,0xF7,0xFF,0xBE,0xF7,0xFF,0xBE,0xF7,0xFF,0xBE,0xF7,0xFF,0xBE,0xF7,0xFF,0x7D,0xEF,0xFF,0xDF,0xFF,0xFF,0x7D,0xEF,0xFF,0xFF,0xFF,0xFF,0x9E,0xF7,0xFF,0x5D,0xEF,0xFF,
    0xFF,0xFF,0xFF,0xD3,0x9C,0xFF,0x00,0x00,0xFF,0x00,0x00,0xFF,0x00,0x00,0xFF,0xBE,0xF7,0xFF,0xFF,0xFF,0xFF,0xDF,0xFF,0xFF,0xFF,0xFF,0xFF,0xDF,0xFF,0xFF,0xFF,0xFF,0xFF,0xFF,0xFF,0xFF,
    0xFF,0xFF,0xFF,0xFF,0xFF,0xFF,0xFF,0xFF,0xFF,0xFF,0xFF,0xFF,0xFF,0xFF,0xFF,0xFF,0xFF,0xFF,0xFF,0xFF,0xFF,0xFF,0xFF,0xFF,0xFF,0xFF,0xFF,0xFF,0xFF,0xFF,0xFF,0xFF,0xFF,0xFF,0xFF,0xFF,
    0xFF,0xFF,0xFF,0xFF,0xFF,0xFF,0xFF,0xFF,0xFF,0xFF,0xFF,0xFF,0xFF,0xFF,0xFF,0xFF,0xFF,0xFF,0xFF,0xFF,0xFF,0xFF,0xFF,0xFF,0xFF,0xFF,0xFF,0xFF,0xFF,0xFF,0xFF,0xFF,0xFF,0xFF,0xFF,0xFF,
    0xFF,0xFF,0xFF,0xFF,0xFF,0xFF,0xFF,0xFF,0xFF,0xFF,0xFF,0xFF,0xFF,0xFF,0xFF,0xFF,0xFF,0xFF,0xFF,0xFF,0xFF,0xFF,0xFF,0xFF,0xFF,0xFF,0xFF,0xFF,0xFF,0xFF,0xFF,0xFF,0xFF,0xFF,0xFF,0xFF,
    0xFF,0xFF,0xFF,0xFF,0xFF,0xFF,0xFF,0xFF,0xFF,0xFF,0xFF,0xFF,0xFF,0xFF,0xFF,0xFF,0xFF,0xFF,0xFF,0xFF,0xFF,0xFF,0xFF,0xFF,0xFF,0xFF,0xFF,0xFF,0xFF,0xFF,0xFF,0xFF,0xFF,0xFF,0xFF,0xFF,
    0xFF,0xFF,0xFF,0xFF,0xFF,0xFF,0xFF,0xFF,0xFF,0xFF,0xFF,0xFF,0xFF,0xFF,0xFF,0xFF,0xFF,0xFF,0xFF,0xFF,0xFF,0xFF,0xFF,0xFF,0xFF,0xFF,0xFF,0xFF,0xFF,0xFF,0xFF,0xFF,0xFF,0xFF,0xFF,0xFF,
    0xFF,0xFF,0xFF,0xFF,0xFF,0xFF,0xFF,0xFF,0xFF,0xFF,0xFF,0xFF,0xFF,0xFF,0xFF,0xFF,0xFF,0xFF,0xFF,0xFF,0xFF,0xFF,0xFF,0xFF,0xFF,0xFF,0xFF,0xFF,0xFF,0xFF,0xFF,0xFF,0xFF,0xFF,0xFF,0xFF,
    0xFF,0xFF,0xFF,0xFF,0xFF,0xFF,0xFF,0xFF,0xFF,0xFF,0xFF,0xFF,0xFF,0xFF,0xFF,0xFF,0xFF,0xFF,0xFF,0xFF,0xFF,0xFF,0xFF,0xFF,0xFF,0xFF,0xFF,0xFF,0xFF,0xFF,0xFF,0xFF,0xFF,0xFF,0xFF,0xFF,
    0xFF,0xFF,0xFF,0xFF,0xFF,0xFF,0xFF,0xFF,0xFF,0xFF,0xFF,0xFF,0xFF,0xFF,0xFF,0xFF,0xFF,0xFF,0xFF,0xFF,0xFF,0xFF,0xFF,0xFF,0xFF,0xFF,0xFF,0xFF,0xFF,0xFF,0xFF,0xFF,0xFF,0xFF,0xFF,0xFF,
    0xFF,0xFF,0xFF,0xFF,0xFF,0xFF,0xFF,0xFF,0xFF,0xFF,0xFF,0xFF,0xFF,0xFF,0xFF,0xFF,0xFF,0xFF,0xFF,0xFF,0xFF,0xFF,0xFF,0xFF,0xFF,0xFF,0xFF,0xFF,0xFF,0xFF,0xFF,0xFF,0xFF,0xFF,0xFF,0xFF,
    0xFF,0xFF,0xFF,0xFF,0xFF,0xFF,0xFF,0xFF,0xFF,0xFF,0xFF,0xFF,0xFF,0xFF,0xFF,0xFF,0xFF,0xFF,0xFF,0xFF,0xFF,0xFF,0xFF,0xFF,0xFF,0xFF,0xFF,0xFF,0xFF,0xFF,0xFF,0xFF,0xFF,0xFF,0xFF,0xFF,
    0xFF,0xFF,0xFF,0xFF,0xFF,0xFF,0xFF,0xFF,0xFF,0xFF,0xFF,0xFF,0xFF,0xFF,0xFF,0xFF,0xFF,0xFF,0xFF,0xFF,0xFF,0xFF,0xFF,0xFF,0xFF,0xFF,0xFF,0xFF,0xFF,0xFF,0xFF,0xFF,0xFF,0xFF,0xFF,0xFF,
    0xFF,0xFF,0xFF,0xFF,0xFF,0xFF,0xFF,0xFF,0xFF,0xFF,0xFF,0xFF,0xFF,0xFF,0xFF,0xFF,0xFF,0xFF,0xFF,0xFF,0xFF,0xFF,0xFF,0xFF,0xFF,0xFF,0xFF,0xFF,0xFF,0xFF,0xFF,0xFF,0xFF,0xFF,0xFF,0xFF,
    0xFF,0xFF,0xFF,0xFF,0xFF,0xFF,0xFF,0xFF,0xFF,0xFF,0xFF,0xFF,0xFF,0xFF,0xFF,0xFF,0xFF,0xFF,0xFF,0xFF,0xFF,0xFF,0xFF,0xFF,0xFF,0xFF,0xFF,0xFF,0xFF,0xFF,0xFF,0xFF,0xFF,0xFF,0xFF,0xFF,
    0xFF,0xFF,0xFF,0xFF,0xFF,0xFF,0xFF,0xFF,0xFF,0xFF,0xFF,0xFF,0xFF,0xFF,0xFF,0xFF,0xFF,0xFF,0xFF,0xFF,0xFF,0xFF,0xFF,0xFF,0xFF,0xFF,0xFF,0xFF,0xFF,0xFF,0xFF,0xFF,0xFF,0xFF,0xFF,0xFF,
    0xFF,0xFF,0xFF,0xFF,0xFF,0xFF,0xFF,0xFF,0xFF,0xFF,0xFF,0xFF,0xFF,0xFF,0xFF,0xFF,0xFF,0xFF,0xFF,0xFF,0xFF,0xFF,0xFF,0xFF,0xFF,0xFF,0xFF,0xFF,0xFF,0xFF,0xFF,0xFF,0xFF,0xFF,0xFF,0xFF,
    0xFF,0xFF,0xFF,0xFF,0xFF,0xFF,0xFF,0xFF,0xFF,0xFF,0xFF,0xFF,0xFF,0xFF,0xFF,0xFF,0xFF,0xFF,0xFF,0xFF,0xFF,0xFF,0xFF,0xFF,0xFF,0xFF,0xFF,0xFF,0xFF,0xFF,0xFF,0xFF,0xFF,0xFF,0xFF,0xFF,
    0xFF,0xFF,0xFF,0xFF,0xFF,0xFF,0xFF,0xFF,0xFF,0xFF,0xFF,0xFF,0xFF,0xFF,0xFF,0xFF,0xFF,0xFF,0xFF,0xFF,0xFF,0xFF,0xFF,0xFF,0xFF,0xFF,0xFF,0xFF,0xFF,0xFF,0xFF,0xFF,0xFF,0xFF,0xFF,0xFF,
    0xFF,0xFF,0xFF,0xFF,0xFF,0xFF,0xFF,0xFF,0xFF,0xFF,0xFF,0xFF,0xFF,0xFF,0xFF,0xFF,0xFF,0xFF,0xFF,0xFF,0xFF,0xFF,0xFF,0xFF,0xFF,0xFF,0xFF,0xFF,0xFF,0xFF,0xFF,0xFF,0xFF,0xFF,0xFF,0xFF,
    0xFF,0xFF,0xFF,0xFF,0xFF,0xFF,0xFF,0xFF,0xFF,0xFF,0xFF,0xFF,0xFF,0xFF,0xFF,0xFF,0xFF,0xFF,0xFF,0xFF,0xFF,0xFF,0xFF,0xFF,0xFF,0xFF,0xFF,0xDF,0xFF,0xFF,0xFF,0xFF,0xFF,0xFF,0xFF,0xFF,
    0x34,0xA5,0xFF,0x00,0x00,0xFF,0x00,0x00,0xFF,0xA2,0x10,0xFF,0xBE,0xF7,0xFF,0xBE,0xF7,0xFF,0xBE,0xF7,0xFF,0xBE,0xF7,0xFF,0xBE,0xF7,0xFF,0xBE,0xF7,0xFF,0xBE,0xF7,0xFF,0xBE,0xF7,0xFF,
    0xBE,0xF7,0xFF,0x9E,0xF7,0xFF,0xDF,0xFF,0xFF,0x9E,0xF7,0xFF,0x7D,0xEF,0xFF,0xBE,0xF7,0xFF,0xDF,0xFF,0xFF,0x9E,0xF7,0xFF,0xFF,0xFF,0xFF,0xDF,0xFF,0xFF,0xBE,0xF7,0xFF,0x7D,0xEF,0xFF,
    0xBE,0xF7,0xFF,0xFF,0xFF,0xFF,0x00,0x00,0xFF,0x00,0x00,0xFF,0x20,0x00,0xFF,0x00,0x00,0xFF,0x82,0x10,0xFF,0xBE,0xF7,0xFF,0xFF,0xFF,0xFF,0xFF,0xFF,0xFF,0xBE,0xF7,0xFF,0xFF,0xFF,0xFF,
    0xDF,0xFF,0xFF,0xFF,0xFF,0xFF,0xFF,0xFF,0xFF,0xFF,0xFF,0xFF,0xFF,0xFF,0xFF,0xFF,0xFF,0xFF,0xFF,0xFF,0xFF,0xDF,0xFF,0xFF,0xFF,0xFF,0xFF,0xFF,0xFF,0xFF,0xFF,0xFF,0xFF,0xFF,0xFF,0xFF,
    0xFF,0xFF,0xFF,0xFF,0xFF,0xFF,0xFF,0xFF,0xFF,0xFF,0xFF,0xFF,0xFF,0xFF,0xFF,0xFF,0xFF,0xFF,0xFF,0xFF,0xFF,0xFF,0xFF,0xFF,0xDE,0xF7,0xFF,0xDE,0xFF,0xFF,0x20,0x00,0xFF,0x03,0x21,0xFF,
    0xBC,0xFF,0xFF,0xFE,0xFF,0xFF,0xDD,0xFF,0xFF,0xFE,0xFF,0xFF,0xBD,0xF7,0xFF,0xFF,0xFF,0xFF,0xFF,0xFF,0xFF,0xFF,0xFF,0xFF,0xFF,0xFF,0xFF,0xDF,0xFF,0xFF,0xDF,0xFF,0xFF,0xFF,0xFF,0xFF,
    0xBE,0xF7,0xFF,0xFE,0xFF,0xFF,0x87,0x52,0xFF,0x20,0x00,0xFF,0xFD,0xFF,0xFF,0xFE,0xFF,0xFF,0xFF,0xFF,0xFF,0xFF,0xFF,0xFF,0xFF,0xFF,0xFF,0xFF,0xFF,0xFF,0xFF,0xFF,0xFF,0xFF,0xFF,0xFF,
    0xFF,0xFF,0xFF,0xFF,0xFF,0xFF,0xFF,0xFF,0xFF,0xFF,0xFF,0xFF,0xFF,0xFF,0xFF,0xFF,0xFF,0xFF,0xFF,0xFF,0xFF,0xFF,0xFF,0xFF,0xFF,0xFF,0xFF,0xFF,0xFF,0xFF,0xFF,0xFF,0xFF,0xFF,0xFF,0xFF,
    0xFF,0xFF,0xFF,0xFF,0xFF,0xFF,0xFF,0xFF,0xFF,0xFF,0xFF,0xFF,0xFF,0xFF,0xFF,0xFF,0xFF,0xFF,0xFF,0xFF,0xFF,0xFF,0xFF,0xFF,0xFF,0xFF,0xFF,0xFF,0xFF,0xFF,0xFF,0xFF,0xFF,0xFF,0xFF,0xFF,
    0xFF,0xFF,0xFF,0xFF,0xFF,0xFF,0xFF,0xFF,0xFF,0xFF,0xFF,0xFF,0xDF,0xFF,0xFF,0xFF,0xFF,0xFF,0xFF,0xFF,0xFF,0xFF,0xFF,0xFF,0xBE,0xF7,0xFF,0xFF,0xFF,0xFF,0xFF,0xFF,0xFF,0xFF,0xFF,0xFF,
    0xDF,0xFF,0xFF,0xFF,0xFF,0xFF,0xFF,0xFF,0xFF,0xBE,0xF7,0xFF,0xFF,0xFF,0xFF,0xFF,0xFF,0xFF,0xBE,0xF7,0xFF,0xDF,0xFF,0xFF,0xFF,0xFF,0xFF,0x30,0x84,0xFF,0x20,0x00,0xFF,0x00,0x00,0xFF,
    0x00,0x00,0xFF,0x41,0x08,0xFF,0x00,0x00,0xFF,0x20,0x00,0xFF,0x82,0x10,0xFF,0xB2,0x94,0xFF,0x9E,0xF7,0xFF,0xDF,0xFF,0xFF,0xBE,0xF7,0xFF,0xFF,0xFF,0xFF,0xBE,0xF7,0xFF,0xBE,0xF7,0xFF,
    0xFF,0xFF,0xFF,0xBE,0xF7,0xFF,0x7D,0xEF,0xFF,0xDF,0xFF,0xFF,0x9E,0xF7,0xFF,0xBE,0xF7,0xFF,0xBE,0xF7,0xFF,0xBE,0xF7,0xFF,0xBE,0xF7,0xFF,0xDF,0xFF,0xFF,0xBE,0xF7,0xFF,0x7D,0xEF,0xFF,
    0xBE,0xF7,0xFF,0xBE,0xF7,0xFF,0x9E,0xF7,0xFF,0xBE,0xF7,0xFF,0xBE,0xF7,0xFF,0xBE,0xF7,0xFF,0x9E,0xF7,0xFF,0x9E,0xF7,0xFF,0x20,0x00,0xFF,0x00,0x00,0xFF,0x41,0x08,0xFF,0x71,0x8C,0xFF,
    0xFF,0xFF,0xFF,0xDF,0xFF,0xFF,0xFF,0xFF,0xFF,0xFF,0xFF,0xFF,0xFF,0xFF,0xFF,0xFF,0xFF,0xFF,0xFF,0xFF,0xFF,0xFF,0xFF,0xFF,0xFF,0xFF,0xFF,0xFF,0xFF,0xFF,0xFF,0xFF,0xFF,0xFF,0xFF,0xFF,
    0xFF,0xFF,0xFF,0xFF,0xFF,0xFF,0xFF,0xFF,0xFF,0xFF,0xFF,0xFF,0xFF,0xFF,0xFF,0xFF,0xFF,0xFF,0xFF,0xFF,0xFF,0xFF,0xFF,0xFF,0xFF,0xFF,0xFF,0xFF,0xFF,0xFF,0xFF,0xFF,0xFF,0xFF,0xFF,0xFF,
    0xFF,0xFF,0xFF,0xFF,0xFF,0xFF,0xFF,0xFF,0xFF,0xFF,0xFF,0xFF,0xFF,0xFF,0xFF,0xFF,0xFF,0xFF,0xFF,0xFF,0xFF,0xFF,0xFF,0xFF,0xFF,0xFF,0xFF,0xFF,0xFF,0xFF,0xFF,0xFF,0xFF,0xFF,0xFF,0xFF,
    0xFF,0xFF,0xFF,0xFF,0xFF,0xFF,0xFF,0xFF,0xFF,0xFF,0xFF,0xFF,0xFF,0xFF,0xFF,0xFF,0xFF,0xFF,0xFF,0xFF,0xFF,0xFF,0xFF,0xFF,0xFF,0xFF,0xFF,0xFF,0xFF,0xFF,0xFF,0xFF,0xFF,0xFF,0xFF,0xFF,
    0xFF,0xFF,0xFF,0xFF,0xFF,0xFF,0xFF,0xFF,0xFF,0xFF,0xFF,0xFF,0xFF,0xFF,0xFF,0xFF,0xFF,0xFF,0xFF,0xFF,0xFF,0xFF,0xFF,0xFF,0xFF,0xFF,0xFF,0xFF,0xFF,0xFF,0xFF,0xFF,0xFF,0xFF,0xFF,0xFF,
    0xFF,0xFF,0xFF,0xFF,0xFF,0xFF,0xFF,0xFF,0xFF,0xFF,0xFF,0xFF,0xFF,0xFF,0xFF,0xFF,0xFF,0xFF,0xFF,0xFF,0xFF,0xFF,0xFF,0xFF,0xFF,0xFF,0xFF,0xFF,0xFF,0xFF,0xFF,0xFF,0xFF,0xFF,0xFF,0xFF,
    0xFF,0xFF,0xFF,0xFF,0xFF,0xFF,0xFF,0xFF,0xFF,0xFF,0xFF,0xFF,0xFF,0xFF,0xFF,0xFF,0xFF,0xFF,0xFF,0xFF,0xFF,0xFF,0xFF,0xFF,0xFF,0xFF,0xFF,0xFF,0xFF,0xFF,0xFF,0xFF,0xFF,0xFF,0xFF,0xFF,
    0xFF,0xFF,0xFF,0xFF,0xFF,0xFF,0xFF,0xFF,0xFF,0xFF,0xFF,0xFF,0xFF,0xFF,0xFF,0xFF,0xFF,0xFF,0xFF,0xFF,0xFF,0xFF,0xFF,0xFF,0xFF,0xFF,0xFF,0xFF,0xFF,0xFF,0xFF,0xFF,0xFF,0xFF,0xFF,0xFF,
    0xFF,0xFF,0xFF,0xFF,0xFF,0xFF,0xFF,0xFF,0xFF,0xFF,0xFF,0xFF,0xFF,0xFF,0xFF,0xFF,0xFF,0xFF,0xFF,0xFF,0xFF,0xFF,0xFF,0xFF,0xFF,0xFF,0xFF,0xFF,0xFF,0xFF,0xFF,0xFF,0xFF,0xFF,0xFF,0xFF,
    0xFF,0xFF,0xFF,0xFF,0xFF,0xFF,0xFF,0xFF,0xFF,0xFF,0xFF,0xFF,0xFF,0xFF,0xFF,0xFF,0xFF,0xFF,0xFF,0xFF,0xFF,0xFF,0xFF,0xFF,0xFF,0xFF,0xFF,0xFF,0xFF,0xFF,0xFF,0xFF,0xFF,0xFF,0xFF,0xFF,
    0xFF,0xFF,0xFF,0xFF,0xFF,0xFF,0xFF,0xFF,0xFF,0xFF,0xFF,0xFF,0xFF,0xFF,0xFF,0xFF,0xFF,0xFF,0xFF,0xFF,0xFF,0xFF,0xFF,0xFF,0xFF,0xFF,0xFF,0xFF,0xFF,0xFF,0xFF,0xFF,0xFF,0xFF,0xFF,0xFF,
    0xFF,0xFF,0xFF,0xFF,0xFF,0xFF,0xFF,0xFF,0xFF,0xFF,0xFF,0xFF,0xFF,0xFF,0xFF,0xFF,0xFF,0xFF,0xFF,0xFF,0xFF,0xFF,0xFF,0xFF,0xFF,0xFF,0xFF,0xFF,0xFF,0xFF,0xFF,0xFF,0xFF,0xFF,0xFF,0xFF,
    0xFF,0xFF,0xFF,0xFF,0xFF,0xFF,0xFF,0xFF,0xFF,0xFF,0xFF,0xFF,0xFF,0xFF,0xFF,0xFF,0xFF,0xFF,0xFF,0xFF,0xFF,0xFF,0xFF,0xFF,0xFF,0xFF,0xFF,0xFF,0xFF,0xFF,0xFF,0xFF,0xFF,0xFF,0xFF,0xFF,
    0xFF,0xFF,0xFF,0xFF,0xFF,0xFF,0xFF,0xFF,0xFF,0xFF,0xFF,0xFF,0xFF,0xFF,0xFF,0xFF,0xFF,0xFF,0xFF,0xFF,0xFF,0xFF,0xFF,0xFF,0xFF,0xFF,0xFF,0xFF,0xFF,0xFF,0xFF,0xFF,0xFF,0xFF,0xFF,0xFF,
    0xFF,0xFF,0xFF,0xFF,0xFF,0xFF,0xFF,0xFF,0xFF,0xFF,0xFF,0xFF,0xFF,0xFF,0xFF,0xFF,0xFF,0xFF,0xFF,0xFF,0xFF,0xFF,0xFF,0xFF,0xFF,0xFF,0xFF,0xFF,0xFF,0xFF,0xFF,0xFF,0xFF,0xFF,0xFF,0xFF,
    0xFF,0xFF,0xFF,0xFF,0xFF,0xFF,0xFF,0xFF,0xFF,0xFF,0xFF,0xFF,0xFF,0xFF,0xFF,0xFF,0xFF,0xFF,0xFF,0xFF,0xFF,0xFF,0xFF,0xFF,0xFF,0xFF,0xFF,0xFF,0xFF,0xFF,0xFF,0xFF,0xFF,0xFF,0xFF,0xFF,
    0xFF,0xFF,0xFF,0xFF,0xFF,0xFF,0xFF,0xFF,0xFF,0xFF,0xFF,0xFF,0xFF,0xFF,0xFF,0xFF,0xFF,0xFF,0xFF,0xFF,0xFF,0xFF,0xFF,0xFF,0xFF,0xFF,0xFF,0xFF,0xFF,0xFF,0xFF,0xFF,0xFF,0xFF,0xFF,0xFF,
    0xFF,0xFF,0xFF,0xFF,0xFF,0xFF,0xFF,0xFF,0xFF,0xFF,0xFF,0xFF,0xFF,0xFF,0xFF,0xFF,0xFF,0xFF,0xFF,0xFF,0xFF,0xFF,0xFF,0xFF,0xFF,0xFF,0xFF,0xFF,0xFF,0xFF,0xFF,0xFF,0xFF,0xFF,0xFF,0xFF,
    0xFF,0xFF,0xFF,0xFF,0xFF,0xFF,0xFF,0xFF,0xFF,0xFF,0xFF,0xFF,0xFF,0xFF,0xFF,0xFF,0xFF,0xFF,0xFF,0xFF,0xFF,0xFF,0xFF,0xFF,0xFF,0xFF,0xFF,0xFF,0xFF,0xFF,0xFF,0xFF,0xFF,0xFF,0xFF,0xFF,
    0xFF,0xFF,0xFF,0xFF,0xFF,0xFF,0xFF,0xFF,0xFF,0xFF,0xFF,0xFF,0xFF,0xFF,0xFF,0xBE,0xF7,0xFF,0xC7,0x39,0xFF,0x00,0x00,0xFF,0x41,0x08,0xFF,0x71,0x8C,0xFF,0xBE,0xF7,0xFF,0xBE,0xF7,0xFF,
    0xBE,0xF7,0xFF,0xBE,0xF7,0xFF,0xBE,0xF7,0xFF,0xBE,0xF7,0xFF,0xBE,0xF7,0xFF,0xBE,0xF7,0xFF,0xBE,0xF7,0xFF,0x9E,0xF7,0xFF,0x7D,0xEF,0xFF,0xDF,0xFF,0xFF,0xFF,0xFF,0xFF,0x7D,0xEF,0xFF,
    0xDF,0xFF,0xFF,0x9E,0xF7,0xFF,0x9E,0xF7,0xFF,0x9E,0xF7,0xFF,0xFF,0xFF,0xFF,0xFF,0xFF,0xFF,0x5D,0xEF,0xFF,0x5D,0xEF,0xFF,0xDF,0xFF,0xFF,0x69,0x4A,0xFF,0x20,0x00,0xFF,0x00,0x00,0xFF,
    0x00,0x00,0xFF,0x00,0x00,0xFF,0x79,0xCE,0xFF,0xDF,0xFF,0xFF,0xFF,0xFF,0xFF,0xDF,0xFF,0xFF,0xDF,0xFF,0xFF,0xFF,0xFF,0xFF,0xBE,0xF7,0xFF,0xFF,0xFF,0xFF,0xFF,0xFF,0xFF,0xDF,0xFF,0xFF,
    0xFF,0xFF,0xFF,0xFF,0xFF,0xFF,0xFF,0xFF,0xFF,0xFF,0xFF,0xFF,0xFF,0xFF,0xFF,0xFF,0xFF,0xFF,0xFF,0xFF,0xFF,0xFF,0xFF,0xFF,0xFF,0xFF,0xFF,0xFF,0xFF,0xFF,0xFF,0xFF,0xFF,0xDE,0xFF,0xFF,
    0xFE,0xFF,0xFF,0xDE,0xFF,0xFF,0xFF,0xFF,0xFF,0xBE,0xF7,0xFF,0x95,0xB5,0xFF,0xDE,0xFF,0xFF,0xFF,0xFF,0xFF,0xBE,0xFF,0xFF,0xFF,0xFF,0xFF,0xFE,0xFF,0xFF,0xDD,0xFF,0xFF,0xFE,0xFF,0xFF,
    0xBE,0xF7,0xFF,0xFF,0xFF,0xFF,0xFF,0xFF,0xFF,0xFF,0xFF,0xFF,0xDF,0xFF,0xFF,0xFF,0xFF,0xFF,0xDF,0xFF,0xFF,0xFF,0xFF,0xFF,0xE9,0x5A,0xFF,0x00,0x00,0xFF,0xFD,0xFF,0xFF,0xFE,0xFF,0xFF,
    0xFF,0xFF,0xFF,0xFF,0xFF,0xFF,0xFF,0xFF,0xFF,0xFF,0xFF,0xFF,0xFF,0xFF,0xFF,0xFF,0xFF,0xFF,0xFF,0xFF,0xFF,0xFF,0xFF,0xFF,0xFF,0xFF,0xFF,0xFF,0xFF,0xFF,0xFF,0xFF,0xFF,0xFF,0xFF,0xFF,
    0xFF,0xFF,0xFF,0xFF,0xFF,0xFF,0xFF,0xFF,0xFF,0xFF,0xFF,0xFF,0xFF,0xFF,0xFF,0xFF,0xFF,0xFF,0xFF,0xFF,0xFF,0xFF,0xFF,0xFF,0xFF,0xFF,0xFF,0xFF,0xFF,0xFF,0xFF,0xFF,0xFF,0xFF,0xFF,0xFF,
    0xFF,0xFF,0xFF,0xFF,0xFF,0xFF,0xFF,0xFF,0xFF,0xFF,0xFF,0xFF,0xFF,0xFF,0xFF,0xFF,0xFF,0xFF,0xFF,0xFF,0xFF,0xDF,0xFF,0xFF,0xFF,0xFF,0xFF,0xFF,0xFF,0xFF,0xFF,0xFF,0xFF,0xFF,0xFF,0xFF,
    0xDF,0xFF,0xFF,0xDF,0xFF,0xFF,0xFF,0xFF,0xFF,0xDF,0xFF,0xFF,0xDF,0xFF,0xFF,0xFF,0xFF,0xFF,0xFF,0xFF,0xFF,0x9E,0xF7,0xFF,0x9E,0xF7,0xFF,0xFF,0xFF,0xFF,0xDF,0xFF,0xFF,0xDF,0xFF,0xFF,
    0xFF,0xFF,0xFF,0x8E,0x73,0xFF,0x00,0x00,0xFF,0x61,0x08,0xFF,0x00,0x00,0xFF,0x20,0x00,0xFF,0x00,0x00,0xFF,0x00,0x00,0xFF,0x86,0x31,0xFF,0x1C,0xE7,0xFF,0xDF,0xFF,0xFF,0x5D,0xEF,0xFF,
    0xDF,0xFF,0xFF,0x7D,0xEF,0xFF,0x7D,0xEF,0xFF,0xDF,0xFF,0xFF,0xBE,0xF7,0xFF,0x7D,0xEF,0xFF,0xBE,0xF7,0xFF,0xFF,0xFF,0xFF,0xDF,0xFF,0xFF,0x9E,0xF7,0xFF,0xDF,0xFF,0xFF,0x9E,0xF7,0xFF,
    0xBE,0xF7,0xFF,0xDF,0xFF,0xFF,0x9E,0xF7,0xFF,0x5D,0xEF,0xFF,0x7D,0xEF,0xFF,0xFF,0xFF,0xFF,0xBE,0xF7,0xFF,0xBE,0xF7,0xFF,0xBE,0xF7,0xFF,0xBE,0xF7,0xFF,0xBE,0xF7,0xFF,0xBE,0xF7,0xFF,
    0xBE,0xF7,0xFF,0x9E,0xF7,0xFF,0x34,0xA5,0xFF,0x00,0x00,0xFF,0x00,0x00,0xFF,0x04,0x21,0xFF,0xFF,0xFF,0xFF,0x9E,0xF7,0xFF,0xFF,0xFF,0xFF,0xFF,0xFF,0xFF,0xFF,0xFF,0xFF,0xFF,0xFF,0xFF,
    0xFF,0xFF,0xFF,0xFF,0xFF,0xFF,0xFF,0xFF,0xFF,0xFF,0xFF,0xFF,0xFF,0xFF,0xFF,0xFF,0xFF,0xFF,0xFF,0xFF,0xFF,0xFF,0xFF,0xFF,0xFF,0xFF,0xFF,0xFF,0xFF,0xFF,0xFF,0xFF,0xFF,0xFF,0xFF,0xFF,
    0xFF,0xFF,0xFF,0xFF,0xFF,0xFF,0xFF,0xFF,0xFF,0xFF,0xFF,0xFF,0xFF,0xFF,0xFF,0xFF,0xFF,0xFF,0xFF,0xFF,0xFF,0xFF,0xFF,0xFF,0xFF,0xFF,0xFF,0xFF,0xFF,0xFF,0xFF,0xFF,0xFF,0xFF,0xFF,0xFF,
    0xFF,0xFF,0xFF,0xFF,0xFF,0xFF,0xFF,0xFF,0xFF,0xFF,0xFF,0xFF,0xFF,0xFF,0xFF,0xFF,0xFF,0xFF,0xFF,0xFF,0xFF,0xFF,0xFF,0xFF,0xFF,0xFF,0xFF,0xFF,0xFF,0xFF,0xFF,0xFF,0xFF,0xFF,0xFF,0xFF,
    0xFF,0xFF,0xFF,0xFF,0xFF,0xFF,0xFF,0xFF,0xFF,0xFF,0xFF,0xFF,0xFF,0xFF,0xFF,0xFF,0xFF,0xFF,0xFF,0xFF,0xFF,0xFF,0xFF,0xFF,0xFF,0xFF,0xFF,0xFF,0xFF,0xFF,0xFF,0xFF,0xFF,0xFF,0xFF,0xFF,
    0xFF,0xFF,0xFF,0xFF,0xFF,0xFF,0xFF,0xFF,0xFF,0xFF,0xFF,0xFF,0xFF,0xFF,0xFF,0xFF,0xFF,0xFF,0xFF,0xFF,0xFF,0xFF,0xFF,0xFF,0xFF,0xFF,0xFF,0xFF,0xFF,0xFF,0xFF,0xFF,0xFF,0xFF,0xFF,0xFF,
    0xFF,0xFF,0xFF,0xFF,0xFF,0xFF,0xFF,0xFF,0xFF,0xFF,0xFF,0xFF,0xFF,0xFF,0xFF,0xFF,0xFF,0xFF,0xFF,0xFF,0xFF,0xFF,0xFF,0xFF,0xFF,0xFF,0xFF,0xFF,0xFF,0xFF,0xFF,0xFF,0xFF,0xFF,0xFF,0xFF,
    0xFF,0xFF,0xFF,0xFF,0xFF,0xFF,0xFF,0xFF,0xFF,0xFF,0xFF,0xFF,0xFF,0xFF,0xFF,0xFF,0xFF,0xFF,0xFF,0xFF,0xFF,0xFF,0xFF,0xFF,0xFF,0xFF,0xFF,0xFF,0xFF,0xFF,0xFF,0xFF,0xFF,0xFF,0xFF,0xFF,
    0xFF,0xFF,0xFF,0xFF,0xFF,0xFF,0xFF,0xFF,0xFF,0xFF,0xFF,0xFF,0xFF,0xFF,0xFF,0xFF,0xFF,0xFF,0xFF,0xFF,0xFF,0xFF,0xFF,0xFF,0xFF,0xFF,0xFF,0xFF,0xFF,0xFF,0xFF,0xFF,0xFF,0xFF,0xFF,0xFF,
    0xFF,0xFF,0xFF,0xFF,0xFF,0xFF,0xFF,0xFF,0xFF,0xFF,0xFF,0xFF,0xFF,0xFF,0xFF,0xFF,0xFF,0xFF,0xFF,0xFF,0xFF,0xFF,0xFF,0xFF,0xFF,0xFF,0xFF,0xFF,0xFF,0xFF,0xFF,0xFF,0xFF,0xFF,0xFF,0xFF,
    0xFF,0xFF,0xFF,0xFF,0xFF,0xFF,0xFF,0xFF,0xFF,0xFF,0xFF,0xFF,0xFF,0xFF,0xFF,0xFF,0xFF,0xFF,0xFF,0xFF,0xFF,0xFF,0xFF,0xFF,0xFF,0xFF,0xFF,0xFF,0xFF,0xFF,0xFF,0xFF,0xFF,0xFF,0xFF,0xFF,
    0xFF,0xFF,0xFF,0xFF,0xFF,0xFF,0xFF,0xFF,0xFF,0xFF,0xFF,0xFF,0xFF,0xFF,0xFF,0xFF,0xFF,0xFF,0xFF,0xFF,0xFF,0xFF,0xFF,0xFF,0xFF,0xFF,0xFF,0xFF,0xFF,0xFF,0xFF,0xFF,0xFF,0xFF,0xFF,0xFF,
    0xFF,0xFF,0xFF,0xFF,0xFF,0xFF,0xFF,0xFF,0xFF,0xFF,0xFF,0xFF,0xFF,0xFF,0xFF,0xFF,0xFF,0xFF,0xFF,0xFF,0xFF,0xFF,0xFF,0xFF,0xFF,0xFF,0xFF,0xFF,0xFF,0xFF,0xFF,0xFF,0xFF,0xFF,0xFF,0xFF,
    0xFF,0xFF,0xFF,0xFF,0xFF,0xFF,0xFF,0xFF,0xFF,0xFF,0xFF,0xFF,0xFF,0xFF,0xFF,0xFF,0xFF,0xFF,0xFF,0xFF,0xFF,0xFF,0xFF,0xFF,0xFF,0xFF,0xFF,0xFF,0xFF,0xFF,0xFF,0xFF,0xFF,0xFF,0xFF,0xFF,
    0xFF,0xFF,0xFF,0xFF,0xFF,0xFF,0xFF,0xFF,0xFF,0xFF,0xFF,0xFF,0xFF,0xFF,0xFF,0xFF,0xFF,0xFF,0xFF,0xFF,0xFF,0xFF,0xFF,0xFF,0xFF,0xFF,0xFF,0xFF,0xFF,0xFF,0xFF,0xFF,0xFF,0xFF,0xFF,0xFF,
    0xFF,0xFF,0xFF,0xFF,0xFF,0xFF,0xFF,0xFF,0xFF,0xFF,0xFF,0xFF,0xFF,0xFF,0xFF,0xFF,0xFF,0xFF,0xFF,0xFF,0xFF,0xFF,0xFF,0xFF,0xFF,0xFF,0xFF,0xFF,0xFF,0xFF,0xFF,0xFF,0xFF,0xFF,0xFF,0xFF,
    0xFF,0xFF,0xFF,0xFF,0xFF,0xFF,0xFF,0xFF,0xFF,0xFF,0xFF,0xFF,0xFF,0xFF,0xFF,0xFF,0xFF,0xFF,0xFF,0xFF,0xFF,0xFF,0xFF,0xFF,0xFF,0xFF,0xFF,0xFF,0xFF,0xFF,0xFF,0xFF,0xFF,0xFF,0xFF,0xFF,
    0xFF,0xFF,0xFF,0xFF,0xFF,0xFF,0xFF,0xFF,0xFF,0xFF,0xFF,0xFF,0xFF,0xFF,0xFF,0xFF,0xFF,0xFF,0xFF,0xFF,0xFF,0xFF,0xFF,0xFF,0xFF,0xFF,0xFF,0xFF,0xFF,0xFF,0xFF,0xFF,0xFF,0xFF,0xFF,0xFF,
    0xFF,0xFF,0xFF,0xFF,0xFF,0xFF,0xFF,0xFF,0xFF,0xFF,0xFF,0xFF,0xFF,0xFF,0xFF,0xFF,0xFF,0xFF,0xFF,0xFF,0xFF,0xFF,0xFF,0xFF,0xFF,0xFF,0xFF,0xFF,0xFF,0xFF,0xFF,0xFF,0xFF,0xFF,0xFF,0xFF,
    0xFF,0xFF,0xFF,0xFF,0xFF,0xFF,0xFF,0xFF,0xFF,0xFF,0xFF,0xFF,0xFF,0xFF,0xFF,0xFF,0xFF,0xFF,0xFF,0xFF,0xFF,0xFF,0xFF,0xFF,0xFF,0xFF,0xFF,0xFF,0xFF,0xFF,0xFF,0xFF,0xFF,0xFF,0xFF,0xFF,
    0x00,0x00,0xFF,0x00,0x00,0xFF,0x20,0x00,0xFF,0x3C,0xE7,0xFF,0xBE,0xF7,0xFF,0xBE,0xF7,0xFF,0xBE,0xF7,0xFF,0xBE,0xF7,0xFF,0xBE,0xF7,0xFF,0xBE,0xF7,0xFF,0xBE,0xF7,0xFF,0xBE,0xF7,0xFF,
    0xBE,0xF7,0xFF,0xFF,0xFF,0xFF,0x9E,0xF7,0xFF,0x5D,0xEF,0xFF,0xFF,0xFF,0xFF,0xDF,0xFF,0xFF,0x3C,0xE7,0xFF,0xFF,0xFF,0xFF,0xDF,0xFF,0xFF,0x7D,0xEF,0xFF,0xDF,0xFF,0xFF,0x5D,0xEF,0xFF,
    0xFF,0xFF,0xFF,0xDF,0xFF,0xFF,0xBE,0xF7,0xFF,0x7D,0xEF,0xFF,0xD3,0x9C,0xFF,0x00,0x00,0xFF,0x82,0x10,0xFF,0x00,0x00,0xFF,0x20,0x00,0xFF,0xF3,0x9C,0xFF,0xDF,0xFF,0xFF,0xDF,0xFF,0xFF,
    0xFF,0xFF,0xFF,0xFF,0xFF,0xFF,0x9E,0xF7,0xFF,0xFF,0xFF,0xFF,0xFF,0xFF,0xFF,0xFF,0xFF,0xFF,0xFF,0xFF,0xFF,0xBE,0xF7,0xFF,0xFF,0xFF,0xFF,0xFF,0xFF,0xFF,0xFF,0xFF,0xFF,0xFF,0xFF,0xFF,
    0xFF,0xFF,0xFF,0xFF,0xFF,0xFF,0xFF,0xFF,0xFF,0xFF,0xFF,0xFF,0xFF,0xFF,0xFF,0xFF,0xFF,0xFF,0xFF,0xFF,0xFF,0xBE,0xF7,0xFF,0xDE,0xFF,0xFF,0xFF,0xFF,0xFF,0xFF,0xFF,0xFF,0xFF,0xFF,0xFF,
    0xBF,0xFF,0xFF,0xDF,0xFF,0xFF,0xBE,0xFF,0xFF,0xDD,0xFF,0xFF,0x18,0xE7,0xFF,0x65,0x4A,0xFF,0x80,0x08,0xFF,0x62,0x21,0xFF,0xFE,0xFF,0xFF,0xFF,0xFF,0xFF,0xFF,0xFF,0xFF,0xFF,0xFF,0xFF,
    0xFF,0xFF,0xFF,0xFF,0xFF,0xFF,0x2D,0x6B,0xFF,0x00,0x00,0xFF,0xFF,0xFF,0xFF,0xFF,0xFF,0xFF,0xFF,0xFF,0xFF,0xFF,0xFF,0xFF,0xFF,0xFF,0xFF,0xFF,0xFF,0xFF,0xFF,0xFF,0xFF,0xFF,0xFF,0xFF,
    0xFF,0xFF,0xFF,0xFF,0xFF,0xFF,0xFF,0xFF,0xFF,0xFF,0xFF,0xFF,0xFF,0xFF,0xFF,0xFF,0xFF,0xFF,0xFF,0xFF,0xFF,0xFF,0xFF,0xFF,0xFF,0xFF,0xFF,0xFF,0xFF,0xFF,0xFF,0xFF,0xFF,0xFF,0xFF,0xFF,
    0xFF,0xFF,0xFF,0xFF,0xFF,0xFF,0xFF,0xFF,0xFF,0xFF,0xFF,0xFF,0xFF,0xFF,0xFF,0xFF,0xFF,0xFF,0xFF,0xFF,0xFF,0xFF,0xFF,0xFF,0xFF,0xFF,0xFF,0xFF,0xFF,0xFF,0xFF,0xFF,0xFF,0xFF,0xFF,0xFF,
    0xFF,0xFF,0xFF,0xFF,0xFF,0xFF,0xFF,0xFF,0xFF,0xFF,0xFF,0xFF,0xFF,0xFF,0xFF,0xFF,0xFF,0xFF,0xFF,0xFF,0xFF,0xFF,0xFF,0xFF,0xBE,0xF7,0xFF,0xFF,0xFF,0xFF,0xFF,0xFF,0xFF,0xFF,0xFF,0xFF,
    0xDF,0xFF,0xFF,0xFF,0xFF,0xFF,0xFF,0xFF,0xFF,0xBE,0xF7,0xFF,0xFF,0xFF,0xFF,0x49,0x4A,0xFF,0x00,0x00,0xFF,0x20,0x00,0xFF,0x00,0x00,0xFF,0x00,0x00,0xFF,0x61,0x08,0xFF,0x00,0x00,0xFF,
    0xAE,0x73,0xFF,0xDF,0xFF,0xFF,0xBE,0xF7,0xFF,0x9E,0xF7,0xFF,0x7D,0xEF,0xFF,0x9E,0xF7,0xFF,0xDF,0xFF,0xFF,0xBE,0xF7,0xFF,0xFF,0xFF,0xFF,0x5D,0xEF,0xFF,0x9E,0xF7,0xFF,0xFF,0xFF,0xFF,
    0x5D,0xEF,0xFF,0x3C,0xE7,0xFF,0xDF,0xFF,0xFF,0xDF,0xFF,0xFF,0x7D,0xEF,0xFF,0x9E,0xF7,0xFF,0x9E,0xF7,0xFF,0xBE,0xF7,0xFF,0xDF,0xFF,0xFF,0xDF,0xFF,0xFF,0xBE,0xF7,0xFF,0x7D,0xEF,0xFF,
    0xBE,0xF7,0xFF,0xBE,0xF7,0xFF,0xBE,0xF7,0xFF,0xBE,0xF7,0xFF,0xBE,0xF7,0xFF,0xBE,0xF7,0xFF,0xBE,0xF7,0xFF,0x9E,0xF7,0xFF,0xFF,0xFF,0xFF,0x00,0x00,0xFF,0x00,0x00,0xFF,0x00,0x00,0xFF,
    0xFF,0xFF,0xFF,0xDF,0xFF,0xFF,0xFF,0xFF,0xFF,0xDF,0xFF,0xFF,0xFF,0xFF,0xFF,0xFF,0xFF,0xFF,0xFF,0xFF,0xFF,0xFF,0xFF,0xFF,0xFF,0xFF,0xFF,0xFF,0xFF,0xFF,0xFF,0xFF,0xFF,0xFF,0xFF,0xFF,
    0xFF,0xFF,0xFF,0xFF,0xFF,0xFF,0xFF,0xFF,0xFF,0xFF,0xFF,0xFF,0xFF,0xFF,0xFF,0xFF,0xFF,0xFF,0xFF,0xFF,0xFF,0xFF,0xFF,0xFF,0xFF,0xFF,0xFF,0xFF,0xFF,0xFF,0xFF,0xFF,0xFF,0xFF,0xFF,0xFF,
    0xFF,0xFF,0xFF,0xFF,0xFF,0xFF,0xFF,0xFF,0xFF,0xFF,0xFF,0xFF,0xFF,0xFF,0xFF,0xFF,0xFF,0xFF,0xFF,0xFF,0xFF,0xFF,0xFF,0xFF,0xFF,0xFF,0xFF,0xFF,0xFF,0xFF,0xFF,0xFF,0xFF,0xFF,0xFF,0xFF,
    0xFF,0xFF,0xFF,0xFF,0xFF,0xFF,0xFF,0xFF,0xFF,0xFF,0xFF,0xFF,0xFF,0xFF,0xFF,0xFF,0xFF,0xFF,0xFF,0xFF,0xFF,0xFF,0xFF,0xFF,0xFF,0xFF,0xFF,0xFF,0xFF,0xFF,0xFF,0xFF,0xFF,0xFF,0xFF,0xFF,
    0xFF,0xFF,0xFF,0xFF,0xFF,0xFF,0xFF,0xFF,0xFF,0xFF,0xFF,0xFF,0xFF,0xFF,0xFF,0xFF,0xFF,0xFF,0xFF,0xFF,0xFF,0xFF,0xFF,0xFF,0xFF,0xFF,0xFF,0xFF,0xFF,0xFF,0xFF,0xFF,0xFF,0xFF,0xFF,0xFF,
    0xFF,0xFF,0xFF,0xFF,0xFF,0xFF,0xFF,0xFF,0xFF,0xFF,0xFF,0xFF,0xFF,0xFF,0xFF,0xFF,0xFF,0xFF,0xFF,0xFF,0xFF,0xFF,0xFF,0xFF,0xFF,0xFF,0xFF,0xFF,0xFF,0xFF,0xFF,0xFF,0xFF,0xFF,0xFF,0xFF,
    0xFF,0xFF,0xFF,0xFF,0xFF,0xFF,0xFF,0xFF,0xFF,0xFF,0xFF,0xFF,0xFF,0xFF,0xFF,0xFF,0xFF,0xFF,0xFF,0xFF,0xFF,0xFF,0xFF,0xFF,0xFF,0xFF,0xFF,0xFF,0xFF,0xFF,0xFF,0xFF,0xFF,0xFF,0xFF,0xFF,
    0xFF,0xFF,0xFF,0xFF,0xFF,0xFF,0xFF,0xFF,0xFF,0xFF,0xFF,0xFF,0xFF,0xFF,0xFF,0xFF,0xFF,0xFF,0xFF,0xFF,0xFF,0xFF,0xFF,0xFF,0xFF,0xFF,0xFF,0xFF,0xFF,0xFF,0xFF,0xFF,0xFF,0xFF,0xFF,0xFF,
    0xFF,0xFF,0xFF,0xFF,0xFF,0xFF,0xFF,0xFF,0xFF,0xFF,0xFF,0xFF,0xFF,0xFF,0xFF,0xFF,0xFF,0xFF,0xFF,0xFF,0xFF,0xFF,0xFF,0xFF,0xFF,0xFF,0xFF,0xFF,0xFF,0xFF,0xFF,0xFF,0xFF,0xFF,0xFF,0xFF,
    0xFF,0xFF,0xFF,0xFF,0xFF,0xFF,0xFF,0xFF,0xFF,0xFF,0xFF,0xFF,0xFF,0xFF,0xFF,0xFF,0xFF,0xFF,0xFF,0xFF,0xFF,0xFF,0xFF,0xFF,0xFF,0xFF,0xFF,0xFF,0xFF,0xFF,0xFF,0xFF,0xFF,0xFF,0xFF,0xFF,
    0xFF,0xFF,0xFF,0xFF,0xFF,0xFF,0xFF,0xFF,0xFF,0xFF,0xFF,0xFF,0xFF,0xFF,0xFF,0xFF,0xFF,0xFF,0xFF,0xFF,0xFF,0xFF,0xFF,0xFF,0xFF,0xFF,0xFF,0xFF,0xFF,0xFF,0xFF,0xFF,0xFF,0xFF,0xFF,0xFF,
    0xFF,0xFF,0xFF,0xFF,0xFF,0xFF,0xFF,0xFF,0xFF,0xFF,0xFF,0xFF,0xFF,0xFF,0xFF,0xFF,0xFF,0xFF,0xFF,0xFF,0xFF,0xFF,0xFF,0xFF,0xFF,0xFF,0xFF,0xFF,0xFF,0xFF,0xFF,0xFF,0xFF,0xFF,0xFF,0xFF,
    0xFF,0xFF,0xFF,0xFF,0xFF,0xFF,0xFF,0xFF,0xFF,0xFF,0xFF,0xFF,0xFF,0xFF,0xFF,0xFF,0xFF,0xFF,0xFF,0xFF,0xFF,0xFF,0xFF,0xFF,0xFF,0xFF,0xFF,0xFF,0xFF,0xFF,0xFF,0xFF,0xFF,0xFF,0xFF,0xFF,
    0xFF,0xFF,0xFF,0xFF,0xFF,0xFF,0xFF,0xFF,0xFF,0xFF,0xFF,0xFF,0xFF,0xFF,0xFF,0xFF,0xFF,0xFF,0xFF,0xFF,0xFF,0xFF,0xFF,0xFF,0xFF,0xFF,0xFF,0xFF,0xFF,0xFF,0xFF,0xFF,0xFF,0xFF,0xFF,0xFF,
    0xFF,0xFF,0xFF,0xFF,0xFF,0xFF,0xFF,0xFF,0xFF,0xFF,0xFF,0xFF,0xFF,0xFF,0xFF,0xFF,0xFF,0xFF,0xFF,0xFF,0xFF,0xFF,0xFF,0xFF,0xFF,0xFF,0xFF,0xFF,0xFF,0xFF,0xFF,0xFF,0xFF,0xFF,0xFF,0xFF,
    0xFF,0xFF,0xFF,0xFF,0xFF,0xFF,0xFF,0xFF,0xFF,0xFF,0xFF,0xFF,0xFF,0xFF,0xFF,0xFF,0xFF,0xFF,0xFF,0xFF,0xFF,0xFF,0xFF,0xFF,0xFF,0xFF,0xFF,0xFF,0xFF,0xFF,0xFF,0xFF,0xFF,0xFF,0xFF,0xFF,
    0xFF,0xFF,0xFF,0xFF,0xFF,0xFF,0xFF,0xFF,0xFF,0xFF,0xFF,0xFF,0xFF,0xFF,0xFF,0xFF,0xFF,0xFF,0xFF,0xFF,0xFF,0xFF,0xFF,0xFF,0xFF,0xFF,0xFF,0xFF,0xFF,0xFF,0xFF,0xFF,0xFF,0xFF,0xFF,0xFF,
    0xFF,0xFF,0xFF,0xFF,0xFF,0xFF,0xFF,0xFF,0xFF,0xFF,0xFF,0xFF,0xFF,0xFF,0xFF,0xFF,0xFF,0xFF,0xFF,0xFF,0xFF,0xFF,0xFF,0xFF,0xFF,0xFF,0xFF,0xFF,0xFF,0xFF,0xFF,0xFF,0xFF,0xFF,0xFF,0xFF,
    0xFF,0xFF,0xFF,0xFF,0xFF,0xFF,0xFF,0xFF,0xFF,0xFF,0xFF,0xFF,0xFF,0xFF,0xFF,0xFF,0xFF,0xFF,0xFF,0xFF,0xFF,0xFF,0xFF,0xFF,0xFF,0xFF,0xFF,0xFF,0xFF,0xFF,0xFF,0xFF,0xFF,0xFF,0xFF,0xFF,
    0xFF,0xFF,0xFF,0xFF,0xFF,0xFF,0xFF,0xFF,0xFF,0xDF,0xFF,0xFF,0xFF,0xFF,0xFF,0xDF,0xFF,0xFF,0x00,0x00,0xFF,0x41,0x08,0xFF,0x00,0x00,0xFF,0xBE,0xF7,0xFF,0xBE,0xF7,0xFF,0xBE,0xF7,0xFF,
    0xBE,0xF7,0xFF,0xBE,0xF7,0xFF,0xBE,0xF7,0xFF,0xBE,0xF7,0xFF,0xBE,0xF7,0xFF,0xBE,0xF7,0xFF,0xFF,0xFF,0xFF,0x5D,0xEF,0xFF,0xFF,0xFF,0xFF,0xBE,0xF7,0xFF,0x7D,0xEF,0xFF,0x7D,0xEF,0xFF,
    0xFF,0xFF,0xFF,0x9E,0xF7,0xFF,0xFF,0xFF,0xFF,0x5D,0xEF,0xFF,0xBE,0xF7,0xFF,0xFF,0xFF,0xFF,0x5D,0xEF,0xFF,0xBE,0xF7,0xFF,0x9E,0xF7,0xFF,0xDF,0xFF,0xFF,0xDF,0xFF,0xFF,0x1C,0xE7,0xFF,
    0x00,0x00,0xFF,0x00,0x00,0xFF,0x00,0x00,0xFF,0x00,0x00,0xFF,0xAA,0x52,0xFF,0x7D,0xEF,0xFF,0xBE,0xF7,0xFF,0x9E,0xF7,0xFF,0xFF,0xFF,0xFF,0x9E,0xF7,0xFF,0xFF,0xFF,0xFF,0x9E,0xF7,0xFF,
    0xFF,0xFF,0xFF,0xFF,0xFF,0xFF,0xFF,0xFF,0xFF,0xFF,0xFF,0xFF,0xFF,0xFF,0xFF,0xFF,0xFF,0xFF,0xFF,0xFF,0xFF,0xFF,0xFF,0xFF,0xFF,0xFF,0xFF,0xFF,0xFF,0xFF,0xFF,0xFF,0xFF,0xBE,0xF7,0xFF,
    0xFF,0xFF,0xFF,0xFF,0xFF,0xFF,0xFF,0xFF,0xFF,0x7D,0xEF,0xFF,0xDE,0xFF,0xFF,0x9E,0xF7,0xFF,0xFF,0xFF,0xFF,0xFF,0xFF,0xFF,0x70,0x8C,0xFF,0x20,0x00,0xFF,0x60,0x08,0xFF,0xE0,0x10,0xFF,
    0xCB,0x73,0xFF,0x60,0x08,0xFF,0xFE,0xFF,0xFF,0xDF,0xFF,0xFF,0xDF,0xFF,0xFF,0xFF,0xFF,0xFF,0xFF,0xFF,0xFF,0xDF,0xFF,0xFF,0x4E,0x6B,0xFF,0x00,0x00,0xFF,0xFF,0xFF,0xFF,0xFF,0xFF,0xFF,
    0xFF,0xFF,0xFF,0xFF,0xFF,0xFF,0xFF,0xFF,0xFF,0xFF,0xFF,0xFF,0xFF,0xFF,0xFF,0xFF,0xFF,0xFF,0xFF,0xFF,0xFF,0xFF,0xFF,0xFF,0xFF,0xFF,0xFF,0xFF,0xFF,0xFF,0xFF,0xFF,0xFF,0xFF,0xFF,0xFF,
    0xFF,0xFF,0xFF,0xFF,0xFF,0xFF,0xFF,0xFF,0xFF,0xFF,0xFF,0xFF,0xFF,0xFF,0xFF,0xFF,0xFF,0xFF,0xFF,0xFF,0xFF,0xFF,0xFF,0xFF,0xFF,0xFF,0xFF,0xFF,0xFF,0xFF,0xFF,0xFF,0xFF,0xFF,0xFF,0xFF,
    0xFF,0xFF,0xFF,0xFF,0xFF,0xFF,0xFF,0xFF,0xFF,0xFF,0xFF,0xFF,0xFF,0xFF,0xFF,0xFF,0xFF,0xFF,0xDF,0xFF,0xFF,0xFF,0xFF,0xFF,0xFF,0xFF,0xFF,0xBE,0xF7,0xFF,0xFF,0xFF,0xFF,0xFF,0xFF,0xFF,
    0xFF,0xFF,0xFF,0xFF,0xFF,0xFF,0xFF,0xFF,0xFF,0xFF,0xFF,0xFF,0xFF,0xFF,0xFF,0xFF,0xFF,0xFF,0xFF,0xFF,0xFF,0xBE,0xF7,0xFF,0x5D,0xEF,0xFF,0xCB,0x5A,0xFF,0x00,0x00,0xFF,0x41,0x08,0xFF,
    0x00,0x00,0xFF,0x41,0x08,0xFF,0x41,0x08,0xFF,0x20,0x00,0xFF,0xD3,0x9C,0xFF,0xFF,0xFF,0xFF,0x7D,0xEF,0xFF,0x9E,0xF7,0xFF,0x7D,0xEF,0xFF,0xFF,0xFF,0xFF,0xDF,0xFF,0xFF,0xFF,0xFF,0xFF,
    0x3C,0xE7,0xFF,0xBE,0xF7,0xFF,0xDF,0xFF,0xFF,0x7D,0xEF,0xFF,0xBE,0xF7,0xFF,0xFF,0xFF,0xFF,0xDF,0xFF,0xFF,0xFF,0xFF,0xFF,0xFF,0xFF,0xFF,0x7D,0xEF,0xFF,0x9E,0xF7,0xFF,0xFF,0xFF,0xFF,
    0xFF,0xFF,0xFF,0x9E,0xF7,0xFF,0x5D,0xEF,0xFF,0xBE,0xF7,0xFF,0xDF,0xFF,0xFF,0xBE,0xF7,0xFF,0xBE,0xF7,0xFF,0xBE,0xF7,0xFF,0xBE,0xF7,0xFF,0xBE,0xF7,0xFF,0xBE,0xF7,0xFF,0xBE,0xF7,0xFF,
    0xBE,0xF7,0xFF,0x9E,0xF7,0xFF,0x7D,0xEF,0xFF,0x61,0x08,0xFF,0x61,0x08,0xFF,0x41,0x08,0xFF,0xBA,0xD6,0xFF,0xFF,0xFF,0xFF,0xDF,0xFF,0xFF,0xFF,0xFF,0xFF,0xFF,0xFF,0xFF,0xFF,0xFF,0xFF,
    0xFF,0xFF,0xFF,0xFF,0xFF,0xFF,0xFF,0xFF,0xFF,0xFF,0xFF,0xFF,0xFF,0xFF,0xFF,0xFF,0xFF,0xFF,0xFF,0xFF,0xFF,0xFF,0xFF,0xFF,0xFF,0xFF,0xFF,0xFF,0xFF,0xFF,0xFF,0xFF,0xFF,0xFF,0xFF,0xFF,
    0xFF,0xFF,0xFF,0xFF,0xFF,0xFF,0xFF,0xFF,0xFF,0xFF,0xFF,0xFF,0xFF,0xFF,0xFF,0xFF,0xFF,0xFF,0xFF,0xFF,0xFF,0xFF,0xFF,0xFF,0xFF,0xFF,0xFF,0xFF,0xFF,0xFF,0xFF,0xFF,0xFF,0xFF,0xFF,0xFF,
    0xFF,0xFF,0xFF,0xFF,0xFF,0xFF,0xFF,0xFF,0xFF,0xFF,0xFF,0xFF,0xFF,0xFF,0xFF,0xFF,0xFF,0xFF,0xFF,0xFF,0xFF,0xFF,0xFF,0xFF,0xFF,0xFF,0xFF,0xFF,0xFF,0xFF,0xFF,0xFF,0xFF,0xFF,0xFF,0xFF,
    0xFF,0xFF,0xFF,0xFF,0xFF,0xFF,0xFF,0xFF,0xFF,0xFF,0xFF,0xFF,0xFF,0xFF,0xFF,0xFF,0xFF,0xFF,0xFF,0xFF,0xFF,0xFF,0xFF,0xFF,0xFF,0xFF,0xFF,0xFF,0xFF,0xFF,0xFF,0xFF,0xFF,0xFF,0xFF,0xFF,
    0xFF,0xFF,0xFF,0xFF,0xFF,0xFF,0xFF,0xFF,0xFF,0xFF,0xFF,0xFF,0xFF,0xFF,0xFF,0xFF,0xFF,0xFF,0xFF,0xFF,0xFF,0xFF,0xFF,0xFF,0xFF,0xFF,0xFF,0xFF,0xFF,0xFF,0xFF,0xFF,0xFF,0xFF,0xFF,0xFF,
    0xFF,0xFF,0xFF,0xFF,0xFF,0xFF,0xFF,0xFF,0xFF,0xFF,0xFF,0xFF,0xFF,0xFF,0xFF,0xFF,0xFF,0xFF,0xFF,0xFF,0xFF,0xFF,0xFF,0xFF,0xFF,0xFF,0xFF,0xFF,0xFF,0xFF,0xFF,0xFF,0xFF,0xFF,0xFF,0xFF,
    0xFF,0xFF,0xFF,0xFF,0xFF,0xFF,0xFF,0xFF,0xFF,0xFF,0xFF,0xFF,0xFF,0xFF,0xFF,0xFF,0xFF,0xFF,0xFF,0xFF,0xFF,0xFF,0xFF,0xFF,0xFF,0xFF,0xFF,0xFF,0xFF,0xFF,0xFF,0xFF,0xFF,0xFF,0xFF,0xFF,
    0xFF,0xFF,0xFF,0xFF,0xFF,0xFF,0xFF,0xFF,0xFF,0xFF,0xFF,0xFF,0xFF,0xFF,0xFF,0xFF,0xFF,0xFF,0xFF,0xFF,0xFF,0xFF,0xFF,0xFF,0xFF,0xFF,0xFF,0xFF,0xFF,0xFF,0xFF,0xFF,0xFF,0xFF,0xFF,0xFF,
    0xFF,0xFF,0xFF,0xFF,0xFF,0xFF,0xFF,0xFF,0xFF,0xFF,0xFF,0xFF,0xFF,0xFF,0xFF,0xFF,0xFF,0xFF,0xFF,0xFF,0xFF,0xFF,0xFF,0xFF,0xFF,0xFF,0xFF,0xFF,0xFF,0xFF,0xFF,0xFF,0xFF,0xFF,0xFF,0xFF,
    0xFF,0xFF,0xFF,0xFF,0xFF,0xFF,0xFF,0xFF,0xFF,0xFF,0xFF,0xFF,0xFF,0xFF,0xFF,0xFF,0xFF,0xFF,0xFF,0xFF,0xFF,0xFF,0xFF,0xFF,0xFF,0xFF,0xFF,0xFF,0xFF,0xFF,0xFF,0xFF,0xFF,0xFF,0xFF,0xFF,
    0xFF,0xFF,0xFF,0xFF,0xFF,0xFF,0xFF,0xFF,0xFF,0xFF,0xFF,0xFF,0xFF,0xFF,0xFF,0xFF,0xFF,0xFF,0xFF,0xFF,0xFF,0xFF,0xFF,0xFF,0xFF,0xFF,0xFF,0xFF,0xFF,0xFF,0xFF,0xFF,0xFF,0xFF,0xFF,0xFF,
    0xFF,0xFF,0xFF,0xFF,0xFF,0xFF,0xFF,0xFF,0xFF,0xFF,0xFF,0xFF,0xFF,0xFF,0xFF,0xFF,0xFF,0xFF,0xFF,0xFF,0xFF,0xFF,0xFF,0xFF,0xFF,0xFF,0xFF,0xFF,0xFF,0xFF,0xFF,0xFF,0xFF,0xFF,0xFF,0xFF,
    0xFF,0xFF,0xFF,0xFF,0xFF,0xFF,0xFF,0xFF,0xFF,0xFF,0xFF,0xFF,0xFF,0xFF,0xFF,0xFF,0xFF,0xFF,0xFF,0xFF,0xFF,0xFF,0xFF,0xFF,0xFF,0xFF,0xFF,0xFF,0xFF,0xFF,0xFF,0xFF,0xFF,0xFF,0xFF,0xFF,
    0xFF,0xFF,0xFF,0xFF,0xFF,0xFF,0xFF,0xFF,0xFF,0xFF,0xFF,0xFF,0xFF,0xFF,0xFF,0xFF,0xFF,0xFF,0xFF,0xFF,0xFF,0xFF,0xFF,0xFF,0xFF,0xFF,0xFF,0xFF,0xFF,0xFF,0xFF,0xFF,0xFF,0xFF,0xFF,0xFF,
    0xFF,0xFF,0xFF,0xFF,0xFF,0xFF,0xFF,0xFF,0xFF,0xFF,0xFF,0xFF,0xFF,0xFF,0xFF,0xFF,0xFF,0xFF,0xFF,0xFF,0xFF,0xFF,0xFF,0xFF,0xFF,0xFF,0xFF,0xFF,0xFF,0xFF,0xFF,0xFF,0xFF,0xFF,0xFF,0xFF,
    0xFF,0xFF,0xFF,0xFF,0xFF,0xFF,0xFF,0xFF,0xFF,0xFF,0xFF,0xFF,0xFF,0xFF,0xFF,0xFF,0xFF,0xFF,0xFF,0xFF,0xFF,0xFF,0xFF,0xFF,0xFF,0xFF,0xFF,0xFF,0xFF,0xFF,0xFF,0xFF,0xFF,0xFF,0xFF,0xFF,
    0xFF,0xFF,0xFF,0xFF,0xFF,0xFF,0xFF,0xFF,0xFF,0xFF,0xFF,0xFF,0xFF,0xFF,0xFF,0xFF,0xFF,0xFF,0xFF,0xFF,0xFF,0xFF,0xFF,0xFF,0xFF,0xFF,0xFF,0xFF,0xFF,0xFF,0xFF,0xFF,0xFF,0xFF,0xFF,0xFF,
    0xFF,0xFF,0xFF,0xFF,0xFF,0xFF,0xFF,0xFF,0xFF,0xFF,0xFF,0xFF,0xFF,0xFF,0xFF,0xFF,0xFF,0xFF,0xFF,0xFF,0xFF,0xFF,0xFF,0xFF,0xFF,0xFF,0xFF,0xFF,0xFF,0xFF,0xFF,0xFF,0xFF,0xFF,0xFF,0xFF,
    0xFF,0xFF,0xFF,0xFF,0xFF,0xFF,0xFF,0xFF,0xFF,0xFF,0xFF,0xFF,0xFF,0xFF,0xFF,0xFF,0xFF,0xFF,0xFF,0xFF,0xFF,0xFF,0xFF,0xFF,0xFF,0xFF,0xFF,0xFF,0xFF,0xFF,0xDF,0xFF,0xFF,0x96,0xB5,0xFF,
    0x00,0x00,0xFF,0x00,0x00,0xFF,0x45,0x29,0xFF,0xDF,0xFF,0xFF,0xBE,0xF7,0xFF,0xBE,0xF7,0xFF,0xBE,0xF7,0xFF,0xBE,0xF7,0xFF,0xBE,0xF7,0xFF,0xBE,0xF7,0xFF,0xBE,0xF7,0xFF,0xBE,0xF7,0xFF,
    0x7D,0xEF,0xFF,0xFF,0xFF,0xFF,0x1C,0xE7,0xFF,0xBE,0xF7,0xFF,0xFF,0xFF,0xFF,0x9E,0xF7,0xFF,0xBE,0xF7,0xFF,0x9E,0xF7,0xFF,0x7D,0xEF,0xFF,0xFF,0xFF,0xFF,0xBE,0xF7,0xFF,0x9E,0xF7,0xFF,
    0xFF,0xFF,0xFF,0x9E,0xF7,0xFF,0xFF,0xFF,0xFF,0x9E,0xF7,0xFF,0xBE,0xF7,0xFF,0x9E,0xF7,0xFF,0x9E,0xF7,0xFF,0xC3,0x18,0xFF,0x00,0x00,0xFF,0x20,0x00,0xFF,0x00,0x00,0xFF,0x45,0x29,0xFF,
    0xFF,0xFF,0xFF,0xFF,0xFF,0xFF,0xFF,0xFF,0xFF,0xFF,0xFF,0xFF,0xFF,0xFF,0xFF,0xFF,0xFF,0xFF,0x9E,0xF7,0xFF,0xDF,0xFF,0xFF,0xFF,0xFF,0xFF,0xFF,0xFF,0xFF,0xFF,0xFF,0xFF,0xFF,0xFF,0xFF,
    0xFF,0xFF,0xFF,0xFF,0xFF,0xFF,0xFF,0xFF,0xFF,0xFF,0xFF,0xFF,0xDE,0xFF,0xFF,0xFF,0xFF,0xFF,0xDE,0xF7,0xFF,0xDE,0xFF,0xFF,0xFF,0xFF,0xFF,0xFF,0xFF,0xFF,0xFF,0xFF,0xFF,0xFF,0xFF,0xFF,
    0xF2,0x9C,0xFF,0x60,0x08,0xFF,0x20,0x00,0xFF,0x4B,0x6B,0xFF,0x89,0x4A,0xFF,0x9D,0xEF,0xFF,0xFF,0xFF,0xFF,0x20,0x00,0xFF,0xFF,0xFF,0xFF,0xFF,0xF7,0xFF,0xFF,0xFF,0xFF,0xFF,0xFF,0xFF,
    0xFF,0xFF,0xFF,0xFF,0xFF,0xFF,0x2C,0x63,0xFF,0x00,0x00,0xFF,0xDF,0xFF,0xFF,0xDF,0xFF,0xFF,0xFF,0xFF,0xFF,0xFF,0xFF,0xFF,0xFF,0xFF,0xFF,0xFF,0xFF,0xFF,0xFF,0xFF,0xFF,0xFF,0xFF,0xFF,
    0xFF,0xFF,0xFF,0xFF,0xFF,0xFF,0xFF,0xFF,0xFF,0xFF,0xFF,0xFF,0xFF,0xFF,0xFF,0xFF,0xFF,0xFF,0xFF,0xFF,0xFF,0xFF,0xFF,0xFF,0xFF,0xFF,0xFF,0xFF,0xFF,0xFF,0xFF,0xFF,0xFF,0xFF,0xFF,0xFF,
    0xFF,0xFF,0xFF,0xFF,0xFF,0xFF,0xFF,0xFF,0xFF,0xFF,0xFF,0xFF,0xFF,0xFF,0xFF,0xFF,0xFF,0xFF,0xFF,0xFF,0xFF,0xFF,0xFF,0xFF,0xFF,0xFF,0xFF,0xFF,0xFF,0xFF,0xFF,0xFF,0xFF,0xFF,0xFF,0xFF,
    0xFF,0xFF,0xFF,0xFF,0xFF,0xFF,0xDF,0xFF,0xFF,0xFF,0xFF,0xFF,0xFF,0xFF,0xFF,0xFF,0xFF,0xFF,0xFF,0xFF,0xFF,0x9E,0xF7,0xFF,0xFF,0xFF,0xFF,0xFF,0xFF,0xFF,0xFF,0xFF,0xFF,0x7D,0xEF,0xFF,
    0xFF,0xFF,0xFF,0x69,0x4A,0xFF,0x00,0x00,0xFF,0x00,0x00,0xFF,0x00,0x00,0xFF,0x00,0x00,0xFF,0x00,0x00,0xFF,0x00,0x00,0xFF,0x96,0xB5,0xFF,0xFF,0xFF,0xFF,0x7D,0xEF,0xFF,0xBE,0xF7,0xFF,
    0xFF,0xFF,0xFF,0xBE,0xF7,0xFF,0xDF,0xFF,0xFF,0x9E,0xF7,0xFF,0x3C,0xE7,0xFF,0xBE,0xF7,0xFF,0x7D,0xEF,0xFF,0x9E,0xF7,0xFF,0x5D,0xEF,0xFF,0xDF,0xFF,0xFF,0xBE,0xF7,0xFF,0x9E,0xF7,0xFF,
    0xDF,0xFF,0xFF,0x7D,0xEF,0xFF,0x3C,0xE7,0xFF,0xDF,0xFF,0xFF,0xBE,0xF7,0xFF,0x9E,0xF7,0xFF,0x9E,0xF7,0xFF,0xDF,0xFF,0xFF,0xDF,0xFF,0xFF,0xBE,0xF7,0xFF,0x9E,0xF7,0xFF,0x9E,0xF7,0xFF,
    0xBE,0xF7,0xFF,0xBE,0xF7,0xFF,0xBE,0xF7,0xFF,0xBE,0xF7,0xFF,0xBE,0xF7,0xFF,0xBE,0xF7,0xFF,0xBE,0xF7,0xFF,0xBE,0xF7,0xFF,0x9E,0xF7,0xFF,0xAA,0x52,0xFF,0x00,0x00,0xFF,0x00,0x00,0xFF,
    0xCF,0x7B,0xFF,0xFF,0xFF,0xFF,0xDF,0xFF,0xFF,0xFF,0xFF,0xFF,0xFF,0xFF,0xFF,0xFF,0xFF,0xFF,0xFF,0xFF,0xFF,0xFF,0xFF,0xFF,0xFF,0xFF,0xFF,0xFF,0xFF,0xFF,0xFF,0xFF,0xFF,0xFF,0xFF,0xFF,
    0xFF,0xFF,0xFF,0xFF,0xFF,0xFF,0xFF,0xFF,0xFF,0xFF,0xFF,0xFF,0xFF,0xFF,0xFF,0xFF,0xFF,0xFF,0xFF,0xFF,0xFF,0xFF,0xFF,0xFF,0xFF,0xFF,0xFF,0xFF,0xFF,0xFF,0xFF,0xFF,0xFF,0xFF,0xFF,0xFF,
    0xFF,0xFF,0xFF,0xFF,0xFF,0xFF,0xFF,0xFF,0xFF,0xFF,0xFF,0xFF,0xFF,0xFF,0xFF,0xFF,0xFF,0xFF,0xFF,0xFF,0xFF,0xFF,0xFF,0xFF,0xFF,0xFF,0xFF,0xFF,0xFF,0xFF,0xFF,0xFF,0xFF,0xFF,0xFF,0xFF,
    0xFF,0xFF,0xFF,0xFF,0xFF,0xFF,0xFF,0xFF,0xFF,0xFF,0xFF,0xFF,0xFF,0xFF,0xFF,0xFF,0xFF,0xFF,0xFF,0xFF,0xFF,0xFF,0xFF,0xFF,0xFF,0xFF,0xFF,0xFF,0xFF,0xFF,0xFF,0xFF,0xFF,0xFF,0xFF,0xFF,
    0xFF,0xFF,0xFF,0xFF,0xFF,0xFF,0xFF,0xFF,0xFF,0xFF,0xFF,0xFF,0xFF,0xFF,0xFF,0xFF,0xFF,0xFF,0xFF,0xFF,0xFF,0xFF,0xFF,0xFF,0xFF,0xFF,0xFF,0xFF,0xFF,0xFF,0xFF,0xFF,0xFF,0xFF,0xFF,0xFF,
    0xFF,0xFF,0xFF,0xFF,0xFF,0xFF,0xFF,0xFF,0xFF,0xFF,0xFF,0xFF,0xFF,0xFF,0xFF,0xFF,0xFF,0xFF,0xFF,0xFF,0xFF,0xFF,0xFF,0xFF,0xFF,0xFF,0xFF,0xFF,0xFF,0xFF,0xFF,0xFF,0xFF,0xFF,0xFF,0xFF,
    0xFF,0xFF,0xFF,0xFF,0xFF,0xFF,0xFF,0xFF,0xFF,0xFF,0xFF,0xFF,0xFF,0xFF,0xFF,0xFF,0xFF,0xFF,0xFF,0xFF,0xFF,0xFF,0xFF,0xFF,0xFF,0xFF,0xFF,0xFF,0xFF,0xFF,0xFF,0xFF,0xFF,0xFF,0xFF,0xFF,
    0xFF,0xFF,0xFF,0xFF,0xFF,0xFF,0xFF,0xFF,0xFF,0xFF,0xFF,0xFF,0xFF,0xFF,0xFF,0xFF,0xFF,0xFF,0xFF,0xFF,0xFF,0xFF,0xFF,0xFF,0xFF,0xFF,0xFF,0xFF,0xFF,0xFF,0xFF,0xFF,0xFF,0xFF,0xFF,0xFF,
    0xFF,0xFF,0xFF,0xFF,0xFF,0xFF,0xFF,0xFF,0xFF,0xFF,0xFF,0xFF,0xFF,0xFF,0xFF,0xFF,0xFF,0xFF,0xFF,0xFF,0xFF,0xFF,0xFF,0xFF,0xFF,0xFF,0xFF,0xFF,0xFF,0xFF,0xFF,0xFF,0xFF,0xFF,0xFF,0xFF,
    0xFF,0xFF,0xFF,0xFF,0xFF,0xFF,0xFF,0xFF,0xFF,0xFF,0xFF,0xFF,0xFF,0xFF,0xFF,0xFF,0xFF,0xFF,0xFF,0xFF,0xFF,0xFF,0xFF,0xFF,0xFF,0xFF,0xFF,0xFF,0xFF,0xFF,0xFF,0xFF,0xFF,0xFF,0xFF,0xFF,
    0xFF,0xFF,0xFF,0xFF,0xFF,0xFF,0xFF,0xFF,0xFF,0xFF,0xFF,0xFF,0xFF,0xFF,0xFF,0xFF,0xFF,0xFF,0xFF,0xFF,0xFF,0xFF,0xFF,0xFF,0xFF,0xFF,0xFF,0xFF,0xFF,0xFF,0xFF,0xFF,0xFF,0xFF,0xFF,0xFF,
    0xFF,0xFF,0xFF,0xFF,0xFF,0xFF,0xFF,0xFF,0xFF,0xFF,0xFF,0xFF,0xFF,0xFF,0xFF,0xFF,0xFF,0xFF,0xFF,0xFF,0xFF,0xFF,0xFF,0xFF,0xFF,0xFF,0xFF,0xFF,0xFF,0xFF,0xFF,0xFF,0xFF,0xFF,0xFF,0xFF,
    0xFF,0xFF,0xFF,0xFF,0xFF,0xFF,0xFF,0xFF,0xFF,0xFF,0xFF,0xFF,0xFF,0xFF,0xFF,0xFF,0xFF,0xFF,0xFF,0xFF,0xFF,0xFF,0xFF,0xFF,0xFF,0xFF,0xFF,0xFF,0xFF,0xFF,0xFF,0xFF,0xFF,0xFF,0xFF,0xFF,
    0xFF,0xFF,0xFF,0xFF,0xFF,0xFF,0xFF,0xFF,0xFF,0xFF,0xFF,0xFF,0xFF,0xFF,0xFF,0xFF,0xFF,0xFF,0xFF,0xFF,0xFF,0xFF,0xFF,0xFF,0xFF,0xFF,0xFF,0xFF,0xFF,0xFF,0xFF,0xFF,0xFF,0xFF,0xFF,0xFF,
    0xFF,0xFF,0xFF,0xFF,0xFF,0xFF,0xFF,0xFF,0xFF,0xFF,0xFF,0xFF,0xFF,0xFF,0xFF,0xFF,0xFF,0xFF,0xFF,0xFF,0xFF,0xFF,0xFF,0xFF,0xFF,0xFF,0xFF,0xFF,0xFF,0xFF,0xFF,0xFF,0xFF,0xFF,0xFF,0xFF,
    0xFF,0xFF,0xFF,0xFF,0xFF,0xFF,0xFF,0xFF,0xFF,0xFF,0xFF,0xFF,0xFF,0xFF,0xFF,0xFF,0xFF,0xFF,0xFF,0xFF,0xFF,0xFF,0xFF,0xFF,0xFF,0xFF,0xFF,0xFF,0xFF,0xFF,0xFF,0xFF,0xFF,0xFF,0xFF,0xFF,
    0xFF,0xFF,0xFF,0xFF,0xFF,0xFF,0xFF,0xFF,0xFF,0xFF,0xFF,0xFF,0xFF,0xFF,0xFF,0xFF,0xFF,0xFF,0xFF,0xFF,0xFF,0xFF,0xFF,0xFF,0xFF,0xFF,0xFF,0xFF,0xFF,0xFF,0xFF,0xFF,0xFF,0xFF,0xFF,0xFF,
    0xFF,0xFF,0xFF,0xFF,0xFF,0xFF,0xFF,0xFF,0xFF,0xFF,0xFF,0xFF,0xFF,0xFF,0xFF,0xFF,0xFF,0xFF,0xFF,0xFF,0xFF,0xFF,0xFF,0xFF,0xFF,0xFF,0xFF,0xFF,0xFF,0xFF,0xFF,0xFF,0xFF,0xFF,0xFF,0xFF,
    0xFF,0xFF,0xFF,0xFF,0xFF,0xFF,0xFF,0xFF,0xFF,0xFF,0xFF,0xFF,0xFF,0xFF,0xFF,0xFF,0xFF,0xFF,0xFF,0xFF,0xFF,0xFF,0xFF,0xFF,0xFF,0xFF,0xFF,0xFF,0xFF,0xFF,0xFF,0xFF,0xFF,0xFF,0xFF,0xFF,
    0xFF,0xFF,0xFF,0xFF,0xFF,0xFF,0xDF,0xFF,0xFF,0xFF,0xFF,0xFF,0xBE,0xF7,0xFF,0x69,0x4A,0xFF,0x20,0x00,0xFF,0x00,0x00,0xFF,0x30,0x84,0xFF,0xBE,0xF7,0xFF,0xBE,0xF7,0xFF,0xBE,0xF7,0xFF,
    0xBE,0xF7,0xFF,0xBE,0xF7,0xFF,0xBE,0xF7,0xFF,0xBE,0xF7,0xFF,0xBE,0xF7,0xFF,0xBE,0xF7,0xFF,0xBE,0xF7,0xFF,0xBE,0xF7,0xFF,0xDF,0xFF,0xFF,0x18,0xC6,0xFF,0x7D,0xEF,0xFF,0xDF,0xFF,0xFF,
    0xBE,0xF7,0xFF,0xBE,0xF7,0xFF,0xFF,0xFF,0xFF,0x3C,0xE7,0xFF,0xDF,0xFF,0xFF,0x9E,0xF7,0xFF,0xFF,0xFF,0xFF,0xBE,0xF7,0xFF,0x9E,0xF7,0xFF,0xDF,0xFF,0xFF,0xDF,0xFF,0xFF,0x9E,0xF7,0xFF,
    0xFF,0xFF,0xFF,0x7D,0xEF,0xFF,0xC7,0x39,0xFF,0x00,0x00,0xFF,0x00,0x00,0xFF,0x00,0x00,0xFF,0x00,0x00,0xFF,0x9E,0xF7,0xFF,0xFF,0xFF,0xFF,0xBE,0xF7,0xFF,0xBE,0xF7,0xFF,0xDF,0xFF,0xFF,
    0xFF,0xFF,0xFF,0xFF,0xFF,0xFF,0xFF,0xFF,0xFF,0xFF,0xFF,0xFF,0xFF,0xFF,0xFF,0xFF,0xFF,0xFF,0xFF,0xFF,0xFF,0xFF,0xFF,0xFF,0xFF,0xFF,0xFF,0xFF,0xFF,0xFF,0xFE,0xFF,0xFF,0xFF,0xFF,0xFF,
    0xFF,0xFF,0xFF,0xDE,0xFF,0xFF,0xFF,0xFF,0xFF,0xBE,0xF7,0xFF,0xFF,0xFF,0xFF,0x22,0x21,0xFF,0xA0,0x10,0xFF,0x08,0x5B,0xFF,0xE6,0x39,0xFF,0x79,0xCE,0xFF,0xBF,0xF7,0xFF,0xFF,0xFF,0xFF,
    0xFF,0xFF,0xFF,0x00,0x00,0xFF,0xFF,0xFF,0xFF,0xFE,0xFF,0xFF,0xFE,0xFF,0xFF,0xFE,0xFF,0xFF,0xFF,0xFF,0xFF,0xFF,0xFF,0xFF,0xAB,0x52,0xFF,0x21,0x00,0xFF,0xDF,0xFF,0xFF,0xDF,0xFF,0xFF,
    0xFF,0xFF,0xFF,0xFF,0xFF,0xFF,0xFF,0xFF,0xFF,0xFE,0xFF,0xFF,0xFE,0xFF,0xFF,0xFF,0xFF,0xFF,0xFF,0xFF,0xFF,0xFF,0xFF,0xFF,0xFF,0xFF,0xFF,0xFF,0xFF,0xFF,0xFF,0xFF,0xFF,0xFF,0xFF,0xFF,
    0xFF,0xFF,0xFF,0xFF,0xFF,0xFF,0xFF,0xFF,0xFF,0xFF,0xFF,0xFF,0xFF,0xFF,0xFF,0xFF,0xFF,0xFF,0xFF,0xFF,0xFF,0xFF,0xFF,0xFF,0xFF,0xFF,0xFF,0xFF,0xFF,0xFF,0xFF,0xFF,0xFF,0xFF,0xFF,0xFF,
    0xFF,0xFF,0xFF,0xFF,0xFF,0xFF,0xFF,0xFF,0xFF,0xFF,0xFF,0xFF,0xFF,0xFF,0xFF,0xFF,0xFF,0xFF,0xFF,0xFF,0xFF,0xFF,0xFF,0xFF,0xDF,0xFF,0xFF,0xFF,0xFF,0xFF,0xFF,0xFF,0xFF,0xBE,0xF7,0xFF,
    0xFF,0xFF,0xFF,0xFF,0xFF,0xFF,0xDF,0xFF,0xFF,0xFF,0xFF,0xFF,0xDF,0xFF,0xFF,0xEB,0x5A,0xFF,0x00,0x00,0xFF,0x00,0x00,0xFF,0x20,0x00,0xFF,0x20,0x00,0xFF,0x00,0x00,0xFF,0x61,0x08,0xFF,
    0x59,0xCE,0xFF,0xFF,0xFF,0xFF,0x9E,0xF7,0xFF,0x5D,0xEF,0xFF,0xDF,0xFF,0xFF,0x9E,0xF7,0xFF,0x7D,0xEF,0xFF,0xFF,0xFF,0xFF,0x9E,0xF7,0xFF,0x9E,0xF7,0xFF,0xFF,0xFF,0xFF,0xDF,0xFF,0xFF,
    0xDF,0xFF,0xFF,0xDF,0xFF,0xFF,0xFF,0xFF,0xFF,0x9E,0xF7,0xFF,0xBE,0xF7,0xFF,0xDF,0xFF,0xFF,0x9E,0xF7,0xFF,0xFF,0xFF,0xFF,0xFF,0xFF,0xFF,0x9E,0xF7,0xFF,0xBE,0xF7,0xFF,0xDF,0xFF,0xFF,
    0xDF,0xFF,0xFF,0xBE,0xF7,0xFF,0x9E,0xF7,0xFF,0xBE,0xF7,0xFF,0xBE,0xF7,0xFF,0xBE,0xF7,0xFF,0xBE,0xF7,0xFF,0xBE,0xF7,0xFF,0xBE,0xF7,0xFF,0xBE,0xF7,0xFF,0xBE,0xF7,0xFF,0xBE,0xF7,0xFF,
    0xBE,0xF7,0xFF,0xDF,0xFF,0xFF,0xBE,0xF7,0xFF,0x14,0xA5,0xFF,0x00,0x00,0xFF,0x00,0x00,0xFF,0xC7,0x39,0xFF,0xFF,0xFF,0xFF,0xFF,0xFF,0xFF,0xFF,0xFF,0xFF,0xFF,0xFF,0xFF,0xFF,0xFF,0xFF,
    0xFF,0xFF,0xFF,0xFF,0xFF,0xFF,0xFF,0xFF,0xFF,0xFF,0xFF,0xFF,0xFF,0xFF,0xFF,0xFF,0xFF,0xFF,0xFF,0xFF,0xFF,0xFF,0xFF,0xFF,0xFF,0xFF,0xFF,0xFF,0xFF,0xFF,0xFF,0xFF,0xFF,0xFF,0xFF,0xFF,
    0xFF,0xFF,0xFF,0xFF,0xFF,0xFF,0xFF,0xFF,0xFF,0xFF,0xFF,0xFF,0xFF,0xFF,0xFF,0xFF,0xFF,0xFF,0xFF,0xFF,0xFF,0xFF,0xFF,0xFF,0xFF,0xFF,0xFF,0xFF,0xFF,0xFF,0xFF,0xFF,0xFF,0xFF,0xFF,0xFF,
    0xFF,0xFF,0xFF,0xFF,0xFF,0xFF,0xFF,0xFF,0xFF,0xFF,0xFF,0xFF,0xFF,0xFF,0xFF,0xFF,0xFF,0xFF,0xFF,0xFF,0xFF,0xFF,0xFF,0xFF,0xFF,0xFF,0xFF,0xFF,0xFF,0xFF,0xFF,0xFF,0xFF,0xFF,0xFF,0xFF,
    0xFF,0xFF,0xFF,0xFF,0xFF,0xFF,0xFF,0xFF,0xFF,0xFF,0xFF,0xFF,0xFF,0xFF,0xFF,0xFF,0xFF,0xFF,0xFF,0xFF,0xFF,0xFF,0xFF,0xFF,0xFF,0xFF,0xFF,0xFF,0xFF,0xFF,0xFF,0xFF,0xFF,0xFF,0xFF,0xFF,
    0xFF,0xFF,0xFF,0xFF,0xFF,0xFF,0xFF,0xFF,0xFF,0xFF,0xFF,0xFF,0xFF,0xFF,0xFF,0xFF,0xFF,0xFF,0xFF,0xFF,0xFF,0xFF,0xFF,0xFF,0xFF,0xFF,0xFF,0xFF,0xFF,0xFF,0xFF,0xFF,0xFF,0xFF,0xFF,0xFF,
    0xFF,0xFF,0xFF,0xFF,0xFF,0xFF,0xFF,0xFF,0xFF,0xFF,0xFF,0xFF,0xFF,0xFF,0xFF,0xFF,0xFF,0xFF,0xFF,0xFF,0xFF,0xFF,0xFF,0xFF,0xFF,0xFF,0xFF,0xFF,0xFF,0xFF,0xFF,0xFF,0xFF,0xFF,0xFF,0xFF,
    0xFF,0xFF,0xFF,0xFF,0xFF,0xFF,0xFF,0xFF,0xFF,0xFF,0xFF,0xFF,0xFF,0xFF,0xFF,0xFF,0xFF,0xFF,0xFF,0xFF,0xFF,0xFF,0xFF,0xFF,0xFF,0xFF,0xFF,0xFF,0xFF,0xFF,0xFF,0xFF,0xFF,0xFF,0xFF,0xFF,
    0xFF,0xFF,0xFF,0xFF,0xFF,0xFF,0xFF,0xFF,0xFF,0xFF,0xFF,0xFF,0xFF,0xFF,0xFF,0xFF,0xFF,0xFF,0xFF,0xFF,0xFF,0xFF,0xFF,0xFF,0xFF,0xFF,0xFF,0xFF,0xFF,0xFF,0xFF,0xFF,0xFF,0xFF,0xFF,0xFF,
    0xFF,0xFF,0xFF,0xFF,0xFF,0xFF,0xFF,0xFF,0xFF,0xFF,0xFF,0xFF,0xFF,0xFF,0xFF,0xFF,0xFF,0xFF,0xFF,0xFF,0xFF,0xFF,0xFF,0xFF,0xFF,0xFF,0xFF,0xFF,0xFF,0xFF,0xFF,0xFF,0xFF,0xFF,0xFF,0xFF,
    0xFF,0xFF,0xFF,0xFF,0xFF,0xFF,0xFF,0xFF,0xFF,0xFF,0xFF,0xFF,0xFF,0xFF,0xFF,0xFF,0xFF,0xFF,0xFF,0xFF,0xFF,0xFF,0xFF,0xFF,0xFF,0xFF,0xFF,0xFF,0xFF,0xFF,0xFF,0xFF,0xFF,0xFF,0xFF,0xFF,
    0xFF,0xFF,0xFF,0xFF,0xFF,0xFF,0xFF,0xFF,0xFF,0xFF,0xFF,0xFF,0xFF,0xFF,0xFF,0xFF,0xFF,0xFF,0xFF,0xFF,0xFF,0xFF,0xFF,0xFF,0xFF,0xFF,0xFF,0xFF,0xFF,0xFF,0xFF,0xFF,0xFF,0xFF,0xFF,0xFF,
    0xFF,0xFF,0xFF,0xFF,0xFF,0xFF,0xFF,0xFF,0xFF,0xFF,0xFF,0xFF,0xFF,0xFF,0xFF,0xFF,0xFF,0xFF,0xFF,0xFF,0xFF,0xFF,0xFF,0xFF,0xFF,0xFF,0xFF,0xFF,0xFF,0xFF,0xFF,0xFF,0xFF,0xFF,0xFF,0xFF,
    0xFF,0xFF,0xFF,0xFF,0xFF,0xFF,0xFF,0xFF,0xFF,0xFF,0xFF,0xFF,0xFF,0xFF,0xFF,0xFF,0xFF,0xFF,0xFF,0xFF,0xFF,0xFF,0xFF,0xFF,0xFF,0xFF,0xFF,0xFF,0xFF,0xFF,0xFF,0xFF,0xFF,0xFF,0xFF,0xFF,
    0xFF,0xFF,0xFF,0xFF,0xFF,0xFF,0xFF,0xFF,0xFF,0xFF,0xFF,0xFF,0xFF,0xFF,0xFF,0xFF,0xFF,0xFF,0xFF,0xFF,0xFF,0xFF,0xFF,0xFF,0xFF,0xFF,0xFF,0xFF,0xFF,0xFF,0xFF,0xFF,0xFF,0xFF,0xFF,0xFF,
    0xFF,0xFF,0xFF,0xFF,0xFF,0xFF,0xFF,0xFF,0xFF,0xFF,0xFF,0xFF,0xFF,0xFF,0xFF,0xFF,0xFF,0xFF,0xFF,0xFF,0xFF,0xFF,0xFF,0xFF,0xFF,0xFF,0xFF,0xFF,0xFF,0xFF,0xFF,0xFF,0xFF,0xFF,0xFF,0xFF,
    0xFF,0xFF,0xFF,0xFF,0xFF,0xFF,0xFF,0xFF,0xFF,0xFF,0xFF,0xFF,0xFF,0xFF,0xFF,0xFF,0xFF,0xFF,0xFF,0xFF,0xFF,0xFF,0xFF,0xFF,0xFF,0xFF,0xFF,0xFF,0xFF,0xFF,0xFF,0xFF,0xFF,0xFF,0xFF,0xFF,
    0xFF,0xFF,0xFF,0xFF,0xFF,0xFF,0xFF,0xFF,0xFF,0xFF,0xFF,0xFF,0xFF,0xFF,0xFF,0xFF,0xFF,0xFF,0xFF,0xFF,0xFF,0xFF,0xFF,0xFF,0xFF,0xFF,0xFF,0xFF,0xFF,0xFF,0xFF,0xFF,0xFF,0xFF,0xFF,0xFF,
    0xFF,0xFF,0xFF,0xFF,0xFF,0xFF,0xFF,0xFF,0xFF,0xFF,0xFF,0xFF,0xFF,0xFF,0xFF,0xFF,0xFF,0xFF,0xFF,0xFF,0xFF,0xFF,0xFF,0xFF,0xFF,0xFF,0xFF,0xFF,0xFF,0xFF,0xFF,0xFF,0xFF,0xFF,0xFF,0xFF,
    0xFF,0xFF,0xFF,0xFF,0xFF,0xFF,0xFF,0xFF,0xFF,0xFF,0xFF,0xFF,0xFF,0xFF,0xFF,0xFF,0xFF,0xFF,0xFF,0xFF,0xFF,0xFF,0xFF,0xFF,0xFF,0xFF,0xFF,0xFF,0xFF,0xFF,0xDF,0xFF,0xFF,0x61,0x08,0xFF,
    0x41,0x08,0xFF,0x20,0x00,0xFF,0xDB,0xDE,0xFF,0x7D,0xEF,0xFF,0xBE,0xF7,0xFF,0xBE,0xF7,0xFF,0xBE,0xF7,0xFF,0xBE,0xF7,0xFF,0xBE,0xF7,0xFF,0xBE,0xF7,0xFF,0xBE,0xF7,0xFF,0xBE,0xF7,0xFF,
    0xFF,0xFF,0xFF,0x5D,0xEF,0xFF,0xBE,0xF7,0xFF,0xDF,0xFF,0xFF,0xF3,0x9C,0xFF,0x7D,0xEF,0xFF,0xFF,0xFF,0xFF,0x7D,0xEF,0xFF,0xBE,0xF7,0xFF,0xFF,0xFF,0xFF,0x9E,0xF7,0xFF,0x9E,0xF7,0xFF,
    0x7D,0xEF,0xFF,0xBE,0xF7,0xFF,0xDF,0xFF,0xFF,0x7D,0xEF,0xFF,0x7D,0xEF,0xFF,0x7D,0xEF,0xFF,0xBE,0xF7,0xFF,0x9E,0xF7,0xFF,0x7D,0xEF,0xFF,0xCF,0x7B,0xFF,0x41,0x08,0xFF,0x20,0x00,0xFF,
    0x00,0x00,0xFF,0x20,0x00,0xFF,0x9A,0xD6,0xFF,0xDF,0xFF,0xFF,0xFF,0xFF,0xFF,0xDF,0xFF,0xFF,0xFF,0xFF,0xFF,0xFF,0xFF,0xFF,0xFF,0xFF,0xFF,0xFF,0xFF,0xFF,0xFF,0xFF,0xFF,0xFF,0xFF,0xFF,
    0xFF,0xFF,0xFF,0xFF,0xFF,0xFF,0xFF,0xFF,0xFF,0xFF,0xFF,0xFF,0xFF,0xFF,0xFF,0xDE,0xFF,0xFF,0xFF,0xFF,0xFF,0xFF,0xFF,0xFF,0xBE,0xF7,0xFF,0xDE,0xFF,0xFF,0x00,0x00,0xFF,0x20,0x00,0xFF,
    0x14,0xBE,0xFF,0xE1,0x18,0xFF,0xFE,0xFF,0xFF,0xFF,0xFF,0xFF,0xFF,0xFF,0xFF,0xFF,0xFF,0xFF,0x7F,0xEF,0xFF,0x83,0x10,0xFF,0xFF,0xFF,0xFF,0xFE,0xFF,0xFF,0xFD,0xFF,0xFF,0xFD,0xFF,0xFF,
    0xFE,0xFF,0xFF,0xFF,0xFF,0xFF,0xEA,0x41,0xFF,0x23,0x08,0xFF,0xDF,0xFF,0xFF,0xDF,0xFF,0xFF,0xFF,0xFF,0xFF,0xFF,0xFF,0xFF,0xFE,0xFF,0xFF,0xFE,0xFF,0xFF,0xFE,0xFF,0xFF,0xFF,0xFF,0xFF,
    0xFF,0xFF,0xFF,0xFF,0xFF,0xFF,0xFF,0xFF,0xFF,0xFF,0xFF,0xFF,0xFF,0xFF,0xFF,0xFF,0xFF,0xFF,0xFF,0xFF,0xFF,0xFF,0xFF,0xFF,0xFF,0xFF,0xFF,0xFF,0xFF,0xFF,0xFF,0xFF,0xFF,0xFF,0xFF,0xFF,
    0xFF,0xFF,0xFF,0xFF,0xFF,0xFF,0xFF,0xFF,0xFF,0xFF,0xFF,0xFF,0xFF,0xFF,0xFF,0xFF,0xFF,0xFF,0xFF,0xFF,0xFF,0xFF,0xFF,0xFF,0xFF,0xFF,0xFF,0xFF,0xFF,0xFF,0xFF,0xFF,0xFF,0xFF,0xFF,0xFF,
    0xFF,0xFF,0xFF,0xFF,0xFF,0xFF,0xFF,0xFF,0xFF,0xFF,0xFF,0xFF,0xBE,0xF7,0xFF,0x9E,0xF7,0xFF,0xFF,0xFF,0xFF,0x5D,0xEF,0xFF,0xFF,0xFF,0xFF,0x2C,0x63,0xFF,0x00,0x00,0xFF,0x20,0x00,0xFF,
    0x00,0x00,0xFF,0x00,0x00,0xFF,0x00,0x00,0xFF,0xA2,0x10,0xFF,0x79,0xCE,0xFF,0xBE,0xF7,0xFF,0xFF,0xFF,0xFF,0x7D,0xEF,0xFF,0xBE,0xF7,0xFF,0xBE,0xF7,0xFF,0xFF,0xFF,0xFF,0x9E,0xF7,0xFF,
    0xDF,0xFF,0xFF,0x5D,0xEF,0xFF,0x7D,0xEF,0xFF,0xFF,0xFF,0xFF,0x9E,0xF7,0xFF,0x1C,0xE7,0xFF,0xDF,0xFF,0xFF,0xBE,0xF7,0xFF,0xBE,0xF7,0xFF,0x5D,0xEF,0xFF,0xDF,0xFF,0xFF,0xFF,0xFF,0xFF,
    0x3C,0xE7,0xFF,0x9E,0xF7,0xFF,0xBE,0xF7,0xFF,0x59,0xCE,0xFF,0x0C,0x63,0xFF,0x55,0xAD,0xFF,0x7D,0xEF,0xFF,0xDF,0xFF,0xFF,0x9E,0xF7,0xFF,0xBE,0xF7,0xFF,0xDF,0xFF,0xFF,0xBE,0xF7,0xFF,
    0xBE,0xF7,0xFF,0xBE,0xF7,0xFF,0xBE,0xF7,0xFF,0xBE,0xF7,0xFF,0xBE,0xF7,0xFF,0xBE,0xF7,0xFF,0xBE,0xF7,0xFF,0xDF,0xFF,0xFF,0x7D,0xEF,0xFF,0xBA,0xD6,0xFF,0x20,0x00,0xFF,0x20,0x00,0xFF,
    0xE3,0x18,0xFF,0xFF,0xFF,0xFF,0xFF,0xFF,0xFF,0xDF,0xFF,0xFF,0xFF,0xFF,0xFF,0xFF,0xFF,0xFF,0xFF,0xFF,0xFF,0xFF,0xFF,0xFF,0xFF,0xFF,0xFF,0xFF,0xFF,0xFF,0xFF,0xFF,0xFF,0xFF,0xFF,0xFF,
    0xFF,0xFF,0xFF,0xFF,0xFF,0xFF,0xFF,0xFF,0xFF,0xFF,0xFF,0xFF,0xFF,0xFF,0xFF,0xFF,0xFF,0xFF,0xFF,0xFF,0xFF,0xFF,0xFF,0xFF,0xFF,0xFF,0xFF,0xFF,0xFF,0xFF,0xFF,0xFF,0xFF,0xFF,0xFF,0xFF,
    0xFF,0xFF,0xFF,0xFF,0xFF,0xFF,0xFF,0xFF,0xFF,0xFF,0xFF,0xFF,0xFF,0xFF,0xFF,0xFF,0xFF,0xFF,0xFF,0xFF,0xFF,0xFF,0xFF,0xFF,0xFF,0xFF,0xFF,0xFF,0xFF,0xFF,0xFF,0xFF,0xFF,0xFF,0xFF,0xFF,
    0xFF,0xFF,0xFF,0xFF,0xFF,0xFF,0xFF,0xFF,0xFF,0xFF,0xFF,0xFF,0xFF,0xFF,0xFF,0xFF,0xFF,0xFF,0xFF,0xFF,0xFF,0xFF,0xFF,0xFF,0xFF,0xFF,0xFF,0xFF,0xFF,0xFF,0xFF,0xFF,0xFF,0xFF,0xFF,0xFF,
    0xFF,0xFF,0xFF,0xFF,0xFF,0xFF,0xFF,0xFF,0xFF,0xFF,0xFF,0xFF,0xFF,0xFF,0xFF,0xFF,0xFF,0xFF,0xFF,0xFF,0xFF,0xFF,0xFF,0xFF,0xFF,0xFF,0xFF,0xFF,0xFF,0xFF,0xFF,0xFF,0xFF,0xFF,0xFF,0xFF,
    0xFF,0xFF,0xFF,0xFF,0xFF,0xFF,0xFF,0xFF,0xFF,0xFF,0xFF,0xFF,0xFF,0xFF,0xFF,0xFF,0xFF,0xFF,0xFF,0xFF,0xFF,0xFF,0xFF,0xFF,0xFF,0xFF,0xFF,0xFF,0xFF,0xFF,0xFF,0xFF,0xFF,0xFF,0xFF,0xFF,
    0xFF,0xFF,0xFF,0xFF,0xFF,0xFF,0xFF,0xFF,0xFF,0xFF,0xFF,0xFF,0xFF,0xFF,0xFF,0xFF,0xFF,0xFF,0xFF,0xFF,0xFF,0xFF,0xFF,0xFF,0xFF,0xFF,0xFF,0xFF,0xFF,0xFF,0xFF,0xFF,0xFF,0xFF,0xFF,0xFF,
    0xFF,0xFF,0xFF,0xFF,0xFF,0xFF,0xFF,0xFF,0xFF,0xFF,0xFF,0xFF,0xFF,0xFF,0xFF,0xFF,0xFF,0xFF,0xFF,0xFF,0xFF,0xFF,0xFF,0xFF,0xFF,0xFF,0xFF,0xFF,0xFF,0xFF,0xFF,0xFF,0xFF,0xFF,0xFF,0xFF,
    0xFF,0xFF,0xFF,0xFF,0xFF,0xFF,0xFF,0xFF,0xFF,0xFF,0xFF,0xFF,0xFF,0xFF,0xFF,0xFF,0xFF,0xFF,0xFF,0xFF,0xFF,0xFF,0xFF,0xFF,0xFF,0xFF,0xFF,0xFF,0xFF,0xFF,0xFF,0xFF,0xFF,0xFF,0xFF,0xFF,
    0xFF,0xFF,0xFF,0xFF,0xFF,0xFF,0xFF,0xFF,0xFF,0xFF,0xFF,0xFF,0xFF,0xFF,0xFF,0xFF,0xFF,0xFF,0xFF,0xFF,0xFF,0xFF,0xFF,0xFF,0xFF,0xFF,0xFF,0xFF,0xFF,0xFF,0xFF,0xFF,0xFF,0xFF,0xFF,0xFF,
    0xFF,0xFF,0xFF,0xFF,0xFF,0xFF,0xFF,0xFF,0xFF,0xFF,0xFF,0xFF,0xFF,0xFF,0xFF,0xFF,0xFF,0xFF,0xFF,0xFF,0xFF,0xFF,0xFF,0xFF,0xFF,0xFF,0xFF,0xFF,0xFF,0xFF,0xFF,0xFF,0xFF,0xFF,0xFF,0xFF,
    0xFF,0xFF,0xFF,0xFF,0xFF,0xFF,0xFF,0xFF,0xFF,0xFF,0xFF,0xFF,0xFF,0xFF,0xFF,0xFF,0xFF,0xFF,0xFF,0xFF,0xFF,0xFF,0xFF,0xFF,0xFF,0xFF,0xFF,0xFF,0xFF,0xFF,0xFF,0xFF,0xFF,0xFF,0xFF,0xFF,
    0xFF,0xFF,0xFF,0xFF,0xFF,0xFF,0xFF,0xFF,0xFF,0xFF,0xFF,0xFF,0xFF,0xFF,0xFF,0xFF,0xFF,0xFF,0xFF,0xFF,0xFF,0xFF,0xFF,0xFF,0xFF,0xFF,0xFF,0xFF,0xFF,0xFF,0xFF,0xFF,0xFF,0xFF,0xFF,0xFF,
    0xFF,0xFF,0xFF,0xFF,0xFF,0xFF,0xFF,0xFF,0xFF,0xFF,0xFF,0xFF,0xFF,0xFF,0xFF,0xFF,0xFF,0xFF,0xFF,0xFF,0xFF,0xFF,0xFF,0xFF,0xFF,0xFF,0xFF,0xFF,0xFF,0xFF,0xFF,0xFF,0xFF,0xFF,0xFF,0xFF,
    0xFF,0xFF,0xFF,0xFF,0xFF,0xFF,0xFF,0xFF,0xFF,0xFF,0xFF,0xFF,0xFF,0xFF,0xFF,0xFF,0xFF,0xFF,0xFF,0xFF,0xFF,0xFF,0xFF,0xFF,0xFF,0xFF,0xFF,0xFF,0xFF,0xFF,0xFF,0xFF,0xFF,0xFF,0xFF,0xFF,
    0xFF,0xFF,0xFF,0xFF,0xFF,0xFF,0xFF,0xFF,0xFF,0xFF,0xFF,0xFF,0xFF,0xFF,0xFF,0xFF,0xFF,0xFF,0xFF,0xFF,0xFF,0xFF,0xFF,0xFF,0xFF,0xFF,0xFF,0xFF,0xFF,0xFF,0xFF,0xFF,0xFF,0xFF,0xFF,0xFF,
    0xFF,0xFF,0xFF,0xFF,0xFF,0xFF,0xFF,0xFF,0xFF,0xFF,0xFF,0xFF,0xFF,0xFF,0xFF,0xFF,0xFF,0xFF,0xFF,0xFF,0xFF,0xFF,0xFF,0xFF,0xFF,0xFF,0xFF,0xFF,0xFF,0xFF,0xFF,0xFF,0xFF,0xFF,0xFF,0xFF,
    0xFF,0xFF,0xFF,0xFF,0xFF,0xFF,0xFF,0xFF,0xFF,0xFF,0xFF,0xFF,0xFF,0xFF,0xFF,0xFF,0xFF,0xFF,0xFF,0xFF,0xFF,0xFF,0xFF,0xFF,0xFF,0xFF,0xFF,0xFF,0xFF,0xFF,0xFF,0xFF,0xFF,0xFF,0xFF,0xFF,
    0xFF,0xFF,0xFF,0xFF,0xFF,0xFF,0xFF,0xFF,0xFF,0xFF,0xFF,0xFF,0xFF,0xFF,0xFF,0xFF,0xFF,0xFF,0xFF,0xFF,0xFF,0xFF,0xFF,0xFF,0xFF,0xFF,0xFF,0xFF,0xFF,0xFF,0xFF,0xFF,0xFF,0xFF,0xFF,0xFF,
    0xFF,0xFF,0xFF,0xFF,0xFF,0xFF,0xFF,0xFF,0xFF,0xDF,0xFF,0xFF,0xFF,0xFF,0xFF,0x00,0x00,0xFF,0x00,0x00,0xFF,0x00,0x00,0xFF,0xFF,0xFF,0xFF,0x9E,0xF7,0xFF,0xBE,0xF7,0xFF,0xBE,0xF7,0xFF,
    0xBE,0xF7,0xFF,0xBE,0xF7,0xFF,0xBE,0xF7,0xFF,0xBE,0xF7,0xFF,0xBE,0xF7,0xFF,0xBE,0xF7,0xFF,0x9E,0xF7,0xFF,0xDF,0xFF,0xFF,0xDF,0xFF,0xFF,0x7D,0xEF,0xFF,0xFF,0xFF,0xFF,0xAE,0x73,0xFF,
    0xFF,0xFF,0xFF,0x9E,0xF7,0xFF,0xBE,0xF7,0xFF,0x9E,0xF7,0xFF,0xFF,0xFF,0xFF,0x9E,0xF7,0xFF,0xFF,0xFF,0xFF,0x9E,0xF7,0xFF,0x9E,0xF7,0xFF,0xFF,0xFF,0xFF,0xDF,0xFF,0xFF,0xDF,0xFF,0xFF,
    0x9E,0xF7,0xFF,0x7D,0xEF,0xFF,0xFF,0xFF,0xFF,0x7D,0xEF,0xFF,0x55,0xAD,0xFF,0x00,0x00,0xFF,0x20,0x00,0xFF,0x00,0x00,0xFF,0x00,0x00,0xFF,0x14,0xA5,0xFF,0xDF,0xFF,0xFF,0xFF,0xFF,0xFF,
    0xFF,0xFF,0xFF,0xBE,0xF7,0xFF,0xFF,0xFF,0xFF,0xFF,0xFF,0xFF,0xFF,0xFF,0xFF,0xFF,0xFF,0xFF,0xFF,0xFF,0xFF,0xFF,0xFF,0xFF,0xFF,0xFF,0xFF,0xFF,0xFF,0xFF,0xFF,0xFF,0xFF,0xDE,0xF7,0xFF,
    0xFF,0xFF,0xFF,0xFF,0xFF,0xFF,0xFF,0xFF,0xFF,0x89,0x52,0xFF,0xA1,0x10,0xFF,0x16,0xBE,0xFF,0x87,0x4A,0xFF,0xFD,0xFF,0xFF,0xDE,0xF7,0xFF,0xFF,0xFF,0xFF,0xBF,0xF7,0xFF,0xFF,0xFF,0xFF,
    0xBF,0xF7,0xFF,0x41,0x08,0xFF,0xFF,0xFF,0xFF,0xFD,0xFF,0xFF,0xFD,0xFF,0xFF,0xDD,0xFF,0xFF,0xBD,0xF7,0xFF,0xFF,0xFF,0xFF,0x67,0x31,0xFF,0x43,0x08,0xFF,0xFF,0xFF,0xFF,0xFF,0xFF,0xFF,
    0xFE,0xFF,0xFF,0xFE,0xFF,0xFF,0xFE,0xFF,0xFF,0xFE,0xFF,0xFF,0xFE,0xFF,0xFF,0xFF,0xFF,0xFF,0xFF,0xFF,0xFF,0xDF,0xFF,0xFF,0xFF,0xFF,0xFF,0xFF,0xFF,0xFF,0xFF,0xFF,0xFF,0xFF,0xFF,0xFF,
    0xFF,0xFF,0xFF,0xFF,0xFF,0xFF,0xFF,0xFF,0xFF,0xFF,0xFF,0xFF,0xFF,0xFF,0xFF,0xFF,0xFF,0xFF,0xFF,0xFF,0xFF,0xFF,0xFF,0xFF,0xFF,0xFF,0xFF,0xFF,0xFF,0xFF,0xFF,0xFF,0xFF,0xFF,0xFF,0xFF,
    0xFF,0xFF,0xFF,0xFF,0xFF,0xFF,0xFF,0xFF,0xFF,0xFF,0xFF,0xFF,0xFF,0xFF,0xFF,0xFF,0xFF,0xFF,0xFF,0xFF,0xFF,0xFF,0xFF,0xFF,0xDF,0xFF,0xFF,0xFF,0xFF,0xFF,0xDF,0xFF,0xFF,0xFF,0xFF,0xFF,
    0xDF,0xFF,0xFF,0xB2,0x94,0xFF,0x20,0x00,0xFF,0x00,0x00,0xFF,0x00,0x00,0xFF,0x00,0x00,0xFF,0x00,0x00,0xFF,0x82,0x10,0xFF,0x38,0xC6,0xFF,0xBE,0xF7,0xFF,0x7D,0xEF,0xFF,0xFF,0xFF,0xFF,
    0x1C,0xE7,0xFF,0xBE,0xF7,0xFF,0xDF,0xFF,0xFF,0xBE,0xF7,0xFF,0xBE,0xF7,0xFF,0x9E,0xF7,0xFF,0x9E,0xF7,0xFF,0xDF,0xFF,0xFF,0xDF,0xFF,0xFF,0x1C,0xE7,0xFF,0xDF,0xFF,0xFF,0xFF,0xFF,0xFF,
    0x5D,0xEF,0xFF,0xDF,0xFF,0xFF,0xBE,0xF7,0xFF,0xBE,0xF7,0xFF,0x9E,0xF7,0xFF,0x9E,0xF7,0xFF,0x14,0xA5,0xFF,0xE3,0x18,0xFF,0xE7,0x39,0xFF,0x5D,0xEF,0xFF,0x9E,0xF7,0xFF,0xBE,0xF7,0xFF,
    0xBE,0xF7,0xFF,0xDF,0xFF,0xFF,0xBE,0xF7,0xFF,0xBE,0xF7,0xFF,0x9E,0xF7,0xFF,0xBE,0xF7,0xFF,0xBE,0xF7,0xFF,0xBE,0xF7,0xFF,0xBE,0xF7,0xFF,0xBE,0xF7,0xFF,0x9E,0xF7,0xFF,0x9E,0xF7,0xFF,
    0xBE,0xF7,0xFF,0xDF,0xFF,0xFF,0xBE,0xF7,0xFF,0x7D,0xEF,0xFF,0x00,0x00,0xFF,0x00,0x00,0xFF,0x20,0x00,0xFF,0xDF,0xFF,0xFF,0xFF,0xFF,0xFF,0xFF,0xFF,0xFF,0xFF,0xFF,0xFF,0xFF,0xFF,0xFF,
    0xFF,0xFF,0xFF,0xFF,0xFF,0xFF,0xFF,0xFF,0xFF,0xFF,0xFF,0xFF,0xFF,0xFF,0xFF,0xFF,0xFF,0xFF,0xFF,0xFF,0xFF,0xFF,0xFF,0xFF,0xFF,0xFF,0xFF,0xFF,0xFF,0xFF,0xFF,0xFF,0xFF,0xFF,0xFF,0xFF,
    0xFF,0xFF,0xFF,0xFF,0xFF,0xFF,0xFF,0xFF,0xFF,0xFF,0xFF,0xFF,0xFF,0xFF,0xFF,0xFF,0xFF,0xFF,0xFF,0xFF,0xFF,0xFF,0xFF,0xFF,0xFF,0xFF,0xFF,0xFF,0xFF,0xFF,0xFF,0xFF,0xFF,0xFF,0xFF,0xFF,
    0xFF,0xFF,0xFF,0xFF,0xFF,0xFF,0xFF,0xFF,0xFF,0xFF,0xFF,0xFF,0xFF,0xFF,0xFF,0xFF,0xFF,0xFF,0xFF,0xFF,0xFF,0xFF,0xFF,0xFF,0xFF,0xFF,0xFF,0xFF,0xFF,0xFF,0xFF,0xFF,0xFF,0xFF,0xFF,0xFF,
    0xFF,0xFF,0xFF,0xFF,0xFF,0xFF,0xFF,0xFF,0xFF,0xFF,0xFF,0xFF,0xFF,0xFF,0xFF,0xFF,0xFF,0xFF,0xFF,0xFF,0xFF,0xFF,0xFF,0xFF,0xFF,0xFF,0xFF,0xFF,0xFF,0xFF,0xFF,0xFF,0xFF,0xFF,0xFF,0xFF,
    0xFF,0xFF,0xFF,0xFF,0xFF,0xFF,0xFF,0xFF,0xFF,0xFF,0xFF,0xFF,0xFF,0xFF,0xFF,0xFF,0xFF,0xFF,0xFF,0xFF,0xFF,0xFF,0xFF,0xFF,0xFF,0xFF,0xFF,0xFF,0xFF,0xFF,0xFF,0xFF,0xFF,0xFF,0xFF,0xFF,
    0xFF,0xFF,0xFF,0xFF,0xFF,0xFF,0xFF,0xFF,0xFF,0xFF,0xFF,0xFF,0xFF,0xFF,0xFF,0xFF,0xFF,0xFF,0xFF,0xFF,0xFF,0xFF,0xFF,0xFF,0xFF,0xFF,0xFF,0xFF,0xFF,0xFF,0xFF,0xFF,0xFF,0xFF,0xFF,0xFF,
    0xFF,0xFF,0xFF,0xFF,0xFF,0xFF,0xFF,0xFF,0xFF,0xFF,0xFF,0xFF,0xFF,0xFF,0xFF,0xFF,0xFF,0xFF,0xFF,0xFF,0xFF,0xFF,0xFF,0xFF,0xFF,0xFF,0xFF,0xFF,0xFF,0xFF,0xFF,0xFF,0xFF,0xFF,0xFF,0xFF,
    0xFF,0xFF,0xFF,0xFF,0xFF,0xFF,0xFF,0xFF,0xFF,0xFF,0xFF,0xFF,0xFF,0xFF,0xFF,0xFF,0xFF,0xFF,0xFF,0xFF,0xFF,0xFF,0xFF,0xFF,0xFF,0xFF,0xFF,0xFF,0xFF,0xFF,0xFF,0xFF,0xFF,0xFF,0xFF,0xFF,
    0xFF,0xFF,0xFF,0xFF,0xFF,0xFF,0xFF,0xFF,0xFF,0xFF,0xFF,0xFF,0xFF,0xFF,0xFF,0xFF,0xFF,0xFF,0xFF,0xFF,0xFF,0xFF,0xFF,0xFF,0xFF,0xFF,0xFF,0xFF,0xFF,0xFF,0xFF,0xFF,0xFF,0xFF,0xFF,0xFF,
    0xFF,0xFF,0xFF,0xFF,0xFF,0xFF,0xFF,0xFF,0xFF,0xFF,0xFF,0xFF,0xFF,0xFF,0xFF,0xFF,0xFF,0xFF,0xFF,0xFF,0xFF,0xFF,0xFF,0xFF,0xFF,0xFF,0xFF,0xFF,0xFF,0xFF,0xFF,0xFF,0xFF,0xFF,0xFF,0xFF,
    0xFF,0xFF,0xFF,0xFF,0xFF,0xFF,0xFF,0xFF,0xFF,0xFF,0xFF,0xFF,0xFF,0xFF,0xFF,0xFF,0xFF,0xFF,0xFF,0xFF,0xFF,0xFF,0xFF,0xFF,0xFF,0xFF,0xFF,0xFF,0xFF,0xFF,0xFF,0xFF,0xFF,0xFF,0xFF,0xFF,
    0xFF,0xFF,0xFF,0xFF,0xFF,0xFF,0xFF,0xFF,0xFF,0xFF,0xFF,0xFF,0xFF,0xFF,0xFF,0xFF,0xFF,0xFF,0xFF,0xFF,0xFF,0xFF,0xFF,0xFF,0xFF,0xFF,0xFF,0xFF,0xFF,0xFF,0xFF,0xFF,0xFF,0xFF,0xFF,0xFF,
    0xFF,0xFF,0xFF,0xFF,0xFF,0xFF,0xFF,0xFF,0xFF,0xFF,0xFF,0xFF,0xFF,0xFF,0xFF,0xFF,0xFF,0xFF,0xFF,0xFF,0xFF,0xFF,0xFF,0xFF,0xFF,0xFF,0xFF,0xFF,0xFF,0xFF,0xFF,0xFF,0xFF,0xFF,0xFF,0xFF,
    0xFF,0xFF,0xFF,0xFF,0xFF,0xFF,0xFF,0xFF,0xFF,0xFF,0xFF,0xFF,0xFF,0xFF,0xFF,0xFF,0xFF,0xFF,0xFF,0xFF,0xFF,0xFF,0xFF,0xFF,0xFF,0xFF,0xFF,0xFF,0xFF,0xFF,0xFF,0xFF,0xFF,0xFF,0xFF,0xFF,
    0xFF,0xFF,0xFF,0xFF,0xFF,0xFF,0xFF,0xFF,0xFF,0xFF,0xFF,0xFF,0xFF,0xFF,0xFF,0xFF,0xFF,0xFF,0xFF,0xFF,0xFF,0xFF,0xFF,0xFF,0xFF,0xFF,0xFF,0xFF,0xFF,0xFF,0xFF,0xFF,0xFF,0xFF,0xFF,0xFF,
    0xFF,0xFF,0xFF,0xFF,0xFF,0xFF,0xFF,0xFF,0xFF,0xFF,0xFF,0xFF,0xFF,0xFF,0xFF,0xFF,0xFF,0xFF,0xFF,0xFF,0xFF,0xFF,0xFF,0xFF,0xFF,0xFF,0xFF,0xFF,0xFF,0xFF,0xFF,0xFF,0xFF,0xFF,0xFF,0xFF,
    0xFF,0xFF,0xFF,0xFF,0xFF,0xFF,0xFF,0xFF,0xFF,0xFF,0xFF,0xFF,0xFF,0xFF,0xFF,0xFF,0xFF,0xFF,0xFF,0xFF,0xFF,0xFF,0xFF,0xFF,0xFF,0xFF,0xFF,0xFF,0xFF,0xFF,0xFF,0xFF,0xFF,0xFF,0xFF,0xFF,
    0xFF,0xFF,0xFF,0xFF,0xFF,0xFF,0xFF,0xFF,0xFF,0xFF,0xFF,0xFF,0xFF,0xFF,0xFF,0xFF,0xFF,0xFF,0xFF,0xFF,0xFF,0xFF,0xFF,0xFF,0xFF,0xFF,0xFF,0xFF,0xFF,0xFF,0xFF,0xFF,0xFF,0xFF,0xFF,0xFF,
    0xFF,0xFF,0xFF,0xFF,0xFF,0xFF,0xFF,0xFF,0xFF,0xFF,0xFF,0xFF,0xFF,0xFF,0xFF,0xFF,0xFF,0xFF,0xFF,0xFF,0xFF,0xFF,0xFF,0xFF,0xFF,0xFF,0xFF,0xFF,0xFF,0xFF,0x5D,0xEF,0xFF,0x20,0x00,0xFF,
    0x00,0x00,0xFF,0x20,0x00,0xFF,0x9E,0xF7,0xFF,0xBE,0xF7,0xFF,0xBE,0xF7,0xFF,0xBE,0xF7,0xFF,0xBE,0xF7,0xFF,0xBE,0xF7,0xFF,0xBE,0xF7,0xFF,0xBE,0xF7,0xFF,0xBE,0xF7,0xFF,0xBE,0xF7,0xFF,
    0xBE,0xF7,0xFF,0xDF,0xFF,0xFF,0x7D,0xEF,0xFF,0xDF,0xFF,0xFF,0xBE,0xF7,0xFF,0xDF,0xFF,0xFF,0x0C,0x63,0xFF,0x7D,0xEF,0xFF,0xBE,0xF7,0xFF,0xDF,0xFF,0xFF,0xBE,0xF7,0xFF,0xBE,0xF7,0xFF,
    0xFF,0xFF,0xFF,0x9E,0xF7,0xFF,0xBE,0xF7,0xFF,0xBE,0xF7,0xFF,0xDF,0xFF,0xFF,0xBE,0xF7,0xFF,0x9E,0xF7,0xFF,0x9E,0xF7,0xFF,0xBE,0xF7,0xFF,0xDF,0xFF,0xFF,0x9E,0xF7,0xFF,0x3C,0xE7,0xFF,
    0x00,0x00,0xFF,0x20,0x00,0xFF,0x00,0x00,0xFF,0x20,0x00,0xFF,0x10,0x84,0xFF,0x9E,0xF7,0xFF,0xFF,0xFF,0xFF,0xFF,0xFF,0xFF,0xFF,0xFF,0xFF,0xFF,0xFF,0xFF,0xBE,0xF7,0xFF,0xFF,0xFF,0xFF,
    0xFF,0xFF,0xFF,0xDE,0xFF,0xFF,0xFF,0xFF,0xFF,0xFF,0xFF,0xFF,0xFF,0xFF,0xFF,0xBE,0xF7,0xFF,0xFF,0xFF,0xFF,0xFF,0xFF,0xFF,0xFF,0xFF,0xFF,0xFE,0xFF,0xFF,0xC2,0x18,0xFF,0x2B,0x63,0xFF,
    0xFD,0xFF,0xFF,0xFC,0xF7,0xFF,0xFD,0xFF,0xFF,0xDE,0xF7,0xFF,0xFF,0xFF,0xFF,0xDF,0xFF,0xFF,0xFF,0xFF,0xFF,0x20,0x00,0xFF,0xFF,0xFF,0xFF,0xFE,0xFF,0xFF,0x3B,0xEF,0xFF,0x0A,0x63,0xFF,
    0xC1,0x18,0xFF,0x40,0x08,0xFF,0x00,0x00,0xFF,0x20,0x08,0xFF,0x40,0x08,0xFF,0x20,0x00,0xFF,0xAB,0x73,0xFF,0xFD,0xFF,0xFF,0xFD,0xFF,0xFF,0xBD,0xF7,0xFF,0xFE,0xFF,0xFF,0xBE,0xF7,0xFF,
    0xFF,0xFF,0xFF,0xFF,0xFF,0xFF,0xFF,0xFF,0xFF,0xFF,0xFF,0xFF,0xFF,0xFF,0xFF,0xFF,0xFF,0xFF,0xFF,0xFF,0xFF,0xFF,0xFF,0xFF,0xFF,0xFF,0xFF,0xFF,0xFF,0xFF,0xFF,0xFF,0xFF,0xFF,0xFF,0xFF,
    0xFF,0xFF,0xFF,0xFF,0xFF,0xFF,0xFF,0xFF,0xFF,0xFF,0xFF,0xFF,0xFF,0xFF,0xFF,0xFF,0xFF,0xFF,0xDF,0xFF,0xFF,0xFF,0xFF,0xFF,0xFF,0xFF,0xFF,0xDF,0xFF,0xFF,0xFF,0xFF,0xFF,0xFF,0xFF,0xFF,
    0xFF,0xFF,0xFF,0xBE,0xF7,0xFF,0xFF,0xFF,0xFF,0xFF,0xFF,0xFF,0xFF,0xFF,0xFF,0x75,0xAD,0xFF,0x00,0x00,0xFF,0x20,0x00,0xFF,0x00,0x00,0xFF,0x41,0x08,0xFF,0x20,0x00,0xFF,0x00,0x00,0xFF,
    0xF7,0xBD,0xFF,0xFF,0xFF,0xFF,0x5D,0xEF,0xFF,0xBE,0xF7,0xFF,0xBE,0xF7,0xFF,0x9E,0xF7,0xFF,0xFF,0xFF,0xFF,0xDF,0xFF,0xFF,0xBE,0xF7,0xFF,0x7D,0xEF,0xFF,0x9E,0xF7,0xFF,0xFF,0xFF,0xFF,
    0xFF,0xFF,0xFF,0x5D,0xEF,0xFF,0xDF,0xFF,0xFF,0x9E,0xF7,0xFF,0xFF,0xFF,0xFF,0xBE,0xF7,0xFF,0x7D,0xEF,0xFF,0xFF,0xFF,0xFF,0x5D,0xEF,0xFF,0x55,0xAD,0xFF,0xA2,0x10,0xFF,0x00,0x00,0xFF,
    0x55,0xAD,0xFF,0x9E,0xF7,0xFF,0x7D,0xEF,0xFF,0xDF,0xFF,0xFF,0x9E,0xF7,0xFF,0xBE,0xF7,0xFF,0xBE,0xF7,0xFF,0xBE,0xF7,0xFF,0xBE,0xF7,0xFF,0xBE,0xF7,0xFF,0xBE,0xF7,0xFF,0x9E,0xF7,0xFF,
    0xBE,0xF7,0xFF,0xBE,0xF7,0xFF,0xBE,0xF7,0xFF,0xBE,0xF7,0xFF,0xBE,0xF7,0xFF,0xBE,0xF7,0xFF,0xBE,0xF7,0xFF,0xBE,0xF7,0xFF,0x9E,0xF7,0xFF,0xBE,0xF7,0xFF,0x00,0x00,0xFF,0x41,0x08,0xFF,
    0x00,0x00,0xFF,0xFF,0xFF,0xFF,0xDF,0xFF,0xFF,0xFF,0xFF,0xFF,0xFF,0xFF,0xFF,0xFF,0xFF,0xFF,0xFF,0xFF,0xFF,0xFF,0xFF,0xFF,0xFF,0xFF,0xFF,0xFF,0xFF,0xFF,0xFF,0xFF,0xFF,0xFF,0xFF,0xFF,
    0xFF,0xFF,0xFF,0xFF,0xFF,0xFF,0xFF,0xFF,0xFF,0xFF,0xFF,0xFF,0xFF,0xFF,0xFF,0xFF,0xFF,0xFF,0xFF,0xFF,0xFF,0xFF,0xFF,0xFF,0xFF,0xFF,0xFF,0xFF,0xFF,0xFF,0xFF,0xFF,0xFF,0xFF,0xFF,0xFF,
    0xFF,0xFF,0xFF,0xFF,0xFF,0xFF,0xFF,0xFF,0xFF,0xFF,0xFF,0xFF,0xFF,0xFF,0xFF,0xFF,0xFF,0xFF,0xFF,0xFF,0xFF,0xFF,0xFF,0xFF,0xFF,0xFF,0xFF,0xFF,0xFF,0xFF,0xFF,0xFF,0xFF,0xFF,0xFF,0xFF,
    0xFF,0xFF,0xFF,0xFF,0xFF,0xFF,0xFF,0xFF,0xFF,0xFF,0xFF,0xFF,0xFF,0xFF,0xFF,0xFF,0xFF,0xFF,0xFF,0xFF,0xFF,0xFF,0xFF,0xFF,0xFF,0xFF,0xFF,0xFF,0xFF,0xFF,0xFF,0xFF,0xFF,0xFF,0xFF,0xFF,
    0xFF,0xFF,0xFF,0xFF,0xFF,0xFF,0xFF,0xFF,0xFF,0xFF,0xFF,0xFF,0xFF,0xFF,0xFF,0xFF,0xFF,0xFF,0xFF,0xFF,0xFF,0xFF,0xFF,0xFF,0xFF,0xFF,0xFF,0xFF,0xFF,0xFF,0xFF,0xFF,0xFF,0xFF,0xFF,0xFF,
    0xFF,0xFF,0xFF,0xFF,0xFF,0xFF,0xFF,0xFF,0xFF,0xFF,0xFF,0xFF,0xFF,0xFF,0xFF,0xFF,0xFF,0xFF,0xFF,0xFF,0xFF,0xFF,0xFF,0xFF,0xFF,0xFF,0xFF,0xFF,0xFF,0xFF,0xFF,0xFF,0xFF,0xFF,0xFF,0xFF,
    0xFF,0xFF,0xFF,0xFF,0xFF,0xFF,0xFF,0xFF,0xFF,0xFF,0xFF,0xFF,0xFF,0xFF,0xFF,0xFF,0xFF,0xFF,0xFF,0xFF,0xFF,0xFF,0xFF,0xFF,0xFF,0xFF,0xFF,0xFF,0xFF,0xFF,0xFF,0xFF,0xFF,0xFF,0xFF,0xFF,
    0xFF,0xFF,0xFF,0xFF,0xFF,0xFF,0xFF,0xFF,0xFF,0xFF,0xFF,0xFF,0xFF,0xFF,0xFF,0xFF,0xFF,0xFF,0xFF,0xFF,0xFF,0xFF,0xFF,0xFF,0xFF,0xFF,0xFF,0xFF,0xFF,0xFF,0xFF,0xFF,0xFF,0xFF,0xFF,0xFF,
    0xFF,0xFF,0xFF,0xFF,0xFF,0xFF,0xFF,0xFF,0xFF,0xFF,0xFF,0xFF,0xFF,0xFF,0xFF,0xFF,0xFF,0xFF,0xFF,0xFF,0xFF,0xFF,0xFF,0xFF,0xFF,0xFF,0xFF,0xFF,0xFF,0xFF,0xFF,0xFF,0xFF,0xFF,0xFF,0xFF,
    0xFF,0xFF,0xFF,0xFF,0xFF,0xFF,0xFF,0xFF,0xFF,0xFF,0xFF,0xFF,0xFF,0xFF,0xFF,0xFF,0xFF,0xFF,0xFF,0xFF,0xFF,0xFF,0xFF,0xFF,0xFF,0xFF,0xFF,0xFF,0xFF,0xFF,0xFF,0xFF,0xFF,0xFF,0xFF,0xFF,
    0xFF,0xFF,0xFF,0xFF,0xFF,0xFF,0xFF,0xFF,0xFF,0xFF,0xFF,0xFF,0xFF,0xFF,0xFF,0xFF,0xFF,0xFF,0xFF,0xFF,0xFF,0xFF,0xFF,0xFF,0xFF,0xFF,0xFF,0xFF,0xFF,0xFF,0xFF,0xFF,0xFF,0xFF,0xFF,0xFF,
    0xFF,0xFF,0xFF,0xFF,0xFF,0xFF,0xFF,0xFF,0xFF,0xFF,0xFF,0xFF,0xFF,0xFF,0xFF,0xFF,0xFF,0xFF,0xFF,0xFF,0xFF,0xFF,0xFF,0xFF,0xFF,0xFF,0xFF,0xFF,0xFF,0xFF,0xFF,0xFF,0xFF,0xFF,0xFF,0xFF,
    0xFF,0xFF,0xFF,0xFF,0xFF,0xFF,0xFF,0xFF,0xFF,0xFF,0xFF,0xFF,0xFF,0xFF,0xFF,0xFF,0xFF,0xFF,0xFF,0xFF,0xFF,0xFF,0xFF,0xFF,0xFF,0xFF,0xFF,0xFF,0xFF,0xFF,0xFF,0xFF,0xFF,0xFF,0xFF,0xFF,
    0xFF,0xFF,0xFF,0xFF,0xFF,0xFF,0xFF,0xFF,0xFF,0xFF,0xFF,0xFF,0xFF,0xFF,0xFF,0xFF,0xFF,0xFF,0xFF,0xFF,0xFF,0xFF,0xFF,0xFF,0xFF,0xFF,0xFF,0xFF,0xFF,0xFF,0xFF,0xFF,0xFF,0xFF,0xFF,0xFF,
    0xFF,0xFF,0xFF,0xFF,0xFF,0xFF,0xFF,0xFF,0xFF,0xFF,0xFF,0xFF,0xFF,0xFF,0xFF,0xFF,0xFF,0xFF,0xFF,0xFF,0xFF,0xFF,0xFF,0xFF,0xFF,0xFF,0xFF,0xFF,0xFF,0xFF,0xFF,0xFF,0xFF,0xFF,0xFF,0xFF,
    0xFF,0xFF,0xFF,0xFF,0xFF,0xFF,0xFF,0xFF,0xFF,0xFF,0xFF,0xFF,0xFF,0xFF,0xFF,0xFF,0xFF,0xFF,0xFF,0xFF,0xFF,0xFF,0xFF,0xFF,0xFF,0xFF,0xFF,0xFF,0xFF,0xFF,0xFF,0xFF,0xFF,0xFF,0xFF,0xFF,
    0xFF,0xFF,0xFF,0xFF,0xFF,0xFF,0xFF,0xFF,0xFF,0xFF,0xFF,0xFF,0xFF,0xFF,0xFF,0xFF,0xFF,0xFF,0xFF,0xFF,0xFF,0xFF,0xFF,0xFF,0xFF,0xFF,0xFF,0xFF,0xFF,0xFF,0xFF,0xFF,0xFF,0xFF,0xFF,0xFF,
    0xFF,0xFF,0xFF,0xFF,0xFF,0xFF,0xFF,0xFF,0xFF,0xFF,0xFF,0xFF,0xFF,0xFF,0xFF,0xFF,0xFF,0xFF,0xFF,0xFF,0xFF,0xFF,0xFF,0xFF,0xFF,0xFF,0xFF,0xFF,0xFF,0xFF,0xFF,0xFF,0xFF,0xFF,0xFF,0xFF,
    0xFF,0xFF,0xFF,0xFF,0xFF,0xFF,0xFF,0xFF,0xFF,0xFF,0xFF,0xFF,0xFF,0xFF,0xFF,0xFF,0xFF,0xFF,0xFF,0xFF,0xFF,0xFF,0xFF,0xFF,0xFF,0xFF,0xFF,0xFF,0xFF,0xFF,0xFF,0xFF,0xFF,0xFF,0xFF,0xFF,
    0xFF,0xFF,0xFF,0xFF,0xFF,0xFF,0xDF,0xFF,0xFF,0xFF,0xFF,0xFF,0xB6,0xB5,0xFF,0x20,0x00,0xFF,0x00,0x00,0xFF,0x86,0x31,0xFF,0x7D,0xEF,0xFF,0xBE,0xF7,0xFF,0xBE,0xF7,0xFF,0xBE,0xF7,0xFF,
    0xBE,0xF7,0xFF,0xBE,0xF7,0xFF,0xBE,0xF7,0xFF,0xBE,0xF7,0xFF,0xBE,0xF7,0xFF,0xBE,0xF7,0xFF,0xFF,0xFF,0xFF,0x9E,0xF7,0xFF,0xFF,0xFF,0xFF,0x9E,0xF7,0xFF,0x7D,0xEF,0xFF,0xDF,0xFF,0xFF,
    0x9E,0xF7,0xFF,0xEB,0x5A,0xFF,0xFF,0xFF,0xFF,0x7D,0xEF,0xFF,0xBE,0xF7,0xFF,0x7D,0xEF,0xFF,0x3C,0xE7,0xFF,0xFF,0xFF,0xFF,0xDF,0xFF,0xFF,0x7D,0xEF,0xFF,0xBE,0xF7,0xFF,0xBE,0xF7,0xFF,
    0xBE,0xF7,0xFF,0x9E,0xF7,0xFF,0xBE,0xF7,0xFF,0xDF,0xFF,0xFF,0xBE,0xF7,0xFF,0x7D,0xEF,0xFF,0xFF,0xFF,0xFF,0x00,0x00,0xFF,0x20,0x00,0xFF,0x00,0x00,0xFF,0x00,0x00,0xFF,0x6D,0x6B,0xFF,
    0xDF,0xFF,0xFF,0xBE,0xF7,0xFF,0x9E,0xF7,0xFF,0xBE,0xF7,0xFF,0xFF,0xFF,0xFF,0xDE,0xFF,0xFF,0xFF,0xFF,0xFF,0xFF,0xFF,0xFF,0xFF,0xFF,0xFF,0xFF,0xFF,0xFF,0xFF,0xFF,0xFF,0xFE,0xFF,0xFF,
    0xFF,0xFF,0xFF,0xFF,0xFF,0xFF,0xDE,0xFF,0xFF,0xFF,0xFF,0xFF,0x54,0xAD,0xFF,0xFE,0xFF,0xFF,0xFD,0xFF,0xFF,0xFE,0xFF,0xFF,0xFD,0xF7,0xFF,0xFE,0xFF,0xFF,0x7C,0xEF,0xFF,0xDE,0xFF,0xFF,
    0xDE,0xFF,0xFF,0x40,0x08,0xFF,0x0A,0x63,0xFF,0x40,0x08,0xFF,0x00,0x00,0xFF,0x40,0x08,0xFF,0xA0,0x10,0xFF,0x80,0x10,0xFF,0x80,0x10,0xFF,0xC0,0x10,0xFF,0x80,0x08,0xFF,0xA0,0x10,0xFF,
    0x20,0x00,0xFF,0x20,0x00,0xFF,0xF8,0xDE,0xFF,0xFD,0xFF,0xFF,0x9D,0xEF,0xFF,0xFF,0xFF,0xFF,0xFF,0xFF,0xFF,0xFF,0xFF,0xFF,0xFF,0xFF,0xFF,0xFF,0xFF,0xFF,0xFF,0xFF,0xFF,0xFF,0xFF,0xFF,
    0xFF,0xFF,0xFF,0xFF,0xFF,0xFF,0xFF,0xFF,0xFF,0xFF,0xFF,0xFF,0xFF,0xFF,0xFF,0xFF,0xFF,0xFF,0xFF,0xFF,0xFF,0xFF,0xFF,0xFF,0xFF,0xFF,0xFF,0xFF,0xFF,0xFF,0xFF,0xFF,0xFF,0xFF,0xFF,0xFF,
    0xFF,0xFF,0xFF,0xBE,0xF7,0xFF,0x7D,0xEF,0xFF,0xFF,0xFF,0xFF,0x9E,0xF7,0xFF,0xDF,0xFF,0xFF,0xFF,0xFF,0xFF,0xFF,0xFF,0xFF,0xDF,0xFF,0xFF,0x9A,0xD6,0xFF,0x82,0x10,0xFF,0x20,0x00,0xFF,
    0x00,0x00,0xFF,0x00,0x00,0xFF,0x61,0x08,0xFF,0x41,0x08,0xFF,0x75,0xAD,0xFF,0xFF,0xFF,0xFF,0xBE,0xF7,0xFF,0x5D,0xEF,0xFF,0xBE,0xF7,0xFF,0xBE,0xF7,0xFF,0xBE,0xF7,0xFF,0x9E,0xF7,0xFF,
    0x7D,0xEF,0xFF,0xFF,0xFF,0xFF,0x9E,0xF7,0xFF,0x9E,0xF7,0xFF,0xFF,0xFF,0xFF,0x7D,0xEF,0xFF,0x9E,0xF7,0xFF,0x7D,0xEF,0xFF,0xBE,0xF7,0xFF,0xFF,0xFF,0xFF,0x5D,0xEF,0xFF,0xDF,0xFF,0xFF,
    0xBA,0xD6,0xFF,0x04,0x21,0xFF,0x41,0x08,0xFF,0x86,0x31,0xFF,0xDB,0xDE,0xFF,0xDF,0xFF,0xFF,0x5D,0xEF,0xFF,0xBE,0xF7,0xFF,0xDF,0xFF,0xFF,0x9E,0xF7,0xFF,0xFF,0xFF,0xFF,0xBE,0xF7,0xFF,
    0x9E,0xF7,0xFF,0xBE,0xF7,0xFF,0xBE,0xF7,0xFF,0x9E,0xF7,0xFF,0xBE,0xF7,0xFF,0xFF,0xFF,0xFF,0xBE,0xF7,0xFF,0xBE,0xF7,0xFF,0xBE,0xF7,0xFF,0xBE,0xF7,0xFF,0xBE,0xF7,0xFF,0xBE,0xF7,0xFF,
    0xBE,0xF7,0xFF,0xBE,0xF7,0xFF,0xDF,0xFF,0xFF,0x9E,0xF7,0xFF,0x00,0x00,0xFF,0x20,0x00,0xFF,0x00,0x00,0xFF,0xFF,0xFF,0xFF,0xDF,0xFF,0xFF,0xFF,0xFF,0xFF,0xFF,0xFF,0xFF,0xFF,0xFF,0xFF,
    0xFF,0xFF,0xFF,0xFF,0xFF,0xFF,0xFF,0xFF,0xFF,0xFF,0xFF,0xFF,0xFF,0xFF,0xFF,0xFF,0xFF,0xFF,0xFF,0xFF,0xFF,0xFF,0xFF,0xFF,0xFF,0xFF,0xFF,0xFF,0xFF,0xFF,0xFF,0xFF,0xFF,0xFF,0xFF,0xFF,
    0xFF,0xFF,0xFF,0xFF,0xFF,0xFF,0xFF,0xFF,0xFF,0xFF,0xFF,0xFF,0xFF,0xFF,0xFF,0xFF,0xFF,0xFF,0xFF,0xFF,0xFF,0xFF,0xFF,0xFF,0xFF,0xFF,0xFF,0xFF,0xFF,0xFF,0xFF,0xFF,0xFF,0xFF,0xFF,0xFF,
    0xFF,0xFF,0xFF,0xFF,0xFF,0xFF,0xFF,0xFF,0xFF,0xFF,0xFF,0xFF,0xFF,0xFF,0xFF,0xFF,0xFF,0xFF,0xFF,0xFF,0xFF,0xFF,0xFF,0xFF,0xFF,0xFF,0xFF,0xFF,0xFF,0xFF,0xFF,0xFF,0xFF,0xFF,0xFF,0xFF,
    0xFF,0xFF,0xFF,0xFF,0xFF,0xFF,0xFF,0xFF,0xFF,0xFF,0xFF,0xFF,0xFF,0xFF,0xFF,0xFF,0xFF,0xFF,0xFF,0xFF,0xFF,0xFF,0xFF,0xFF,0xFF,0xFF,0xFF,0xFF,0xFF,0xFF,0xFF,0xFF,0xFF,0xFF,0xFF,0xFF,
    0xFF,0xFF,0xFF,0xFF,0xFF,0xFF,0xFF,0xFF,0xFF,0xFF,0xFF,0xFF,0xFF,0xFF,0xFF,0xFF,0xFF,0xFF,0xFF,0xFF,0xFF,0xFF,0xFF,0xFF,0xFF,0xFF,0xFF,0xFF,0xFF,0xFF,0xFF,0xFF,0xFF,0xFF,0xFF,0xFF,
    0xFF,0xFF,0xFF,0xFF,0xFF,0xFF,0xFF,0xFF,0xFF,0xFF,0xFF,0xFF,0xFF,0xFF,0xFF,0xFF,0xFF,0xFF,0xFF,0xFF,0xFF,0xFF,0xFF,0xFF,0xFF,0xFF,0xFF,0xFF,0xFF,0xFF,0xFF,0xFF,0xFF,0xFF,0xFF,0xFF,
    0xFF,0xFF,0xFF,0xFF,0xFF,0xFF,0xFF,0xFF,0xFF,0xFF,0xFF,0xFF,0xFF,0xFF,0xFF,0xFF,0xFF,0xFF,0xFF,0xFF,0xFF,0xFF,0xFF,0xFF,0xFF,0xFF,0xFF,0xFF,0xFF,0xFF,0xFF,0xFF,0xFF,0xFF,0xFF,0xFF,
    0xFF,0xFF,0xFF,0xFF,0xFF,0xFF,0xFF,0xFF,0xFF,0xFF,0xFF,0xFF,0xFF,0xFF,0xFF,0xFF,0xFF,0xFF,0xFF,0xFF,0xFF,0xFF,0xFF,0xFF,0xFF,0xFF,0xFF,0xFF,0xFF,0xFF,0xFF,0xFF,0xFF,0xFF,0xFF,0xFF,
    0xFF,0xFF,0xFF,0xFF,0xFF,0xFF,0xFF,0xFF,0xFF,0xFF,0xFF,0xFF,0xFF,0xFF,0xFF,0xFF,0xFF,0xFF,0xFF,0xFF,0xFF,0xFF,0xFF,0xFF,0xFF,0xFF,0xFF,0xFF,0xFF,0xFF,0xFF,0xFF,0xFF,0xFF,0xFF,0xFF,
    0xFF,0xFF,0xFF,0xFF,0xFF,0xFF,0xFF,0xFF,0xFF,0xFF,0xFF,0xFF,0xFF,0xFF,0xFF,0xFF,0xFF,0xFF,0xFF,0xFF,0xFF,0xFF,0xFF,0xFF,0xFF,0xFF,0xFF,0xFF,0xFF,0xFF,0xFF,0xFF,0xFF,0xFF,0xFF,0xFF,
    0xFF,0xFF,0xFF,0xFF,0xFF,0xFF,0xFF,0xFF,0xFF,0xFF,0xFF,0xFF,0xFF,0xFF,0xFF,0xFF,0xFF,0xFF,0xFF,0xFF,0xFF,0xFF,0xFF,0xFF,0xFF,0xFF,0xFF,0xFF,0xFF,0xFF,0xFF,0xFF,0xFF,0xFF,0xFF,0xFF,
    0xFF,0xFF,0xFF,0xFF,0xFF,0xFF,0xFF,0xFF,0xFF,0xFF,0xFF,0xFF,0xFF,0xFF,0xFF,0xFF,0xFF,0xFF,0xFF,0xFF,0xFF,0xFF,0xFF,0xFF,0xFF,0xFF,0xFF,0xFF,0xFF,0xFF,0xFF,0xFF,0xFF,0xFF,0xFF,0xFF,
    0xFF,0xFF,0xFF,0xFF,0xFF,0xFF,0xFF,0xFF,0xFF,0xFF,0xFF,0xFF,0xFF,0xFF,0xFF,0xFF,0xFF,0xFF,0xFF,0xFF,0xFF,0xFF,0xFF,0xFF,0xFF,0xFF,0xFF,0xFF,0xFF,0xFF,0xFF,0xFF,0xFF,0xFF,0xFF,0xFF,
    0xFF,0xFF,0xFF,0xFF,0xFF,0xFF,0xFF,0xFF,0xFF,0xFF,0xFF,0xFF,0xFF,0xFF,0xFF,0xFF,0xFF,0xFF,0xFF,0xFF,0xFF,0xFF,0xFF,0xFF,0xFF,0xFF,0xFF,0xFF,0xFF,0xFF,0xFF,0xFF,0xFF,0xFF,0xFF,0xFF,
    0xFF,0xFF,0xFF,0xFF,0xFF,0xFF,0xFF,0xFF,0xFF,0xFF,0xFF,0xFF,0xFF,0xFF,0xFF,0xFF,0xFF,0xFF,0xFF,0xFF,0xFF,0xFF,0xFF,0xFF,0xFF,0xFF,0xFF,0xFF,0xFF,0xFF,0xFF,0xFF,0xFF,0xFF,0xFF,0xFF,
    0xFF,0xFF,0xFF,0xFF,0xFF,0xFF,0xFF,0xFF,0xFF,0xFF,0xFF,0xFF,0xFF,0xFF,0xFF,0xFF,0xFF,0xFF,0xFF,0xFF,0xFF,0xFF,0xFF,0xFF,0xFF,0xFF,0xFF,0xFF,0xFF,0xFF,0xFF,0xFF,0xFF,0xFF,0xFF,0xFF,
    0xFF,0xFF,0xFF,0xFF,0xFF,0xFF,0xFF,0xFF,0xFF,0xFF,0xFF,0xFF,0xFF,0xFF,0xFF,0xFF,0xFF,0xFF,0xFF,0xFF,0xFF,0xFF,0xFF,0xFF,0xFF,0xFF,0xFF,0xFF,0xFF,0xFF,0xFF,0xFF,0xFF,0xFF,0xFF,0xFF,
    0xFF,0xFF,0xFF,0xFF,0xFF,0xFF,0xFF,0xFF,0xFF,0xFF,0xFF,0xFF,0xFF,0xFF,0xFF,0xFF,0xFF,0xFF,0xFF,0xFF,0xFF,0xFF,0xFF,0xFF,0xFF,0xFF,0xFF,0xFF,0xFF,0xFF,0xFF,0xFF,0xFF,0xFF,0xFF,0xFF,
    0xFF,0xFF,0xFF,0xFF,0xFF,0xFF,0xFF,0xFF,0xFF,0xFF,0xFF,0xFF,0xFF,0xFF,0xFF,0xFF,0xFF,0xFF,0xFF,0xFF,0xFF,0xFF,0xFF,0xFF,0xDF,0xFF,0xFF,0xFF,0xFF,0xFF,0x6D,0x6B,0xFF,0x20,0x00,0xFF,
    0x00,0x00,0xFF,0xAE,0x73,0xFF,0x7D,0xEF,0xFF,0xDF,0xFF,0xFF,0xBE,0xF7,0xFF,0xBE,0xF7,0xFF,0xBE,0xF7,0xFF,0xBE,0xF7,0xFF,0xBE,0xF7,0xFF,0xBE,0xF7,0xFF,0xBE,0xF7,0xFF,0xBE,0xF7,0xFF,
    0x9E,0xF7,0xFF,0xFF,0xFF,0xFF,0x7D,0xEF,0xFF,0x7D,0xEF,0xFF,0xFF,0xFF,0xFF,0x3C,0xE7,0xFF,0x7D,0xEF,0xFF,0x5D,0xEF,0xFF,0x28,0x42,0xFF,0x9E,0xF7,0xFF,0xDF,0xFF,0xFF,0xDF,0xFF,0xFF,
    0xFF,0xFF,0xFF,0x3C,0xE7,0xFF,0x3C,0xE7,0xFF,0xFF,0xFF,0xFF,0x9E,0xF7,0xFF,0xBE,0xF7,0xFF,0xDF,0xFF,0xFF,0xBE,0xF7,0xFF,0xBE,0xF7,0xFF,0xBE,0xF7,0xFF,0xBE,0xF7,0xFF,0xBE,0xF7,0xFF,
    0x9E,0xF7,0xFF,0xFF,0xFF,0xFF,0xA2,0x10,0xFF,0x00,0x00,0xFF,0x41,0x08,0xFF,0x00,0x00,0xFF,0xAA,0x52,0xFF,0xDF,0xFF,0xFF,0xFF,0xFF,0xFF,0xFF,0xFF,0xFF,0x5D,0xEF,0xFF,0xFF,0xFF,0xFF,
    0xDF,0xFF,0xFF,0xDF,0xFF,0xFF,0xFF,0xFF,0xFF,0xBE,0xF7,0xFF,0xFF,0xFF,0xFF,0xFF,0xFF,0xFF,0xDE,0xFF,0xFF,0xFE,0xFF,0xFF,0xFF,0xFF,0xFF,0xFF,0xFF,0xFF,0x9D,0xF7,0xFF,0xFF,0xFF,0xFF,
    0x9D,0xF7,0xFF,0xFF,0xFF,0xFF,0x5C,0xEF,0xFF,0xFF,0xFF,0xFF,0xFF,0xFF,0xFF,0xBD,0xF7,0xFF,0xA5,0x39,0xFF,0x60,0x10,0xFF,0x80,0x10,0xFF,0x40,0x08,0xFF,0x60,0x08,0xFF,0xE0,0x39,0xFF,
    0x28,0xA5,0xFF,0x0D,0xDF,0xFF,0x4D,0xE7,0xFF,0x2D,0xDF,0xFF,0x2E,0xDF,0xFF,0x8E,0xCE,0xFF,0x60,0x29,0xFF,0x20,0x00,0xFF,0x20,0x00,0xFF,0xFD,0xFF,0xFF,0xFF,0xFF,0xFF,0xFF,0xFF,0xFF,
    0xFF,0xFF,0xFF,0xFF,0xFF,0xFF,0xFF,0xFF,0xFF,0xFF,0xFF,0xFF,0xFF,0xFF,0xFF,0xFF,0xFF,0xFF,0xFF,0xFF,0xFF,0xFF,0xFF,0xFF,0xFF,0xFF,0xFF,0xFF,0xFF,0xFF,0xFF,0xFF,0xFF,0xFF,0xFF,0xFF,
    0xFF,0xFF,0xFF,0xFF,0xFF,0xFF,0xFF,0xFF,0xFF,0xFF,0xFF,0xFF,0xFF,0xFF,0xFF,0xDF,0xFF,0xFF,0xFF,0xFF,0xFF,0xFF,0xFF,0xFF,0xFF,0xFF,0xFF,0xFF,0xFF,0xFF,0xFF,0xFF,0xFF,0xFF,0xFF,0xFF,
    0xBE,0xF7,0xFF,0xBE,0xF7,0xFF,0x45,0x29,0xFF,0x00,0x00,0xFF,0x41,0x08,0xFF,0x00,0x00,0xFF,0x00,0x00,0xFF,0x00,0x00,0xFF,0x92,0x94,0xFF,0x7D,0xEF,0xFF,0x9E,0xF7,0xFF,0x7D,0xEF,0xFF,
    0x7D,0xEF,0xFF,0xFF,0xFF,0xFF,0xFF,0xFF,0xFF,0xBE,0xF7,0xFF,0x9E,0xF7,0xFF,0xFF,0xFF,0xFF,0xDF,0xFF,0xFF,0x7D,0xEF,0xFF,0x9E,0xF7,0xFF,0xFF,0xFF,0xFF,0xBE,0xF7,0xFF,0x7D,0xEF,0xFF,
    0x7D,0xEF,0xFF,0xFF,0xFF,0xFF,0x9E,0xF7,0xFF,0x7D,0xEF,0xFF,0x2C,0x63,0xFF,0x00,0x00,0xFF,0x00,0x00,0xFF,0x00,0x00,0xFF,0x00,0x00,0xFF,0x9E,0xF7,0xFF,0xDF,0xFF,0xFF,0x9E,0xF7,0xFF,
    0x5D,0xEF,0xFF,0xFF,0xFF,0xFF,0x9E,0xF7,0xFF,0xBE,0xF7,0xFF,0x9E,0xF7,0xFF,0x9E,0xF7,0xFF,0x9E,0xF7,0xFF,0xBE,0xF7,0xFF,0xBE,0xF7,0xFF,0x9E,0xF7,0xFF,0x9E,0xF7,0xFF,0x9E,0xF7,0xFF,
    0xBE,0xF7,0xFF,0xBE,0xF7,0xFF,0xBE,0xF7,0xFF,0xBE,0xF7,0xFF,0xBE,0xF7,0xFF,0xBE,0xF7,0xFF,0xBE,0xF7,0xFF,0xBE,0xF7,0xFF,0xDF,0xFF,0xFF,0x7D,0xEF,0xFF,0x20,0x00,0xFF,0x00,0x00,0xFF,
    0x20,0x00,0xFF,0xFF,0xFF,0xFF,0xFF,0xFF,0xFF,0xFF,0xFF,0xFF,0xFF,0xFF,0xFF,0xFF,0xFF,0xFF,0xFF,0xFF,0xFF,0xFF,0xFF,0xFF,0xFF,0xFF,0xFF,0xFF,0xFF,0xFF,0xFF,0xFF,0xFF,0xFF,0xFF,0xFF,
    0xFF,0xFF,0xFF,0xFF,0xFF,0xFF,0xFF,0xFF,0xFF,0xFF,0xFF,0xFF,0xFF,0xFF,0xFF,0xFF,0xFF,0xFF,0xFF,0xFF,0xFF,0xFF,0xFF,0xFF,0xFF,0xFF,0xFF,0xFF,0xFF,0xFF,0xFF,0xFF,0xFF,0xFF,0xFF,0xFF,
    0xFF,0xFF,0xFF,0xFF,0xFF,0xFF,0xFF,0xFF,0xFF,0xFF,0xFF,0xFF,0xFF,0xFF,0xFF,0xFF,0xFF,0xFF,0xFF,0xFF,0xFF,0xFF,0xFF,0xFF,0xFF,0xFF,0xFF,0xFF,0xFF,0xFF,0xFF,0xFF,0xFF,0xFF,0xFF,0xFF,
    0xFF,0xFF,0xFF,0xFF,0xFF,0xFF,0xFF,0xFF,0xFF,0xFF,0xFF,0xFF,0xFF,0xFF,0xFF,0xFF,0xFF,0xFF,0xFF,0xFF,0xFF,0xFF,0xFF,0xFF,0xFF,0xFF,0xFF,0xFF,0xFF,0xFF,0xFF,0xFF,0xFF,0xFF,0xFF,0xFF,
    0xFF,0xFF,0xFF,0xFF,0xFF,0xFF,0xFF,0xFF,0xFF,0xFF,0xFF,0xFF,0xFF,0xFF,0xFF,0xFF,0xFF,0xFF,0xFF,0xFF,0xFF,0xFF,0xFF,0xFF,0xFF,0xFF,0xFF,0xFF,0xFF,0xFF,0xFF,0xFF,0xFF,0xFF,0xFF,0xFF,
    0xFF,0xFF,0xFF,0xFF,0xFF,0xFF,0xFF,0xFF,0xFF,0xFF,0xFF,0xFF,0xFF,0xFF,0xFF,0xFF,0xFF,0xFF,0xFF,0xFF,0xFF,0xFF,0xFF,0xFF,0xFF,0xFF,0xFF,0xFF,0xFF,0xFF,0xFF,0xFF,0xFF,0xFF,0xFF,0xFF,
    0xFF,0xFF,0xFF,0xFF,0xFF,0xFF,0xFF,0xFF,0xFF,0xFF,0xFF,0xFF,0xFF,0xFF,0xFF,0xFF,0xFF,0xFF,0xFF,0xFF,0xFF,0xFF,0xFF,0xFF,0xFF,0xFF,0xFF,0xFF,0xFF,0xFF,0xFF,0xFF,0xFF,0xFF,0xFF,0xFF,
    0xFF,0xFF,0xFF,0xFF,0xFF,0xFF,0xFF,0xFF,0xFF,0xFF,0xFF,0xFF,0xFF,0xFF,0xFF,0xFF,0xFF,0xFF,0xFF,0xFF,0xFF,0xFF,0xFF,0xFF,0xFF,0xFF,0xFF,0xFF,0xFF,0xFF,0xFF,0xFF,0xFF,0xFF,0xFF,0xFF,
    0xFF,0xFF,0xFF,0xFF,0xFF,0xFF,0xFF,0xFF,0xFF,0xFF,0xFF,0xFF,0xFF,0xFF,0xFF,0xFF,0xFF,0xFF,0xFF,0xFF,0xFF,0xFF,0xFF,0xFF,0xFF,0xFF,0xFF,0xFF,0xFF,0xFF,0xFF,0xFF,0xFF,0xFF,0xFF,0xFF,
    0xFF,0xFF,0xFF,0xFF,0xFF,0xFF,0xFF,0xFF,0xFF,0xFF,0xFF,0xFF,0xFF,0xFF,0xFF,0xFF,0xFF,0xFF,0xFF,0xFF,0xFF,0xFF,0xFF,0xFF,0xFF,0xFF,0xFF,0xFF,0xFF,0xFF,0xFF,0xFF,0xFF,0xFF,0xFF,0xFF,
    0xFF,0xFF,0xFF,0xFF,0xFF,0xFF,0xFF,0xFF,0xFF,0xFF,0xFF,0xFF,0xFF,0xFF,0xFF,0xFF,0xFF,0xFF,0xFF,0xFF,0xFF,0xFF,0xFF,0xFF,0xFF,0xFF,0xFF,0xFF,0xFF,0xFF,0xFF,0xFF,0xFF,0xFF,0xFF,0xFF,
    0xFF,0xFF,0xFF,0xFF,0xFF,0xFF,0xFF,0xFF,0xFF,0xFF,0xFF,0xFF,0xFF,0xFF,0xFF,0xFF,0xFF,0xFF,0xFF,0xFF,0xFF,0xFF,0xFF,0xFF,0xFF,0xFF,0xFF,0xFF,0xFF,0xFF,0xFF,0xFF,0xFF,0xFF,0xFF,0xFF,
    0xFF,0xFF,0xFF,0xFF,0xFF,0xFF,0xFF,0xFF,0xFF,0xFF,0xFF,0xFF,0xFF,0xFF,0xFF,0xFF,0xFF,0xFF,0xFF,0xFF,0xFF,0xFF,0xFF,0xFF,0xFF,0xFF,0xFF,0xFF,0xFF,0xFF,0xFF,0xFF,0xFF,0xFF,0xFF,0xFF,
    0xFF,0xFF,0xFF,0xFF,0xFF,0xFF,0xFF,0xFF,0xFF,0xFF,0xFF,0xFF,0xFF,0xFF,0xFF,0xFF,0xFF,0xFF,0xFF,0xFF,0xFF,0xFF,0xFF,0xFF,0xFF,0xFF,0xFF,0xFF,0xFF,0xFF,0xFF,0xFF,0xFF,0xFF,0xFF,0xFF,
    0xFF,0xFF,0xFF,0xFF,0xFF,0xFF,0xFF,0xFF,0xFF,0xFF,0xFF,0xFF,0xFF,0xFF,0xFF,0xFF,0xFF,0xFF,0xFF,0xFF,0xFF,0xFF,0xFF,0xFF,0xFF,0xFF,0xFF,0xFF,0xFF,0xFF,0xFF,0xFF,0xFF,0xFF,0xFF,0xFF,
    0xFF,0xFF,0xFF,0xFF,0xFF,0xFF,0xFF,0xFF,0xFF,0xFF,0xFF,0xFF,0xFF,0xFF,0xFF,0xFF,0xFF,0xFF,0xFF,0xFF,0xFF,0xFF,0xFF,0xFF,0xFF,0xFF,0xFF,0xFF,0xFF,0xFF,0xFF,0xFF,0xFF,0xFF,0xFF,0xFF,
    0xFF,0xFF,0xFF,0xFF,0xFF,0xFF,0xFF,0xFF,0xFF,0xFF,0xFF,0xFF,0xFF,0xFF,0xFF,0xFF,0xFF,0xFF,0xFF,0xFF,0xFF,0xFF,0xFF,0xFF,0xFF,0xFF,0xFF,0xFF,0xFF,0xFF,0xFF,0xFF,0xFF,0xFF,0xFF,0xFF,
    0xFF,0xFF,0xFF,0xFF,0xFF,0xFF,0xFF,0xFF,0xFF,0xFF,0xFF,0xFF,0xFF,0xFF,0xFF,0xFF,0xFF,0xFF,0xFF,0xFF,0xFF,0xFF,0xFF,0xFF,0xFF,0xFF,0xFF,0xFF,0xFF,0xFF,0xFF,0xFF,0xFF,0xFF,0xFF,0xFF,
    0xFF,0xFF,0xFF,0xFF,0xFF,0xFF,0xFF,0xFF,0xFF,0xFF,0xFF,0xFF,0xFF,0xFF,0xFF,0xFF,0xFF,0xFF,0xFF,0xFF,0xFF,0xFF,0xFF,0xFF,0xFF,0xFF,0xFF,0xFF,0xFF,0xFF,0xFF,0xFF,0xFF,0xFF,0xFF,0xFF,
    0xFF,0xFF,0xFF,0xFF,0xFF,0xFF,0xFF,0xFF,0xFF,0xFF,0xFF,0xFF,0xA6,0x31,0xFF,0x00,0x00,0xFF,0x00,0x00,0xFF,0x75,0xAD,0xFF,0x9E,0xF7,0xFF,0xFF,0xFF,0xFF,0xBE,0xF7,0xFF,0xBE,0xF7,0xFF,
    0xBE,0xF7,0xFF,0xBE,0xF7,0xFF,0xBE,0xF7,0xFF,0xBE,0xF7,0xFF,0xBE,0xF7,0xFF,0xBE,0xF7,0xFF,0x9E,0xF7,0xFF,0x7D,0xEF,0xFF,0xFF,0xFF,0xFF,0xDF,0xFF,0xFF,0x1C,0xE7,0xFF,0xFF,0xFF,0xFF,
    0xBE,0xF7,0xFF,0xFF,0xFF,0xFF,0xFB,0xDE,0xFF,0x08,0x42,0xFF,0x3C,0xE7,0xFF,0xDF,0xFF,0xFF,0xBE,0xF7,0xFF,0xFF,0xFF,0xFF,0xFF,0xFF,0xFF,0x9E,0xF7,0xFF,0xBE,0xF7,0xFF,0xBE,0xF7,0xFF,
    0xBE,0xF7,0xFF,0xBE,0xF7,0xFF,0xBE,0xF7,0xFF,0xBE,0xF7,0xFF,0xBE,0xF7,0xFF,0xDF,0xFF,0xFF,0x5D,0xEF,0xFF,0xBE,0xF7,0xFF,0xBE,0xF7,0xFF,0xA6,0x31,0xFF,0x00,0x00,0xFF,0x00,0x00,0xFF,
    0x20,0x00,0xFF,0x8A,0x52,0xFF,0xBE,0xF7,0xFF,0xFF,0xFF,0xFF,0xFF,0xFF,0xFF,0x9D,0xF7,0xFF,0xFF,0xFF,0xFF,0xBE,0xF7,0xFF,0xFF,0xFF,0xFF,0xBE,0xF7,0xFF,0xBE,0xF7,0xFF,0xFF,0xFF,0xFF,
    0xFF,0xFF,0xFF,0xFF,0xFF,0xFF,0xFF,0xFF,0xFF,0xFF,0xFF,0xFF,0xFF,0xFF,0xFF,0xDE,0xFF,0xFF,0xFF,0xFF,0xFF,0xFF,0xFF,0xFF,0xFF,0xFF,0xFF,0xBD,0xF7,0xFF,0x0A,0x63,0xFF,0x40,0x08,0xFF,
    0x80,0x10,0xFF,0x20,0x08,0xFF,0x40,0x29,0xFF,0xCA,0xBD,0xFF,0xAF,0xF7,0xFF,0x6B,0xE7,0xFF,0xCB,0xEF,0xFF,0xCA,0xEF,0xFF,0xE9,0xEF,0xFF,0xC9,0xEF,0xFF,0x69,0xE7,0xFF,0xEF,0xFF,0xFF,
    0xAC,0xCE,0xFF,0xE0,0x18,0xFF,0x60,0x08,0xFF,0x0E,0x84,0xFF,0xFF,0xFF,0xFF,0xDF,0xFF,0xFF,0xFF,0xFF,0xFF,0xFF,0xFF,0xFF,0xFF,0xFF,0xFF,0xFF,0xFF,0xFF,0xFF,0xFF,0xFF,0xFF,0xFF,0xFF,
    0xFF,0xFF,0xFF,0xFF,0xFF,0xFF,0xFF,0xFF,0xFF,0xFF,0xFF,0xFF,0xFF,0xFF,0xFF,0xFF,0xFF,0xFF,0xFF,0xFF,0xFF,0xFF,0xFF,0xFF,0xFF,0xFF,0xFF,0xFF,0xFF,0xFF,0xDF,0xFF,0xFF,0xFF,0xFF,0xFF,
    0xFF,0xFF,0xFF,0xDF,0xFF,0xFF,0x9E,0xF7,0xFF,0x9E,0xF7,0xFF,0xFF,0xFF,0xFF,0xDF,0xFF,0xFF,0x0C,0x63,0xFF,0x00,0x00,0xFF,0x41,0x08,0xFF,0x20,0x00,0xFF,0x00,0x00,0xFF,0x41,0x08,0xFF,
    0xAE,0x73,0xFF,0xBE,0xF7,0xFF,0xDF,0xFF,0xFF,0x9E,0xF7,0xFF,0xBE,0xF7,0xFF,0xFF,0xFF,0xFF,0xBE,0xF7,0xFF,0xFF,0xFF,0xFF,0x3C,0xE7,0xFF,0xBE,0xF7,0xFF,0x9E,0xF7,0xFF,0xBE,0xF7,0xFF,
    0x9E,0xF7,0xFF,0x9E,0xF7,0xFF,0xFF,0xFF,0xFF,0x7D,0xEF,0xFF,0x7D,0xEF,0xFF,0xFF,0xFF,0xFF,0xFF,0xFF,0xFF,0x59,0xCE,0xFF,0x65,0x29,0xFF,0x20,0x00,0xFF,0xA6,0x31,0xFF,0x59,0xCE,0xFF,
    0xFF,0xFF,0xFF,0xBE,0xF7,0xFF,0x45,0x29,0xFF,0x00,0x00,0xFF,0xDF,0xFF,0xFF,0xFF,0xFF,0xFF,0xFF,0xFF,0xFF,0xFF,0xFF,0xFF,0xDF,0xFF,0xFF,0x9E,0xF7,0xFF,0x9E,0xF7,0xFF,0xDF,0xFF,0xFF,
    0xDF,0xFF,0xFF,0xBE,0xF7,0xFF,0xBE,0xF7,0xFF,0xDF,0xFF,0xFF,0xDF,0xFF,0xFF,0x9E,0xF7,0xFF,0xBE,0xF7,0xFF,0xBE,0xF7,0xFF,0xBE,0xF7,0xFF,0xBE,0xF7,0xFF,0xBE,0xF7,0xFF,0xBE,0xF7,0xFF,
    0xBE,0xF7,0xFF,0xBE,0xF7,0xFF,0xBE,0xF7,0xFF,0x7D,0xEF,0xFF,0x20,0x00,0xFF,0x00,0x00,0xFF,0x00,0x00,0xFF,0xFF,0xFF,0xFF,0xFF,0xFF,0xFF,0xFF,0xFF,0xFF,0xFF,0xFF,0xFF,0xFF,0xFF,0xFF,
    0xFF,0xFF,0xFF,0xFF,0xFF,0xFF,0xFF,0xFF,0xFF,0xFF,0xFF,0xFF,0xFF,0xFF,0xFF,0xFF,0xFF,0xFF,0xFF,0xFF,0xFF,0xFF,0xFF,0xFF,0xFF,0xFF,0xFF,0xFF,0xFF,0xFF,0xFF,0xFF,0xFF,0xFF,0xFF,0xFF,
    0xFF,0xFF,0xFF,0xFF,0xFF,0xFF,0xFF,0xFF,0xFF,0xFF,0xFF,0xFF,0xFF,0xFF,0xFF,0xFF,0xFF,0xFF,0xFF,0xFF,0xFF,0xFF,0xFF,0xFF,0xFF,0xFF,0xFF,0xFF,0xFF,0xFF,0xFF,0xFF,0xFF,0xFF,0xFF,0xFF,
    0xFF,0xFF,0xFF,0xFF,0xFF,0xFF,0xFF,0xFF,0xFF,0xFF,0xFF,0xFF,0xFF,0xFF,0xFF,0xFF,0xFF,0xFF,0xFF,0xFF,0xFF,0xFF,0xFF,0xFF,0xFF,0xFF,0xFF,0xFF,0xFF,0xFF,0xFF,0xFF,0xFF,0xFF,0xFF,0xFF,
    0xFF,0xFF,0xFF,0xFF,0xFF,0xFF,0xFF,0xFF,0xFF,0xFF,0xFF,0xFF,0xFF,0xFF,0xFF,0xFF,0xFF,0xFF,0xFF,0xFF,0xFF,0xFF,0xFF,0xFF,0xFF,0xFF,0xFF,0xFF,0xFF,0xFF,0xFF,0xFF,0xFF,0xFF,0xFF,0xFF,
    0xFF,0xFF,0xFF,0xFF,0xFF,0xFF,0xFF,0xFF,0xFF,0xFF,0xFF,0xFF,0xFF,0xFF,0xFF,0xFF,0xFF,0xFF,0xFF,0xFF,0xFF,0xFF,0xFF,0xFF,0xFF,0xFF,0xFF,0xFF,0xFF,0xFF,0xFF,0xFF,0xFF,0xFF,0xFF,0xFF,
    0xFF,0xFF,0xFF,0xFF,0xFF,0xFF,0xFF,0xFF,0xFF,0xFF,0xFF,0xFF,0xFF,0xFF,0xFF,0xFF,0xFF,0xFF,0xFF,0xFF,0xFF,0xFF,0xFF,0xFF,0xFF,0xFF,0xFF,0xFF,0xFF,0xFF,0xFF,0xFF,0xFF,0xFF,0xFF,0xFF,
    0xFF,0xFF,0xFF,0xFF,0xFF,0xFF,0xFF,0xFF,0xFF,0xFF,0xFF,0xFF,0xFF,0xFF,0xFF,0xFF,0xFF,0xFF,0xFF,0xFF,0xFF,0xFF,0xFF,0xFF,0xFF,0xFF,0xFF,0xFF,0xFF,0xFF,0xFF,0xFF,0xFF,0xFF,0xFF,0xFF,
    0xFF,0xFF,0xFF,0xFF,0xFF,0xFF,0xFF,0xFF,0xFF,0xFF,0xFF,0xFF,0xFF,0xFF,0xFF,0xFF,0xFF,0xFF,0xFF,0xFF,0xFF,0xFF,0xFF,0xFF,0xFF,0xFF,0xFF,0xFF,0xFF,0xFF,0xFF,0xFF,0xFF,0xFF,0xFF,0xFF,
    0xFF,0xFF,0xFF,0xFF,0xFF,0xFF,0xFF,0xFF,0xFF,0xFF,0xFF,0xFF,0xFF,0xFF,0xFF,0xFF,0xFF,0xFF,0xFF,0xFF,0xFF,0xFF,0xFF,0xFF,0xFF,0xFF,0xFF,0xFF,0xFF,0xFF,0xFF,0xFF,0xFF,0xFF,0xFF,0xFF,
    0xFF,0xFF,0xFF,0xFF,0xFF,0xFF,0xFF,0xFF,0xFF,0xFF,0xFF,0xFF,0xFF,0xFF,0xFF,0xFF,0xFF,0xFF,0xFF,0xFF,0xFF,0xFF,0xFF,0xFF,0xFF,0xFF,0xFF,0xFF,0xFF,0xFF,0xFF,0xFF,0xFF,0xFF,0xFF,0xFF,
    0xFF,0xFF,0xFF,0xFF,0xFF,0xFF,0xFF,0xFF,0xFF,0xFF,0xFF,0xFF,0xFF,0xFF,0xFF,0xFF,0xFF,0xFF,0xFF,0xFF,0xFF,0xFF,0xFF,0xFF,0xFF,0xFF,0xFF,0xFF,0xFF,0xFF,0xFF,0xFF,0xFF,0xFF,0xFF,0xFF,
    0xFF,0xFF,0xFF,0xFF,0xFF,0xFF,0xFF,0xFF,0xFF,0xFF,0xFF,0xFF,0xFF,0xFF,0xFF,0xFF,0xFF,0xFF,0xFF,0xFF,0xFF,0xFF,0xFF,0xFF,0xFF,0xFF,0xFF,0xFF,0xFF,0xFF,0xFF,0xFF,0xFF,0xFF,0xFF,0xFF,
    0xFF,0xFF,0xFF,0xFF,0xFF,0xFF,0xFF,0xFF,0xFF,0xFF,0xFF,0xFF,0xFF,0xFF,0xFF,0xFF,0xFF,0xFF,0xFF,0xFF,0xFF,0xFF,0xFF,0xFF,0xFF,0xFF,0xFF,0xFF,0xFF,0xFF,0xFF,0xFF,0xFF,0xFF,0xFF,0xFF,
    0xFF,0xFF,0xFF,0xFF,0xFF,0xFF,0xFF,0xFF,0xFF,0xFF,0xFF,0xFF,0xFF,0xFF,0xFF,0xFF,0xFF,0xFF,0xFF,0xFF,0xFF,0xFF,0xFF,0xFF,0xFF,0xFF,0xFF,0xFF,0xFF,0xFF,0xFF,0xFF,0xFF,0xFF,0xFF,0xFF,
    0xFF,0xFF,0xFF,0xFF,0xFF,0xFF,0xFF,0xFF,0xFF,0xFF,0xFF,0xFF,0xFF,0xFF,0xFF,0xFF,0xFF,0xFF,0xFF,0xFF,0xFF,0xFF,0xFF,0xFF,0xFF,0xFF,0xFF,0xFF,0xFF,0xFF,0xFF,0xFF,0xFF,0xFF,0xFF,0xFF,
    0xFF,0xFF,0xFF,0xFF,0xFF,0xFF,0xFF,0xFF,0xFF,0xFF,0xFF,0xFF,0xFF,0xFF,0xFF,0xFF,0xFF,0xFF,0xFF,0xFF,0xFF,0xFF,0xFF,0xFF,0xFF,0xFF,0xFF,0xFF,0xFF,0xFF,0xFF,0xFF,0xFF,0xFF,0xFF,0xFF,
    0xFF,0xFF,0xFF,0xFF,0xFF,0xFF,0xFF,0xFF,0xFF,0xFF,0xFF,0xFF,0xFF,0xFF,0xFF,0xFF,0xFF,0xFF,0xFF,0xFF,0xFF,0xFF,0xFF,0xFF,0xFF,0xFF,0xFF,0xFF,0xFF,0xFF,0xFF,0xFF,0xFF,0xFF,0xFF,0xFF,
    0xFF,0xFF,0xFF,0xFF,0xFF,0xFF,0xFF,0xFF,0xFF,0xFF,0xFF,0xFF,0xFF,0xFF,0xFF,0xFF,0xFF,0xFF,0xFF,0xFF,0xFF,0xFF,0xFF,0xFF,0xFF,0xFF,0xFF,0xFF,0xFF,0xFF,0xFF,0xFF,0xFF,0xFF,0xFF,0xFF,
    0xFF,0xFF,0xFF,0xFF,0xFF,0xFF,0xFF,0xFF,0xFF,0xFF,0xFF,0xFF,0xFF,0xFF,0xFF,0xFF,0xFF,0xFF,0xFF,0xFF,0xFF,0xFF,0xFF,0xFF,0xFF,0xFF,0xFF,0xFF,0xFF,0xFF,0xA2,0x10,0xFF,0x00,0x00,0xFF,
    0x20,0x00,0xFF,0x9A,0xD6,0xFF,0x9E,0xF7,0xFF,0xDF,0xFF,0xFF,0xBE,0xF7,0xFF,0xBE,0xF7,0xFF,0xBE,0xF7,0xFF,0xBE,0xF7,0xFF,0xBE,0xF7,0xFF,0xBE,0xF7,0xFF,0xBE,0xF7,0xFF,0xBE,0xF7,0xFF,
    0xFF,0xFF,0xFF,0xBE,0xF7,0xFF,0x5D,0xEF,0xFF,0x9E,0xF7,0xFF,0xFF,0xFF,0xFF,0x9E,0xF7,0xFF,0x7D,0xEF,0xFF,0x7D,0xEF,0xFF,0xBE,0xF7,0xFF,0xDB,0xDE,0xFF,0xC7,0x39,0xFF,0x9E,0xF7,0xFF,
    0xBE,0xF7,0xFF,0x9E,0xF7,0xFF,0x9E,0xF7,0xFF,0x7D,0xEF,0xFF,0xDF,0xFF,0xFF,0xBE,0xF7,0xFF,0xBE,0xF7,0xFF,0xBE,0xF7,0xFF,0xBE,0xF7,0xFF,0xBE,0xF7,0xFF,0xBE,0xF7,0xFF,0xBE,0xF7,0xFF,
    0xFF,0xFF,0xFF,0xBE,0xF7,0xFF,0x7D,0xEF,0xFF,0xDF,0xFF,0xFF,0x65,0x29,0xFF,0x20,0x00,0xFF,0x00,0x00,0xFF,0x00,0x00,0xFF,0xAA,0x52,0xFF,0xBE,0xF7,0xFF,0xFF,0xFF,0xFF,0xFF,0xFF,0xFF,
    0xDE,0xFF,0xFF,0xFF,0xFF,0xFF,0xFF,0xFF,0xFF,0xFF,0xFF,0xFF,0xDE,0xFF,0xFF,0xFF,0xFF,0xFF,0xFF,0xFF,0xFF,0xFF,0xFF,0xFF,0xFF,0xFF,0xFF,0xDE,0xF7,0xFF,0xFF,0xFF,0xFF,0xFF,0xFF,0xFF,
    0xBF,0xFF,0xFF,0xDF,0xFF,0xFF,0x38,0xCE,0xFF,0x40,0x08,0xFF,0x20,0x08,0xFF,0x60,0x08,0xFF,0xA0,0x52,0xFF,0x2C,0xE7,0xFF,0x28,0xDF,0xFF,0xC8,0xF7,0xFF,0xC5,0xEF,0xFF,0xE6,0xF7,0xFF,
    0xE5,0xF7,0xFF,0xA3,0xEF,0xFF,0xE5,0xF7,0xFF,0x84,0xE7,0xFF,0xE7,0xF7,0xFF,0x67,0xE7,0xFF,0xCE,0xF7,0xFF,0x04,0x7C,0xFF,0x20,0x00,0xFF,0x40,0x08,0xFF,0xBE,0xF7,0xFF,0xDF,0xFF,0xFF,
    0xDF,0xFF,0xFF,0xFF,0xFF,0xFF,0xFE,0xFF,0xFF,0xFE,0xFF,0xFF,0xFE,0xFF,0xFF,0xFF,0xFF,0xFF,0xFF,0xFF,0xFF,0xFF,0xFF,0xFF,0xFF,0xFF,0xFF,0xFF,0xFF,0xFF,0xFF,0xFF,0xFF,0xFF,0xFF,0xFF,
    0xFF,0xFF,0xFF,0xFF,0xFF,0xFF,0xFF,0xFF,0xFF,0xFF,0xFF,0xFF,0xFF,0xFF,0xFF,0xFF,0xFF,0xFF,0xFF,0xFF,0xFF,0xFF,0xFF,0xFF,0xFF,0xFF,0xFF,0xFF,0xFF,0xFF,0x10,0x84,0xFF,0x00,0x00,0xFF,
    0x00,0x00,0xFF,0x00,0x00,0xFF,0x41,0x08,0xFF,0x00,0x00,0xFF,0x08,0x42,0xFF,0xBE,0xF7,0xFF,0x5D,0xEF,0xFF,0x9E,0xF7,0xFF,0x3C,0xE7,0xFF,0xFF,0xFF,0xFF,0x1C,0xE7,0xFF,0x9E,0xF7,0xFF,
    0xDF,0xFF,0xFF,0x3C,0xE7,0xFF,0xFF,0xFF,0xFF,0xFF,0xFF,0xFF,0xDF,0xFF,0xFF,0x9E,0xF7,0xFF,0x7D,0xEF,0xFF,0xDF,0xFF,0xFF,0xBE,0xF7,0xFF,0x9E,0xF7,0xFF,0xDF,0xFF,0xFF,0x38,0xC6,0xFF,
    0x41,0x08,0xFF,0x00,0x00,0xFF,0x08,0x42,0xFF,0x5D,0xEF,0xFF,0x9E,0xF7,0xFF,0x7D,0xEF,0xFF,0x7D,0xEF,0xFF,0xBE,0xF7,0xFF,0x9E,0xF7,0xFF,0x49,0x4A,0xFF,0xA2,0x10,0xFF,0x7D,0xEF,0xFF,
    0x9E,0xF7,0xFF,0x9E,0xF7,0xFF,0x5D,0xEF,0xFF,0xFF,0xFF,0xFF,0xDF,0xFF,0xFF,0xDF,0xFF,0xFF,0xBE,0xF7,0xFF,0x9E,0xF7,0xFF,0x9E,0xF7,0xFF,0xBE,0xF7,0xFF,0xDF,0xFF,0xFF,0xDF,0xFF,0xFF,
    0xBE,0xF7,0xFF,0xBE,0xF7,0xFF,0xBE,0xF7,0xFF,0xBE,0xF7,0xFF,0xBE,0xF7,0xFF,0xBE,0xF7,0xFF,0xBE,0xF7,0xFF,0xBE,0xF7,0xFF,0x9E,0xF7,0xFF,0x9E,0xF7,0xFF,0x20,0x00,0xFF,0x00,0x00,0xFF,
    0x00,0x00,0xFF,0xFF,0xFF,0xFF,0xFF,0xFF,0xFF,0xFF,0xFF,0xFF,0xFF,0xFF,0xFF,0xFF,0xFF,0xFF,0xFF,0xFF,0xFF,0xFF,0xFF,0xFF,0xFF,0xFF,0xFF,0xFF,0xFF,0xFF,0xFF,0xFF,0xFF,0xFF,0xFF,0xFF,
    0xFF,0xFF,0xFF,0xFF,0xFF,0xFF,0xFF,0xFF,0xFF,0xFF,0xFF,0xFF,0xFF,0xFF,0xFF,0xFF,0xFF,0xFF,0xFF,0xFF,0xFF,0xFF,0xFF,0xFF,0xFF,0xFF,0xFF,0xFF,0xFF,0xFF,0xFF,0xFF,0xFF,0xFF,0xFF,0xFF,
    0xFF,0xFF,0xFF,0xFF,0xFF,0xFF,0xFF,0xFF,0xFF,0xFF,0xFF,0xFF,0xFF,0xFF,0xFF,0xFF,0xFF,0xFF,0xFF,0xFF,0xFF,0xFF,0xFF,0xFF,0xFF,0xFF,0xFF,0xFF,0xFF,0xFF,0xFF,0xFF,0xFF,0xFF,0xFF,0xFF,
    0xFF,0xFF,0xFF,0xFF,0xFF,0xFF,0xFF,0xFF,0xFF,0xFF,0xFF,0xFF,0xFF,0xFF,0xFF,0xFF,0xFF,0xFF,0xFF,0xFF,0xFF,0xFF,0xFF,0xFF,0xFF,0xFF,0xFF,0xFF,0xFF,0xFF,0xFF,0xFF,0xFF,0xFF,0xFF,0xFF,
    0xFF,0xFF,0xFF,0xFF,0xFF,0xFF,0xFF,0xFF,0xFF,0xFF,0xFF,0xFF,0xFF,0xFF,0xFF,0xFF,0xFF,0xFF,0xFF,0xFF,0xFF,0xFF,0xFF,0xFF,0xFF,0xFF,0xFF,0xFF,0xFF,0xFF,0xFF,0xFF,0xFF,0xFF,0xFF,0xFF,
    0xFF,0xFF,0xFF,0xFF,0xFF,0xFF,0xFF,0xFF,0xFF,0xFF,0xFF,0xFF,0xFF,0xFF,0xFF,0xFF,0xFF,0xFF,0xFF,0xFF,0xFF,0xFF,0xFF,0xFF,0xFF,0xFF,0xFF,0xFF,0xFF,0xFF,0xFF,0xFF,0xFF,0xFF,0xFF,0xFF,
    0xFF,0xFF,0xFF,0xFF,0xFF,0xFF,0xFF,0xFF,0xFF,0xFF,0xFF,0xFF,0xFF,0xFF,0xFF,0xFF,0xFF,0xFF,0xFF,0xFF,0xFF,0xFF,0xFF,0xFF,0xFF,0xFF,0xFF,0xFF,0xFF,0xFF,0xFF,0xFF,0xFF,0xFF,0xFF,0xFF,
    0xFF,0xFF,0xFF,0xFF,0xFF,0xFF,0xFF,0xFF,0xFF,0xFF,0xFF,0xFF,0xFF,0xFF,0xFF,0xFF,0xFF,0xFF,0xFF,0xFF,0xFF,0xFF,0xFF,0xFF,0xFF,0xFF,0xFF,0xFF,0xFF,0xFF,0xFF,0xFF,0xFF,0xFF,0xFF,0xFF,
    0xFF,0xFF,0xFF,0xFF,0xFF,0xFF,0xFF,0xFF,0xFF,0xFF,0xFF,0xFF,0xFF,0xFF,0xFF,0xFF,0xFF,0xFF,0xFF,0xFF,0xFF,0xFF,0xFF,0xFF,0xFF,0xFF,0xFF,0xFF,0xFF,0xFF,0xFF,0xFF,0xFF,0xFF,0xFF,0xFF,
    0xFF,0xFF,0xFF,0xFF,0xFF,0xFF,0xFF,0xFF,0xFF,0xFF,0xFF,0xFF,0xFF,0xFF,0xFF,0xFF,0xFF,0xFF,0xFF,0xFF,0xFF,0xFF,0xFF,0xFF,0xFF,0xFF,0xFF,0xFF,0xFF,0xFF,0xFF,0xFF,0xFF,0xFF,0xFF,0xFF,
    0xFF,0xFF,0xFF,0xFF,0xFF,0xFF,0xFF,0xFF,0xFF,0xFF,0xFF,0xFF,0xFF,0xFF,0xFF,0xFF,0xFF,0xFF,0xFF,0xFF,0xFF,0xFF,0xFF,0xFF,0xFF,0xFF,0xFF,0xFF,0xFF,0xFF,0xFF,0xFF,0xFF,0xFF,0xFF,0xFF,
    0xFF,0xFF,0xFF,0xFF,0xFF,0xFF,0xFF,0xFF,0xFF,0xFF,0xFF,0xFF,0xFF,0xFF,0xFF,0xFF,0xFF,0xFF,0xFF,0xFF,0xFF,0xFF,0xFF,0xFF,0xFF,0xFF,0xFF,0xFF,0xFF,0xFF,0xFF,0xFF,0xFF,0xFF,0xFF,0xFF,
    0xFF,0xFF,0xFF,0xFF,0xFF,0xFF,0xFF,0xFF,0xFF,0xFF,0xFF,0xFF,0xFF,0xFF,0xFF,0xFF,0xFF,0xFF,0xFF,0xFF,0xFF,0xFF,0xFF,0xFF,0xFF,0xFF,0xFF,0xFF,0xFF,0xFF,0xFF,0xFF,0xFF,0xFF,0xFF,0xFF,
    0xFF,0xFF,0xFF,0xFF,0xFF,0xFF,0xFF,0xFF,0xFF,0xFF,0xFF,0xFF,0xFF,0xFF,0xFF,0xFF,0xFF,0xFF,0xFF,0xFF,0xFF,0xFF,0xFF,0xFF,0xFF,0xFF,0xFF,0xFF,0xFF,0xFF,0xFF,0xFF,0xFF,0xFF,0xFF,0xFF,
    0xFF,0xFF,0xFF,0xFF,0xFF,0xFF,0xFF,0xFF,0xFF,0xFF,0xFF,0xFF,0xFF,0xFF,0xFF,0xFF,0xFF,0xFF,0xFF,0xFF,0xFF,0xFF,0xFF,0xFF,0xFF,0xFF,0xFF,0xFF,0xFF,0xFF,0xFF,0xFF,0xFF,0xFF,0xFF,0xFF,
    0xFF,0xFF,0xFF,0xFF,0xFF,0xFF,0xFF,0xFF,0xFF,0xFF,0xFF,0xFF,0xFF,0xFF,0xFF,0xFF,0xFF,0xFF,0xFF,0xFF,0xFF,0xFF,0xFF,0xFF,0xFF,0xFF,0xFF,0xFF,0xFF,0xFF,0xFF,0xFF,0xFF,0xFF,0xFF,0xFF,
    0xFF,0xFF,0xFF,0xFF,0xFF,0xFF,0xFF,0xFF,0xFF,0xFF,0xFF,0xFF,0xFF,0xFF,0xFF,0xFF,0xFF,0xFF,0xFF,0xFF,0xFF,0xFF,0xFF,0xFF,0xFF,0xFF,0xFF,0xFF,0xFF,0xFF,0xFF,0xFF,0xFF,0xFF,0xFF,0xFF,
    0xFF,0xFF,0xFF,0xFF,0xFF,0xFF,0xFF,0xFF,0xFF,0xFF,0xFF,0xFF,0xFF,0xFF,0xFF,0xFF,0xFF,0xFF,0xFF,0xFF,0xFF,0xFF,0xFF,0xFF,0xFF,0xFF,0xFF,0xFF,0xFF,0xFF,0xFF,0xFF,0xFF,0xFF,0xFF,0xFF,
    0xFF,0xFF,0xFF,0xFF,0xFF,0xFF,0xFF,0xFF,0xFF,0xFF,0xFF,0xFF,0xFF,0xFF,0xFF,0xFF,0xFF,0xFF,0xFF,0xFF,0xFF,0xFF,0xFF,0xFF,0xFF,0xFF,0xFF,0xFF,0xFF,0xFF,0xFF,0xFF,0xFF,0xFF,0xFF,0xFF,
    0xFF,0xFF,0xFF,0xFF,0xFF,0xFF,0xFF,0xFF,0xFF,0xFF,0xFF,0xFF,0x41,0x08,0xFF,0x00,0x00,0xFF,0x20,0x00,0xFF,0x3C,0xE7,0xFF,0xBE,0xF7,0xFF,0xBE,0xF7,0xFF,0xBE,0xF7,0xFF,0xBE,0xF7,0xFF,
    0xBE,0xF7,0xFF,0xBE,0xF7,0xFF,0xBE,0xF7,0xFF,0xBE,0xF7,0xFF,0xBE,0xF7,0xFF,0xBE,0xF7,0xFF,0x9E,0xF7,0xFF,0xFF,0xFF,0xFF,0xFF,0xFF,0xFF,0x5D,0xEF,0xFF,0x9E,0xF7,0xFF,0x7D,0xEF,0xFF,
    0xFF,0xFF,0xFF,0xDF,0xFF,0xFF,0xBE,0xF7,0xFF,0x9E,0xF7,0xFF,0x59,0xCE,0xFF,0x65,0x29,0xFF,0x9E,0xF7,0xFF,0xBE,0xF7,0xFF,0xFF,0xFF,0xFF,0xBE,0xF7,0xFF,0xDF,0xFF,0xFF,0xBE,0xF7,0xFF,
    0x9E,0xF7,0xFF,0xBE,0xF7,0xFF,0xBE,0xF7,0xFF,0xBE,0xF7,0xFF,0xBE,0xF7,0xFF,0xBE,0xF7,0xFF,0xDF,0xFF,0xFF,0x9E,0xF7,0xFF,0x9E,0xF7,0xFF,0xFF,0xFF,0xFF,0xDF,0xFF,0xFF,0x08,0x42,0xFF,
    0x00,0x00,0xFF,0x20,0x00,0xFF,0x00,0x00,0xFF,0xCB,0x5A,0xFF,0xFF,0xFF,0xFF,0xFF,0xFF,0xFF,0xFF,0xFF,0xFF,0xFF,0xFF,0xFF,0xDE,0xFF,0xFF,0xFF,0xFF,0xFF,0xFF,0xFF,0xFF,0xFF,0xFF,0xFF,
    0xBD,0xF7,0xFF,0xFF,0xFF,0xFF,0xFF,0xFF,0xFF,0xFF,0xFF,0xFF,0xFE,0xFF,0xFF,0xFF,0xFF,0xFF,0xFF,0xFF,0xFF,0x24,0x29,0xFF,0x40,0x08,0xFF,0x20,0x00,0xFF,0x00,0x3A,0xFF,0x8E,0xEF,0xFF,
    0x6A,0xE7,0xFF,0x87,0xE7,0xFF,0xE6,0xFF,0xFF,0xE4,0xFF,0xFF,0x60,0xDF,0xFF,0xE1,0xF7,0xFF,0xE2,0xF7,0xFF,0xC1,0xEF,0xFF,0xE2,0xEF,0xFF,0xE3,0xF7,0xFF,0xE3,0xF7,0xFF,0xC5,0xEF,0xFF,
    0xAA,0xEF,0xFF,0x0E,0xDF,0xFF,0xA0,0x10,0xFF,0x40,0x08,0xFF,0xDF,0xFF,0xFF,0xFF,0xFF,0xFF,0xFF,0xFF,0xFF,0xFF,0xFF,0xFF,0xFE,0xFF,0xFF,0xFD,0xFF,0xFF,0xFE,0xFF,0xFF,0xFF,0xFF,0xFF,
    0xFF,0xFF,0xFF,0xFF,0xFF,0xFF,0xFF,0xFF,0xFF,0xFF,0xFF,0xFF,0xFF,0xFF,0xFF,0xFF,0xFF,0xFF,0xFF,0xFF,0xFF,0xFF,0xFF,0xFF,0xFF,0xFF,0xFF,0xFF,0xFF,0xFF,0xBE,0xF7,0xFF,0xFF,0xFF,0xFF,
    0xFF,0xFF,0xFF,0xFF,0xFF,0xFF,0x59,0xCE,0xFF,0x00,0x00,0xFF,0x20,0x00,0xFF,0x61,0x08,0xFF,0x00,0x00,0xFF,0x41,0x08,0xFF,0x82,0x10,0xFF,0xDB,0xDE,0xFF,0x9E,0xF7,0xFF,0x9E,0xF7,0xFF,
    0xBE,0xF7,0xFF,0xFF,0xFF,0xFF,0xDF,0xFF,0xFF,0x9E,0xF7,0xFF,0xBE,0xF7,0xFF,0xBE,0xF7,0xFF,0xDF,0xFF,0xFF,0xDF,0xFF,0xFF,0x7D,0xEF,0xFF,0x7D,0xEF,0xFF,0x9E,0xF7,0xFF,0x9E,0xF7,0xFF,
    0xDF,0xFF,0xFF,0xBE,0xF7,0xFF,0xFF,0xFF,0xFF,0xF7,0xBD,0xFF,0x20,0x00,0xFF,0x00,0x00,0xFF,0x28,0x42,0xFF,0xDF,0xFF,0xFF,0xBE,0xF7,0xFF,0x5D,0xEF,0xFF,0xBE,0xF7,0xFF,0xFF,0xFF,0xFF,
    0xDF,0xFF,0xFF,0x9E,0xF7,0xFF,0x7D,0xEF,0xFF,0x7D,0xEF,0xFF,0x45,0x29,0xFF,0xA6,0x31,0xFF,0xDF,0xFF,0xFF,0xDF,0xFF,0xFF,0xDF,0xFF,0xFF,0xDF,0xFF,0xFF,0xDF,0xFF,0xFF,0x9E,0xF7,0xFF,
    0x9E,0xF7,0xFF,0xDF,0xFF,0xFF,0xDF,0xFF,0xFF,0x9E,0xF7,0xFF,0x9E,0xF7,0xFF,0xDF,0xFF,0xFF,0xBE,0xF7,0xFF,0xBE,0xF7,0xFF,0xBE,0xF7,0xFF,0xBE,0xF7,0xFF,0xBE,0xF7,0xFF,0xBE,0xF7,0xFF,
    0xBE,0xF7,0xFF,0xBE,0xF7,0xFF,0x9E,0xF7,0xFF,0x9E,0xF7,0xFF,0x20,0x00,0xFF,0x00,0x00,0xFF,0x00,0x00,0xFF,0xFF,0xFF,0xFF,0xFF,0xFF,0xFF,0xFF,0xFF,0xFF,0xFF,0xFF,0xFF,0xFF,0xFF,0xFF,
    0xFF,0xFF,0xFF,0xFF,0xFF,0xFF,0xFF,0xFF,0xFF,0xFF,0xFF,0xFF,0xFF,0xFF,0xFF,0xFF,0xFF,0xFF,0xFF,0xFF,0xFF,0xFF,0xFF,0xFF,0xFF,0xFF,0xFF,0xFF,0xFF,0xFF,0xFF,0xFF,0xFF,0xFF,0xFF,0xFF,
    0xFF,0xFF,0xFF,0xFF,0xFF,0xFF,0xFF,0xFF,0xFF,0xFF,0xFF,0xFF,0xFF,0xFF,0xFF,0xFF,0xFF,0xFF,0xFF,0xFF,0xFF,0xFF,0xFF,0xFF,0xFF,0xFF,0xFF,0xFF,0xFF,0xFF,0xFF,0xFF,0xFF,0xFF,0xFF,0xFF,
    0xFF,0xFF,0xFF,0xFF,0xFF,0xFF,0xFF,0xFF,0xFF,0xFF,0xFF,0xFF,0xFF,0xFF,0xFF,0xFF,0xFF,0xFF,0xFF,0xFF,0xFF,0xFF,0xFF,0xFF,0xFF,0xFF,0xFF,0xFF,0xFF,0xFF,0xFF,0xFF,0xFF,0xFF,0xFF,0xFF,
    0xFF,0xFF,0xFF,0xFF,0xFF,0xFF,0xFF,0xFF,0xFF,0xFF,0xFF,0xFF,0xFF,0xFF,0xFF,0xFF,0xFF,0xFF,0xFF,0xFF,0xFF,0xFF,0xFF,0xFF,0xFF,0xFF,0xFF,0xFF,0xFF,0xFF,0xFF,0xFF,0xFF,0xFF,0xFF,0xFF,
    0xFF,0xFF,0xFF,0xFF,0xFF,0xFF,0xFF,0xFF,0xFF,0xFF,0xFF,0xFF,0xFF,0xFF,0xFF,0xFF,0xFF,0xFF,0xFF,0xFF,0xFF,0xFF,0xFF,0xFF,0xFF,0xFF,0xFF,0xFF,0xFF,0xFF,0xFF,0xFF,0xFF,0xFF,0xFF,0xFF,
    0xFF,0xFF,0xFF,0xFF,0xFF,0xFF,0xFF,0xFF,0xFF,0xFF,0xFF,0xFF,0xFF,0xFF,0xFF,0xFF,0xFF,0xFF,0xFF,0xFF,0xFF,0xFF,0xFF,0xFF,0xFF,0xFF,0xFF,0xFF,0xFF,0xFF,0xFF,0xFF,0xFF,0xFF,0xFF,0xFF,
    0xFF,0xFF,0xFF,0xFF,0xFF,0xFF,0xFF,0xFF,0xFF,0xFF,0xFF,0xFF,0xFF,0xFF,0xFF,0xFF,0xFF,0xFF,0xFF,0xFF,0xFF,0xFF,0xFF,0xFF,0xFF,0xFF,0xFF,0xFF,0xFF,0xFF,0xFF,0xFF,0xFF,0xFF,0xFF,0xFF,
    0xFF,0xFF,0xFF,0xFF,0xFF,0xFF,0xFF,0xFF,0xFF,0xFF,0xFF,0xFF,0xFF,0xFF,0xFF,0xFF,0xFF,0xFF,0xFF,0xFF,0xFF,0xFF,0xFF,0xFF,0xFF,0xFF,0xFF,0xFF,0xFF,0xFF,0xFF,0xFF,0xFF,0xFF,0xFF,0xFF,
    0xFF,0xFF,0xFF,0xFF,0xFF,0xFF,0xFF,0xFF,0xFF,0xFF,0xFF,0xFF,0xFF,0xFF,0xFF,0xFF,0xFF,0xFF,0xFF,0xFF,0xFF,0xFF,0xFF,0xFF,0xFF,0xFF,0xFF,0xFF,0xFF,0xFF,0xFF,0xFF,0xFF,0xFF,0xFF,0xFF,
    0xFF,0xFF,0xFF,0xFF,0xFF,0xFF,0xFF,0xFF,0xFF,0xFF,0xFF,0xFF,0xFF,0xFF,0xFF,0xFF,0xFF,0xFF,0xFF,0xFF,0xFF,0xFF,0xFF,0xFF,0xFF,0xFF,0xFF,0xFF,0xFF,0xFF,0xFF,0xFF,0xFF,0xFF,0xFF,0xFF,
    0xFF,0xFF,0xFF,0xFF,0xFF,0xFF,0xFF,0xFF,0xFF,0xFF,0xFF,0xFF,0xFF,0xFF,0xFF,0xFF,0xFF,0xFF,0xFF,0xFF,0xFF,0xFF,0xFF,0xFF,0xFF,0xFF,0xFF,0xFF,0xFF,0xFF,0xFF,0xFF,0xFF,0xFF,0xFF,0xFF,
    0xFF,0xFF,0xFF,0xFF,0xFF,0xFF,0xFF,0xFF,0xFF,0xFF,0xFF,0xFF,0xFF,0xFF,0xFF,0xFF,0xFF,0xFF,0xFF,0xFF,0xFF,0xFF,0xFF,0xFF,0xFF,0xFF,0xFF,0xFF,0xFF,0xFF,0xFF,0xFF,0xFF,0xFF,0xFF,0xFF,
    0xDF,0xFF,0xFF,0xDF,0xFF,0xFF,0xFF,0xFF,0xFF,0xFF,0xFF,0xFF,0xFF,0xFF,0xFF,0xFF,0xFF,0xFF,0xFF,0xFF,0xFF,0xFF,0xFF,0xFF,0xFF,0xFF,0xFF,0xFF,0xFF,0xFF,0xFF,0xFF,0xFF,0xFF,0xFF,0xFF,
    0xFF,0xFF,0xFF,0xFF,0xFF,0xFF,0xFF,0xFF,0xFF,0xFF,0xFF,0xFF,0xFF,0xFF,0xFF,0xFF,0xFF,0xFF,0xFF,0xFF,0xFF,0xFF,0xFF,0xFF,0xFF,0xFF,0xFF,0xFF,0xFF,0xFF,0xFF,0xFF,0xFF,0xFF,0xFF,0xFF,
    0xFF,0xFF,0xFF,0xFF,0xFF,0xFF,0xFF,0xFF,0xFF,0xFF,0xFF,0xFF,0xFF,0xFF,0xFF,0xFF,0xFF,0xFF,0xFF,0xFF,0xFF,0xFF,0xFF,0xFF,0xFF,0xFF,0xFF,0xFF,0xFF,0xFF,0xFF,0xFF,0xFF,0xFF,0xFF,0xFF,
    0xFF,0xFF,0xFF,0xFF,0xFF,0xFF,0xFF,0xFF,0xFF,0xFF,0xFF,0xFF,0xFF,0xFF,0xFF,0xFF,0xFF,0xFF,0xFF,0xFF,0xFF,0xFF,0xFF,0xFF,0xFF,0xFF,0xFF,0xFF,0xFF,0xFF,0xFF,0xFF,0xFF,0xFF,0xFF,0xFF,
    0xFF,0xFF,0xFF,0xFF,0xFF,0xFF,0xFF,0xFF,0xFF,0xFF,0xFF,0xFF,0xFF,0xFF,0xFF,0xFF,0xFF,0xFF,0xFF,0xFF,0xFF,0xFF,0xFF,0xFF,0xFF,0xFF,0xFF,0xFF,0xFF,0xFF,0xFF,0xFF,0xFF,0xFF,0xFF,0xFF,
    0xFF,0xFF,0xFF,0xFF,0xFF,0xFF,0xFF,0xFF,0xFF,0xFF,0xFF,0xFF,0xFF,0xFF,0xFF,0xFF,0xFF,0xFF,0xFF,0xFF,0xFF,0xFF,0xFF,0xFF,0xFF,0xFF,0xFF,0xFF,0xFF,0xFF,0xFF,0xFF,0xFF,0xFF,0xFF,0xFF,
    0xFF,0xFF,0xFF,0xFF,0xFF,0xFF,0xFF,0xFF,0xFF,0xFF,0xFF,0xFF,0xFF,0xFF,0xFF,0xFF,0xFF,0xFF,0xFF,0xFF,0xFF,0xFF,0xFF,0xFF,0xFF,0xFF,0xFF,0xFF,0xFF,0xFF,0x20,0x00,0xFF,0x00,0x00,0xFF,
    0x00,0x00,0xFF,0x7D,0xEF,0xFF,0xBE,0xF7,0xFF,0x9E,0xF7,0xFF,0xBE,0xF7,0xFF,0xBE,0xF7,0xFF,0xBE,0xF7,0xFF,0xBE,0xF7,0xFF,0xBE,0xF7,0xFF,0xBE,0xF7,0xFF,0xBE,0xF7,0xFF,0xBE,0xF7,0xFF,
    0x9E,0xF7,0xFF,0x7D,0xEF,0xFF,0xDF,0xFF,0xFF,0xBE,0xF7,0xFF,0x7D,0xEF,0xFF,0xFF,0xFF,0xFF,0x7D,0xEF,0xFF,0x7D,0xEF,0xFF,0x7D,0xEF,0xFF,0xFF,0xFF,0xFF,0xBE,0xF7,0xFF,0x75,0xAD,0xFF,
    0xC7,0x39,0xFF,0x9E,0xF7,0xFF,0x3C,0xE7,0xFF,0xFF,0xFF,0xFF,0xDF,0xFF,0xFF,0xBE,0xF7,0xFF,0x9E,0xF7,0xFF,0xBE,0xF7,0xFF,0xBE,0xF7,0xFF,0xBE,0xF7,0xFF,0xBE,0xF7,0xFF,0xBE,0xF7,0xFF,
    0x7D,0xEF,0xFF,0xFF,0xFF,0xFF,0xFF,0xFF,0xFF,0x1C,0xE7,0xFF,0xFF,0xFF,0xFF,0xFF,0xFF,0xFF,0xC7,0x39,0xFF,0x00,0x00,0xFF,0x00,0x00,0xFF,0x41,0x08,0xFF,0x8E,0x73,0xFF,0x9E,0xF7,0xFF,
    0xDE,0xFF,0xFF,0xFF,0xFF,0xFF,0xFF,0xFF,0xFF,0xBE,0xF7,0xFF,0xDE,0xFF,0xFF,0xDE,0xFF,0xFF,0xFF,0xFF,0xFF,0xFF,0xFF,0xFF,0xFF,0xFF,0xFF,0xFF,0xFF,0xFF,0xFF,0xFF,0xFF,0x3B,0xE7,0xFF,
    0x00,0x00,0xFF,0xE0,0x18,0xFF,0x80,0x08,0xFF,0xCA,0xB5,0xFF,0xAC,0xEF,0xFF,0xA8,0xEF,0xFF,0xC5,0xEF,0xFF,0xE4,0xF7,0xFF,0x00,0xD7,0xFF,0xE3,0xFF,0xFF,0xE1,0xF7,0xFF,0xE0,0xEF,0xFF,
    0xE0,0xEF,0xFF,0xE1,0xF7,0xFF,0xC0,0xEF,0xFF,0xE1,0xFF,0xFF,0xC0,0xEF,0xFF,0xC2,0xEF,0xFF,0xA8,0xEF,0xFF,0x2D,0xE7,0xFF,0x60,0x08,0xFF,0x00,0x00,0xFF,0xFF,0xFF,0xFF,0xDF,0xFF,0xFF,
    0xFF,0xFF,0xFF,0xFF,0xFF,0xFF,0xFD,0xFF,0xFF,0xFD,0xFF,0xFF,0xFD,0xFF,0xFF,0xFE,0xFF,0xFF,0xFF,0xFF,0xFF,0xFF,0xFF,0xFF,0xFF,0xFF,0xFF,0xFF,0xFF,0xFF,0xFF,0xFF,0xFF,0xFF,0xFF,0xFF,
    0xFF,0xFF,0xFF,0xFF,0xFF,0xFF,0xFF,0xFF,0xFF,0xFF,0xFF,0xFF,0xFF,0xFF,0xFF,0xFF,0xFF,0xFF,0xFF,0xFF,0xFF,0xC3,0x18,0xFF,0x20,0x00,0xFF,0x82,0x10,0xFF,0x00,0x00,0xFF,0x00,0x00,0xFF,
    0x61,0x08,0xFF,0xB6,0xB5,0xFF,0x9E,0xF7,0xFF,0x9E,0xF7,0xFF,0x7D,0xEF,0xFF,0xFF,0xFF,0xFF,0xFF,0xFF,0xFF,0x7D,0xEF,0xFF,0x7D,0xEF,0xFF,0xDF,0xFF,0xFF,0xBE,0xF7,0xFF,0xFF,0xFF,0xFF,
    0xBE,0xF7,0xFF,0x9E,0xF7,0xFF,0xFF,0xFF,0xFF,0x5D,0xEF,0xFF,0xDF,0xFF,0xFF,0x5D,0xEF,0xFF,0xFF,0xFF,0xFF,0x59,0xCE,0xFF,0x20,0x00,0xFF,0x61,0x08,0xFF,0x86,0x31,0xFF,0xBE,0xF7,0xFF,
    0x7D,0xEF,0xFF,0xDF,0xFF,0xFF,0x3C,0xE7,0xFF,0xFF,0xFF,0xFF,0xFF,0xFF,0xFF,0x5D,0xEF,0xFF,0xDF,0xFF,0xFF,0x9E,0xF7,0xFF,0xFF,0xFF,0xFF,0x9E,0xF7,0xFF,0xBE,0xF7,0xFF,0x20,0x00,0xFF,
    0x34,0xA5,0xFF,0x9E,0xF7,0xFF,0xDF,0xFF,0xFF,0x5D,0xEF,0xFF,0xBE,0xF7,0xFF,0xDF,0xFF,0xFF,0xDF,0xFF,0xFF,0xBE,0xF7,0xFF,0xBE,0xF7,0xFF,0xDF,0xFF,0xFF,0xDF,0xFF,0xFF,0xBE,0xF7,0xFF,
    0xBE,0xF7,0xFF,0xBE,0xF7,0xFF,0xBE,0xF7,0xFF,0xBE,0xF7,0xFF,0xBE,0xF7,0xFF,0xBE,0xF7,0xFF,0xBE,0xF7,0xFF,0xBE,0xF7,0xFF,0x9E,0xF7,0xFF,0x3C,0xE7,0xFF,0x00,0x00,0xFF,0x00,0x00,0xFF,
    0x61,0x08,0xFF,0xFF,0xFF,0xFF,0xFF,0xFF,0xFF,0xFF,0xFF,0xFF,0xFF,0xFF,0xFF,0xFF,0xFF,0xFF,0xFF,0xFF,0xFF,0xFF,0xFF,0xFF,0xFF,0xFF,0xFF,0xFF,0xFF,0xFF,0xFF,0xFF,0xFF,0xFF,0xFF,0xFF,
    0xFF,0xFF,0xFF,0xFF,0xFF,0xFF,0xFF,0xFF,0xFF,0xFF,0xFF,0xFF,0xFF,0xFF,0xFF,0xFF,0xFF,0xFF,0xFF,0xFF,0xFF,0xFF,0xFF,0xFF,0xFF,0xFF,0xFF,0xFF,0xFF,0xFF,0xFF,0xFF,0xFF,0xFF,0xFF,0xFF,
    0xFF,0xFF,0xFF,0xFF,0xFF,0xFF,0xFF,0xFF,0xFF,0xFF,0xFF,0xFF,0xFF,0xFF,0xFF,0xFF,0xFF,0xFF,0xFF,0xFF,0xFF,0xFF,0xFF,0xFF,0xFF,0xFF,0xFF,0xFF,0xFF,0xFF,0xFF,0xFF,0xFF,0xFF,0xFF,0xFF,
    0xFF,0xFF,0xFF,0xFF,0xFF,0xFF,0xFF,0xFF,0xFF,0xFF,0xFF,0xFF,0xFF,0xFF,0xFF,0xFF,0xFF,0xFF,0xFF,0xFF,0xFF,0xFF,0xFF,0xFF,0xFF,0xFF,0xFF,0xFF,0xFF,0xFF,0xFF,0xFF,0xFF,0xFF,0xFF,0xFF,
    0xFF,0xFF,0xFF,0xFF,0xFF,0xFF,0xFF,0xFF,0xFF,0xFF,0xFF,0xFF,0xFF,0xFF,0xFF,0xFF,0xFF,0xFF,0xFF,0xFF,0xFF,0xFF,0xFF,0xFF,0xFF,0xFF,0xFF,0xFF,0xFF,0xFF,0xFF,0xFF,0xFF,0xFF,0xFF,0xFF,
    0xFF,0xFF,0xFF,0xFF,0xFF,0xFF,0xFF,0xFF,0xFF,0xFF,0xFF,0xFF,0xFF,0xFF,0xFF,0xFF,0xFF,0xFF,0xFF,0xFF,0xFF,0xFF,0xFF,0xFF,0xFF,0xFF,0xFF,0xFF,0xFF,0xFF,0xFF,0xFF,0xFF,0xFF,0xFF,0xFF,
    0xFF,0xFF,0xFF,0xFF,0xFF,0xFF,0xFF,0xFF,0xFF,0xFF,0xFF,0xFF,0xFF,0xFF,0xFF,0xFF,0xFF,0xFF,0xFF,0xFF,0xFF,0xFF,0xFF,0xFF,0xFF,0xFF,0xFF,0xFF,0xFF,0xFF,0xFF,0xFF,0xFF,0xFF,0xFF,0xFF,
    0xFF,0xFF,0xFF,0xFF,0xFF,0xFF,0xFF,0xFF,0xFF,0xFF,0xFF,0xFF,0xFF,0xFF,0xFF,0xFF,0xFF,0xFF,0xFF,0xFF,0xFF,0xFF,0xFF,0xFF,0xFF,0xFF,0xFF,0xFF,0xFF,0xFF,0xFF,0xFF,0xFF,0xFF,0xFF,0xFF,
    0xFF,0xFF,0xFF,0xFF,0xFF,0xFF,0xFF,0xFF,0xFF,0xFF,0xFF,0xFF,0xFF,0xFF,0xFF,0xFF,0xFF,0xFF,0xFF,0xFF,0xFF,0xFF,0xFF,0xFF,0xFF,0xFF,0xFF,0xFF,0xFF,0xFF,0xFF,0xFF,0xFF,0xFF,0xFF,0xFF,
    0xFF,0xFF,0xFF,0xFF,0xFF,0xFF,0xFF,0xFF,0xFF,0xFF,0xFF,0xFF,0xFF,0xFF,0xFF,0xFF,0xFF,0xFF,0xFF,0xFF,0xFF,0xFF,0xFF,0xFF,0xFF,0xFF,0xFF,0xFF,0xFF,0xFF,0xFF,0xFF,0xFF,0xFF,0xFF,0xFF,
    0xFF,0xFF,0xFF,0xFF,0xFF,0xFF,0xFF,0xFF,0xFF,0xFF,0xFF,0xFF,0xFF,0xFF,0xFF,0xFF,0xFF,0xFF,0xFF,0xFF,0xFF,0xFF,0xFF,0xFF,0xFF,0xFF,0xFF,0xFF,0xFF,0xFF,0xFF,0xFF,0xFF,0xFF,0xFF,0xFF,
    0xFF,0xFF,0xFF,0xFF,0xFF,0xFF,0xFF,0xFF,0xFF,0xFF,0xFF,0xFF,0xFF,0xFF,0xFF,0xFF,0xFF,0xFF,0xFF,0xFF,0xFF,0xFF,0xFF,0xFF,0xFF,0xFF,0xFF,0xFF,0xFF,0xFF,0xFF,0xFF,0xFF,0xFF,0xFF,0xFF,
    0xFF,0xFF,0xFF,0xFF,0xFF,0xFF,0xFF,0xFF,0xFF,0xFF,0xFF,0xFF,0xFF,0xFF,0xFF,0xFF,0xFF,0xFF,0xDF,0xFF,0xFF,0xDF,0xFF,0xFF,0xFF,0xFF,0xFF,0xFF,0xFF,0xFF,0xFF,0xFF,0xFF,0xFF,0xFF,0xFF,
    0xFF,0xFF,0xFF,0xFF,0xFF,0xFF,0xFF,0xFF,0xFF,0xFF,0xFF,0xFF,0xFF,0xFF,0xFF,0xFF,0xFF,0xFF,0xFF,0xFF,0xFF,0xFF,0xFF,0xFF,0xFF,0xFF,0xFF,0xFF,0xFF,0xFF,0xFF,0xFF,0xFF,0xFF,0xFF,0xFF,
    0xFF,0xFF,0xFF,0xFF,0xFF,0xFF,0xFF,0xFF,0xFF,0xFF,0xFF,0xFF,0xFF,0xFF,0xFF,0xFF,0xFF,0xFF,0xFF,0xFF,0xFF,0xFF,0xFF,0xFF,0xFF,0xFF,0xFF,0xFF,0xFF,0xFF,0xFF,0xFF,0xFF,0xFF,0xFF,0xFF,
    0xFF,0xFF,0xFF,0xFF,0xFF,0xFF,0xFF,0xFF,0xFF,0xFF,0xFF,0xFF,0xFF,0xFF,0xFF,0xFF,0xFF,0xFF,0xFF,0xFF,0xFF,0xFF,0xFF,0xFF,0xFF,0xFF,0xFF,0xFF,0xFF,0xFF,0xFF,0xFF,0xFF,0xFF,0xFF,0xFF,
    0xFF,0xFF,0xFF,0xFF,0xFF,0xFF,0xFF,0xFF,0xFF,0xFF,0xFF,0xFF,0xFF,0xFF,0xFF,0xFF,0xFF,0xFF,0xFF,0xFF,0xFF,0xFF,0xFF,0xFF,0xFF,0xFF,0xFF,0xFF,0xFF,0xFF,0xFF,0xFF,0xFF,0xFF,0xFF,0xFF,
    0xFF,0xFF,0xFF,0xFF,0xFF,0xFF,0xFF,0xFF,0xFF,0xFF,0xFF,0xFF,0xFF,0xFF,0xFF,0xFF,0xFF,0xFF,0xFF,0xFF,0xFF,0xFF,0xFF,0xFF,0xFF,0xFF,0xFF,0xFF,0xFF,0xFF,0xFF,0xFF,0xFF,0xFF,0xFF,0xFF,
    0xFF,0xFF,0xFF,0xFF,0xFF,0xFF,0xFF,0xFF,0xFF,0xFF,0xFF,0xFF,0xFF,0xFF,0xFF,0xFF,0xFF,0xFF,0xFF,0xFF,0xFF,0xFF,0xFF,0xFF,0xFF,0xFF,0xFF,0xFF,0xFF,0xFF,0xFF,0xFF,0xFF,0xFF,0xFF,0xFF,
    0xFF,0xFF,0xFF,0xFF,0xFF,0xFF,0xDF,0xFF,0xFF,0xFF,0xFF,0xFF,0x00,0x00,0xFF,0x20,0x00,0xFF,0x00,0x00,0xFF,0xBE,0xF7,0xFF,0xDF,0xFF,0xFF,0x9E,0xF7,0xFF,0xBE,0xF7,0xFF,0xBE,0xF7,0xFF,
    0xBE,0xF7,0xFF,0xBE,0xF7,0xFF,0xBE,0xF7,0xFF,0xBE,0xF7,0xFF,0xBE,0xF7,0xFF,0xBE,0xF7,0xFF,0xFF,0xFF,0xFF,0x9E,0xF7,0xFF,0x9E,0xF7,0xFF,0xBE,0xF7,0xFF,0xFF,0xFF,0xFF,0x9E,0xF7,0xFF,
    0xDF,0xFF,0xFF,0xBE,0xF7,0xFF,0xBE,0xF7,0xFF,0xBE,0xF7,0xFF,0x59,0xCE,0xFF,0xAA,0x52,0xFF,0x00,0x00,0xFF,0x45,0x29,0xFF,0xDF,0xFF,0xFF,0xBE,0xF7,0xFF,0xBE,0xF7,0xFF,0xBE,0xF7,0xFF,
    0xBE,0xF7,0xFF,0xDF,0xFF,0xFF,0xBE,0xF7,0xFF,0xBE,0xF7,0xFF,0xBE,0xF7,0xFF,0xDF,0xFF,0xFF,0xBE,0xF7,0xFF,0xBE,0xF7,0xFF,0x9E,0xF7,0xFF,0xDF,0xFF,0xFF,0x5D,0xEF,0xFF,0x7D,0xEF,0xFF,
    0xFF,0xFF,0xFF,0xA6,0x31,0xFF,0x21,0x00,0xFF,0x00,0x00,0xFF,0x00,0x00,0xFF,0x92,0x94,0xFF,0xFF,0xFF,0xFF,0xBE,0xF7,0xFF,0xFF,0xFF,0xFF,0xFF,0xFF,0xFF,0xFF,0xFF,0xFF,0xFE,0xFF,0xFF,
    0xFF,0xFF,0xFF,0xDE,0xFF,0xFF,0xFF,0xFF,0xFF,0xBD,0xF7,0xFF,0x53,0xA5,0xFF,0x60,0x08,0xFF,0x60,0x08,0xFF,0xA0,0x31,0xFF,0x4D,0xE7,0xFF,0xAB,0xEF,0xFF,0xE8,0xF7,0xFF,0xC4,0xEF,0xFF,
    0xC1,0xEF,0xFF,0xA0,0xEF,0xFF,0xE2,0xFF,0xFF,0xC0,0xEF,0xFF,0xA0,0xEF,0xFF,0xE2,0xFF,0xFF,0xC0,0xEF,0xFF,0xE0,0xFF,0xFF,0xE0,0xF7,0xFF,0xC0,0xEF,0xFF,0xE0,0xF7,0xFF,0xE3,0xF7,0xFF,
    0x87,0xE7,0xFF,0xAE,0xEF,0xFF,0x80,0x10,0xFF,0x40,0x08,0xFF,0xDF,0xFF,0xFF,0xFF,0xFF,0xFF,0xFF,0xFF,0xFF,0xFF,0xFF,0xFF,0xFE,0xFF,0xFF,0xFD,0xFF,0xFF,0xFD,0xFF,0xFF,0xFE,0xFF,0xFF,
    0xFF,0xFF,0xFF,0xFF,0xFF,0xFF,0xFF,0xFF,0xFF,0xFF,0xFF,0xFF,0xFF,0xFF,0xFF,0xFF,0xFF,0xFF,0xFF,0xFF,0xFF,0xFF,0xFF,0xFF,0xFF,0xFF,0xFF,0xFF,0xFF,0xFF,0xFF,0xFF,0xFF,0x6D,0x6B,0xFF,
    0x41,0x08,0xFF,0x00,0x00,0xFF,0x20,0x00,0xFF,0x00,0x00,0xFF,0x00,0x00,0xFF,0x30,0x84,0xFF,0x9E,0xF7,0xFF,0xDF,0xFF,0xFF,0x9E,0xF7,0xFF,0xFF,0xFF,0xFF,0xBE,0xF7,0xFF,0x7D,0xEF,0xFF,
    0x7D,0xEF,0xFF,0xFF,0xFF,0xFF,0xFF,0xFF,0xFF,0x9E,0xF7,0xFF,0x7D,0xEF,0xFF,0xDF,0xFF,0xFF,0x7D,0xEF,0xFF,0xDF,0xFF,0xFF,0xBE,0xF7,0xFF,0xBE,0xF7,0xFF,0x7D,0xEF,0xFF,0xDF,0xFF,0xFF,
    0x24,0x21,0xFF,0x20,0x00,0xFF,0x82,0x10,0xFF,0xDB,0xDE,0xFF,0x7D,0xEF,0xFF,0x7D,0xEF,0xFF,0xBE,0xF7,0xFF,0x9E,0xF7,0xFF,0xFF,0xFF,0xFF,0x9E,0xF7,0xFF,0xDF,0xFF,0xFF,0x9E,0xF7,0xFF,
    0x7D,0xEF,0xFF,0xBE,0xF7,0xFF,0x7D,0xEF,0xFF,0xBE,0xF7,0xFF,0xBE,0xF7,0xFF,0x9A,0xD6,0xFF,0x20,0x00,0xFF,0x5D,0xEF,0xFF,0xBE,0xF7,0xFF,0xFF,0xFF,0xFF,0x7D,0xEF,0xFF,0xFF,0xFF,0xFF,
    0x7D,0xEF,0xFF,0x59,0xCE,0xFF,0x59,0xCE,0xFF,0x7D,0xEF,0xFF,0xFF,0xFF,0xFF,0x7D,0xEF,0xFF,0xBE,0xF7,0xFF,0xBE,0xF7,0xFF,0xBE,0xF7,0xFF,0xBE,0xF7,0xFF,0xBE,0xF7,0xFF,0xBE,0xF7,0xFF,
    0xBE,0xF7,0xFF,0xBE,0xF7,0xFF,0x9E,0xF7,0xFF,0xBA,0xD6,0xFF,0x00,0x00,0xFF,0x00,0x00,0xFF,0x04,0x21,0xFF,0xFF,0xFF,0xFF,0xFF,0xFF,0xFF,0xFF,0xFF,0xFF,0xFF,0xFF,0xFF,0xFF,0xFF,0xFF,
    0xFF,0xFF,0xFF,0xFF,0xFF,0xFF,0xFF,0xFF,0xFF,0xFF,0xFF,0xFF,0xFF,0xFF,0xFF,0xFF,0xFF,0xFF,0xFF,0xFF,0xFF,0xFF,0xFF,0xFF,0xFF,0xFF,0xFF,0xFF,0xFF,0xFF,0xFF,0xFF,0xFF,0xFF,0xFF,0xFF,
    0x9E,0xF7,0xFF,0xFF,0xFF,0xFF,0xFF,0xFF,0xFF,0x9E,0xF7,0xFF,0xFF,0xFF,0xFF,0xDF,0xFF,0xFF,0xFF,0xFF,0xFF,0xBE,0xF7,0xFF,0xFF,0xFF,0xFF,0xFF,0xFF,0xFF,0xDF,0xFF,0xFF,0xDF,0xFF,0xFF,
    0xFF,0xFF,0xFF,0x9E,0xF7,0xFF,0xBE,0xF7,0xFF,0xFF,0xFF,0xFF,0xFF,0xFF,0xFF,0xFF,0xFF,0xFF,0xFF,0xFF,0xFF,0xFF,0xFF,0xFF,0xFF,0xFF,0xFF,0x7D,0xEF,0xFF,0xFF,0xFF,0xFF,0xFF,0xFF,0xFF,
    0xBE,0xF7,0xFF,0xFF,0xFF,0xFF,0xBE,0xF7,0xFF,0xFF,0xFF,0xFF,0xFF,0xFF,0xFF,0x9E,0xF7,0xFF,0xFF,0xFF,0xFF,0xFF,0xFF,0xFF,0xDF,0xFF,0xFF,0xFF,0xFF,0xFF,0xFF,0xFF,0xFF,0xBE,0xF7,0xFF,
    0xFF,0xFF,0xFF,0xBE,0xF7,0xFF,0xFF,0xFF,0xFF,0xFF,0xFF,0xFF,0xFF,0xFF,0xFF,0xDF,0xFF,0xFF,0xFF,0xFF,0xFF,0xFF,0xFF,0xFF,0xFF,0xFF,0xFF,0xFF,0xFF,0xFF,0x7D,0xEF,0xFF,0xFF,0xFF,0xFF,
    0xFF,0xFF,0xFF,0xFF,0xFF,0xFF,0xFF,0xFF,0xFF,0xFF,0xFF,0xFF,0xFF,0xFF,0xFF,0xFF,0xFF,0xFF,0xFF,0xFF,0xFF,0xFF,0xFF,0xFF,0xFF,0xFF,0xFF,0xBE,0xF7,0xFF,0xDF,0xFF,0xFF,0xFF,0xFF,0xFF,
    0xFF,0xFF,0xFF,0xFF,0xFF,0xFF,0xDF,0xFF,0xFF,0xFF,0xFF,0xFF,0xDF,0xFF,0xFF,0xFF,0xFF,0xFF,0xFF,0xFF,0xFF,0xDF,0xFF,0xFF,0xFF,0xFF,0xFF,0xFF,0xFF,0xFF,0xDF,0xFF,0xFF,0xBE,0xF7,0xFF,
    0xFF,0xFF,0xFF,0xBE,0xF7,0xFF,0xFF,0xFF,0xFF,0xFF,0xFF,0xFF,0xFF,0xFF,0xFF,0xFF,0xFF,0xFF,0xFF,0xFF,0xFF,0xFF,0xFF,0xFF,0xFF,0xFF,0xFF,0xFF,0xFF,0xFF,0xFF,0xFF,0xFF,0xDF,0xFF,0xFF,
    0xFF,0xFF,0xFF,0xBE,0xF7,0xFF,0xFF,0xFF,0xFF,0xFF,0xFF,0xFF,0xBE,0xF7,0xFF,0xFF,0xFF,0xFF,0xFF,0xFF,0xFF,0xFF,0xFF,0xFF,0xDF,0xFF,0xFF,0xFF,0xFF,0xFF,0xDF,0xFF,0xFF,0xFF,0xFF,0xFF,
    0xDF,0xFF,0xFF,0xFF,0xFF,0xFF,0xFF,0xFF,0xFF,0xDF,0xFF,0xFF,0xDF,0xFF,0xFF,0xFF,0xFF,0xFF,0xDF,0xFF,0xFF,0xDF,0xFF,0xFF,0xFF,0xFF,0xFF,0xDF,0xFF,0xFF,0x9E,0xF7,0xFF,0xFF,0xFF,0xFF,
    0xFF,0xFF,0xFF,0xFF,0xFF,0xFF,0xBE,0xF7,0xFF,0xFF,0xFF,0xFF,0xFF,0xFF,0xFF,0xFF,0xFF,0xFF,0xFF,0xFF,0xFF,0x7D,0xEF,0xFF,0xFF,0xFF,0xFF,0xFF,0xFF,0xFF,0xFF,0xFF,0xFF,0xFF,0xFF,0xFF,
    0xFF,0xFF,0xFF,0xFF,0xFF,0xFF,0xFF,0xFF,0xFF,0xFF,0xFF,0xFF,0xDF,0xFF,0xFF,0xFF,0xFF,0xFF,0xDF,0xFF,0xFF,0xFF,0xFF,0xFF,0xFF,0xFF,0xFF,0xFF,0xFF,0xFF,0xDF,0xFF,0xFF,0xFF,0xFF,0xFF,
    0xFF,0xFF,0xFF,0xFF,0xFF,0xFF,0xDF,0xFF,0xFF,0xFF,0xFF,0xFF,0xDF,0xFF,0xFF,0xDF,0xFF,0xFF,0xFF,0xFF,0xFF,0xDF,0xFF,0xFF,0xFF,0xFF,0xFF,0x9E,0xF7,0xFF,0xFF,0xFF,0xFF,0xBE,0xF7,0xFF,
    0xBE,0xF7,0xFF,0xFF,0xFF,0xFF,0xDF,0xFF,0xFF,0xDF,0xFF,0xFF,0xBE,0xF7,0xFF,0xFF,0xFF,0xFF,0xFF,0xFF,0xFF,0xFF,0xFF,0xFF,0xFF,0xFF,0xFF,0xBE,0xF7,0xFF,0xFF,0xFF,0xFF,0xFF,0xFF,0xFF,
    0xBE,0xF7,0xFF,0xDF,0xFF,0xFF,0xFF,0xFF,0xFF,0xFF,0xFF,0xFF,0xBE,0xF7,0xFF,0xFF,0xFF,0xFF,0xFF,0xFF,0xFF,0xFF,0xFF,0xFF,0xFF,0xFF,0xFF,0xFF,0xFF,0xFF,0xFF,0xFF,0xFF,0xDF,0xFF,0xFF,
    0xFF,0xFF,0xFF,0xFF,0xFF,0xFF,0xBE,0xF7,0xFF,0xFF,0xFF,0xFF,0xBE,0xF7,0xFF,0xFF,0xFF,0xFF,0xFF,0xFF,0xFF,0xBE,0xF7,0xFF,0xFF,0xFF,0xFF,0xFF,0xFF,0xFF,0xDF,0xFF,0xFF,0xFF,0xFF,0xFF,
    0xFF,0xFF,0xFF,0xFF,0xFF,0xFF,0xFF,0xFF,0xFF,0xFF,0xFF,0xFF,0x9E,0xF7,0xFF,0xFF,0xFF,0xFF,0xFF,0xFF,0xFF,0xDF,0xFF,0xFF,0xFF,0xFF,0xFF,0xFF,0xFF,0xFF,0xFF,0xFF,0xFF,0xDF,0xFF,0xFF,
    0xFF,0xFF,0xFF,0xDF,0xFF,0xFF,0xFF,0xFF,0xFF,0xDF,0xFF,0xFF,0xFF,0xFF,0xFF,0xFF,0xFF,0xFF,0xFF,0xFF,0xFF,0xDF,0xFF,0xFF,0xFF,0xFF,0xFF,0xFF,0xFF,0xFF,0xBE,0xF7,0xFF,0xFF,0xFF,0xFF,
    0xDF,0xFF,0xFF,0xFF,0xFF,0xFF,0xDF,0xFF,0xFF,0xFF,0xFF,0xFF,0xFF,0xFF,0xFF,0xFF,0xFF,0xFF,0xDF,0xFF,0xFF,0xFF,0xFF,0xFF,0xDF,0xFF,0xFF,0xFF,0xFF,0xFF,0x61,0x08,0xFF,0x00,0x00,0xFF,
    0x20,0x00,0xFF,0x5D,0xEF,0xFF,0xFF,0xFF,0xFF,0x7D,0xEF,0xFF,0xBE,0xF7,0xFF,0xBE,0xF7,0xFF,0xBE,0xF7,0xFF,0xBE,0xF7,0xFF,0xBE,0xF7,0xFF,0xBE,0xF7,0xFF,0xBE,0xF7,0xFF,0xBE,0xF7,0xFF,
    0xDF,0xFF,0xFF,0x7D,0xEF,0xFF,0xDF,0xFF,0xFF,0xBE,0xF7,0xFF,0x9E,0xF7,0xFF,0x9E,0xF7,0xFF,0x5D,0xEF,0xFF,0xFF,0xFF,0xFF,0x51,0x8C,0xFF,0x41,0x08,0xFF,0x00,0x00,0xFF,0x24,0x21,0xFF,
    0x8E,0x73,0xFF,0x6D,0x6B,0xFF,0xA6,0x31,0xFF,0x7D,0xEF,0xFF,0xFF,0xFF,0xFF,0x7D,0xEF,0xFF,0xDF,0xFF,0xFF,0x9E,0xF7,0xFF,0xBE,0xF7,0xFF,0x5D,0xEF,0xFF,0xFF,0xFF,0xFF,0x9E,0xF7,0xFF,
    0xBE,0xF7,0xFF,0xBE,0xF7,0xFF,0xBE,0xF7,0xFF,0xBE,0xF7,0xFF,0xBE,0xF7,0xFF,0xBE,0xF7,0xFF,0xBE,0xF7,0xFF,0xBE,0xF7,0xFF,0x05,0x21,0xFF,0x01,0x00,0xFF,0x63,0x08,0xFF,0x00,0x00,0xFF,
    0xD7,0xB5,0xFF,0xFF,0xFF,0xFF,0xFE,0xFF,0xFF,0xFE,0xFF,0xFF,0xFE,0xFF,0xFF,0xFF,0xFF,0xFF,0xDF,0xFF,0xFF,0xDF,0xFF,0xFF,0xDE,0xFF,0xFF,0x4B,0x6B,0xFF,0x00,0x00,0xFF,0xA0,0x18,0xFF,
    0x60,0x73,0xFF,0xAB,0xF7,0xFF,0xE8,0xFF,0xFF,0xE5,0xF7,0xFF,0x42,0xE7,0xFF,0xE3,0xF7,0xFF,0xE2,0xFF,0xFF,0xA0,0xEF,0xFF,0xE1,0xF7,0xFF,0xE1,0xF7,0xFF,0xE2,0xF7,0xFF,0xE2,0xF7,0xFF,
    0xE0,0xF7,0xFF,0xE0,0xF7,0xFF,0xE0,0xF7,0xFF,0xE1,0xF7,0xFF,0xC1,0xEF,0xFF,0xE4,0xF7,0xFF,0xC8,0xEF,0xFF,0x8D,0xEF,0xFF,0x80,0x10,0xFF,0x60,0x08,0xFF,0xBF,0xF7,0xFF,0xFF,0xFF,0xFF,
    0xDF,0xF7,0xFF,0xFF,0xFF,0xFF,0xFE,0xFF,0xFF,0xFE,0xFF,0xFF,0xFD,0xFF,0xFF,0xDD,0xF7,0xFF,0xDF,0xFF,0xFF,0xFF,0xFF,0xFF,0xDF,0xFF,0xFF,0xFF,0xFF,0xFF,0xBE,0xF7,0xFF,0xFF,0xFF,0xFF,
    0xFF,0xFF,0xFF,0xFF,0xFF,0xFF,0xFF,0xFF,0xFF,0xF7,0xBD,0xFF,0x00,0x00,0xFF,0x41,0x08,0xFF,0x00,0x00,0xFF,0x00,0x00,0xFF,0x41,0x08,0xFF,0xC7,0x39,0xFF,0xBE,0xF7,0xFF,0x9E,0xF7,0xFF,
    0xFF,0xFF,0xFF,0x9E,0xF7,0xFF,0xDF,0xFF,0xFF,0xBE,0xF7,0xFF,0xDF,0xFF,0xFF,0x9E,0xF7,0xFF,0xBE,0xF7,0xFF,0xDF,0xFF,0xFF,0x3C,0xE7,0xFF,0xDF,0xFF,0xFF,0xDF,0xFF,0xFF,0xBE,0xF7,0xFF,
    0x9E,0xF7,0xFF,0xBE,0xF7,0xFF,0x9E,0xF7,0xFF,0xBE,0xF7,0xFF,0x2C,0x63,0xFF,0x00,0x00,0xFF,0x20,0x00,0xFF,0x34,0xA5,0xFF,0xFF,0xFF,0xFF,0x7D,0xEF,0xFF,0xDF,0xFF,0xFF,0x9E,0xF7,0xFF,
    0xBE,0xF7,0xFF,0xDF,0xFF,0xFF,0x9E,0xF7,0xFF,0x9E,0xF7,0xFF,0xDF,0xFF,0xFF,0xDF,0xFF,0xFF,0xFF,0xFF,0xFF,0xBE,0xF7,0xFF,0xBE,0xF7,0xFF,0xBE,0xF7,0xFF,0xDF,0xFF,0xFF,0xBE,0xF7,0xFF,
    0xA6,0x31,0xFF,0xAE,0x73,0xFF,0xDF,0xFF,0xFF,0xFF,0xFF,0xFF,0x3C,0xE7,0xFF,0x8A,0x52,0xFF,0x14,0xA5,0xFF,0xDF,0xFF,0xFF,0x7D,0xEF,0xFF,0xFF,0xFF,0xFF,0xBE,0xF7,0xFF,0x9E,0xF7,0xFF,
    0xBE,0xF7,0xFF,0xBE,0xF7,0xFF,0xBE,0xF7,0xFF,0xBE,0xF7,0xFF,0xBE,0xF7,0xFF,0xBE,0xF7,0xFF,0xBE,0xF7,0xFF,0xBE,0xF7,0xFF,0xDF,0xFF,0xFF,0xF3,0x9C,0xFF,0x00,0x00,0xFF,0x00,0x00,0xFF,
    0x28,0x42,0xFF,0xFF,0xFF,0xFF,0xFF,0xFF,0xFF,0xFF,0xFF,0xFF,0xFF,0xFF,0xFF,0xFF,0xFF,0xFF,0xFF,0xFF,0xFF,0xFF,0xFF,0xFF,0xFF,0xFF,0xFF,0xFF,0xFF,0xFF,0xFF,0xFF,0xFF,0xFF,0xFF,0xFF,
    0xFF,0xFF,0xFF,0xFF,0xFF,0xFF,0xFF,0xFF,0xFF,0xBE,0xF7,0xFF,0xDF,0xFF,0xFF,0xFF,0xFF,0xFF,0xFF,0xFF,0xFF,0xF3,0x9C,0xFF,0x55,0xAD,0xFF,0xB6,0xB5,0xFF,0x55,0xAD,0xFF,0x34,0xA5,0xFF,
    0x34,0xA5,0xFF,0x34,0xA5,0xFF,0x38,0xC6,0xFF,0xFF,0xFF,0xFF,0xFF,0xFF,0xFF,0xDF,0xFF,0xFF,0xFF,0xFF,0xFF,0xFF,0xFF,0xFF,0xFF,0xFF,0xFF,0xFF,0xFF,0xFF,0xBE,0xF7,0xFF,0x7D,0xEF,0xFF,
    0x55,0xAD,0xFF,0x34,0xA5,0xFF,0x55,0xAD,0xFF,0xB6,0xB5,0xFF,0xD3,0x9C,0xFF,0x96,0xB5,0xFF,0x34,0xA5,0xFF,0xBE,0xF7,0xFF,0xFF,0xFF,0xFF,0xBE,0xF7,0xFF,0xFF,0xFF,0xFF,0xFF,0xFF,0xFF,
    0x7D,0xEF,0xFF,0xBE,0xF7,0xFF,0xFF,0xFF,0xFF,0xFF,0xFF,0xFF,0xD3,0x9C,0xFF,0xB6,0xB5,0xFF,0x75,0xAD,0xFF,0x55,0xAD,0xFF,0xB6,0xB5,0xFF,0xF3,0x9C,0xFF,0xFF,0xFF,0xFF,0xFF,0xFF,0xFF,
    0xFF,0xFF,0xFF,0x7D,0xEF,0xFF,0xFF,0xFF,0xFF,0xFF,0xFF,0xFF,0xFF,0xFF,0xFF,0xFF,0xFF,0xFF,0xFF,0xFF,0xFF,0xFF,0xFF,0xFF,0x9E,0xF7,0xFF,0x14,0xA5,0xFF,0xF3,0x9C,0xFF,0x34,0xA5,0xFF,
    0x55,0xAD,0xFF,0xF3,0x9C,0xFF,0x14,0xA5,0xFF,0x96,0xB5,0xFF,0x7D,0xEF,0xFF,0xFF,0xFF,0xFF,0xFF,0xFF,0xFF,0xFF,0xFF,0xFF,0xBE,0xF7,0xFF,0x79,0xCE,0xFF,0x96,0xB5,0xFF,0xB2,0x94,0xFF,
    0x75,0xAD,0xFF,0x34,0xA5,0xFF,0xB2,0x94,0xFF,0xFB,0xDE,0xFF,0xFF,0xFF,0xFF,0xFF,0xFF,0xFF,0xFF,0xFF,0xFF,0xFF,0xFF,0xFF,0xBE,0xF7,0xFF,0x59,0xCE,0xFF,0x55,0xAD,0xFF,0x55,0xAD,0xFF,
    0x55,0xAD,0xFF,0x55,0xAD,0xFF,0x55,0xAD,0xFF,0x55,0xAD,0xFF,0x55,0xAD,0xFF,0x34,0xA5,0xFF,0x55,0xAD,0xFF,0x14,0xA5,0xFF,0x55,0xAD,0xFF,0xB6,0xB5,0xFF,0x55,0xAD,0xFF,0x1C,0xE7,0xFF,
    0x9E,0xF7,0xFF,0x14,0xA5,0xFF,0x96,0xB5,0xFF,0x34,0xA5,0xFF,0x75,0xAD,0xFF,0x34,0xA5,0xFF,0x55,0xAD,0xFF,0xDF,0xFF,0xFF,0xDF,0xFF,0xFF,0xDF,0xFF,0xFF,0xFF,0xFF,0xFF,0xFF,0xFF,0xFF,
    0xFF,0xFF,0xFF,0xFF,0xFF,0xFF,0x14,0xA5,0xFF,0x55,0xAD,0xFF,0x34,0xA5,0xFF,0x96,0xB5,0xFF,0x55,0xAD,0xFF,0xB2,0x94,0xFF,0xFF,0xFF,0xFF,0xFB,0xDE,0xFF,0x75,0xAD,0xFF,0xB2,0x94,0xFF,
    0x55,0xAD,0xFF,0x96,0xB5,0xFF,0x55,0xAD,0xFF,0x55,0xAD,0xFF,0x55,0xAD,0xFF,0x55,0xAD,0xFF,0x55,0xAD,0xFF,0x55,0xAD,0xFF,0x55,0xAD,0xFF,0x55,0xAD,0xFF,0x55,0xAD,0xFF,0x55,0xAD,0xFF,
    0x75,0xAD,0xFF,0x14,0xA5,0xFF,0x34,0xA5,0xFF,0x1C,0xE7,0xFF,0x9E,0xF7,0xFF,0xFF,0xFF,0xFF,0xFF,0xFF,0xFF,0x59,0xCE,0xFF,0x14,0xA5,0xFF,0x75,0xAD,0xFF,0x55,0xAD,0xFF,0x55,0xAD,0xFF,
    0x55,0xAD,0xFF,0x75,0xAD,0xFF,0x55,0xAD,0xFF,0x34,0xA5,0xFF,0x75,0xAD,0xFF,0x96,0xB5,0xFF,0x34,0xA5,0xFF,0xF3,0x9C,0xFF,0x14,0xA5,0xFF,0x75,0xAD,0xFF,0xB6,0xB5,0xFF,0x14,0xA5,0xFF,
    0xFF,0xFF,0xFF,0xDF,0xFF,0xFF,0xFF,0xFF,0xFF,0x75,0xAD,0xFF,0x14,0xA5,0xFF,0x14,0xA5,0xFF,0xD7,0xBD,0xFF,0x96,0xB5,0xFF,0xF3,0x9C,0xFF,0x34,0xA5,0xFF,0x34,0xA5,0xFF,0x96,0xB5,0xFF,
    0x34,0xA5,0xFF,0x14,0xA5,0xFF,0x55,0xAD,0xFF,0xF3,0x9C,0xFF,0x75,0xAD,0xFF,0xB6,0xB5,0xFF,0xF3,0x9C,0xFF,0xFF,0xFF,0xFF,0xD7,0xBD,0xFF,0x75,0xAD,0xFF,0x75,0xAD,0xFF,0x14,0xA5,0xFF,
    0x14,0xA5,0xFF,0x34,0xA5,0xFF,0x34,0xA5,0xFF,0x96,0xB5,0xFF,0x14,0xA5,0xFF,0x96,0xB5,0xFF,0x55,0xAD,0xFF,0x55,0xAD,0xFF,0x75,0xAD,0xFF,0x34,0xA5,0xFF,0x75,0xAD,0xFF,0x14,0xA5,0xFF,
    0x34,0xA5,0xFF,0x96,0xB5,0xFF,0x7D,0xEF,0xFF,0xFF,0xFF,0xFF,0x55,0xAD,0xFF,0x75,0xAD,0xFF,0x75,0xAD,0xFF,0x96,0xB5,0xFF,0x55,0xAD,0xFF,0x96,0xB5,0xFF,0x34,0xA5,0xFF,0x34,0xA5,0xFF,
    0x34,0xA5,0xFF,0x14,0xA5,0xFF,0x34,0xA5,0xFF,0x34,0xA5,0xFF,0x14,0xA5,0xFF,0x55,0xAD,0xFF,0x96,0xB5,0xFF,0xFF,0xFF,0xFF,0xFF,0xFF,0xFF,0xDF,0xFF,0xFF,0xFF,0xFF,0xFF,0xFF,0xFF,0xFF,
    0xBE,0xF7,0xFF,0xBE,0xF7,0xFF,0xFF,0xFF,0xFF,0xFF,0xFF,0xFF,0x61,0x08,0xFF,0x00,0x00,0xFF,0x00,0x00,0xFF,0xBA,0xD6,0xFF,0x5D,0xEF,0xFF,0xFF,0xFF,0xFF,0xBE,0xF7,0xFF,0xBE,0xF7,0xFF,
    0xBE,0xF7,0xFF,0xBE,0xF7,0xFF,0xBE,0xF7,0xFF,0xBE,0xF7,0xFF,0xBE,0xF7,0xFF,0xBE,0xF7,0xFF,0x9E,0xF7,0xFF,0xDF,0xFF,0xFF,0x9E,0xF7,0xFF,0xDF,0xFF,0xFF,0xBE,0xF7,0xFF,0xFF,0xFF,0xFF,
    0x5D,0xEF,0xFF,0x20,0x00,0xFF,0xE3,0x18,0xFF,0x55,0xAD,0xFF,0xBE,0xF7,0xFF,0x7D,0xEF,0xFF,0xBE,0xF7,0xFF,0xDF,0xFF,0xFF,0xCF,0x7B,0xFF,0x24,0x21,0xFF,0x7D,0xEF,0xFF,0xBE,0xF7,0xFF,
    0x9E,0xF7,0xFF,0xBE,0xF7,0xFF,0xFF,0xFF,0xFF,0x7D,0xEF,0xFF,0x7D,0xEF,0xFF,0xDF,0xFF,0xFF,0xBE,0xF7,0xFF,0xBE,0xF7,0xFF,0xBE,0xF7,0xFF,0xBE,0xF7,0xFF,0xBE,0xF7,0xFF,0xBE,0xF7,0xFF,
    0xBE,0xF7,0xFF,0xBE,0xF7,0xFF,0xBE,0xF7,0xFF,0xC3,0x18,0xFF,0x00,0x00,0xFF,0x62,0x08,0xFF,0x00,0x00,0xFF,0x5C,0xE7,0xFF,0xFF,0xFF,0xFF,0x9C,0xEF,0xFF,0xFE,0xFF,0xFF,0xFF,0xFF,0xFF,
    0xBF,0xFF,0xFF,0xFF,0xFF,0xFF,0xA5,0x39,0xFF,0x40,0x08,0xFF,0x60,0x08,0xFF,0x88,0xB5,0xFF,0xCB,0xFF,0xFF,0x44,0xE7,0xFF,0x82,0xEF,0xFF,0xA1,0xEF,0xFF,0xE3,0xFF,0xFF,0xC2,0xF7,0xFF,
    0xC1,0xF7,0xFF,0xE1,0xFF,0xFF,0xE1,0xF7,0xFF,0xE2,0xF7,0xFF,0xE2,0xF7,0xFF,0xE2,0xF7,0xFF,0xE0,0xF7,0xFF,0xE0,0xF7,0xFF,0xE0,0xF7,0xFF,0xE1,0xF7,0xFF,0xE2,0xF7,0xFF,0xA4,0xEF,0xFF,
    0xA8,0xEF,0xFF,0x2C,0xDF,0xFF,0x60,0x08,0xFF,0xC1,0x18,0xFF,0xFF,0xFF,0xFF,0xDF,0xFF,0xFF,0xFF,0xFF,0xFF,0xDF,0xF7,0xFF,0xFF,0xFF,0xFF,0xFF,0xFF,0xFF,0xFD,0xFF,0xFF,0xFE,0xFF,0xFF,
    0xFF,0xFF,0xFF,0xBF,0xF7,0xFF,0xDF,0xFF,0xFF,0x3C,0xE7,0xFF,0xFF,0xFF,0xFF,0xFF,0xFF,0xFF,0xFF,0xFF,0xFF,0x3C,0xE7,0xFF,0x65,0x29,0xFF,0x20,0x00,0xFF,0x20,0x00,0xFF,0x00,0x00,0xFF,
    0x00,0x00,0xFF,0xA2,0x10,0xFF,0x79,0xCE,0xFF,0xDF,0xFF,0xFF,0xBE,0xF7,0xFF,0x9E,0xF7,0xFF,0x7D,0xEF,0xFF,0x9E,0xF7,0xFF,0x7D,0xEF,0xFF,0xDF,0xFF,0xFF,0x7D,0xEF,0xFF,0xBE,0xF7,0xFF,
    0xFF,0xFF,0xFF,0x5D,0xEF,0xFF,0xFF,0xFF,0xFF,0xDF,0xFF,0xFF,0x5D,0xEF,0xFF,0xDF,0xFF,0xFF,0x9E,0xF7,0xFF,0xFF,0xFF,0xFF,0xB6,0xB5,0xFF,0x00,0x00,0xFF,0x20,0x00,0xFF,0xCB,0x5A,0xFF,
    0xDF,0xFF,0xFF,0xFF,0xFF,0xFF,0x3C,0xE7,0xFF,0xFF,0xFF,0xFF,0x9E,0xF7,0xFF,0xDF,0xFF,0xFF,0x7D,0xEF,0xFF,0x9E,0xF7,0xFF,0xFF,0xFF,0xFF,0x9E,0xF7,0xFF,0xFF,0xFF,0xFF,0x5D,0xEF,0xFF,
    0xDF,0xFF,0xFF,0xBE,0xF7,0xFF,0x5D,0xEF,0xFF,0xDF,0xFF,0xFF,0xFF,0xFF,0xFF,0x9E,0xF7,0xFF,0xBE,0xF7,0xFF,0x82,0x10,0xFF,0x55,0xAD,0xFF,0x41,0x08,0xFF,0xF7,0xBD,0xFF,0xDF,0xFF,0xFF,
    0x9E,0xF7,0xFF,0x3C,0xE7,0xFF,0xDF,0xFF,0xFF,0x9E,0xF7,0xFF,0x9E,0xF7,0xFF,0xFF,0xFF,0xFF,0xBE,0xF7,0xFF,0xBE,0xF7,0xFF,0xBE,0xF7,0xFF,0xBE,0xF7,0xFF,0xBE,0xF7,0xFF,0xBE,0xF7,0xFF,
    0xBE,0xF7,0xFF,0xBE,0xF7,0xFF,0x7D,0xEF,0xFF,0x0C,0x63,0xFF,0x00,0x00,0xFF,0x00,0x00,0xFF,0x10,0x84,0xFF,0xFF,0xFF,0xFF,0xFF,0xFF,0xFF,0xFF,0xFF,0xFF,0xFF,0xFF,0xFF,0xFF,0xFF,0xFF,
    0xFF,0xFF,0xFF,0xFF,0xFF,0xFF,0xFF,0xFF,0xFF,0xFF,0xFF,0xFF,0xFF,0xFF,0xFF,0xFF,0xFF,0xFF,0xFF,0xFF,0xFF,0xFF,0xFF,0xFF,0xFF,0xFF,0xFF,0xFF,0xFF,0xFF,0xFF,0xFF,0xFF,0xFF,0xFF,0xFF,
    0x55,0xAD,0xFF,0x41,0x08,0xFF,0x00,0x00,0xFF,0x00,0x00,0xFF,0x00,0x00,0xFF,0x20,0x00,0xFF,0x00,0x00,0xFF,0x41,0x08,0xFF,0xC7,0x39,0xFF,0x7D,0xEF,0xFF,0xFF,0xFF,0xFF,0xFF,0xFF,0xFF,
    0xDF,0xFF,0xFF,0xFF,0xFF,0xFF,0xDF,0xFF,0xFF,0xFF,0xFF,0xFF,0xFF,0xFF,0xFF,0x41,0x08,0xFF,0x00,0x00,0xFF,0x00,0x00,0xFF,0x00,0x00,0xFF,0x20,0x00,0xFF,0x00,0x00,0xFF,0x20,0x00,0xFF,
    0x20,0x00,0xFF,0x9E,0xF7,0xFF,0xFF,0xFF,0xFF,0xFF,0xFF,0xFF,0xDF,0xFF,0xFF,0xFF,0xFF,0xFF,0xFF,0xFF,0xFF,0xFF,0xFF,0xFF,0xFF,0xFF,0xFF,0x00,0x00,0xFF,0x61,0x08,0xFF,0x00,0x00,0xFF,
    0x00,0x00,0xFF,0x00,0x00,0xFF,0x00,0x00,0xFF,0x41,0x08,0xFF,0x6D,0x6B,0xFF,0xDF,0xFF,0xFF,0xFF,0xFF,0xFF,0xFF,0xFF,0xFF,0xFF,0xFF,0xFF,0xFF,0xFF,0xFF,0xBE,0xF7,0xFF,0xBE,0xF7,0xFF,
    0xFF,0xFF,0xFF,0xFF,0xFF,0xFF,0xCB,0x5A,0xFF,0x00,0x00,0xFF,0x20,0x00,0xFF,0x00,0x00,0xFF,0x20,0x00,0xFF,0x20,0x00,0xFF,0x00,0x00,0xFF,0x20,0x00,0xFF,0x6D,0x6B,0xFF,0x7D,0xEF,0xFF,
    0xFF,0xFF,0xFF,0x5D,0xEF,0xFF,0xFF,0xFF,0xFF,0xC3,0x18,0xFF,0x00,0x00,0xFF,0x41,0x08,0xFF,0x00,0x00,0xFF,0x20,0x00,0xFF,0x41,0x08,0xFF,0xBE,0xF7,0xFF,0xFF,0xFF,0xFF,0xDF,0xFF,0xFF,
    0xFF,0xFF,0xFF,0x86,0x31,0xFF,0x00,0x00,0xFF,0xC3,0x18,0xFF,0x00,0x00,0xFF,0x00,0x00,0xFF,0x00,0x00,0xFF,0x00,0x00,0xFF,0x00,0x00,0xFF,0x00,0x00,0xFF,0x00,0x00,0xFF,0x00,0x00,0xFF,
    0x00,0x00,0xFF,0x61,0x08,0xFF,0x00,0x00,0xFF,0x00,0x00,0xFF,0x86,0x31,0xFF,0xFF,0xFF,0xFF,0x7D,0xEF,0xFF,0x20,0x00,0xFF,0x00,0x00,0xFF,0x00,0x00,0xFF,0x00,0x00,0xFF,0x41,0x08,0xFF,
    0x82,0x10,0xFF,0xFF,0xFF,0xFF,0xFF,0xFF,0xFF,0xFF,0xFF,0xFF,0xFF,0xFF,0xFF,0xBE,0xF7,0xFF,0xBE,0xF7,0xFF,0xEF,0x7B,0xFF,0x00,0x00,0xFF,0x61,0x08,0xFF,0x00,0x00,0xFF,0x00,0x00,0xFF,
    0x20,0x00,0xFF,0x30,0x84,0xFF,0xFF,0xFF,0xFF,0xC3,0x18,0xFF,0x00,0x00,0xFF,0x61,0x08,0xFF,0x20,0x00,0xFF,0x00,0x00,0xFF,0x00,0x00,0xFF,0x00,0x00,0xFF,0x00,0x00,0xFF,0x00,0x00,0xFF,
    0x00,0x00,0xFF,0x00,0x00,0xFF,0x00,0x00,0xFF,0x00,0x00,0xFF,0x00,0x00,0xFF,0x00,0x00,0xFF,0x00,0x00,0xFF,0x20,0x00,0xFF,0x61,0x08,0xFF,0xDF,0xFF,0xFF,0xFF,0xFF,0xFF,0xDB,0xDE,0xFF,
    0x41,0x08,0xFF,0x20,0x00,0xFF,0x41,0x08,0xFF,0x00,0x00,0xFF,0x00,0x00,0xFF,0x20,0x00,0xFF,0x00,0x00,0xFF,0x00,0x00,0xFF,0x00,0x00,0xFF,0x20,0x00,0xFF,0x00,0x00,0xFF,0x00,0x00,0xFF,
    0x20,0x00,0xFF,0x00,0x00,0xFF,0x20,0x00,0xFF,0x41,0x08,0xFF,0x00,0x00,0xFF,0x51,0x8C,0xFF,0x9E,0xF7,0xFF,0xFF,0xFF,0xFF,0x41,0x08,0xFF,0x20,0x00,0xFF,0x20,0x00,0xFF,0x20,0x00,0xFF,
    0x00,0x00,0xFF,0x00,0x00,0xFF,0x00,0x00,0xFF,0x61,0x08,0xFF,0x20,0x00,0xFF,0x00,0x00,0xFF,0x00,0x00,0xFF,0x41,0x08,0xFF,0x00,0x00,0xFF,0x00,0x00,0xFF,0x00,0x00,0xFF,0x20,0x00,0xFF,
    0xBA,0xD6,0xFF,0xFF,0xFF,0xFF,0x20,0x00,0xFF,0x00,0x00,0xFF,0x00,0x00,0xFF,0x00,0x00,0xFF,0x82,0x10,0xFF,0x20,0x00,0xFF,0x00,0x00,0xFF,0x00,0x00,0xFF,0x61,0x08,0xFF,0x00,0x00,0xFF,
    0x20,0x00,0xFF,0x00,0x00,0xFF,0x00,0x00,0xFF,0x20,0x00,0xFF,0x20,0x00,0xFF,0xC3,0x18,0xFF,0x00,0x00,0xFF,0x45,0x29,0xFF,0xFF,0xFF,0xFF,0x59,0xCE,0xFF,0x00,0x00,0xFF,0x41,0x08,0xFF,
    0x00,0x00,0xFF,0x00,0x00,0xFF,0x00,0x00,0xFF,0x00,0x00,0xFF,0x00,0x00,0xFF,0x00,0x00,0xFF,0x00,0x00,0xFF,0x20,0x00,0xFF,0x41,0x08,0xFF,0x00,0x00,0xFF,0x20,0x00,0xFF,0x20,0x00,0xFF,
    0x20,0x00,0xFF,0x00,0x00,0xFF,0xFB,0xDE,0xFF,0xFF,0xFF,0xFF,0xDF,0xFF,0xFF,0xDF,0xFF,0xFF,0xFF,0xFF,0xFF,0xFF,0xFF,0xFF,0xDF,0xFF,0xFF,0xBE,0xF7,0xFF,0xE7,0x39,0xFF,0x00,0x00,0xFF,
    0x41,0x08,0xFF,0x75,0xAD,0xFF,0x7D,0xEF,0xFF,0xDF,0xFF,0xFF,0x9E,0xF7,0xFF,0x9E,0xF7,0xFF,0x9E,0xF7,0xFF,0xBE,0xF7,0xFF,0xBE,0xF7,0xFF,0xBE,0xF7,0xFF,0xBE,0xF7,0xFF,0xBE,0xF7,0xFF,
    0x5D,0xEF,0xFF,0xFF,0xFF,0xFF,0xFF,0xFF,0xFF,0x1C,0xE7,0xFF,0xBE,0xF7,0xFF,0xB6,0xB5,0xFF,0x00,0x00,0xFF,0xAA,0x52,0xFF,0x7D,0xEF,0xFF,0xBE,0xF7,0xFF,0xFF,0xFF,0xFF,0x9E,0xF7,0xFF,
    0x9E,0xF7,0xFF,0x7D,0xEF,0xFF,0x9E,0xF7,0xFF,0xCB,0x5A,0xFF,0xC7,0x39,0xFF,0x7D,0xEF,0xFF,0xDF,0xFF,0xFF,0xBE,0xF7,0xFF,0x7D,0xEF,0xFF,0xFF,0xFF,0xFF,0x5D,0xEF,0xFF,0xFF,0xFF,0xFF,
    0xBE,0xF7,0xFF,0xBE,0xF7,0xFF,0xBE,0xF7,0xFF,0xBE,0xF7,0xFF,0xBE,0xF7,0xFF,0xBE,0xF7,0xFF,0xBE,0xF7,0xFF,0xBE,0xF7,0xFF,0xFE,0xFF,0xFF,0x9C,0xEF,0xFF,0x00,0x00,0xFF,0x00,0x00,0xFF,
    0x20,0x00,0xFF,0x00,0x00,0xFF,0xFF,0xFF,0xFF,0xFF,0xFF,0xFF,0x9E,0xF7,0xFF,0xFF,0xFF,0xFF,0xDF,0xFF,0xFF,0xE3,0x20,0xFF,0x00,0x00,0xFF,0x80,0x10,0xFF,0xEC,0xD6,0xFF,0xCA,0xEF,0xFF,
    0xE6,0xF7,0xFF,0xE4,0xFF,0xFF,0xE3,0xF7,0xFF,0xE3,0xF7,0xFF,0xA2,0xEF,0xFF,0xE3,0xF7,0xFF,0xC1,0xEF,0xFF,0xE1,0xF7,0xFF,0xE1,0xF7,0xFF,0xE1,0xF7,0xFF,0xE2,0xF7,0xFF,0xE2,0xF7,0xFF,
    0xE1,0xF7,0xFF,0xE1,0xF7,0xFF,0xE1,0xF7,0xFF,0xE1,0xF7,0xFF,0xE2,0xF7,0xFF,0xC4,0xEF,0xFF,0xA9,0xEF,0xFF,0x87,0xAD,0xFF,0x40,0x08,0xFF,0x06,0x42,0xFF,0xFF,0xFF,0xFF,0xDF,0xFF,0xFF,
    0xFF,0xFF,0xFF,0xBE,0xF7,0xFF,0xFF,0xFF,0xFF,0xFE,0xFF,0xFF,0xFD,0xFF,0xFF,0xFE,0xFF,0xFF,0xDF,0xFF,0xFF,0xFF,0xFF,0xFF,0xFF,0xFF,0xFF,0xFF,0xFF,0xFF,0xDF,0xFF,0xFF,0xDF,0xFF,0xFF,
    0x4D,0x6B,0xFF,0x00,0x00,0xFF,0x20,0x00,0xFF,0x20,0x00,0xFF,0x00,0x00,0xFF,0x20,0x00,0xFF,0xB2,0x94,0xFF,0x7D,0xEF,0xFF,0xDF,0xFF,0xFF,0xBE,0xF7,0xFF,0x7D,0xEF,0xFF,0xFF,0xFF,0xFF,
    0xFF,0xFF,0xFF,0xBE,0xF7,0xFF,0xDF,0xFF,0xFF,0x5D,0xEF,0xFF,0xFF,0xFF,0xFF,0xBE,0xF7,0xFF,0x3C,0xE7,0xFF,0xDF,0xFF,0xFF,0x9E,0xF7,0xFF,0x5D,0xEF,0xFF,0xFF,0xFF,0xFF,0x9E,0xF7,0xFF,
    0x7D,0xEF,0xFF,0x45,0x29,0xFF,0x00,0x00,0xFF,0xE3,0x18,0xFF,0x7D,0xEF,0xFF,0x9E,0xF7,0xFF,0x1C,0xE7,0xFF,0xFF,0xFF,0xFF,0xDF,0xFF,0xFF,0x3C,0xE7,0xFF,0xFF,0xFF,0xFF,0x9E,0xF7,0xFF,
    0xFF,0xFF,0xFF,0xFF,0xFF,0xFF,0x3C,0xE7,0xFF,0xFF,0xFF,0xFF,0x5D,0xEF,0xFF,0xDF,0xFF,0xFF,0xBE,0xF7,0xFF,0xBE,0xF7,0xFF,0xBE,0xF7,0xFF,0xDF,0xFF,0xFF,0x7D,0xEF,0xFF,0x9E,0xF7,0xFF,
    0x4D,0x6B,0xFF,0x20,0x00,0xFF,0x75,0xAD,0xFF,0xFF,0xFF,0xFF,0x9E,0xF7,0xFF,0xFF,0xFF,0xFF,0x5D,0xEF,0xFF,0xFF,0xFF,0xFF,0xFF,0xFF,0xFF,0x3C,0xE7,0xFF,0xFF,0xFF,0xFF,0x7D,0xEF,0xFF,
    0xBE,0xF7,0xFF,0xBE,0xF7,0xFF,0xBE,0xF7,0xFF,0xBE,0xF7,0xFF,0xBE,0xF7,0xFF,0xBE,0xF7,0xFF,0xBE,0xF7,0xFF,0xBE,0xF7,0xFF,0xBE,0xF7,0xFF,0x45,0x29,0xFF,0x20,0x00,0xFF,0x00,0x00,0xFF,
    0xF7,0xBD,0xFF,0xDF,0xFF,0xFF,0xFF,0xFF,0xFF,0xFF,0xFF,0xFF,0xFF,0xFF,0xFF,0xFF,0xFF,0xFF,0xFF,0xFF,0xFF,0xFF,0xFF,0xFF,0xFF,0xFF,0xFF,0xFF,0xFF,0xFF,0xFF,0xFF,0xFF,0xFF,0xFF,0xFF,
    0xFF,0xFF,0xFF,0xFF,0xFF,0xFF,0xFF,0xFF,0xFF,0xFF,0xFF,0xFF,0xBE,0xF7,0xFF,0xDF,0xFF,0xFF,0xE3,0x18,0xFF,0x00,0x00,0xFF,0x41,0x08,0xFF,0x41,0x08,0xFF,0x00,0x00,0xFF,0x41,0x08,0xFF,
    0x00,0x00,0xFF,0x00,0x00,0xFF,0x00,0x00,0xFF,0xDF,0xFF,0xFF,0xDF,0xFF,0xFF,0xFF,0xFF,0xFF,0xFF,0xFF,0xFF,0xFF,0xFF,0xFF,0xDF,0xFF,0xFF,0xFF,0xFF,0xFF,0x41,0x08,0xFF,0x00,0x00,0xFF,
    0x20,0x00,0xFF,0x61,0x08,0xFF,0x41,0x08,0xFF,0x00,0x00,0xFF,0x20,0x00,0xFF,0x00,0x00,0xFF,0x04,0x21,0xFF,0xFF,0xFF,0xFF,0xDF,0xFF,0xFF,0xDF,0xFF,0xFF,0xFF,0xFF,0xFF,0xDF,0xFF,0xFF,
    0x7D,0xEF,0xFF,0xFF,0xFF,0xFF,0x20,0x00,0xFF,0x41,0x08,0xFF,0x00,0x00,0xFF,0x20,0x00,0xFF,0x20,0x00,0xFF,0x41,0x08,0xFF,0x00,0x00,0xFF,0x20,0x00,0xFF,0x00,0x00,0xFF,0xFF,0xFF,0xFF,
    0xFF,0xFF,0xFF,0xFF,0xFF,0xFF,0x9E,0xF7,0xFF,0xFF,0xFF,0xFF,0xDF,0xFF,0xFF,0xFF,0xFF,0xFF,0xDF,0xFF,0xFF,0xDF,0xFF,0xFF,0x00,0x00,0xFF,0x00,0x00,0xFF,0x20,0x00,0xFF,0x00,0x00,0xFF,
    0x00,0x00,0xFF,0x41,0x08,0xFF,0x00,0x00,0xFF,0x00,0x00,0xFF,0xC7,0x39,0xFF,0xFF,0xFF,0xFF,0xDF,0xFF,0xFF,0xFF,0xFF,0xFF,0x7D,0xEF,0xFF,0x00,0x00,0xFF,0x00,0x00,0xFF,0x00,0x00,0xFF,
    0x61,0x08,0xFF,0x00,0x00,0xFF,0x20,0x00,0xFF,0x9E,0xF7,0xFF,0xFF,0xFF,0xFF,0xFB,0xDE,0xFF,0x20,0x00,0xFF,0x20,0x00,0xFF,0x41,0x08,0xFF,0x00,0x00,0xFF,0x20,0x00,0xFF,0x20,0x00,0xFF,
    0x00,0x00,0xFF,0x00,0x00,0xFF,0x00,0x00,0xFF,0x00,0x00,0xFF,0x00,0x00,0xFF,0x00,0x00,0xFF,0x20,0x00,0xFF,0x00,0x00,0xFF,0x61,0x08,0xFF,0x41,0x08,0xFF,0x7D,0xEF,0xFF,0xFF,0xFF,0xFF,
    0xA6,0x31,0xFF,0x61,0x08,0xFF,0x20,0x00,0xFF,0x00,0x00,0xFF,0x61,0x08,0xFF,0x00,0x00,0xFF,0xB2,0x94,0xFF,0xFF,0xFF,0xFF,0xBE,0xF7,0xFF,0xDF,0xFF,0xFF,0xFF,0xFF,0xFF,0xBE,0xF7,0xFF,
    0xFF,0xFF,0xFF,0x41,0x08,0xFF,0x00,0x00,0xFF,0x20,0x00,0xFF,0x00,0x00,0xFF,0x20,0x00,0xFF,0x00,0x00,0xFF,0xDF,0xFF,0xFF,0xFF,0xFF,0xFF,0x00,0x00,0xFF,0x00,0x00,0xFF,0x00,0x00,0xFF,
    0x00,0x00,0xFF,0x20,0x00,0xFF,0x00,0x00,0xFF,0x00,0x00,0xFF,0x00,0x00,0xFF,0x00,0x00,0xFF,0x00,0x00,0xFF,0x00,0x00,0xFF,0x00,0x00,0xFF,0x00,0x00,0xFF,0x00,0x00,0xFF,0x20,0x00,0xFF,
    0x61,0x08,0xFF,0x00,0x00,0xFF,0x5D,0xEF,0xFF,0xFF,0xFF,0xFF,0x1C,0xE7,0xFF,0x61,0x08,0xFF,0x20,0x00,0xFF,0x00,0x00,0xFF,0x00,0x00,0xFF,0x00,0x00,0xFF,0x00,0x00,0xFF,0x00,0x00,0xFF,
    0x00,0x00,0xFF,0x41,0x08,0xFF,0x00,0x00,0xFF,0x41,0x08,0xFF,0x20,0x00,0xFF,0x20,0x00,0xFF,0x20,0x00,0xFF,0x00,0x00,0xFF,0x00,0x00,0xFF,0x00,0x00,0xFF,0x28,0x42,0xFF,0xFF,0xFF,0xFF,
    0xFF,0xFF,0xFF,0xC3,0x18,0xFF,0x20,0x00,0xFF,0x00,0x00,0xFF,0x00,0x00,0xFF,0x00,0x00,0xFF,0x41,0x08,0xFF,0x82,0x10,0xFF,0x20,0x00,0xFF,0x00,0x00,0xFF,0x20,0x00,0xFF,0x41,0x08,0xFF,
    0x20,0x00,0xFF,0x00,0x00,0xFF,0x20,0x00,0xFF,0x00,0x00,0xFF,0x00,0x00,0xFF,0xAE,0x73,0xFF,0xFF,0xFF,0xFF,0xDB,0xDE,0xFF,0x41,0x08,0xFF,0x41,0x08,0xFF,0x61,0x08,0xFF,0x00,0x00,0xFF,
    0x00,0x00,0xFF,0x20,0x00,0xFF,0x00,0x00,0xFF,0x00,0x00,0xFF,0x00,0x00,0xFF,0x00,0x00,0xFF,0x00,0x00,0xFF,0x00,0x00,0xFF,0x61,0x08,0xFF,0x00,0x00,0xFF,0x00,0x00,0xFF,0x00,0x00,0xFF,
    0xA2,0x10,0xFF,0xFF,0xFF,0xFF,0xDF,0xFF,0xFF,0x65,0x29,0xFF,0x00,0x00,0xFF,0x00,0x00,0xFF,0x00,0x00,0xFF,0x82,0x10,0xFF,0x00,0x00,0xFF,0x82,0x10,0xFF,0x41,0x08,0xFF,0x20,0x00,0xFF,
    0x00,0x00,0xFF,0x00,0x00,0xFF,0x00,0x00,0xFF,0x00,0x00,0xFF,0x00,0x00,0xFF,0x00,0x00,0xFF,0x00,0x00,0xFF,0x82,0x10,0xFF,0x00,0x00,0xFF,0xDF,0xFF,0xFF,0xFF,0xFF,0xFF,0xFF,0xFF,0xFF,
    0x9E,0xF7,0xFF,0xFF,0xFF,0xFF,0xFF,0xFF,0xFF,0xBE,0xF7,0xFF,0x10,0x84,0xFF,0x00,0x00,0xFF,0x00,0x00,0xFF,0x69,0x4A,0xFF,0x7D,0xEF,0xFF,0xFF,0xFF,0xFF,0xBE,0xF7,0xFF,0xBE,0xF7,0xFF,
    0xBE,0xF7,0xFF,0xBE,0xF7,0xFF,0xBE,0xF7,0xFF,0xBE,0xF7,0xFF,0xBE,0xF7,0xFF,0xBE,0xF7,0xFF,0xDF,0xFF,0xFF,0xBE,0xF7,0xFF,0x5D,0xEF,0xFF,0xFF,0xFF,0xFF,0x18,0xC6,0xFF,0xA2,0x10,0xFF,
    0x1C,0xE7,0xFF,0x00,0x00,0xFF,0x75,0xAD,0xFF,0xDF,0xFF,0xFF,0x7D,0xEF,0xFF,0x7D,0xEF,0xFF,0xFF,0xFF,0xFF,0xBE,0xF7,0xFF,0xFF,0xFF,0xFF,0x7D,0xEF,0xFF,0x45,0x29,0xFF,0xE7,0x39,0xFF,
    0xBE,0xF7,0xFF,0x5D,0xEF,0xFF,0xFF,0xFF,0xFF,0x7D,0xEF,0xFF,0xDF,0xFF,0xFF,0xBE,0xF7,0xFF,0xBE,0xF7,0xFF,0xBE,0xF7,0xFF,0xBE,0xF7,0xFF,0xBE,0xF7,0xFF,0xBE,0xF7,0xFF,0xBE,0xF7,0xFF,
    0xBE,0xF7,0xFF,0xBE,0xF7,0xFF,0xBC,0xF7,0xFF,0x9B,0xEF,0xFF,0x9C,0xEF,0xFF,0x20,0x00,0xFF,0x41,0x00,0xFF,0x00,0x00,0xFF,0x62,0x08,0xFF,0xFF,0xFF,0xFF,0xFF,0xFF,0xFF,0xFF,0xFF,0xFF,
    0xC2,0x18,0xFF,0x20,0x08,0xFF,0xA0,0x18,0xFF,0x4E,0xE7,0xFF,0xA9,0xEF,0xFF,0xE6,0xF7,0xFF,0x81,0xE7,0xFF,0xE2,0xF7,0xFF,0xA2,0xEF,0xFF,0xE3,0xF7,0xFF,0xE3,0xF7,0xFF,0xC2,0xF7,0xFF,
    0xE2,0xF7,0xFF,0xE1,0xF7,0xFF,0xE0,0xF7,0xFF,0xE1,0xF7,0xFF,0xE1,0xF7,0xFF,0xE2,0xF7,0xFF,0xE2,0xF7,0xFF,0xE1,0xF7,0xFF,0xE1,0xF7,0xFF,0xE1,0xEF,0xFF,0xE0,0xEF,0xFF,0xE5,0xF7,0xFF,
    0x8B,0xEF,0xFF,0xA0,0x52,0xFF,0x60,0x08,0xFF,0xF2,0xA4,0xFF,0x9E,0xF7,0xFF,0xFF,0xFF,0xFF,0xFF,0xFF,0xFF,0xFF,0xFF,0xFF,0xFE,0xFF,0xFF,0xDD,0xF7,0xFF,0xFD,0xFF,0xFF,0x9C,0xF7,0xFF,
    0xBF,0xFF,0xFF,0xDF,0xFF,0xFF,0x7E,0xEF,0xFF,0xFF,0xFF,0xFF,0x59,0xCE,0xFF,0x00,0x00,0xFF,0x61,0x08,0xFF,0x20,0x00,0xFF,0x41,0x08,0xFF,0x00,0x00,0xFF,0xE7,0x39,0xFF,0xFF,0xFF,0xFF,
    0x9E,0xF7,0xFF,0x7D,0xEF,0xFF,0xFF,0xFF,0xFF,0x7D,0xEF,0xFF,0xBE,0xF7,0xFF,0x9E,0xF7,0xFF,0x7D,0xEF,0xFF,0xDF,0xFF,0xFF,0xBE,0xF7,0xFF,0x9E,0xF7,0xFF,0xBE,0xF7,0xFF,0x7D,0xEF,0xFF,
    0xFF,0xFF,0xFF,0xBE,0xF7,0xFF,0xFF,0xFF,0xFF,0x9E,0xF7,0xFF,0x7D,0xEF,0xFF,0x96,0xB5,0xFF,0x00,0x00,0xFF,0x00,0x00,0xFF,0x92,0x94,0xFF,0x7D,0xEF,0xFF,0x7D,0xEF,0xFF,0xFF,0xFF,0xFF,
    0xBE,0xF7,0xFF,0x7D,0xEF,0xFF,0xBE,0xF7,0xFF,0xDF,0xFF,0xFF,0xFF,0xFF,0xFF,0x7D,0xEF,0xFF,0xDF,0xFF,0xFF,0x9E,0xF7,0xFF,0xDF,0xFF,0xFF,0xDF,0xFF,0xFF,0xBE,0xF7,0xFF,0x9E,0xF7,0xFF,
    0xDF,0xFF,0xFF,0xBE,0xF7,0xFF,0xFF,0xFF,0xFF,0x1C,0xE7,0xFF,0x8A,0x52,0xFF,0xC3,0x18,0xFF,0x79,0xCE,0xFF,0x34,0xA5,0xFF,0x10,0x84,0xFF,0xBE,0xF7,0xFF,0xBE,0xF7,0xFF,0x7D,0xEF,0xFF,
    0x9E,0xF7,0xFF,0xDF,0xFF,0xFF,0x7D,0xEF,0xFF,0x7D,0xEF,0xFF,0xFF,0xFF,0xFF,0x7D,0xEF,0xFF,0xBE,0xF7,0xFF,0xBE,0xF7,0xFF,0xBE,0xF7,0xFF,0xBE,0xF7,0xFF,0xBE,0xF7,0xFF,0xBE,0xF7,0xFF,
    0xBE,0xF7,0xFF,0xBE,0xF7,0xFF,0xBE,0xF7,0xFF,0x41,0x08,0xFF,0x20,0x00,0xFF,0x20,0x00,0xFF,0x3C,0xE7,0xFF,0xFF,0xFF,0xFF,0xBE,0xF7,0xFF,0xFF,0xFF,0xFF,0xFF,0xFF,0xFF,0xFF,0xFF,0xFF,
    0xFF,0xFF,0xFF,0xFF,0xFF,0xFF,0xFF,0xFF,0xFF,0xFF,0xFF,0xFF,0xFF,0xFF,0xFF,0xFF,0xFF,0xFF,0xFF,0xFF,0xFF,0xFF,0xFF,0xFF,0xFF,0xFF,0xFF,0xDF,0xFF,0xFF,0xFF,0xFF,0xFF,0x9E,0xF7,0xFF,
    0x00,0x00,0xFF,0x00,0x00,0xFF,0x00,0x00,0xFF,0x00,0x00,0xFF,0x00,0x00,0xFF,0x00,0x00,0xFF,0x41,0x08,0xFF,0x00,0x00,0xFF,0x00,0x00,0xFF,0xFF,0xFF,0xFF,0xDF,0xFF,0xFF,0xFF,0xFF,0xFF,
    0x7D,0xEF,0xFF,0xFF,0xFF,0xFF,0xFF,0xFF,0xFF,0x20,0x00,0xFF,0x20,0x00,0xFF,0x00,0x00,0xFF,0x00,0x00,0xFF,0x00,0x00,0xFF,0x00,0x00,0xFF,0x00,0x00,0xFF,0x00,0x00,0xFF,0x61,0x08,0xFF,
    0x18,0xC6,0xFF,0xFF,0xFF,0xFF,0xFF,0xFF,0xFF,0xFF,0xFF,0xFF,0xBE,0xF7,0xFF,0xFF,0xFF,0xFF,0xFF,0xFF,0xFF,0x08,0x42,0xFF,0x00,0x00,0xFF,0x00,0x00,0xFF,0x00,0x00,0xFF,0x41,0x08,0xFF,
    0x00,0x00,0xFF,0x00,0x00,0xFF,0x61,0x08,0xFF,0x20,0x00,0xFF,0x00,0x00,0xFF,0xBE,0xF7,0xFF,0xFF,0xFF,0xFF,0xFF,0xFF,0xFF,0xFF,0xFF,0xFF,0xFF,0xFF,0xFF,0x7D,0xEF,0xFF,0xFF,0xFF,0xFF,
    0xDF,0xFF,0xFF,0x9A,0xD6,0xFF,0x41,0x08,0xFF,0x00,0x00,0xFF,0x00,0x00,0xFF,0x20,0x00,0xFF,0x00,0x00,0xFF,0x20,0x00,0xFF,0x20,0x00,0xFF,0x00,0x00,0xFF,0x00,0x00,0xFF,0x7D,0xEF,0xFF,
    0xBE,0xF7,0xFF,0xFF,0xFF,0xFF,0x0C,0x63,0xFF,0x00,0x00,0xFF,0x82,0x10,0xFF,0x00,0x00,0xFF,0x00,0x00,0xFF,0x00,0x00,0xFF,0xF3,0x9C,0xFF,0xBE,0xF7,0xFF,0x1C,0xE7,0xFF,0x00,0x00,0xFF,
    0x00,0x00,0xFF,0x41,0x08,0xFF,0x00,0x00,0xFF,0x41,0x08,0xFF,0x00,0x00,0xFF,0x00,0x00,0xFF,0x00,0x00,0xFF,0x00,0x00,0xFF,0x00,0x00,0xFF,0x00,0x00,0xFF,0x00,0x00,0xFF,0x00,0x00,0xFF,
    0x00,0x00,0xFF,0x20,0x00,0xFF,0x00,0x00,0xFF,0xBE,0xF7,0xFF,0xFF,0xFF,0xFF,0xFF,0xFF,0xFF,0x00,0x00,0xFF,0x00,0x00,0xFF,0x00,0x00,0xFF,0x61,0x08,0xFF,0x20,0x00,0xFF,0x00,0x00,0xFF,
    0xFF,0xFF,0xFF,0xFF,0xFF,0xFF,0x7D,0xEF,0xFF,0xFF,0xFF,0xFF,0xFF,0xFF,0xFF,0xFF,0xFF,0xFF,0x3C,0xE7,0xFF,0x00,0x00,0xFF,0x61,0x08,0xFF,0x00,0x00,0xFF,0x00,0x00,0xFF,0x00,0x00,0xFF,
    0x20,0x00,0xFF,0xFF,0xFF,0xFF,0x30,0x84,0xFF,0x41,0x08,0xFF,0x41,0x08,0xFF,0x20,0x00,0xFF,0x41,0x08,0xFF,0x00,0x00,0xFF,0x00,0x00,0xFF,0x00,0x00,0xFF,0x00,0x00,0xFF,0x00,0x00,0xFF,
    0x00,0x00,0xFF,0x00,0x00,0xFF,0x00,0x00,0xFF,0x00,0x00,0xFF,0x41,0x08,0xFF,0x00,0x00,0xFF,0x00,0x00,0xFF,0xD7,0xBD,0xFF,0xFF,0xFF,0xFF,0xFF,0xFF,0xFF,0x20,0x00,0xFF,0x00,0x00,0xFF,
    0x00,0x00,0xFF,0x00,0x00,0xFF,0x20,0x00,0xFF,0x20,0x00,0xFF,0x00,0x00,0xFF,0x00,0x00,0xFF,0x00,0x00,0xFF,0x20,0x00,0xFF,0x00,0x00,0xFF,0x00,0x00,0xFF,0x20,0x00,0xFF,0x00,0x00,0xFF,
    0x00,0x00,0xFF,0x00,0x00,0xFF,0x61,0x08,0xFF,0x24,0x21,0xFF,0xFF,0xFF,0xFF,0xFF,0xFF,0xFF,0x08,0x42,0xFF,0x00,0x00,0xFF,0x00,0x00,0xFF,0x00,0x00,0xFF,0x61,0x08,0xFF,0x00,0x00,0xFF,
    0x00,0x00,0xFF,0x00,0x00,0xFF,0x00,0x00,0xFF,0x00,0x00,0xFF,0x41,0x08,0xFF,0x00,0x00,0xFF,0x00,0x00,0xFF,0x00,0x00,0xFF,0x20,0x00,0xFF,0x00,0x00,0xFF,0xA6,0x31,0xFF,0xFF,0xFF,0xFF,
    0xFF,0xFF,0xFF,0x24,0x21,0xFF,0x00,0x00,0xFF,0x00,0x00,0xFF,0x00,0x00,0xFF,0x00,0x00,0xFF,0x61,0x08,0xFF,0x00,0x00,0xFF,0x20,0x00,0xFF,0x61,0x08,0xFF,0x00,0x00,0xFF,0x00,0x00,0xFF,
    0x00,0x00,0xFF,0x00,0x00,0xFF,0x00,0x00,0xFF,0x41,0x08,0xFF,0x20,0x00,0xFF,0x00,0x00,0xFF,0xBE,0xF7,0xFF,0xBE,0xF7,0xFF,0xFF,0xFF,0xFF,0x61,0x08,0xFF,0x00,0x00,0xFF,0x20,0x00,0xFF,
    0x20,0x00,0xFF,0x00,0x00,0xFF,0x00,0x00,0xFF,0x00,0x00,0xFF,0x00,0x00,0xFF,0x00,0x00,0xFF,0x00,0x00,0xFF,0x20,0x00,0xFF,0x00,0x00,0xFF,0xA2,0x10,0xFF,0x00,0x00,0xFF,0x00,0x00,0xFF,
    0x00,0x00,0xFF,0x00,0x00,0xFF,0x20,0x00,0xFF,0x9E,0xF7,0xFF,0xFF,0xFF,0xFF,0xFF,0xFF,0xFF,0xFF,0xFF,0xFF,0xFF,0xFF,0xFF,0xFF,0xFF,0xFF,0xDF,0xFF,0xFF,0x9A,0xD6,0xFF,0x82,0x10,0xFF,
    0x00,0x00,0xFF,0x41,0x08,0xFF,0x9E,0xF7,0xFF,0xFF,0xFF,0xFF,0xBE,0xF7,0xFF,0xBE,0xF7,0xFF,0xBE,0xF7,0xFF,0xBE,0xF7,0xFF,0xBE,0xF7,0xFF,0xBE,0xF7,0xFF,0xBE,0xF7,0xFF,0xBE,0xF7,0xFF,
    0xBE,0xF7,0xFF,0xBE,0xF7,0xFF,0xBE,0xF7,0xFF,0x7D,0xEF,0xFF,0x41,0x08,0xFF,0xBE,0xF7,0xFF,0x9E,0xF7,0xFF,0xBE,0xF7,0xFF,0x20,0x00,0xFF,0xDB,0xDE,0xFF,0xFF,0xFF,0xFF,0x5D,0xEF,0xFF,
    0x5D,0xEF,0xFF,0xBE,0xF7,0xFF,0x9E,0xF7,0xFF,0x9E,0xF7,0xFF,0xBE,0xF7,0xFF,0x00,0x00,0xFF,0x8A,0x52,0xFF,0xDF,0xFF,0xFF,0x9E,0xF7,0xFF,0x9E,0xF7,0xFF,0xDF,0xFF,0xFF,0x7D,0xEF,0xFF,
    0xBE,0xF7,0xFF,0xBE,0xF7,0xFF,0xBE,0xF7,0xFF,0xBE,0xF7,0xFF,0xBE,0xF7,0xFF,0xBE,0xF7,0xFF,0xBE,0xF7,0xFF,0xBE,0xF7,0xFF,0xFE,0xFF,0xFF,0x9C,0xEF,0xFF,0xFF,0xFF,0xFF,0x38,0xC6,0xFF,
    0x20,0x00,0xFF,0x20,0x00,0xFF,0x61,0x08,0xFF,0x29,0x42,0xFF,0xBF,0xFF,0xFF,0x65,0x31,0xFF,0x20,0x08,0xFF,0xA0,0x10,0xFF,0xAF,0xF7,0xFF,0x68,0xE7,0xFF,0x83,0xDF,0xFF,0xE1,0xEF,0xFF,
    0xE2,0xF7,0xFF,0xE2,0xEF,0xFF,0xE3,0xEF,0xFF,0xE5,0xF7,0xFF,0xC4,0xEF,0xFF,0xE3,0xF7,0xFF,0x00,0xD7,0xFF,0xC0,0xEF,0xFF,0xE0,0xF7,0xFF,0xE0,0xF7,0xFF,0xE1,0xF7,0xFF,0xE1,0xF7,0xFF,
    0xE2,0xF7,0xFF,0xE2,0xF7,0xFF,0xE1,0xEF,0xFF,0xE1,0xEF,0xFF,0xE0,0xEF,0xFF,0xE5,0xEF,0xFF,0x6D,0xEF,0xFF,0x80,0x10,0xFF,0x20,0x08,0xFF,0x9D,0xF7,0xFF,0xBE,0xFF,0xFF,0xFF,0xFF,0xFF,
    0x7E,0xEF,0xFF,0xFF,0xFF,0xFF,0xFF,0xFF,0xFF,0xFE,0xFF,0xFF,0xFE,0xFF,0xFF,0xFF,0xFF,0xFF,0xFF,0xFF,0xFF,0xDF,0xFF,0xFF,0xFF,0xFF,0xFF,0xE3,0x18,0xFF,0x61,0x08,0xFF,0x00,0x00,0xFF,
    0x00,0x00,0xFF,0x00,0x00,0xFF,0x00,0x00,0xFF,0x3C,0xE7,0xFF,0xFF,0xFF,0xFF,0x1C,0xE7,0xFF,0xFF,0xFF,0xFF,0xBE,0xF7,0xFF,0x9E,0xF7,0xFF,0xDF,0xFF,0xFF,0xFF,0xFF,0xFF,0x5D,0xEF,0xFF,
    0x7D,0xEF,0xFF,0x9E,0xF7,0xFF,0x9E,0xF7,0xFF,0xDF,0xFF,0xFF,0x9E,0xF7,0xFF,0xBE,0xF7,0xFF,0x1C,0xE7,0xFF,0xFF,0xFF,0xFF,0x5D,0xEF,0xFF,0x7D,0xEF,0xFF,0x45,0x29,0xFF,0x00,0x00,0xFF,
    0x45,0x29,0xFF,0x1C,0xE7,0xFF,0xDF,0xFF,0xFF,0x7D,0xEF,0xFF,0xFF,0xFF,0xFF,0x5D,0xEF,0xFF,0xDF,0xFF,0xFF,0x7D,0xEF,0xFF,0xDF,0xFF,0xFF,0xFF,0xFF,0xFF,0x1C,0xE7,0xFF,0xDF,0xFF,0xFF,
    0xDF,0xFF,0xFF,0xFF,0xFF,0xFF,0x9E,0xF7,0xFF,0x5D,0xEF,0xFF,0xBE,0xF7,0xFF,0xBE,0xF7,0xFF,0xFF,0xFF,0xFF,0x3C,0xE7,0xFF,0xEB,0x5A,0xFF,0x20,0x00,0xFF,0x18,0xC6,0xFF,0x9E,0xF7,0xFF,
    0x3C,0xE7,0xFF,0xDF,0xFF,0xFF,0x04,0x21,0xFF,0xBE,0xF7,0xFF,0x7D,0xEF,0xFF,0xBE,0xF7,0xFF,0xFF,0xFF,0xFF,0x7D,0xEF,0xFF,0x7D,0xEF,0xFF,0xDF,0xFF,0xFF,0x9E,0xF7,0xFF,0xBE,0xF7,0xFF,
    0xBE,0xF7,0xFF,0xBE,0xF7,0xFF,0xBE,0xF7,0xFF,0xBE,0xF7,0xFF,0xBE,0xF7,0xFF,0xBE,0xF7,0xFF,0xBE,0xF7,0xFF,0xBE,0xF7,0xFF,0xBE,0xF7,0xFF,0x00,0x00,0xFF,0x00,0x00,0xFF,0x20,0x00,0xFF,
    0xDF,0xFF,0xFF,0xFF,0xFF,0xFF,0xDF,0xFF,0xFF,0xFF,0xFF,0xFF,0xFF,0xFF,0xFF,0xFF,0xFF,0xFF,0xFF,0xFF,0xFF,0xFF,0xFF,0xFF,0xFF,0xFF,0xFF,0xFF,0xFF,0xFF,0xFF,0xFF,0xFF,0xFF,0xFF,0xFF,
    0xFF,0xFF,0xFF,0xFF,0xFF,0xFF,0xFF,0xFF,0xFF,0xBE,0xF7,0xFF,0xFF,0xFF,0xFF,0xCF,0x7B,0xFF,0x61,0x08,0xFF,0x20,0x00,0xFF,0x20,0x00,0xFF,0x00,0x00,0xFF,0x00,0x00,0xFF,0x00,0x00,0xFF,
    0x00,0x00,0xFF,0x00,0x00,0xFF,0x00,0x00,0xFF,0x1C,0xE7,0xFF,0xBE,0xF7,0xFF,0xDF,0xFF,0xFF,0xFF,0xFF,0xFF,0xDF,0xFF,0xFF,0x20,0x00,0xFF,0x82,0x10,0xFF,0x00,0x00,0xFF,0x00,0x00,0xFF,
    0x41,0x08,0xFF,0x00,0x00,0xFF,0x00,0x00,0xFF,0x00,0x00,0xFF,0x00,0x00,0xFF,0x00,0x00,0xFF,0xFF,0xFF,0xFF,0xDF,0xFF,0xFF,0xBE,0xF7,0xFF,0xFF,0xFF,0xFF,0xFF,0xFF,0xFF,0xFF,0xFF,0xFF,
    0xF3,0x9C,0xFF,0x00,0x00,0xFF,0x00,0x00,0xFF,0x20,0x00,0xFF,0x00,0x00,0xFF,0x00,0x00,0xFF,0x00,0x00,0xFF,0x00,0x00,0xFF,0x20,0x00,0xFF,0x00,0x00,0xFF,0x41,0x08,0xFF,0xBA,0xD6,0xFF,
    0xBE,0xF7,0xFF,0xFF,0xFF,0xFF,0x9E,0xF7,0xFF,0xFF,0xFF,0xFF,0xFF,0xFF,0xFF,0xBE,0xF7,0xFF,0xFF,0xFF,0xFF,0xA6,0x31,0xFF,0x00,0x00,0xFF,0x00,0x00,0xFF,0x00,0x00,0xFF,0x00,0x00,0xFF,
    0x00,0x00,0xFF,0x00,0x00,0xFF,0x00,0x00,0xFF,0x00,0x00,0xFF,0x00,0x00,0xFF,0xFF,0xFF,0xFF,0xFF,0xFF,0xFF,0xFF,0xFF,0xFF,0x20,0x00,0xFF,0x00,0x00,0xFF,0x00,0x00,0xFF,0x61,0x08,0xFF,
    0x00,0x00,0xFF,0x41,0x08,0xFF,0xFF,0xFF,0xFF,0xFF,0xFF,0xFF,0x00,0x00,0xFF,0x00,0x00,0xFF,0x82,0x10,0xFF,0x00,0x00,0xFF,0x00,0x00,0xFF,0x20,0x00,0xFF,0x00,0x00,0xFF,0x20,0x00,0xFF,
    0x20,0x00,0xFF,0x20,0x00,0xFF,0x20,0x00,0xFF,0x20,0x00,0xFF,0x20,0x00,0xFF,0x20,0x00,0xFF,0x41,0x08,0xFF,0x41,0x08,0xFF,0xDF,0xFF,0xFF,0xDF,0xFF,0xFF,0xFF,0xFF,0xFF,0x38,0xC6,0xFF,
    0x00,0x00,0xFF,0x00,0x00,0xFF,0x00,0x00,0xFF,0x00,0x00,0xFF,0x00,0x00,0xFF,0x24,0x21,0xFF,0xFF,0xFF,0xFF,0x9E,0xF7,0xFF,0xFF,0xFF,0xFF,0xBE,0xF7,0xFF,0xBE,0xF7,0xFF,0xBE,0xF7,0xFF,
    0xEB,0x5A,0xFF,0x00,0x00,0xFF,0x20,0x00,0xFF,0x00,0x00,0xFF,0x41,0x08,0xFF,0x00,0x00,0xFF,0xB6,0xB5,0xFF,0xFF,0xFF,0xFF,0x00,0x00,0xFF,0x00,0x00,0xFF,0x00,0x00,0xFF,0x00,0x00,0xFF,
    0x00,0x00,0xFF,0x41,0x08,0xFF,0x20,0x00,0xFF,0x20,0x00,0xFF,0x20,0x00,0xFF,0x20,0x00,0xFF,0x20,0x00,0xFF,0x20,0x00,0xFF,0x20,0x00,0xFF,0x20,0x00,0xFF,0x00,0x00,0xFF,0x41,0x08,0xFF,
    0xD7,0xBD,0xFF,0xFF,0xFF,0xFF,0xFF,0xFF,0xFF,0x18,0xC6,0xFF,0x00,0x00,0xFF,0x00,0x00,0xFF,0x00,0x00,0xFF,0x61,0x08,0xFF,0x00,0x00,0xFF,0x00,0x00,0xFF,0x00,0x00,0xFF,0x20,0x00,0xFF,
    0x00,0x00,0xFF,0x00,0x00,0xFF,0x00,0x00,0xFF,0x61,0x08,0xFF,0x00,0x00,0xFF,0x00,0x00,0xFF,0xC3,0x18,0xFF,0x00,0x00,0xFF,0xC3,0x18,0xFF,0xFF,0xFF,0xFF,0xFF,0xFF,0xFF,0xB2,0x94,0xFF,
    0x20,0x00,0xFF,0xE3,0x18,0xFF,0x00,0x00,0xFF,0x20,0x00,0xFF,0x41,0x08,0xFF,0x00,0x00,0xFF,0x20,0x00,0xFF,0x00,0x00,0xFF,0x20,0x00,0xFF,0x00,0x00,0xFF,0x00,0x00,0xFF,0x41,0x08,0xFF,
    0x00,0x00,0xFF,0x61,0x08,0xFF,0x20,0x00,0xFF,0x28,0x42,0xFF,0xFF,0xFF,0xFF,0x5D,0xEF,0xFF,0xFF,0xFF,0xFF,0xA2,0x10,0xFF,0x00,0x00,0xFF,0x61,0x08,0xFF,0x20,0x00,0xFF,0x41,0x08,0xFF,
    0x00,0x00,0xFF,0x20,0x00,0xFF,0x00,0x00,0xFF,0x00,0x00,0xFF,0x20,0x00,0xFF,0x00,0x00,0xFF,0x61,0x08,0xFF,0x00,0x00,0xFF,0x20,0x00,0xFF,0x00,0x00,0xFF,0x41,0x08,0xFF,0x7D,0xEF,0xFF,
    0x9E,0xF7,0xFF,0xFF,0xFF,0xFF,0x55,0xAD,0xFF,0x20,0x00,0xFF,0x61,0x08,0xFF,0x20,0x00,0xFF,0x00,0x00,0xFF,0x00,0x00,0xFF,0x61,0x08,0xFF,0x61,0x08,0xFF,0x41,0x08,0xFF,0x61,0x08,0xFF,
    0x41,0x08,0xFF,0x41,0x08,0xFF,0x41,0x08,0xFF,0x00,0x00,0xFF,0x00,0x00,0xFF,0x20,0x00,0xFF,0x20,0x00,0xFF,0x00,0x00,0xFF,0x20,0x00,0xFF,0x96,0xB5,0xFF,0xBE,0xF7,0xFF,0xDF,0xFF,0xFF,
    0xFF,0xFF,0xFF,0xDF,0xFF,0xFF,0xFF,0xFF,0xFF,0xDF,0xFF,0xFF,0xFF,0xFF,0xFF,0x00,0x00,0xFF,0x20,0x00,0xFF,0x20,0x00,0xFF,0xBE,0xF7,0xFF,0x7D,0xEF,0xFF,0xBE,0xF7,0xFF,0xBE,0xF7,0xFF,
    0xBE,0xF7,0xFF,0xBE,0xF7,0xFF,0xBE,0xF7,0xFF,0xBE,0xF7,0xFF,0xBE,0xF7,0xFF,0xBE,0xF7,0xFF,0xFF,0xFF,0xFF,0x9E,0xF7,0xFF,0xDF,0xFF,0xFF,0x04,0x21,0xFF,0x5D,0xEF,0xFF,0xFF,0xFF,0xFF,
    0x9E,0xF7,0xFF,0x5D,0xEF,0xFF,0xBE,0xF7,0xFF,0xA2,0x10,0xFF,0xBE,0xF7,0xFF,0xDF,0xFF,0xFF,0xFF,0xFF,0xFF,0xDF,0xFF,0xFF,0x1C,0xE7,0xFF,0xFF,0xFF,0xFF,0xFF,0xFF,0xFF,0x9E,0xF7,0xFF,
    0x00,0x00,0xFF,0xCB,0x5A,0xFF,0x9E,0xF7,0xFF,0xDF,0xFF,0xFF,0x9E,0xF7,0xFF,0xFF,0xFF,0xFF,0xBE,0xF7,0xFF,0xBE,0xF7,0xFF,0xBE,0xF7,0xFF,0xBE,0xF7,0xFF,0xBE,0xF7,0xFF,0xBE,0xF7,0xFF,
    0xBE,0xF7,0xFF,0xBE,0xF7,0xFF,0xBE,0xF7,0xFF,0x9E,0xF7,0xFF,0xBE,0xF7,0xFF,0x9D,0xEF,0xFF,0x50,0x84,0xFF,0x40,0x08,0xFF,0x00,0x00,0xFF,0x82,0x10,0xFF,0xC6,0x39,0xFF,0x40,0x08,0xFF,
    0xA0,0x10,0xFF,0x0D,0xDF,0xFF,0x89,0xE7,0xFF,0xE5,0xEF,0xFF,0xE3,0xF7,0xFF,0xE2,0xEF,0xFF,0x81,0xDF,0xFF,0xE3,0xEF,0xFF,0xE6,0xEF,0xFF,0xC6,0xEF,0xFF,0xC0,0xAD,0xFF,0x20,0x5B,0xFF,
    0xA1,0xEF,0xFF,0xA0,0xEF,0xFF,0xE1,0xF7,0xFF,0xE0,0xF7,0xFF,0xE0,0xF7,0xFF,0xE1,0xF7,0xFF,0xE2,0xF7,0xFF,0xC3,0xF7,0xFF,0xE2,0xEF,0xFF,0xE1,0xEF,0xFF,0xE1,0xEF,0xFF,0xE5,0xEF,0xFF,
    0x4E,0xE7,0xFF,0x60,0x10,0xFF,0x00,0x00,0xFF,0xFF,0xFF,0xFF,0xDF,0xFF,0xFF,0xFF,0xFF,0xFF,0xFF,0xFF,0xFF,0xFF,0xFF,0xFF,0x7C,0xEF,0xFF,0xFE,0xFF,0xFF,0x9C,0xEF,0xFF,0xFF,0xFF,0xFF,
    0xDF,0xFF,0xFF,0x93,0x94,0xFF,0x00,0x00,0xFF,0x41,0x08,0xFF,0x41,0x08,0xFF,0x20,0x00,0xFF,0x00,0x00,0xFF,0xD3,0x9C,0xFF,0xBE,0xF7,0xFF,0xDF,0xFF,0xFF,0x9E,0xF7,0xFF,0x9E,0xF7,0xFF,
    0x7D,0xEF,0xFF,0xFF,0xFF,0xFF,0xDF,0xFF,0xFF,0x3C,0xE7,0xFF,0xBE,0xF7,0xFF,0xDF,0xFF,0xFF,0xFF,0xFF,0xFF,0x7D,0xEF,0xFF,0xFF,0xFF,0xFF,0x7D,0xEF,0xFF,0xFF,0xFF,0xFF,0xBE,0xF7,0xFF,
    0xDF,0xFF,0xFF,0x5D,0xEF,0xFF,0xBA,0xD6,0xFF,0x00,0x00,0xFF,0x82,0x10,0xFF,0x30,0x84,0xFF,0x7D,0xEF,0xFF,0xFF,0xFF,0xFF,0xBE,0xF7,0xFF,0xBE,0xF7,0xFF,0x5D,0xEF,0xFF,0xFF,0xFF,0xFF,
    0xBE,0xF7,0xFF,0xBE,0xF7,0xFF,0xDF,0xFF,0xFF,0xBE,0xF7,0xFF,0xFF,0xFF,0xFF,0xBE,0xF7,0xFF,0x9E,0xF7,0xFF,0x9E,0xF7,0xFF,0x9E,0xF7,0xFF,0xBE,0xF7,0xFF,0xFF,0xFF,0xFF,0x9E,0xF7,0xFF,
    0x4D,0x6B,0xFF,0x20,0x00,0xFF,0x14,0xA5,0xFF,0xFF,0xFF,0xFF,0x7D,0xEF,0xFF,0xDF,0xFF,0xFF,0xFF,0xFF,0xFF,0x7D,0xEF,0xFF,0x20,0x00,0xFF,0xFF,0xFF,0xFF,0xFF,0xFF,0xFF,0x5D,0xEF,0xFF,
    0x5D,0xEF,0xFF,0xFF,0xFF,0xFF,0xDF,0xFF,0xFF,0xBE,0xF7,0xFF,0xFF,0xFF,0xFF,0x7D,0xEF,0xFF,0xBE,0xF7,0xFF,0xBE,0xF7,0xFF,0xBE,0xF7,0xFF,0xBE,0xF7,0xFF,0xBE,0xF7,0xFF,0xBE,0xF7,0xFF,
    0xBE,0xF7,0xFF,0xBE,0xF7,0xFF,0x7D,0xEF,0xFF,0x00,0x00,0xFF,0x00,0x00,0xFF,0x00,0x00,0xFF,0xDF,0xFF,0xFF,0xFF,0xFF,0xFF,0xFF,0xFF,0xFF,0xDF,0xFF,0xFF,0xFF,0xFF,0xFF,0xFF,0xFF,0xFF,
    0xFF,0xFF,0xFF,0xFF,0xFF,0xFF,0xFF,0xFF,0xFF,0xFF,0xFF,0xFF,0xFF,0xFF,0xFF,0xFF,0xFF,0xFF,0xFF,0xFF,0xFF,0xFF,0xFF,0xFF,0xBE,0xF7,0xFF,0xBE,0xF7,0xFF,0xBE,0xF7,0xFF,0x41,0x08,0xFF,
    0x00,0x00,0xFF,0x00,0x00,0xFF,0x20,0x00,0xFF,0x00,0x00,0xFF,0x00,0x00,0xFF,0x00,0x00,0xFF,0x00,0x00,0xFF,0x00,0x00,0xFF,0x00,0x00,0xFF,0x92,0x94,0xFF,0xFF,0xFF,0xFF,0xFF,0xFF,0xFF,
    0xFF,0xFF,0xFF,0x24,0x21,0xFF,0x82,0x10,0xFF,0x00,0x00,0xFF,0x00,0x00,0xFF,0x82,0x10,0xFF,0x00,0x00,0xFF,0x00,0x00,0xFF,0x41,0x08,0xFF,0x00,0x00,0xFF,0x41,0x08,0xFF,0x49,0x4A,0xFF,
    0xBE,0xF7,0xFF,0xFF,0xFF,0xFF,0xDF,0xFF,0xFF,0xFF,0xFF,0xFF,0xDF,0xFF,0xFF,0xBA,0xD6,0xFF,0x20,0x00,0xFF,0x00,0x00,0xFF,0x41,0x08,0xFF,0x00,0x00,0xFF,0x41,0x08,0xFF,0x20,0x00,0xFF,
    0x41,0x08,0xFF,0x61,0x08,0xFF,0x00,0x00,0xFF,0x00,0x00,0xFF,0x20,0x00,0xFF,0x92,0x94,0xFF,0xDF,0xFF,0xFF,0xFF,0xFF,0xFF,0xFF,0xFF,0xFF,0xFF,0xFF,0xFF,0xFF,0xFF,0xFF,0xDF,0xFF,0xFF,
    0xFF,0xFF,0xFF,0x00,0x00,0xFF,0x00,0x00,0xFF,0x00,0x00,0xFF,0x00,0x00,0xFF,0x00,0x00,0xFF,0x00,0x00,0xFF,0x00,0x00,0xFF,0x00,0x00,0xFF,0x00,0x00,0xFF,0x61,0x08,0xFF,0x5D,0xEF,0xFF,
    0xFF,0xFF,0xFF,0xFB,0xDE,0xFF,0x00,0x00,0xFF,0x41,0x08,0xFF,0x00,0x00,0xFF,0x00,0x00,0xFF,0x00,0x00,0xFF,0xE3,0x18,0xFF,0xBE,0xF7,0xFF,0xAA,0x52,0xFF,0x41,0x08,0xFF,0x41,0x08,0xFF,
    0x00,0x00,0xFF,0x41,0x08,0xFF,0x00,0x00,0xFF,0x41,0x08,0xFF,0xBE,0xF7,0xFF,0xDF,0xFF,0xFF,0xFF,0xFF,0xFF,0xFF,0xFF,0xFF,0xFF,0xFF,0xFF,0xDF,0xFF,0xFF,0xDF,0xFF,0xFF,0xFF,0xFF,0xFF,
    0xBE,0xF7,0xFF,0xDF,0xFF,0xFF,0xFF,0xFF,0xFF,0xFF,0xFF,0xFF,0xFF,0xFF,0xFF,0x04,0x21,0xFF,0x20,0x00,0xFF,0x00,0x00,0xFF,0x61,0x08,0xFF,0x00,0x00,0xFF,0x00,0x00,0xFF,0xDB,0xDE,0xFF,
    0xBE,0xF7,0xFF,0xFF,0xFF,0xFF,0xFF,0xFF,0xFF,0xFF,0xFF,0xFF,0xFF,0xFF,0xFF,0x7D,0xEF,0xFF,0x20,0x00,0xFF,0x41,0x08,0xFF,0x00,0x00,0xFF,0x00,0x00,0xFF,0x20,0x00,0xFF,0x20,0x00,0xFF,
    0xDF,0xFF,0xFF,0x3C,0xE7,0xFF,0x20,0x00,0xFF,0x00,0x00,0xFF,0x61,0x08,0xFF,0x41,0x08,0xFF,0x00,0x00,0xFF,0x61,0x08,0xFF,0xFF,0xFF,0xFF,0xFF,0xFF,0xFF,0xDF,0xFF,0xFF,0xFF,0xFF,0xFF,
    0xFF,0xFF,0xFF,0xFF,0xFF,0xFF,0xFF,0xFF,0xFF,0xDF,0xFF,0xFF,0xFF,0xFF,0xFF,0xDF,0xFF,0xFF,0xDF,0xFF,0xFF,0x7D,0xEF,0xFF,0xFF,0xFF,0xFF,0xC3,0x18,0xFF,0x20,0x00,0xFF,0x61,0x08,0xFF,
    0x00,0x00,0xFF,0x00,0x00,0xFF,0x20,0x00,0xFF,0x34,0xA5,0xFF,0xDF,0xFF,0xFF,0xFF,0xFF,0xFF,0xDF,0xFF,0xFF,0xFF,0xFF,0xFF,0xFF,0xFF,0xFF,0xFF,0xFF,0xFF,0xFF,0xFF,0xFF,0xDF,0xFF,0xFF,
    0xBE,0xF7,0xFF,0xFF,0xFF,0xFF,0xDF,0xFF,0xFF,0xFF,0xFF,0xFF,0xFF,0xFF,0xFF,0xFF,0xFF,0xFF,0x7D,0xEF,0xFF,0xBE,0xF7,0xFF,0xFF,0xFF,0xFF,0xFF,0xFF,0xFF,0xBE,0xF7,0xFF,0x82,0x10,0xFF,
    0x00,0x00,0xFF,0x20,0x00,0xFF,0x20,0x00,0xFF,0x00,0x00,0xFF,0xC3,0x18,0xFF,0xBE,0xF7,0xFF,0xFF,0xFF,0xFF,0xBE,0xF7,0xFF,0xBE,0xF7,0xFF,0xFF,0xFF,0xFF,0xFF,0xFF,0xFF,0xFF,0xFF,0xFF,
    0xD7,0xBD,0xFF,0x00,0x00,0xFF,0x00,0x00,0xFF,0x00,0x00,0xFF,0x00,0x00,0xFF,0x20,0x00,0xFF,0xE7,0x39,0xFF,0xFF,0xFF,0xFF,0xFF,0xFF,0xFF,0xFF,0xFF,0xFF,0xDF,0xFF,0xFF,0xFF,0xFF,0xFF,
    0xDF,0xFF,0xFF,0xFF,0xFF,0xFF,0xFF,0xFF,0xFF,0xFF,0xFF,0xFF,0x9E,0xF7,0xFF,0xFF,0xFF,0xFF,0xFF,0xFF,0xFF,0xFF,0xFF,0xFF,0x20,0x00,0xFF,0x00,0x00,0xFF,0x00,0x00,0xFF,0x20,0x00,0xFF,
    0x00,0x00,0xFF,0x41,0x08,0xFF,0x1C,0xE7,0xFF,0xDF,0xFF,0xFF,0xDF,0xFF,0xFF,0xFF,0xFF,0xFF,0xFF,0xFF,0xFF,0xFF,0xFF,0xFF,0x5D,0xEF,0xFF,0xA6,0x31,0xFF,0x41,0x08,0xFF,0x00,0x00,0xFF,
    0x00,0x00,0xFF,0x00,0x00,0xFF,0x00,0x00,0xFF,0x55,0xAD,0xFF,0xFF,0xFF,0xFF,0xFF,0xFF,0xFF,0xBE,0xF7,0xFF,0xFF,0xFF,0xFF,0xFF,0xFF,0xFF,0xBE,0xF7,0xFF,0xFF,0xFF,0xFF,0x82,0x10,0xFF,
    0x00,0x00,0xFF,0x00,0x00,0xFF,0xD3,0x9C,0xFF,0x7D,0xEF,0xFF,0xBE,0xF7,0xFF,0xBE,0xF7,0xFF,0xBE,0xF7,0xFF,0xBE,0xF7,0xFF,0xBE,0xF7,0xFF,0xBE,0xF7,0xFF,0xBE,0xF7,0xFF,0xBE,0xF7,0xFF,
    0x7D,0xEF,0xFF,0x9E,0xF7,0xFF,0x75,0xAD,0xFF,0xBA,0xD6,0xFF,0xDF,0xFF,0xFF,0x9E,0xF7,0xFF,0x5D,0xEF,0xFF,0xFF,0xFF,0xFF,0xBE,0xF7,0xFF,0x7D,0xEF,0xFF,0x8A,0x52,0xFF,0x7D,0xEF,0xFF,
    0xBE,0xF7,0xFF,0xDF,0xFF,0xFF,0xDF,0xFF,0xFF,0xBE,0xF7,0xFF,0x9E,0xF7,0xFF,0x5D,0xEF,0xFF,0x3C,0xE7,0xFF,0x00,0x00,0xFF,0xAE,0x73,0xFF,0x9E,0xF7,0xFF,0x9E,0xF7,0xFF,0xDF,0xFF,0xFF,
    0xBE,0xF7,0xFF,0xBE,0xF7,0xFF,0xBE,0xF7,0xFF,0xBE,0xF7,0xFF,0xBE,0xF7,0xFF,0xBE,0xF7,0xFF,0xBE,0xF7,0xFF,0xBF,0xF7,0xFF,0xDF,0xFF,0xFF,0x9F,0xF7,0xFF,0xDF,0xFF,0xFF,0xDF,0xFF,0xFF,
    0x7D,0xF7,0xFF,0x44,0x29,0xFF,0x61,0x10,0xFF,0x00,0x00,0xFF,0x20,0x08,0xFF,0x40,0x08,0xFF,0xCC,0xD6,0xFF,0xA8,0xE7,0xFF,0xE4,0xEF,0xFF,0xE2,0xEF,0xFF,0xE3,0xEF,0xFF,0xE4,0xEF,0xFF,
    0xE9,0xF7,0xFF,0xA8,0xE7,0xFF,0x06,0xD7,0xFF,0x20,0x32,0xFF,0x23,0xDF,0xFF,0x82,0xE7,0xFF,0xE4,0xFF,0xFF,0xA1,0xEF,0xFF,0xE1,0xF7,0xFF,0xE0,0xF7,0xFF,0xE0,0xF7,0xFF,0xE0,0xF7,0xFF,
    0xE2,0xF7,0xFF,0xE2,0xF7,0xFF,0xE1,0xEF,0xFF,0xE1,0xEF,0xFF,0xE1,0xEF,0xFF,0xC6,0xEF,0xFF,0x49,0xA5,0xFF,0xC0,0x18,0xFF,0xC2,0x20,0xFF,0x9E,0xF7,0xFF,0xFF,0xFF,0xFF,0xFF,0xFF,0xFF,
    0xBF,0xF7,0xFF,0xBF,0xF7,0xFF,0xFF,0xFF,0xFF,0xFD,0xFF,0xFF,0xFE,0xFF,0xFF,0x7C,0xEF,0xFF,0x41,0x08,0xFF,0x00,0x00,0xFF,0x00,0x00,0xFF,0x00,0x00,0xFF,0x00,0x00,0xFF,0xA6,0x31,0xFF,
    0xDF,0xFF,0xFF,0xBE,0xF7,0xFF,0x9E,0xF7,0xFF,0xBE,0xF7,0xFF,0xDF,0xFF,0xFF,0xBE,0xF7,0xFF,0x9E,0xF7,0xFF,0xDF,0xFF,0xFF,0x5D,0xEF,0xFF,0xFF,0xFF,0xFF,0xDF,0xFF,0xFF,0xDF,0xFF,0xFF,
    0x9E,0xF7,0xFF,0x9E,0xF7,0xFF,0xBE,0xF7,0xFF,0xBE,0xF7,0xFF,0x3C,0xE7,0xFF,0x7D,0xEF,0xFF,0xFF,0xFF,0xFF,0x2C,0x63,0xFF,0x00,0x00,0xFF,0x61,0x08,0xFF,0xDB,0xDE,0xFF,0xFF,0xFF,0xFF,
    0xBE,0xF7,0xFF,0x9E,0xF7,0xFF,0x9E,0xF7,0xFF,0xFF,0xFF,0xFF,0x9E,0xF7,0xFF,0xDF,0xFF,0xFF,0xDF,0xFF,0xFF,0x9E,0xF7,0xFF,0x7D,0xEF,0xFF,0x7D,0xEF,0xFF,0x7D,0xEF,0xFF,0x7D,0xEF,0xFF,
    0x7D,0xEF,0xFF,0xFF,0xFF,0xFF,0xDF,0xFF,0xFF,0x7D,0xEF,0xFF,0xB6,0xB5,0xFF,0x20,0x00,0xFF,0x51,0x8C,0xFF,0xFF,0xFF,0xFF,0xFF,0xFF,0xFF,0x5D,0xEF,0xFF,0xFF,0xFF,0xFF,0x9E,0xF7,0xFF,
    0x9E,0xF7,0xFF,0xBE,0xF7,0xFF,0x04,0x21,0xFF,0x3C,0xE7,0xFF,0x5D,0xEF,0xFF,0xFF,0xFF,0xFF,0xBE,0xF7,0xFF,0x7D,0xEF,0xFF,0x9E,0xF7,0xFF,0xBE,0xF7,0xFF,0xBE,0xF7,0xFF,0xBE,0xF7,0xFF,
    0xBE,0xF7,0xFF,0xBE,0xF7,0xFF,0xBE,0xF7,0xFF,0xBE,0xF7,0xFF,0xBE,0xF7,0xFF,0xBE,0xF7,0xFF,0xBE,0xF7,0xFF,0xBE,0xF7,0xFF,0x96,0xB5,0xFF,0x20,0x00,0xFF,0x00,0x00,0xFF,0x65,0x29,0xFF,
    0x9E,0xF7,0xFF,0xDF,0xFF,0xFF,0xFF,0xFF,0xFF,0xFF,0xFF,0xFF,0xFF,0xFF,0xFF,0xFF,0xFF,0xFF,0xFF,0xFF,0xFF,0xFF,0xFF,0xFF,0xFF,0xFF,0xFF,0xFF,0xFF,0xFF,0xFF,0xFF,0xFF,0xFF,0xFF,0xFF,
    0xFF,0xFF,0xFF,0xFF,0xFF,0xFF,0xFF,0xFF,0xFF,0xFF,0xFF,0xFF,0x7D,0xEF,0xFF,0x00,0x00,0xFF,0x00,0x00,0xFF,0x00,0x00,0xFF,0x00,0x00,0xFF,0x20,0x00,0xFF,0x00,0x00,0xFF,0x20,0x00,0xFF,
    0x20,0x00,0xFF,0x00,0x00,0xFF,0x00,0x00,0xFF,0xE7,0x39,0xFF,0xDF,0xFF,0xFF,0xDF,0xFF,0xFF,0x69,0x4A,0xFF,0x00,0x00,0xFF,0x00,0x00,0xFF,0x00,0x00,0xFF,0x00,0x00,0xFF,0x00,0x00,0xFF,
    0x20,0x00,0xFF,0x20,0x00,0xFF,0x20,0x00,0xFF,0x00,0x00,0xFF,0x00,0x00,0xFF,0x9E,0xF7,0xFF,0x9E,0xF7,0xFF,0xFF,0xFF,0xFF,0xFF,0xFF,0xFF,0xBE,0xF7,0xFF,0xFF,0xFF,0xFF,0x41,0x08,0xFF,
    0x00,0x00,0xFF,0x00,0x00,0xFF,0x41,0x08,0xFF,0x00,0x00,0xFF,0x00,0x00,0xFF,0x38,0xC6,0xFF,0x20,0x00,0xFF,0x00,0x00,0xFF,0x00,0x00,0xFF,0x20,0x00,0xFF,0x00,0x00,0xFF,0xC7,0x39,0xFF,
    0xFF,0xFF,0xFF,0xDF,0xFF,0xFF,0xFF,0xFF,0xFF,0x9E,0xF7,0xFF,0xFF,0xFF,0xFF,0xFF,0xFF,0xFF,0x55,0xAD,0xFF,0x00,0x00,0xFF,0x61,0x08,0xFF,0x00,0x00,0xFF,0x00,0x00,0xFF,0x00,0x00,0xFF,
    0x20,0x00,0xFF,0x00,0x00,0xFF,0x20,0x00,0xFF,0x00,0x00,0xFF,0x61,0x08,0xFF,0xEF,0x7B,0xFF,0xFF,0xFF,0xFF,0xC7,0x39,0xFF,0x41,0x08,0xFF,0x00,0x00,0xFF,0x00,0x00,0xFF,0x61,0x08,0xFF,
    0x00,0x00,0xFF,0x18,0xC6,0xFF,0xFF,0xFF,0xFF,0x20,0x00,0xFF,0x00,0x00,0xFF,0x00,0x00,0xFF,0x00,0x00,0xFF,0x41,0x08,0xFF,0x00,0x00,0xFF,0x9E,0xF7,0xFF,0xBE,0xF7,0xFF,0xDF,0xFF,0xFF,
    0xFF,0xFF,0xFF,0xFF,0xFF,0xFF,0xFF,0xFF,0xFF,0xFF,0xFF,0xFF,0xFF,0xFF,0xFF,0xFF,0xFF,0xFF,0xFF,0xFF,0xFF,0xFF,0xFF,0xFF,0xDF,0xFF,0xFF,0xFF,0xFF,0xFF,0x9E,0xF7,0xFF,0xA2,0x10,0xFF,
    0x00,0x00,0xFF,0x41,0x08,0xFF,0x00,0x00,0xFF,0x20,0x00,0xFF,0x20,0x00,0xFF,0xBE,0xF7,0xFF,0xFF,0xFF,0xFF,0xFF,0xFF,0xFF,0xBE,0xF7,0xFF,0xFF,0xFF,0xFF,0xDF,0xFF,0xFF,0xBA,0xD6,0xFF,
    0x00,0x00,0xFF,0x00,0x00,0xFF,0x20,0x00,0xFF,0x20,0x00,0xFF,0x00,0x00,0xFF,0x45,0x29,0xFF,0xDF,0xFF,0xFF,0x2C,0x63,0xFF,0x00,0x00,0xFF,0x20,0x00,0xFF,0x20,0x00,0xFF,0x00,0x00,0xFF,
    0x20,0x00,0xFF,0x92,0x94,0xFF,0xFF,0xFF,0xFF,0xFF,0xFF,0xFF,0xDF,0xFF,0xFF,0xFF,0xFF,0xFF,0xFF,0xFF,0xFF,0xFF,0xFF,0xFF,0xFF,0xFF,0xFF,0xFF,0xFF,0xFF,0xFF,0xFF,0xFF,0xBE,0xF7,0xFF,
    0xFF,0xFF,0xFF,0xFF,0xFF,0xFF,0xFF,0xFF,0xFF,0x20,0x00,0xFF,0x20,0x00,0xFF,0x00,0x00,0xFF,0x00,0x00,0xFF,0x20,0x00,0xFF,0x00,0x00,0xFF,0xF3,0x9C,0xFF,0x9E,0xF7,0xFF,0xFF,0xFF,0xFF,
    0xDF,0xFF,0xFF,0xFF,0xFF,0xFF,0xFF,0xFF,0xFF,0xBE,0xF7,0xFF,0x9E,0xF7,0xFF,0xFF,0xFF,0xFF,0xFF,0xFF,0xFF,0xBE,0xF7,0xFF,0xFF,0xFF,0xFF,0xFF,0xFF,0xFF,0xFF,0xFF,0xFF,0x9E,0xF7,0xFF,
    0xFF,0xFF,0xFF,0xFF,0xFF,0xFF,0xDF,0xFF,0xFF,0xFF,0xFF,0xFF,0xBA,0xD6,0xFF,0x00,0x00,0xFF,0x20,0x00,0xFF,0x00,0x00,0xFF,0x00,0x00,0xFF,0x41,0x08,0xFF,0x41,0x08,0xFF,0xFF,0xFF,0xFF,
    0xDF,0xFF,0xFF,0xFF,0xFF,0xFF,0xFF,0xFF,0xFF,0xFF,0xFF,0xFF,0xFF,0xFF,0xFF,0xFF,0xFF,0xFF,0x82,0x10,0xFF,0x61,0x08,0xFF,0x00,0x00,0xFF,0x00,0x00,0xFF,0x20,0x00,0xFF,0x00,0x00,0xFF,
    0x1C,0xE7,0xFF,0xDF,0xFF,0xFF,0xDF,0xFF,0xFF,0xFF,0xFF,0xFF,0xDF,0xFF,0xFF,0xFF,0xFF,0xFF,0xFF,0xFF,0xFF,0xDF,0xFF,0xFF,0xFF,0xFF,0xFF,0xDF,0xFF,0xFF,0xFF,0xFF,0xFF,0xFF,0xFF,0xFF,
    0x9E,0xF7,0xFF,0xFF,0xFF,0xFF,0x20,0x00,0xFF,0x00,0x00,0xFF,0x20,0x00,0xFF,0x00,0x00,0xFF,0x00,0x00,0xFF,0x20,0x00,0xFF,0xFF,0xFF,0xFF,0xFF,0xFF,0xFF,0xFF,0xFF,0xFF,0xFF,0xFF,0xFF,
    0xDF,0xFF,0xFF,0xFF,0xFF,0xFF,0xFF,0xFF,0xFF,0x00,0x00,0xFF,0x00,0x00,0xFF,0x00,0x00,0xFF,0x00,0x00,0xFF,0x00,0x00,0xFF,0x00,0x00,0xFF,0x79,0xCE,0xFF,0x9E,0xF7,0xFF,0xFF,0xFF,0xFF,
    0xBE,0xF7,0xFF,0xFF,0xFF,0xFF,0xFF,0xFF,0xFF,0xFF,0xFF,0xFF,0xFF,0xFF,0xFF,0x55,0xAD,0xFF,0x20,0x00,0xFF,0x00,0x00,0xFF,0x20,0x00,0xFF,0xFF,0xFF,0xFF,0x9E,0xF7,0xFF,0x9E,0xF7,0xFF,
    0xBE,0xF7,0xFF,0xBE,0xF7,0xFF,0xBE,0xF7,0xFF,0xBE,0xF7,0xFF,0xBE,0xF7,0xFF,0xBE,0xF7,0xFF,0xDF,0xFF,0xFF,0xDF,0xFF,0xFF,0x4D,0x6B,0xFF,0xBE,0xF7,0xFF,0xFF,0xFF,0xFF,0x5D,0xEF,0xFF,
    0xDF,0xFF,0xFF,0x7D,0xEF,0xFF,0xFF,0xFF,0xFF,0x7D,0xEF,0xFF,0x9E,0xF7,0xFF,0xBA,0xD6,0xFF,0x7D,0xEF,0xFF,0x7D,0xEF,0xFF,0xDF,0xFF,0xFF,0x9E,0xF7,0xFF,0xDF,0xFF,0xFF,0xBE,0xF7,0xFF,
    0x7D,0xEF,0xFF,0xF7,0xBD,0xFF,0x00,0x00,0xFF,0xB2,0x94,0xFF,0xBE,0xF7,0xFF,0x9E,0xF7,0xFF,0xBE,0xF7,0xFF,0xBE,0xF7,0xFF,0xBE,0xF7,0xFF,0xBE,0xF7,0xFF,0xBE,0xF7,0xFF,0xBE,0xF7,0xFF,
    0xBE,0xF7,0xFF,0xBF,0xF7,0xFF,0x9F,0xF7,0xFF,0xBF,0xF7,0xFF,0x9F,0xF7,0xFF,0xFF,0xFF,0xFF,0xBF,0xFF,0xFF,0x9D,0xF7,0xFF,0x20,0x08,0xFF,0x00,0x00,0xFF,0x60,0x10,0xFF,0x26,0x84,0xFF,
    0xEC,0xF7,0xFF,0xE5,0xEF,0xFF,0xA1,0xE7,0xFF,0xE3,0xF7,0xFF,0x84,0xE7,0xFF,0x88,0xE7,0xFF,0x8C,0xE7,0xFF,0x40,0x5B,0xFF,0x20,0x19,0xFF,0x61,0xA5,0xFF,0xE6,0xF7,0xFF,0xE5,0xFF,0xFF,
    0x62,0xE7,0xFF,0xC3,0xF7,0xFF,0xE2,0xF7,0xFF,0xE1,0xF7,0xFF,0xE0,0xF7,0xFF,0xE0,0xF7,0xFF,0xE1,0xF7,0xFF,0xE2,0xF7,0xFF,0xE1,0xEF,0xFF,0xE1,0xEF,0xFF,0xE2,0xE7,0xFF,0x87,0xDF,0xFF,
    0x20,0x42,0xFF,0x40,0x10,0xFF,0xAA,0x5A,0xFF,0xFF,0xFF,0xFF,0xFF,0xFF,0xFF,0xDF,0xFF,0xFF,0xDF,0xFF,0xFF,0xFF,0xFF,0xFF,0x7C,0xEF,0xFF,0xFE,0xFF,0xFF,0x2B,0x63,0xFF,0x00,0x00,0xFF,
    0x00,0x00,0xFF,0x21,0x08,0xFF,0x00,0x00,0xFF,0x41,0x08,0xFF,0x59,0xCE,0xFF,0xDF,0xFF,0xFF,0xDF,0xFF,0xFF,0xBE,0xF7,0xFF,0x5D,0xEF,0xFF,0x9E,0xF7,0xFF,0xBE,0xF7,0xFF,0x7D,0xEF,0xFF,
    0xFF,0xFF,0xFF,0x7D,0xEF,0xFF,0xFF,0xFF,0xFF,0x9E,0xF7,0xFF,0x7D,0xEF,0xFF,0x9E,0xF7,0xFF,0xFF,0xFF,0xFF,0x9E,0xF7,0xFF,0xBE,0xF7,0xFF,0xBE,0xF7,0xFF,0x9E,0xF7,0xFF,0xFF,0xFF,0xFF,
    0x20,0x00,0xFF,0x20,0x00,0xFF,0x0C,0x63,0xFF,0x9E,0xF7,0xFF,0xFF,0xFF,0xFF,0x9E,0xF7,0xFF,0xBE,0xF7,0xFF,0x9E,0xF7,0xFF,0xDF,0xFF,0xFF,0xBE,0xF7,0xFF,0xBE,0xF7,0xFF,0x7D,0xEF,0xFF,
    0x9E,0xF7,0xFF,0xBE,0xF7,0xFF,0xDF,0xFF,0xFF,0xDF,0xFF,0xFF,0xDF,0xFF,0xFF,0xDF,0xFF,0xFF,0xFF,0xFF,0xFF,0x9E,0xF7,0xFF,0x3C,0xE7,0xFF,0x24,0x21,0xFF,0x0C,0x63,0xFF,0xFF,0xFF,0xFF,
    0x9E,0xF7,0xFF,0xBE,0xF7,0xFF,0xBE,0xF7,0xFF,0xBE,0xF7,0xFF,0x9E,0xF7,0xFF,0xFF,0xFF,0xFF,0xBE,0xF7,0xFF,0x7D,0xEF,0xFF,0x65,0x29,0xFF,0xDF,0xFF,0xFF,0xDF,0xFF,0xFF,0x7D,0xEF,0xFF,
    0xFF,0xFF,0xFF,0x9E,0xF7,0xFF,0x7D,0xEF,0xFF,0xDF,0xFF,0xFF,0xBE,0xF7,0xFF,0x9E,0xF7,0xFF,0xBE,0xF7,0xFF,0xBE,0xF7,0xFF,0xBE,0xF7,0xFF,0xBE,0xF7,0xFF,0xBE,0xF7,0xFF,0xBE,0xF7,0xFF,
    0xBE,0xF7,0xFF,0xBE,0xF7,0xFF,0xAA,0x52,0xFF,0x00,0x00,0xFF,0x20,0x00,0xFF,0x8E,0x73,0xFF,0xDF,0xFF,0xFF,0xFF,0xFF,0xFF,0xDF,0xFF,0xFF,0xFF,0xFF,0xFF,0xFF,0xFF,0xFF,0xFF,0xFF,0xFF,
    0xFF,0xFF,0xFF,0xFF,0xFF,0xFF,0xFF,0xFF,0xFF,0xFF,0xFF,0xFF,0xFF,0xFF,0xFF,0xFF,0xFF,0xFF,0xFF,0xFF,0xFF,0xFF,0xFF,0xFF,0xFF,0xFF,0xFF,0xDF,0xFF,0xFF,0xAA,0x52,0xFF,0x00,0x00,0xFF,
    0x20,0x00,0xFF,0x20,0x00,0xFF,0x00,0x00,0xFF,0x20,0x00,0xFF,0x00,0x00,0xFF,0x20,0x00,0xFF,0x00,0x00,0xFF,0x00,0x00,0xFF,0x41,0x08,0xFF,0x00,0x00,0xFF,0xFF,0xFF,0xFF,0x0C,0x63,0xFF,
    0x00,0x00,0xFF,0x20,0x00,0xFF,0x00,0x00,0xFF,0x61,0x08,0xFF,0x00,0x00,0xFF,0x61,0x08,0xFF,0x00,0x00,0xFF,0x00,0x00,0xFF,0x00,0x00,0xFF,0x20,0x00,0xFF,0x20,0x00,0xFF,0xFF,0xFF,0xFF,
    0xFF,0xFF,0xFF,0xDF,0xFF,0xFF,0xBE,0xF7,0xFF,0xFF,0xFF,0xFF,0xE3,0x18,0xFF,0x00,0x00,0xFF,0x00,0x00,0xFF,0x00,0x00,0xFF,0x00,0x00,0xFF,0x00,0x00,0xFF,0x2C,0x63,0xFF,0xDF,0xFF,0xFF,
    0x20,0x00,0xFF,0x41,0x08,0xFF,0x00,0x00,0xFF,0x00,0x00,0xFF,0x20,0x00,0xFF,0x82,0x10,0xFF,0xBE,0xF7,0xFF,0xFF,0xFF,0xFF,0xDF,0xFF,0xFF,0xFF,0xFF,0xFF,0xFF,0xFF,0xFF,0xFF,0xFF,0xFF,
    0x82,0x10,0xFF,0x00,0x00,0xFF,0x00,0x00,0xFF,0x00,0x00,0xFF,0x82,0x10,0xFF,0x00,0x00,0xFF,0x41,0x08,0xFF,0x00,0x00,0xFF,0x00,0x00,0xFF,0x00,0x00,0xFF,0x00,0x00,0xFF,0xA6,0x31,0xFF,
    0xFF,0xFF,0xFF,0x00,0x00,0xFF,0x20,0x00,0xFF,0x20,0x00,0xFF,0x00,0x00,0xFF,0x00,0x00,0xFF,0x41,0x08,0xFF,0xBE,0xF7,0xFF,0xD7,0xBD,0xFF,0x00,0x00,0xFF,0x00,0x00,0xFF,0x61,0x08,0xFF,
    0x00,0x00,0xFF,0x00,0x00,0xFF,0x8A,0x52,0xFF,0xFF,0xFF,0xFF,0xDF,0xFF,0xFF,0xFF,0xFF,0xFF,0xFF,0xFF,0xFF,0xFF,0xFF,0xFF,0xDF,0xFF,0xFF,0xFF,0xFF,0xFF,0xFF,0xFF,0xFF,0xDF,0xFF,0xFF,
    0xFF,0xFF,0xFF,0xDF,0xFF,0xFF,0xFF,0xFF,0xFF,0xFF,0xFF,0xFF,0x14,0xA5,0xFF,0x20,0x00,0xFF,0x00,0x00,0xFF,0x00,0x00,0xFF,0x20,0x00,0xFF,0x00,0x00,0xFF,0x8A,0x52,0xFF,0xFF,0xFF,0xFF,
    0x86,0x31,0xFF,0x00,0x00,0xFF,0x00,0x00,0xFF,0x00,0x00,0xFF,0x00,0x00,0xFF,0x00,0x00,0xFF,0x00,0x00,0xFF,0x61,0x08,0xFF,0x00,0x00,0xFF,0x00,0x00,0xFF,0x41,0x08,0xFF,0x59,0xCE,0xFF,
    0xDF,0xFF,0xFF,0x20,0x00,0xFF,0x00,0x00,0xFF,0x00,0x00,0xFF,0x00,0x00,0xFF,0x41,0x08,0xFF,0x00,0x00,0xFF,0xDF,0xFF,0xFF,0xB2,0x94,0xFF,0x00,0x00,0xFF,0x82,0x10,0xFF,0x00,0x00,0xFF,
    0x00,0x00,0xFF,0x20,0x00,0xFF,0x20,0x00,0xFF,0xA2,0x10,0xFF,0xFF,0xFF,0xFF,0xFF,0xFF,0xFF,0xDF,0xFF,0xFF,0xFF,0xFF,0xFF,0xFF,0xFF,0xFF,0x49,0x4A,0xFF,0x41,0x08,0xFF,0x00,0x00,0xFF,
    0x00,0x00,0xFF,0x00,0x00,0xFF,0x00,0x00,0xFF,0x00,0x00,0xFF,0x00,0x00,0xFF,0x00,0x00,0xFF,0x00,0x00,0xFF,0x00,0x00,0xFF,0x20,0x00,0xFF,0x00,0x00,0xFF,0x61,0x08,0xFF,0x61,0x08,0xFF,
    0xDF,0xFF,0xFF,0xFF,0xFF,0xFF,0x9E,0xF7,0xFF,0xFF,0xFF,0xFF,0xFF,0xFF,0xFF,0x9E,0xF7,0xFF,0xFF,0xFF,0xFF,0xFF,0xFF,0xFF,0xFF,0xFF,0xFF,0xFF,0xFF,0xFF,0x28,0x42,0xFF,0x20,0x00,0xFF,
    0x20,0x00,0xFF,0x00,0x00,0xFF,0x41,0x08,0xFF,0x20,0x00,0xFF,0x96,0xB5,0xFF,0xDF,0xFF,0xFF,0xFF,0xFF,0xFF,0xFF,0xFF,0xFF,0xFF,0xFF,0xFF,0xBE,0xF7,0xFF,0xFF,0xFF,0xFF,0xFF,0xFF,0xFF,
    0x00,0x00,0xFF,0x41,0x08,0xFF,0x00,0x00,0xFF,0x00,0x00,0xFF,0x20,0x00,0xFF,0x00,0x00,0xFF,0xFF,0xFF,0xFF,0x2C,0x63,0xFF,0x00,0x00,0xFF,0x00,0x00,0xFF,0x20,0x00,0xFF,0x00,0x00,0xFF,
    0x00,0x00,0xFF,0x00,0x00,0xFF,0x49,0x4A,0xFF,0xDF,0xFF,0xFF,0xFF,0xFF,0xFF,0xBE,0xF7,0xFF,0xFF,0xFF,0xFF,0xEF,0x7B,0xFF,0x00,0x00,0xFF,0x41,0x08,0xFF,0x00,0x00,0xFF,0x00,0x00,0xFF,
    0x00,0x00,0xFF,0x6D,0x6B,0xFF,0x3C,0xE7,0xFF,0x00,0x00,0xFF,0x20,0x00,0xFF,0x00,0x00,0xFF,0x41,0x08,0xFF,0x20,0x00,0xFF,0x00,0x00,0xFF,0x41,0x08,0xFF,0x00,0x00,0xFF,0x00,0x00,0xFF,
    0x20,0x00,0xFF,0x20,0x00,0xFF,0x61,0x08,0xFF,0xFF,0xFF,0xFF,0x9E,0xF7,0xFF,0xFF,0xFF,0xFF,0xFF,0xFF,0xFF,0xFF,0xFF,0xFF,0xBE,0xF7,0xFF,0xFF,0xFF,0xFF,0xFF,0xFF,0xFF,0xDF,0xFF,0xFF,
    0x00,0x00,0xFF,0x00,0x00,0xFF,0x00,0x00,0xFF,0x75,0xAD,0xFF,0xFF,0xFF,0xFF,0xDF,0xFF,0xFF,0x9E,0xF7,0xFF,0xDF,0xFF,0xFF,0xDF,0xFF,0xFF,0xBE,0xF7,0xFF,0xBE,0xF7,0xFF,0x9E,0xF7,0xFF,
    0x9E,0xF7,0xFF,0x59,0xCE,0xFF,0xFF,0xFF,0xFF,0x7D,0xEF,0xFF,0xBE,0xF7,0xFF,0xBE,0xF7,0xFF,0x9E,0xF7,0xFF,0xDF,0xFF,0xFF,0x7D,0xEF,0xFF,0xFF,0xFF,0xFF,0x9E,0xF7,0xFF,0x1C,0xE7,0xFF,
    0x5D,0xEF,0xFF,0xBE,0xF7,0xFF,0xBE,0xF7,0xFF,0xBE,0xF7,0xFF,0xBE,0xF7,0xFF,0x9E,0xF7,0xFF,0x9E,0xF7,0xFF,0xDF,0xFF,0xFF,0x10,0x84,0xFF,0x00,0x00,0xFF,0x9A,0xD6,0xFF,0x9E,0xF7,0xFF,
    0x9E,0xF7,0xFF,0x5D,0xEF,0xFF,0xBE,0xF7,0xFF,0xBE,0xF7,0xFF,0xFF,0xFF,0xFF,0x7D,0xEF,0xFF,0xBE,0xF7,0xFF,0xBE,0xF7,0xFF,0xFF,0xFF,0xFF,0x9F,0xF7,0xFF,0x9F,0xF7,0xFF,0x7E,0xF7,0xFF,
    0xFF,0xFF,0xFF,0x3C,0xEF,0xFF,0x40,0x08,0xFF,0x20,0x08,0xFF,0x60,0x29,0xFF,0xEF,0xF7,0xFF,0x86,0xE7,0xFF,0xA3,0xE7,0xFF,0xE5,0xF7,0xFF,0xA5,0xE7,0xFF,0xAA,0xEF,0xFF,0x0D,0xDF,0xFF,
    0x20,0x21,0xFF,0xCA,0x94,0xFF,0xA0,0x10,0xFF,0x87,0xC6,0xFF,0xA5,0xE7,0xFF,0xE4,0xFF,0xFF,0xA2,0xEF,0xFF,0xC3,0xEF,0xFF,0xE3,0xF7,0xFF,0xE2,0xFF,0xFF,0xE0,0xF7,0xFF,0xE0,0xF7,0xFF,
    0xA0,0xE7,0xFF,0xC0,0xEF,0xFF,0xE2,0xF7,0xFF,0xC1,0xE7,0xFF,0xE5,0xF7,0xFF,0xEB,0xEF,0xFF,0x80,0x10,0xFF,0x40,0x10,0xFF,0xDB,0xE6,0xFF,0xDF,0xFF,0xFF,0xDE,0xFF,0xFF,0xDF,0xFF,0xFF,
    0xFF,0xFF,0xFF,0xDF,0xFF,0xFF,0x58,0xCE,0xFF,0x00,0x00,0xFF,0x40,0x00,0xFF,0x20,0x00,0xFF,0x00,0x00,0xFF,0x00,0x00,0xFF,0xAE,0x73,0xFF,0x7D,0xEF,0xFF,0xBE,0xF7,0xFF,0xFF,0xFF,0xFF,
    0x1C,0xE7,0xFF,0xFF,0xFF,0xFF,0xFF,0xFF,0xFF,0xDF,0xFF,0xFF,0x5D,0xEF,0xFF,0xFF,0xFF,0xFF,0x5D,0xEF,0xFF,0xDF,0xFF,0xFF,0xDF,0xFF,0xFF,0x9E,0xF7,0xFF,0xFF,0xFF,0xFF,0xDF,0xFF,0xFF,
    0xBE,0xF7,0xFF,0xBE,0xF7,0xFF,0x7D,0xEF,0xFF,0xDF,0xFF,0xFF,0xF7,0xBD,0xFF,0x00,0x00,0xFF,0x00,0x00,0xFF,0x9A,0xD6,0xFF,0x9E,0xF7,0xFF,0x9E,0xF7,0xFF,0xBE,0xF7,0xFF,0xBE,0xF7,0xFF,
    0xBE,0xF7,0xFF,0xBE,0xF7,0xFF,0x9E,0xF7,0xFF,0x9E,0xF7,0xFF,0xFF,0xFF,0xFF,0xBE,0xF7,0xFF,0xBE,0xF7,0xFF,0x9E,0xF7,0xFF,0xFF,0xFF,0xFF,0x1C,0xE7,0xFF,0xFF,0xFF,0xFF,0x9E,0xF7,0xFF,
    0xBE,0xF7,0xFF,0x51,0x8C,0xFF,0x08,0x42,0xFF,0x7D,0xEF,0xFF,0x7D,0xEF,0xFF,0xBE,0xF7,0xFF,0x9E,0xF7,0xFF,0xDF,0xFF,0xFF,0x9E,0xF7,0xFF,0x9E,0xF7,0xFF,0xBE,0xF7,0xFF,0xDF,0xFF,0xFF,
    0x7D,0xEF,0xFF,0xDF,0xFF,0xFF,0xA6,0x31,0xFF,0xDF,0xFF,0xFF,0xBE,0xF7,0xFF,0xBE,0xF7,0xFF,0xBE,0xF7,0xFF,0xBE,0xF7,0xFF,0xBE,0xF7,0xFF,0xBE,0xF7,0xFF,0xBE,0xF7,0xFF,0xBE,0xF7,0xFF,
    0x9E,0xF7,0xFF,0xBE,0xF7,0xFF,0x9E,0xF7,0xFF,0xBE,0xF7,0xFF,0xBE,0xF7,0xFF,0xDF,0xFF,0xFF,0xFF,0xFF,0xFF,0x7D,0xEF,0xFF,0x41,0x08,0xFF,0x00,0x00,0xFF,0x00,0x00,0xFF,0x9A,0xD6,0xFF,
    0xFF,0xFF,0xFF,0xDF,0xFF,0xFF,0xFF,0xFF,0xFF,0xFF,0xFF,0xFF,0xDF,0xFF,0xFF,0xDF,0xFF,0xFF,0xFF,0xFF,0xFF,0xFF,0xFF,0xFF,0xFF,0xFF,0xFF,0xFF,0xFF,0xFF,0xFF,0xFF,0xFF,0xFF,0xFF,0xFF,
    0xFF,0xFF,0xFF,0xFF,0xFF,0xFF,0xFF,0xFF,0xFF,0xFF,0xFF,0xFF,0x00,0x00,0xFF,0x20,0x00,0xFF,0x00,0x00,0xFF,0x00,0x00,0xFF,0x41,0x08,0xFF,0x00,0x00,0xFF,0x28,0x42,0xFF,0x00,0x00,0xFF,
    0x20,0x00,0xFF,0x00,0x00,0xFF,0x20,0x00,0xFF,0x00,0x00,0xFF,0x8E,0x73,0xFF,0x41,0x08,0xFF,0x41,0x08,0xFF,0x00,0x00,0xFF,0x41,0x08,0xFF,0x00,0x00,0xFF,0x49,0x4A,0xFF,0x00,0x00,0xFF,
    0x20,0x00,0xFF,0x41,0x08,0xFF,0x00,0x00,0xFF,0x00,0x00,0xFF,0xCF,0x7B,0xFF,0xDF,0xFF,0xFF,0xFF,0xFF,0xFF,0xFF,0xFF,0xFF,0xFF,0xFF,0xFF,0xEB,0x5A,0xFF,0x20,0x00,0xFF,0x00,0x00,0xFF,
    0x20,0x00,0xFF,0xA2,0x10,0xFF,0x00,0x00,0xFF,0x00,0x00,0xFF,0xFF,0xFF,0xFF,0xFF,0xFF,0xFF,0xA6,0x31,0xFF,0x41,0x08,0xFF,0x00,0x00,0xFF,0x00,0x00,0xFF,0x00,0x00,0xFF,0x00,0x00,0xFF,
    0xFF,0xFF,0xFF,0xFF,0xFF,0xFF,0xFF,0xFF,0xFF,0xFF,0xFF,0xFF,0xDF,0xFF,0xFF,0xDF,0xFF,0xFF,0x00,0x00,0xFF,0x20,0x00,0xFF,0x20,0x00,0xFF,0x00,0x00,0xFF,0x00,0x00,0xFF,0x20,0x00,0xFF,
    0x41,0x08,0xFF,0x41,0x08,0xFF,0x00,0x00,0xFF,0x20,0x00,0xFF,0x00,0x00,0xFF,0x20,0x00,0xFF,0xD7,0xBD,0xFF,0x20,0x00,0xFF,0x00,0x00,0xFF,0x00,0x00,0xFF,0x61,0x08,0xFF,0x00,0x00,0xFF,
    0x49,0x4A,0xFF,0xFF,0xFF,0xFF,0x08,0x42,0xFF,0xA2,0x10,0xFF,0x00,0x00,0xFF,0x00,0x00,0xFF,0x00,0x00,0xFF,0x00,0x00,0xFF,0xFF,0xFF,0xFF,0x9E,0xF7,0xFF,0xFF,0xFF,0xFF,0xFF,0xFF,0xFF,
    0xFF,0xFF,0xFF,0xFF,0xFF,0xFF,0xFF,0xFF,0xFF,0xFF,0xFF,0xFF,0xFF,0xFF,0xFF,0xFF,0xFF,0xFF,0xDF,0xFF,0xFF,0xFF,0xFF,0xFF,0xFF,0xFF,0xFF,0xDF,0xFF,0xFF,0x82,0x10,0xFF,0x00,0x00,0xFF,
    0x20,0x00,0xFF,0x41,0x08,0xFF,0x00,0x00,0xFF,0x00,0x00,0xFF,0x5D,0xEF,0xFF,0xE7,0x39,0xFF,0x00,0x00,0xFF,0xA2,0x10,0xFF,0x00,0x00,0xFF,0x00,0x00,0xFF,0x00,0x00,0xFF,0x00,0x00,0xFF,
    0x00,0x00,0xFF,0x00,0x00,0xFF,0x00,0x00,0xFF,0x41,0x08,0xFF,0x00,0x00,0xFF,0xDF,0xFF,0xFF,0x1C,0xE7,0xFF,0x00,0x00,0xFF,0x00,0x00,0xFF,0x82,0x10,0xFF,0x00,0x00,0xFF,0x00,0x00,0xFF,
    0xE3,0x18,0xFF,0xF3,0x9C,0xFF,0x20,0x00,0xFF,0x00,0x00,0xFF,0x00,0x00,0xFF,0x82,0x10,0xFF,0x00,0x00,0xFF,0x00,0x00,0xFF,0x04,0x21,0xFF,0xFF,0xFF,0xFF,0xBE,0xF7,0xFF,0xFF,0xFF,0xFF,
    0xFF,0xFF,0xFF,0x9E,0xF7,0xFF,0xFF,0xFF,0xFF,0xDB,0xDE,0xFF,0x00,0x00,0xFF,0x00,0x00,0xFF,0x00,0x00,0xFF,0x00,0x00,0xFF,0x00,0x00,0xFF,0x00,0x00,0xFF,0x00,0x00,0xFF,0x00,0x00,0xFF,
    0x00,0x00,0xFF,0x00,0x00,0xFF,0x20,0x00,0xFF,0x00,0x00,0xFF,0x00,0x00,0xFF,0x41,0x08,0xFF,0x20,0x00,0xFF,0xDF,0xFF,0xFF,0xFF,0xFF,0xFF,0xBE,0xF7,0xFF,0xFF,0xFF,0xFF,0xFF,0xFF,0xFF,
    0xDF,0xFF,0xFF,0xFF,0xFF,0xFF,0xFF,0xFF,0xFF,0xFF,0xFF,0xFF,0x20,0x00,0xFF,0x00,0x00,0xFF,0x00,0x00,0xFF,0x00,0x00,0xFF,0x00,0x00,0xFF,0x00,0x00,0xFF,0xFF,0xFF,0xFF,0xFF,0xFF,0xFF,
    0x9E,0xF7,0xFF,0xFF,0xFF,0xFF,0xFF,0xFF,0xFF,0xFF,0xFF,0xFF,0xDF,0xFF,0xFF,0x10,0x84,0xFF,0x41,0x08,0xFF,0x00,0x00,0xFF,0x00,0x00,0xFF,0x00,0x00,0xFF,0x41,0x08,0xFF,0x4D,0x6B,0xFF,
    0x8A,0x52,0xFF,0x00,0x00,0xFF,0x00,0x00,0xFF,0x41,0x08,0xFF,0x00,0x00,0xFF,0x82,0x10,0xFF,0x82,0x10,0xFF,0xE7,0x39,0xFF,0xFF,0xFF,0xFF,0x9E,0xF7,0xFF,0x7D,0xEF,0xFF,0xFF,0xFF,0xFF,
    0xFF,0xFF,0xFF,0x20,0x00,0xFF,0x41,0x08,0xFF,0x00,0x00,0xFF,0xA2,0x10,0xFF,0x00,0x00,0xFF,0x00,0x00,0xFF,0x1C,0xE7,0xFF,0x82,0x10,0xFF,0x00,0x00,0xFF,0x00,0x00,0xFF,0x00,0x00,0xFF,
    0x00,0x00,0xFF,0x00,0x00,0xFF,0x00,0x00,0xFF,0x00,0x00,0xFF,0x00,0x00,0xFF,0x20,0x00,0xFF,0x00,0x00,0xFF,0x00,0x00,0xFF,0xF7,0xBD,0xFF,0xFF,0xFF,0xFF,0xFF,0xFF,0xFF,0xDF,0xFF,0xFF,
    0xFF,0xFF,0xFF,0xDF,0xFF,0xFF,0xFF,0xFF,0xFF,0xBE,0xF7,0xFF,0xDF,0xFF,0xFF,0xFF,0xFF,0xFF,0xEB,0x5A,0xFF,0x61,0x08,0xFF,0x00,0x00,0xFF,0x00,0x00,0xFF,0x7D,0xEF,0xFF,0xBE,0xF7,0xFF,
    0xBE,0xF7,0xFF,0x9E,0xF7,0xFF,0xBE,0xF7,0xFF,0xFB,0xDE,0xFF,0xDF,0xFF,0xFF,0xFF,0xFF,0xFF,0x5D,0xEF,0xFF,0xD7,0xBD,0xFF,0xBE,0xF7,0xFF,0xFF,0xFF,0xFF,0x9E,0xF7,0xFF,0xDF,0xFF,0xFF,
    0xFF,0xFF,0xFF,0x7D,0xEF,0xFF,0x9E,0xF7,0xFF,0xDF,0xFF,0xFF,0xBE,0xF7,0xFF,0x5D,0xEF,0xFF,0x7D,0xEF,0xFF,0xBE,0xF7,0xFF,0xBE,0xF7,0xFF,0x9E,0xF7,0xFF,0x9E,0xF7,0xFF,0xFF,0xFF,0xFF,
    0xDF,0xFF,0xFF,0x5D,0xEF,0xFF,0x9E,0xF7,0xFF,0x08,0x42,0xFF,0x00,0x00,0xFF,0x1C,0xE7,0xFF,0x7D,0xEF,0xFF,0xFF,0xFF,0xFF,0xDF,0xFF,0xFF,0xBE,0xF7,0xFF,0x5D,0xEF,0xFF,0xFF,0xFF,0xFF,
    0xBE,0xF7,0xFF,0xFF,0xFF,0xFF,0x1C,0xE7,0xFF,0xFF,0xFF,0xFF,0xBE,0xF7,0xFF,0x7D,0xF7,0xFF,0x9E,0xF7,0xFF,0xE2,0x20,0xFF,0x40,0x08,0xFF,0xA0,0x10,0xFF,0x2D,0xDF,0xFF,0x88,0xE7,0xFF,
    0xE6,0xEF,0xFF,0xE6,0xEF,0xFF,0x67,0xE7,0xFF,0x8B,0xEF,0xFF,0x27,0xA5,0xFF,0xA0,0x18,0xFF,0xD7,0xDE,0xFF,0xBA,0xF7,0xFF,0xE0,0x18,0xFF,0xA9,0xCE,0xFF,0xE6,0xF7,0xFF,0x81,0xDF,0xFF,
    0xC3,0xEF,0xFF,0xC3,0xF7,0xFF,0x82,0xEF,0xFF,0xE2,0xF7,0xFF,0x80,0xEF,0xFF,0xE0,0xEF,0xFF,0xE1,0xFF,0xFF,0xE1,0xF7,0xFF,0xE1,0xEF,0xFF,0xE3,0xEF,0xFF,0x86,0xDF,0xFF,0xEB,0xD6,0xFF,
    0x80,0x10,0xFF,0x00,0x00,0xFF,0xFF,0xFF,0xFF,0xFF,0xFF,0xFF,0xDE,0xFF,0xFF,0xFF,0xFF,0xFF,0xDF,0xFF,0xFF,0x87,0x31,0xFF,0xA2,0x10,0xFF,0x00,0x00,0xFF,0x00,0x00,0xFF,0x00,0x00,0xFF,
    0x82,0x10,0xFF,0x9E,0xF7,0xFF,0x7D,0xEF,0xFF,0xFF,0xFF,0xFF,0x9E,0xF7,0xFF,0x9E,0xF7,0xFF,0xFF,0xFF,0xFF,0x9E,0xF7,0xFF,0x9E,0xF7,0xFF,0x9E,0xF7,0xFF,0xFF,0xFF,0xFF,0xDF,0xFF,0xFF,
    0xFF,0xFF,0xFF,0xFF,0xFF,0xFF,0x7D,0xEF,0xFF,0xDF,0xFF,0xFF,0x1C,0xE7,0xFF,0xDF,0xFF,0xFF,0x9E,0xF7,0xFF,0x9E,0xF7,0xFF,0xFF,0xFF,0xFF,0xAA,0x52,0xFF,0x61,0x08,0xFF,0xE3,0x18,0xFF,
    0x7D,0xEF,0xFF,0xDF,0xFF,0xFF,0xDF,0xFF,0xFF,0xBE,0xF7,0xFF,0xBE,0xF7,0xFF,0xBE,0xF7,0xFF,0xBE,0xF7,0xFF,0xBE,0xF7,0xFF,0xBE,0xF7,0xFF,0xDF,0xFF,0xFF,0xDF,0xFF,0xFF,0x9E,0xF7,0xFF,
    0xFF,0xFF,0xFF,0x7D,0xEF,0xFF,0x5D,0xEF,0xFF,0xFF,0xFF,0xFF,0x5D,0xEF,0xFF,0x9E,0xF7,0xFF,0xE3,0x18,0xFF,0x9A,0xD6,0xFF,0xBE,0xF7,0xFF,0x9E,0xF7,0xFF,0xFF,0xFF,0xFF,0xBE,0xF7,0xFF,
    0x7D,0xEF,0xFF,0xFF,0xFF,0xFF,0x9E,0xF7,0xFF,0x9E,0xF7,0xFF,0xBE,0xF7,0xFF,0xDF,0xFF,0xFF,0x9E,0xF7,0xFF,0xDF,0xFF,0xFF,0xE7,0x39,0xFF,0xDF,0xFF,0xFF,0xBE,0xF7,0xFF,0xBE,0xF7,0xFF,
    0xBE,0xF7,0xFF,0xBE,0xF7,0xFF,0xBE,0xF7,0xFF,0xBE,0xF7,0xFF,0xBE,0xF7,0xFF,0xBE,0xF7,0xFF,0xBE,0xF7,0xFF,0xBE,0xF7,0xFF,0xBE,0xF7,0xFF,0x9E,0xF7,0xFF,0x9E,0xF7,0xFF,0xBE,0xF7,0xFF,
    0x9E,0xF7,0xFF,0xDF,0xFF,0xFF,0x00,0x00,0xFF,0x20,0x00,0xFF,0x41,0x08,0xFF,0xBE,0xF7,0xFF,0xDF,0xFF,0xFF,0xBE,0xF7,0xFF,0xFF,0xFF,0xFF,0xDF,0xFF,0xFF,0xFF,0xFF,0xFF,0xFF,0xFF,0xFF,
    0xFF,0xFF,0xFF,0xFF,0xFF,0xFF,0xFF,0xFF,0xFF,0xFF,0xFF,0xFF,0xFF,0xFF,0xFF,0xFF,0xFF,0xFF,0xFF,0xFF,0xFF,0xFF,0xFF,0xFF,0xBE,0xF7,0xFF,0xFB,0xDE,0xFF,0x00,0x00,0xFF,0x00,0x00,0xFF,
    0x00,0x00,0xFF,0x00,0x00,0xFF,0x41,0x08,0xFF,0x04,0x21,0xFF,0xD3,0x9C,0xFF,0x00,0x00,0xFF,0x00,0x00,0xFF,0x00,0x00,0xFF,0x20,0x00,0xFF,0x61,0x08,0xFF,0x61,0x08,0xFF,0x00,0x00,0xFF,
    0x00,0x00,0xFF,0x41,0x08,0xFF,0x00,0x00,0xFF,0x9A,0xD6,0xFF,0x61,0x08,0xFF,0x00,0x00,0xFF,0x00,0x00,0xFF,0x00,0x00,0xFF,0x00,0x00,0xFF,0x00,0x00,0xFF,0xBE,0xF7,0xFF,0xFF,0xFF,0xFF,
    0xDF,0xFF,0xFF,0x9E,0xF7,0xFF,0xF7,0xBD,0xFF,0x41,0x08,0xFF,0x00,0x00,0xFF,0x41,0x08,0xFF,0x00,0x00,0xFF,0x00,0x00,0xFF,0xA2,0x10,0xFF,0xFF,0xFF,0xFF,0xDF,0xFF,0xFF,0xDF,0xFF,0xFF,
    0xAE,0x73,0xFF,0x00,0x00,0xFF,0x20,0x00,0xFF,0x82,0x10,0xFF,0x00,0x00,0xFF,0x00,0x00,0xFF,0xFF,0xFF,0xFF,0xBE,0xF7,0xFF,0xFF,0xFF,0xFF,0xFF,0xFF,0xFF,0xBE,0xF7,0xFF,0x30,0x84,0xFF,
    0x00,0x00,0xFF,0x41,0x08,0xFF,0x00,0x00,0xFF,0x00,0x00,0xFF,0x00,0x00,0xFF,0xAE,0x73,0xFF,0x28,0x42,0xFF,0x00,0x00,0xFF,0x00,0x00,0xFF,0x00,0x00,0xFF,0x00,0x00,0xFF,0x00,0x00,0xFF,
    0x04,0x21,0xFF,0x20,0x00,0xFF,0x61,0x08,0xFF,0x00,0x00,0xFF,0x00,0x00,0xFF,0x61,0x08,0xFF,0x1C,0xE7,0xFF,0xBE,0xF7,0xFF,0x45,0x29,0xFF,0x00,0x00,0xFF,0x20,0x00,0xFF,0x41,0x08,0xFF,
    0x20,0x00,0xFF,0x00,0x00,0xFF,0x7D,0xEF,0xFF,0xFF,0xFF,0xFF,0xFF,0xFF,0xFF,0xDF,0xFF,0xFF,0xBE,0xF7,0xFF,0xFF,0xFF,0xFF,0xFF,0xFF,0xFF,0xDF,0xFF,0xFF,0xDF,0xFF,0xFF,0xFF,0xFF,0xFF,
    0xFF,0xFF,0xFF,0x1C,0xE7,0xFF,0xFF,0xFF,0xFF,0xFF,0xFF,0xFF,0x00,0x00,0xFF,0x82,0x10,0xFF,0x00,0x00,0xFF,0x00,0x00,0xFF,0x20,0x00,0xFF,0x00,0x00,0xFF,0x28,0x42,0xFF,0x20,0x00,0xFF,
    0x00,0x00,0xFF,0x00,0x00,0xFF,0x82,0x10,0xFF,0x00,0x00,0xFF,0x00,0x00,0xFF,0x00,0x00,0xFF,0x41,0x08,0xFF,0x00,0x00,0xFF,0x00,0x00,0xFF,0x61,0x08,0xFF,0x69,0x4A,0xFF,0xFF,0xFF,0xFF,
    0xC7,0x39,0xFF,0x00,0x00,0xFF,0x41,0x08,0xFF,0x00,0x00,0xFF,0x20,0x00,0xFF,0x00,0x00,0xFF,0x8A,0x52,0xFF,0x00,0x00,0xFF,0x00,0x00,0xFF,0x20,0x00,0xFF,0x00,0x00,0xFF,0x00,0x00,0xFF,
    0x20,0x00,0xFF,0xA6,0x31,0xFF,0xFF,0xFF,0xFF,0x9E,0xF7,0xFF,0xFF,0xFF,0xFF,0xFF,0xFF,0xFF,0x9E,0xF7,0xFF,0xFF,0xFF,0xFF,0xFF,0xFF,0xFF,0xFF,0xFF,0xFF,0x0C,0x63,0xFF,0x00,0x00,0xFF,
    0x00,0x00,0xFF,0x00,0x00,0xFF,0x00,0x00,0xFF,0x00,0x00,0xFF,0x00,0x00,0xFF,0x00,0x00,0xFF,0x00,0x00,0xFF,0x00,0x00,0xFF,0x00,0x00,0xFF,0x61,0x08,0xFF,0x00,0x00,0xFF,0x00,0x00,0xFF,
    0x00,0x00,0xFF,0x14,0xA5,0xFF,0xBE,0xF7,0xFF,0xDF,0xFF,0xFF,0xFF,0xFF,0xFF,0xBE,0xF7,0xFF,0xDF,0xFF,0xFF,0xFF,0xFF,0xFF,0xBE,0xF7,0xFF,0x96,0xB5,0xFF,0x00,0x00,0xFF,0x41,0x08,0xFF,
    0x20,0x00,0xFF,0x20,0x00,0xFF,0x00,0x00,0xFF,0x86,0x31,0xFF,0xFF,0xFF,0xFF,0xDF,0xFF,0xFF,0xFF,0xFF,0xFF,0xFF,0xFF,0xFF,0xDF,0xFF,0xFF,0xDF,0xFF,0xFF,0xFF,0xFF,0xFF,0x41,0x08,0xFF,
    0x00,0x00,0xFF,0x00,0x00,0xFF,0x41,0x08,0xFF,0x00,0x00,0xFF,0x00,0x00,0xFF,0x8A,0x52,0xFF,0x00,0x00,0xFF,0x20,0x00,0xFF,0x00,0x00,0xFF,0x20,0x00,0xFF,0x00,0x00,0xFF,0x00,0x00,0xFF,
    0x0C,0x63,0xFF,0xFF,0xFF,0xFF,0xFF,0xFF,0xFF,0xFF,0xFF,0xFF,0xFF,0xFF,0xFF,0xFF,0xFF,0xFF,0x3C,0xE7,0xFF,0x00,0x00,0xFF,0x00,0x00,0xFF,0x61,0x08,0xFF,0x00,0x00,0xFF,0x00,0x00,0xFF,
    0x20,0x00,0xFF,0x00,0x00,0xFF,0x20,0x00,0xFF,0x00,0x00,0xFF,0x00,0x00,0xFF,0x61,0x08,0xFF,0x00,0x00,0xFF,0x20,0x00,0xFF,0x00,0x00,0xFF,0x41,0x08,0xFF,0x00,0x00,0xFF,0x00,0x00,0xFF,
    0xA2,0x10,0xFF,0x9E,0xF7,0xFF,0xFF,0xFF,0xFF,0xDF,0xFF,0xFF,0xFF,0xFF,0xFF,0xBE,0xF7,0xFF,0xFF,0xFF,0xFF,0xBE,0xF7,0xFF,0xDF,0xFF,0xFF,0xFF,0xFF,0xFF,0x9E,0xF7,0xFF,0xFF,0xFF,0xFF,
    0xFF,0xFF,0xFF,0x00,0x00,0xFF,0x00,0x00,0xFF,0x00,0x00,0xFF,0x28,0x42,0xFF,0x9E,0xF7,0xFF,0xFF,0xFF,0xFF,0x7D,0xEF,0xFF,0xFF,0xFF,0xFF,0xDF,0xFF,0xFF,0x9E,0xF7,0xFF,0x9E,0xF7,0xFF,
    0xBE,0xF7,0xFF,0x9E,0xF7,0xFF,0x9E,0xF7,0xFF,0x7D,0xEF,0xFF,0xFF,0xFF,0xFF,0xBE,0xF7,0xFF,0x3C,0xE7,0xFF,0xBE,0xF7,0xFF,0xBE,0xF7,0xFF,0xBE,0xF7,0xFF,0xBE,0xF7,0xFF,0xBE,0xF7,0xFF,
    0x9E,0xF7,0xFF,0xBE,0xF7,0xFF,0xBE,0xF7,0xFF,0x9E,0xF7,0xFF,0xFF,0xFF,0xFF,0x7D,0xEF,0xFF,0x7D,0xEF,0xFF,0x9E,0xF7,0xFF,0xFF,0xFF,0xFF,0xDF,0xFF,0xFF,0x41,0x08,0xFF,0x61,0x08,0xFF,
    0x9E,0xF7,0xFF,0xBE,0xF7,0xFF,0x5D,0xEF,0xFF,0x9E,0xF7,0xFF,0xFB,0xDE,0xFF,0x9E,0xF7,0xFF,0x7D,0xEF,0xFF,0x7D,0xEF,0xFF,0xFF,0xFF,0xFF,0xDF,0xFF,0xFF,0xFF,0xFF,0xFF,0x9D,0xF7,0xFF,
    0xCE,0x7B,0xFF,0x20,0x08,0xFF,0x60,0x08,0xFF,0xA3,0x8C,0xFF,0xE8,0xEF,0xFF,0xE5,0xEF,0xFF,0xA5,0xDF,0xFF,0x69,0xE7,0xFF,0xD1,0xF7,0xFF,0xC0,0x39,0xFF,0x60,0x10,0xFF,0x5A,0xF7,0xFF,
    0x3C,0xEF,0xFF,0xD8,0xDE,0xFF,0x60,0x08,0xFF,0xCD,0xF7,0xFF,0xC5,0xEF,0xFF,0xE2,0xEF,0xFF,0xE4,0xFF,0xFF,0xC3,0xF7,0xFF,0xE3,0xF7,0xFF,0xE3,0xFF,0xFF,0xE0,0xF7,0xFF,0xE0,0xF7,0xFF,
    0xE0,0xF7,0xFF,0xC0,0xEF,0xFF,0xE1,0xEF,0xFF,0xC4,0xEF,0xFF,0xCB,0xEF,0xFF,0x40,0x5B,0xFF,0x20,0x00,0xFF,0x45,0x29,0xFF,0xDF,0xFF,0xFF,0x9E,0xF7,0xFF,0xBD,0xF7,0xFF,0x95,0xB5,0xFF,
    0x00,0x00,0xFF,0x00,0x00,0xFF,0x00,0x00,0xFF,0x20,0x00,0xFF,0x00,0x00,0xFF,0x95,0xB5,0xFF,0xBF,0xF7,0xFF,0xBF,0xF7,0xFF,0xFF,0xFF,0xFF,0xBE,0xF7,0xFF,0xDF,0xFF,0xFF,0x7D,0xEF,0xFF,
    0xFF,0xFF,0xFF,0x5D,0xEF,0xFF,0xBE,0xF7,0xFF,0xBE,0xF7,0xFF,0x9E,0xF7,0xFF,0x5D,0xEF,0xFF,0x5D,0xEF,0xFF,0xBE,0xF7,0xFF,0xBE,0xF7,0xFF,0x5D,0xEF,0xFF,0xFF,0xFF,0xFF,0xDF,0xFF,0xFF,
    0x5D,0xEF,0xFF,0xDF,0xFF,0xFF,0x00,0x00,0xFF,0x00,0x00,0xFF,0x51,0x8C,0xFF,0xDF,0xFF,0xFF,0xFF,0xFF,0xFF,0xFB,0xDE,0xFF,0xDF,0xFF,0xFF,0xBE,0xF7,0xFF,0xBE,0xF7,0xFF,0xBE,0xF7,0xFF,
    0xBE,0xF7,0xFF,0xBE,0xF7,0xFF,0xBE,0xF7,0xFF,0xDF,0xFF,0xFF,0x7D,0xEF,0xFF,0x9E,0xF7,0xFF,0x9E,0xF7,0xFF,0xDF,0xFF,0xFF,0x9E,0xF7,0xFF,0xFF,0xFF,0xFF,0xD7,0xBD,0xFF,0xB2,0x94,0xFF,
    0xFF,0xFF,0xFF,0xBE,0xF7,0xFF,0xBE,0xF7,0xFF,0xBE,0xF7,0xFF,0xDF,0xFF,0xFF,0x5D,0xEF,0xFF,0xFF,0xFF,0xFF,0x9E,0xF7,0xFF,0xBE,0xF7,0xFF,0xBE,0xF7,0xFF,0xBE,0xF7,0xFF,0xDF,0xFF,0xFF,
    0xBE,0xF7,0xFF,0xBE,0xF7,0xFF,0x69,0x4A,0xFF,0xBE,0xF7,0xFF,0xBE,0xF7,0xFF,0xBE,0xF7,0xFF,0xBE,0xF7,0xFF,0xBE,0xF7,0xFF,0xBE,0xF7,0xFF,0xBE,0xF7,0xFF,0xBE,0xF7,0xFF,0xBE,0xF7,0xFF,
    0xBE,0xF7,0xFF,0x9E,0xF7,0xFF,0xDF,0xFF,0xFF,0x9E,0xF7,0xFF,0xBE,0xF7,0xFF,0xBE,0xF7,0xFF,0x5D,0xEF,0xFF,0x79,0xCE,0xFF,0x00,0x00,0xFF,0x00,0x00,0xFF,0x61,0x08,0xFF,0xFF,0xFF,0xFF,
    0xDF,0xFF,0xFF,0xFF,0xFF,0xFF,0xFF,0xFF,0xFF,0xFF,0xFF,0xFF,0xFF,0xFF,0xFF,0xFF,0xFF,0xFF,0xFF,0xFF,0xFF,0xFF,0xFF,0xFF,0xFF,0xFF,0xFF,0xFF,0xFF,0xFF,0xFF,0xFF,0xFF,0xFF,0xFF,0xFF,
    0xFF,0xFF,0xFF,0xFF,0xFF,0xFF,0xDF,0xFF,0xFF,0xC7,0x39,0xFF,0x00,0x00,0xFF,0x00,0x00,0xFF,0x61,0x08,0xFF,0x41,0x08,0xFF,0x00,0x00,0xFF,0x38,0xC6,0xFF,0x1C,0xE7,0xFF,0x41,0x08,0xFF,
    0x00,0x00,0xFF,0x00,0x00,0xFF,0x00,0x00,0xFF,0x00,0x00,0xFF,0x00,0x00,0xFF,0x00,0x00,0xFF,0x20,0x00,0xFF,0x00,0x00,0xFF,0x18,0xC6,0xFF,0xDB,0xDE,0xFF,0x00,0x00,0xFF,0x00,0x00,0xFF,
    0x00,0x00,0xFF,0x20,0x00,0xFF,0x00,0x00,0xFF,0xA2,0x10,0xFF,0xBE,0xF7,0xFF,0xFF,0xFF,0xFF,0xFF,0xFF,0xFF,0x3C,0xE7,0xFF,0x61,0x08,0xFF,0x00,0x00,0xFF,0x00,0x00,0xFF,0x41,0x08,0xFF,
    0x20,0x00,0xFF,0x20,0x00,0xFF,0x34,0xA5,0xFF,0xBE,0xF7,0xFF,0xDF,0xFF,0xFF,0xFF,0xFF,0xFF,0x38,0xC6,0xFF,0x61,0x08,0xFF,0x00,0x00,0xFF,0x00,0x00,0xFF,0x61,0x08,0xFF,0x00,0x00,0xFF,
    0xFB,0xDE,0xFF,0xFF,0xFF,0xFF,0xFF,0xFF,0xFF,0xDF,0xFF,0xFF,0xFF,0xFF,0xFF,0x61,0x08,0xFF,0x00,0x00,0xFF,0x00,0x00,0xFF,0x00,0x00,0xFF,0x00,0x00,0xFF,0x00,0x00,0xFF,0x5D,0xEF,0xFF,
    0x75,0xAD,0xFF,0x00,0x00,0xFF,0x00,0x00,0xFF,0x00,0x00,0xFF,0x00,0x00,0xFF,0x20,0x00,0xFF,0x00,0x00,0xFF,0x00,0x00,0xFF,0x00,0x00,0xFF,0x41,0x08,0xFF,0x00,0x00,0xFF,0x00,0x00,0xFF,
    0xFF,0xFF,0xFF,0xDF,0xFF,0xFF,0xC7,0x39,0xFF,0x82,0x10,0xFF,0x00,0x00,0xFF,0x20,0x00,0xFF,0x00,0x00,0xFF,0x41,0x08,0xFF,0xAE,0x73,0xFF,0xFF,0xFF,0xFF,0xFF,0xFF,0xFF,0xFF,0xFF,0xFF,
    0xFF,0xFF,0xFF,0xFF,0xFF,0xFF,0xFF,0xFF,0xFF,0xFF,0xFF,0xFF,0xDF,0xFF,0xFF,0xFF,0xFF,0xFF,0xBE,0xF7,0xFF,0xFF,0xFF,0xFF,0xFF,0xFF,0xFF,0x4D,0x6B,0xFF,0x61,0x08,0xFF,0x00,0x00,0xFF,
    0x00,0x00,0xFF,0x41,0x08,0xFF,0x00,0x00,0xFF,0x20,0x00,0xFF,0x20,0x00,0xFF,0x20,0x00,0xFF,0x20,0x00,0xFF,0x61,0x08,0xFF,0x00,0x00,0xFF,0x00,0x00,0xFF,0x00,0x00,0xFF,0x00,0x00,0xFF,
    0x00,0x00,0xFF,0x00,0x00,0xFF,0x20,0x00,0xFF,0x00,0x00,0xFF,0x1C,0xE7,0xFF,0xFF,0xFF,0xFF,0x20,0x00,0xFF,0x41,0x08,0xFF,0x00,0x00,0xFF,0x00,0x00,0xFF,0x20,0x00,0xFF,0x00,0x00,0xFF,
    0x20,0x00,0xFF,0x61,0x08,0xFF,0x00,0x00,0xFF,0x20,0x00,0xFF,0x00,0x00,0xFF,0x20,0x00,0xFF,0xE7,0x39,0xFF,0x9E,0xF7,0xFF,0xDF,0xFF,0xFF,0xFF,0xFF,0xFF,0xFF,0xFF,0xFF,0x9E,0xF7,0xFF,
    0xFF,0xFF,0xFF,0xFF,0xFF,0xFF,0xFF,0xFF,0xFF,0xDF,0xFF,0xFF,0xFF,0xFF,0xFF,0x6D,0x6B,0xFF,0x00,0x00,0xFF,0x00,0x00,0xFF,0x00,0x00,0xFF,0x00,0x00,0xFF,0x00,0x00,0xFF,0x00,0x00,0xFF,
    0x00,0x00,0xFF,0x00,0x00,0xFF,0x00,0x00,0xFF,0x41,0x08,0xFF,0x00,0x00,0xFF,0x20,0x00,0xFF,0x61,0x08,0xFF,0xA2,0x10,0xFF,0xDF,0xFF,0xFF,0xFF,0xFF,0xFF,0xFF,0xFF,0xFF,0xBE,0xF7,0xFF,
    0xFF,0xFF,0xFF,0xFF,0xFF,0xFF,0xDF,0xFF,0xFF,0x04,0x21,0xFF,0x00,0x00,0xFF,0x00,0x00,0xFF,0x00,0x00,0xFF,0x00,0x00,0xFF,0x20,0x00,0xFF,0x59,0xCE,0xFF,0x9E,0xF7,0xFF,0xFF,0xFF,0xFF,
    0xFF,0xFF,0xFF,0xBE,0xF7,0xFF,0xFF,0xFF,0xFF,0xFF,0xFF,0xFF,0x7D,0xEF,0xFF,0x00,0x00,0xFF,0x00,0x00,0xFF,0x20,0x00,0xFF,0x00,0x00,0xFF,0x00,0x00,0xFF,0x41,0x08,0xFF,0x41,0x08,0xFF,
    0x00,0x00,0xFF,0x00,0x00,0xFF,0x00,0x00,0xFF,0x20,0x00,0xFF,0x00,0x00,0xFF,0xEF,0x7B,0xFF,0xFF,0xFF,0xFF,0xDF,0xFF,0xFF,0x9E,0xF7,0xFF,0xBE,0xF7,0xFF,0xFF,0xFF,0xFF,0xBE,0xF7,0xFF,
    0xEB,0x5A,0xFF,0x00,0x00,0xFF,0x41,0x08,0xFF,0x00,0x00,0xFF,0x00,0x00,0xFF,0x00,0x00,0xFF,0x61,0x08,0xFF,0x00,0x00,0xFF,0x00,0x00,0xFF,0x20,0x00,0xFF,0x00,0x00,0xFF,0x00,0x00,0xFF,
    0x20,0x00,0xFF,0x41,0x08,0xFF,0x00,0x00,0xFF,0xC3,0x18,0xFF,0x6D,0x6B,0xFF,0x7D,0xEF,0xFF,0xDF,0xFF,0xFF,0xBE,0xF7,0xFF,0xBE,0xF7,0xFF,0xFF,0xFF,0xFF,0xDF,0xFF,0xFF,0xFF,0xFF,0xFF,
    0xFF,0xFF,0xFF,0xFF,0xFF,0xFF,0xDF,0xFF,0xFF,0xFF,0xFF,0xFF,0xFF,0xFF,0xFF,0xFF,0xFF,0xFF,0xFF,0xFF,0xFF,0x75,0xAD,0xFF,0x61,0x08,0xFF,0x00,0x00,0xFF,0x20,0x00,0xFF,0xD3,0x9C,0xFF,
    0xBE,0xF7,0xFF,0x9E,0xF7,0xFF,0x7D,0xEF,0xFF,0xBE,0xF7,0xFF,0x7D,0xEF,0xFF,0x9E,0xF7,0xFF,0xFF,0xFF,0xFF,0xBE,0xF7,0xFF,0x7D,0xEF,0xFF,0xDF,0xFF,0xFF,0x9E,0xF7,0xFF,0xBE,0xF7,0xFF,
    0xDF,0xFF,0xFF,0xDF,0xFF,0xFF,0xDF,0xFF,0xFF,0x9E,0xF7,0xFF,0xBE,0xF7,0xFF,0xFF,0xFF,0xFF,0x9E,0xF7,0xFF,0xBE,0xF7,0xFF,0xDF,0xFF,0xFF,0x9E,0xF7,0xFF,0x5D,0xEF,0xFF,0xFF,0xFF,0xFF,
    0xFF,0xFF,0xFF,0xDF,0xFF,0xFF,0x3C,0xE7,0xFF,0xDF,0xFF,0xFF,0x7D,0xEF,0xFF,0x00,0x00,0xFF,0x00,0x00,0xFF,0x5D,0xEF,0xFF,0xFF,0xFF,0xFF,0xDF,0xFF,0xFF,0x51,0x8C,0xFF,0xDF,0xFF,0xFF,
    0xFF,0xFF,0xFF,0x9E,0xF7,0xFF,0xBE,0xF7,0xFF,0x5D,0xEF,0xFF,0x9D,0xF7,0xFF,0x3B,0xEF,0xFF,0x20,0x08,0xFF,0x40,0x08,0xFF,0xE0,0x10,0xFF,0xAA,0xE7,0xFF,0xE4,0xE7,0xFF,0xE4,0xE7,0xFF,
    0xEA,0xF7,0xFF,0xAF,0xEF,0xFF,0x80,0x10,0xFF,0x80,0x10,0xFF,0x80,0x18,0xFF,0xB9,0xDE,0xFF,0x7D,0xF7,0xFF,0xD3,0xBD,0xFF,0xA0,0x10,0xFF,0xAA,0xEF,0xFF,0xE4,0xEF,0xFF,0xE2,0xEF,0xFF,
    0xE2,0xF7,0xFF,0xA2,0xEF,0xFF,0xC3,0xF7,0xFF,0xA1,0xF7,0xFF,0xE0,0xF7,0xFF,0xE0,0xF7,0xFF,0xA0,0xE7,0xFF,0xC0,0xEF,0xFF,0xE4,0xFF,0xFF,0xA6,0xE7,0xFF,0x8E,0xE7,0xFF,0x80,0x08,0xFF,
    0x60,0x08,0xFF,0x34,0xAD,0xFF,0x7E,0xF7,0xFF,0xFF,0xFF,0xFF,0xE2,0x18,0xFF,0x00,0x00,0xFF,0x20,0x00,0xFF,0x41,0x08,0xFF,0x00,0x00,0xFF,0xE7,0x39,0xFF,0x7D,0xEF,0xFF,0x7D,0xEF,0xFF,
    0xDF,0xF7,0xFF,0x5D,0xEF,0xFF,0x9E,0xF7,0xFF,0x7D,0xEF,0xFF,0xFF,0xFF,0xFF,0xBE,0xF7,0xFF,0x9E,0xF7,0xFF,0xDF,0xFF,0xFF,0xDF,0xFF,0xFF,0x9E,0xF7,0xFF,0xBE,0xF7,0xFF,0xBE,0xF7,0xFF,
    0xFF,0xFF,0xFF,0x9E,0xF7,0xFF,0xFF,0xFF,0xFF,0xDF,0xFF,0xFF,0xBE,0xF7,0xFF,0x7D,0xEF,0xFF,0xDB,0xDE,0xFF,0x41,0x08,0xFF,0x41,0x08,0xFF,0x3C,0xE7,0xFF,0x7D,0xEF,0xFF,0xBE,0xF7,0xFF,
    0x7D,0xEF,0xFF,0xFF,0xFF,0xFF,0x9E,0xF7,0xFF,0x9E,0xF7,0xFF,0xBE,0xF7,0xFF,0xBE,0xF7,0xFF,0xBE,0xF7,0xFF,0xBE,0xF7,0xFF,0x9E,0xF7,0xFF,0x9E,0xF7,0xFF,0xBE,0xF7,0xFF,0xFF,0xFF,0xFF,
    0x9E,0xF7,0xFF,0xDF,0xFF,0xFF,0xFF,0xFF,0xFF,0x8E,0x73,0xFF,0x5D,0xEF,0xFF,0x9E,0xF7,0xFF,0x9E,0xF7,0xFF,0x5D,0xEF,0xFF,0xBE,0xF7,0xFF,0xFF,0xFF,0xFF,0x3C,0xE7,0xFF,0xBE,0xF7,0xFF,
    0xFF,0xFF,0xFF,0x9E,0xF7,0xFF,0xBE,0xF7,0xFF,0xDF,0xFF,0xFF,0x9E,0xF7,0xFF,0xBE,0xF7,0xFF,0xBE,0xF7,0xFF,0x9E,0xF7,0xFF,0x4D,0x6B,0xFF,0x9E,0xF7,0xFF,0xBE,0xF7,0xFF,0xBE,0xF7,0xFF,
    0xBE,0xF7,0xFF,0xBE,0xF7,0xFF,0xBE,0xF7,0xFF,0xBE,0xF7,0xFF,0xBE,0xF7,0xFF,0xBE,0xF7,0xFF,0xBE,0xF7,0xFF,0x9E,0xF7,0xFF,0x9E,0xF7,0xFF,0xBE,0xF7,0xFF,0xDF,0xFF,0xFF,0xBE,0xF7,0xFF,
    0x9E,0xF7,0xFF,0xEB,0x5A,0xFF,0x20,0x00,0xFF,0x00,0x00,0xFF,0xCB,0x5A,0xFF,0xFF,0xFF,0xFF,0xFF,0xFF,0xFF,0xFF,0xFF,0xFF,0xDF,0xFF,0xFF,0xFF,0xFF,0xFF,0xFF,0xFF,0xFF,0xFF,0xFF,0xFF,
    0xFF,0xFF,0xFF,0xFF,0xFF,0xFF,0xFF,0xFF,0xFF,0xFF,0xFF,0xFF,0xFF,0xFF,0xFF,0xFF,0xFF,0xFF,0xFF,0xFF,0xFF,0xFF,0xFF,0xFF,0xFF,0xFF,0xFF,0x00,0x00,0xFF,0x61,0x08,0xFF,0x00,0x00,0xFF,
    0x00,0x00,0xFF,0x20,0x00,0xFF,0x00,0x00,0xFF,0xFF,0xFF,0xFF,0xFF,0xFF,0xFF,0x00,0x00,0xFF,0x20,0x00,0xFF,0x00,0x00,0xFF,0x00,0x00,0xFF,0x00,0x00,0xFF,0x20,0x00,0xFF,0x00,0x00,0xFF,
    0x00,0x00,0xFF,0xD3,0x9C,0xFF,0xBE,0xF7,0xFF,0xAA,0x52,0xFF,0x20,0x00,0xFF,0x00,0x00,0xFF,0x61,0x08,0xFF,0x20,0x00,0xFF,0x00,0x00,0xFF,0xF3,0x9C,0xFF,0xFF,0xFF,0xFF,0xBE,0xF7,0xFF,
    0xBE,0xF7,0xFF,0xC3,0x18,0xFF,0x00,0x00,0xFF,0x00,0x00,0xFF,0x00,0x00,0xFF,0x00,0x00,0xFF,0x20,0x00,0xFF,0x28,0x42,0xFF,0xFF,0xFF,0xFF,0xBE,0xF7,0xFF,0xFF,0xFF,0xFF,0xFF,0xFF,0xFF,
    0x3C,0xE7,0xFF,0x00,0x00,0xFF,0x20,0x00,0xFF,0x00,0x00,0xFF,0x00,0x00,0xFF,0x00,0x00,0xFF,0x96,0xB5,0xFF,0xFF,0xFF,0xFF,0xFF,0xFF,0xFF,0xDF,0xFF,0xFF,0x3C,0xE7,0xFF,0x00,0x00,0xFF,
    0x20,0x00,0xFF,0x00,0x00,0xFF,0x82,0x10,0xFF,0x00,0x00,0xFF,0x82,0x10,0xFF,0xFF,0xFF,0xFF,0x7D,0xEF,0xFF,0x00,0x00,0xFF,0x61,0x08,0xFF,0x20,0x00,0xFF,0x00,0x00,0xFF,0x00,0x00,0xFF,
    0x41,0x08,0xFF,0x41,0x08,0xFF,0x00,0x00,0xFF,0x61,0x08,0xFF,0x61,0x08,0xFF,0x0C,0x63,0xFF,0xBE,0xF7,0xFF,0xFF,0xFF,0xFF,0x8E,0x73,0xFF,0x00,0x00,0xFF,0x20,0x00,0xFF,0x20,0x00,0xFF,
    0x00,0x00,0xFF,0x00,0x00,0xFF,0x00,0x00,0xFF,0xBE,0xF7,0xFF,0xBE,0xF7,0xFF,0xFF,0xFF,0xFF,0xFF,0xFF,0xFF,0xFF,0xFF,0xFF,0xFF,0xFF,0xFF,0xFF,0xFF,0xFF,0xFF,0xFF,0xFF,0xDF,0xFF,0xFF,
    0xFF,0xFF,0xFF,0xDF,0xFF,0xFF,0xFF,0xFF,0xFF,0x00,0x00,0xFF,0x20,0x00,0xFF,0x00,0x00,0xFF,0x00,0x00,0xFF,0x00,0x00,0xFF,0x00,0x00,0xFF,0xBA,0xD6,0xFF,0x59,0xCE,0xFF,0x59,0xCE,0xFF,
    0xBA,0xD6,0xFF,0x9A,0xD6,0xFF,0xBA,0xD6,0xFF,0x9A,0xD6,0xFF,0x00,0x00,0xFF,0x61,0x08,0xFF,0x00,0x00,0xFF,0x00,0x00,0xFF,0x20,0x00,0xFF,0x00,0x00,0xFF,0xFF,0xFF,0xFF,0x96,0xB5,0xFF,
    0x00,0x00,0xFF,0x00,0x00,0xFF,0x00,0x00,0xFF,0x82,0x10,0xFF,0x00,0x00,0xFF,0x28,0x42,0xFF,0x7D,0xEF,0xFF,0xBE,0xF7,0xFF,0xFF,0xFF,0xFF,0xDF,0xFF,0xFF,0xBE,0xF7,0xFF,0xBE,0xF7,0xFF,
    0xFF,0xFF,0xFF,0xFF,0xFF,0xFF,0xDF,0xFF,0xFF,0xBE,0xF7,0xFF,0xFF,0xFF,0xFF,0x9E,0xF7,0xFF,0xFF,0xFF,0xFF,0xFF,0xFF,0xFF,0x7D,0xEF,0xFF,0xFF,0xFF,0xFF,0xBE,0xF7,0xFF,0xFF,0xFF,0xFF,
    0xFF,0xFF,0xFF,0xFF,0xFF,0xFF,0xFF,0xFF,0xFF,0xFF,0xFF,0xFF,0xFF,0xFF,0xFF,0xFF,0xFF,0xFF,0xFF,0xFF,0xFF,0xFF,0xFF,0xFF,0x00,0x00,0xFF,0x20,0x00,0xFF,0x00,0x00,0xFF,0x20,0x00,0xFF,
    0x00,0x00,0xFF,0x00,0x00,0xFF,0xFF,0xFF,0xFF,0xFF,0xFF,0xFF,0xDF,0xFF,0xFF,0xFF,0xFF,0xFF,0xDF,0xFF,0xFF,0xFF,0xFF,0xFF,0xBE,0xF7,0xFF,0x00,0x00,0xFF,0x00,0x00,0xFF,0x00,0x00,0xFF,
    0x00,0x00,0xFF,0x00,0x00,0xFF,0x00,0x00,0xFF,0xFF,0xFF,0xFF,0xFF,0xFF,0xFF,0xFF,0xFF,0xFF,0xBE,0xF7,0xFF,0xFF,0xFF,0xFF,0xDF,0xFF,0xFF,0xDF,0xFF,0xFF,0x0C,0x63,0xFF,0x20,0x00,0xFF,
    0x00,0x00,0xFF,0x20,0x00,0xFF,0x00,0x00,0xFF,0x20,0x00,0xFF,0xB2,0x94,0xFF,0x9E,0xF7,0xFF,0x7D,0xEF,0xFF,0xBE,0xF7,0xFF,0xFF,0xFF,0xFF,0x7D,0xEF,0xFF,0xBE,0xF7,0xFF,0xBE,0xF7,0xFF,
    0xFF,0xFF,0xFF,0xFF,0xFF,0xFF,0xBE,0xF7,0xFF,0xFF,0xFF,0xFF,0xFF,0xFF,0xFF,0xFF,0xFF,0xFF,0x00,0x00,0xFF,0x20,0x00,0xFF,0x00,0x00,0xFF,0x00,0x00,0xFF,0x00,0x00,0xFF,0x00,0x00,0xFF,
    0x30,0x84,0xFF,0xA2,0x10,0xFF,0x00,0x00,0xFF,0x61,0x08,0xFF,0x20,0x00,0xFF,0x41,0x08,0xFF,0x41,0x08,0xFF,0x00,0x00,0xFF,0xFF,0xFF,0xFF,0xFF,0xFF,0xFF,0xDF,0xFF,0xFF,0xFF,0xFF,0xFF,
    0xFF,0xFF,0xFF,0xFF,0xFF,0xFF,0xFF,0xFF,0xFF,0xBE,0xF7,0xFF,0xFF,0xFF,0xFF,0xDF,0xFF,0xFF,0xBE,0xF7,0xFF,0xFF,0xFF,0xFF,0xFF,0xFF,0xFF,0xBE,0xF7,0xFF,0xFF,0xFF,0xFF,0xFF,0xFF,0xFF,
    0xFF,0xFF,0xFF,0xDF,0xFF,0xFF,0xE7,0x39,0xFF,0x00,0x00,0xFF,0x00,0x00,0xFF,0x00,0x00,0xFF,0x96,0xB5,0xFF,0x9E,0xF7,0xFF,0xDF,0xFF,0xFF,0xFF,0xFF,0xFF,0xDF,0xFF,0xFF,0x9E,0xF7,0xFF,
    0x9E,0xF7,0xFF,0xDF,0xFF,0xFF,0x7D,0xEF,0xFF,0xFF,0xFF,0xFF,0xBE,0xF7,0xFF,0xBE,0xF7,0xFF,0xBE,0xF7,0xFF,0x9E,0xF7,0xFF,0xDF,0xFF,0xFF,0x9E,0xF7,0xFF,0xBE,0xF7,0xFF,0xDF,0xFF,0xFF,
    0x9E,0xF7,0xFF,0x9E,0xF7,0xFF,0xDF,0xFF,0xFF,0xBE,0xF7,0xFF,0xFF,0xFF,0xFF,0xDF,0xFF,0xFF,0x3C,0xE7,0xFF,0xDF,0xFF,0xFF,0x9E,0xF7,0xFF,0xDF,0xFF,0xFF,0xBE,0xF7,0xFF,0xFF,0xFF,0xFF,
    0x00,0x00,0xFF,0x61,0x08,0xFF,0xDF,0xFF,0xFF,0x9E,0xF7,0xFF,0x2C,0x63,0xFF,0x3C,0xE7,0xFF,0xBE,0xF7,0xFF,0x5D,0xEF,0xFF,0xFF,0xFF,0xFF,0x9E,0xF7,0xFF,0xBE,0xFF,0xFF,0x40,0x08,0xFF,
    0x20,0x00,0xFF,0xC0,0x10,0xFF,0x07,0xB6,0xFF,0xC8,0xE7,0xFF,0xE5,0xEF,0xFF,0x24,0xCF,0xFF,0x8D,0xE7,0xFF,0xA0,0x10,0xFF,0x00,0x00,0xFF,0x00,0x00,0xFF,0x60,0x10,0xFF,0x9A,0xF7,0xFF,
    0x17,0xE7,0xFF,0xE0,0x18,0xFF,0xC0,0x6B,0xFF,0xA7,0xE7,0xFF,0xA2,0xE7,0xFF,0xE2,0xF7,0xFF,0xA0,0xEF,0xFF,0xE3,0xFF,0xFF,0xC2,0xF7,0xFF,0xC1,0xF7,0xFF,0xC0,0xEF,0xFF,0xE0,0xF7,0xFF,
    0xE0,0xF7,0xFF,0xE1,0xEF,0xFF,0xE4,0xEF,0xFF,0x68,0xE7,0xFF,0xCF,0xD6,0xFF,0x20,0x00,0xFF,0x40,0x08,0xFF,0xFE,0xFF,0xFF,0x51,0x8C,0xFF,0x20,0x08,0xFF,0x00,0x00,0xFF,0x00,0x00,0xFF,
    0x20,0x00,0xFF,0x00,0x00,0xFF,0xF8,0xC5,0xFF,0x5D,0xEF,0xFF,0xFF,0xFF,0xFF,0x9D,0xEF,0xFF,0xDF,0xFF,0xFF,0xDF,0xFF,0xFF,0xFF,0xFF,0xFF,0x5D,0xEF,0xFF,0x7D,0xEF,0xFF,0xBE,0xF7,0xFF,
    0x9E,0xF7,0xFF,0xFF,0xFF,0xFF,0xDF,0xFF,0xFF,0x7D,0xEF,0xFF,0xDF,0xFF,0xFF,0x7D,0xEF,0xFF,0xDF,0xFF,0xFF,0x5D,0xEF,0xFF,0x9E,0xF7,0xFF,0x9E,0xF7,0xFF,0xBE,0xF7,0xFF,0x92,0x94,0xFF,
    0x00,0x00,0xFF,0x08,0x42,0xFF,0xBE,0xF7,0xFF,0xBE,0xF7,0xFF,0x9E,0xF7,0xFF,0x9E,0xF7,0xFF,0xFF,0xFF,0xFF,0xBE,0xF7,0xFF,0x9E,0xF7,0xFF,0x9E,0xF7,0xFF,0xBE,0xF7,0xFF,0xBE,0xF7,0xFF,
    0xBE,0xF7,0xFF,0xBE,0xF7,0xFF,0x9E,0xF7,0xFF,0x9E,0xF7,0xFF,0x5D,0xEF,0xFF,0xDF,0xFF,0xFF,0xBE,0xF7,0xFF,0xBE,0xF7,0xFF,0x3C,0xE7,0xFF,0xFF,0xFF,0xFF,0xBE,0xF7,0xFF,0xDF,0xFF,0xFF,
    0xFF,0xFF,0xFF,0xFF,0xFF,0xFF,0xBE,0xF7,0xFF,0xFF,0xFF,0xFF,0xDF,0xFF,0xFF,0xFF,0xFF,0xFF,0x3C,0xE7,0xFF,0xFF,0xFF,0xFF,0xBE,0xF7,0xFF,0xBE,0xF7,0xFF,0x9E,0xF7,0xFF,0x9E,0xF7,0xFF,
    0xBE,0xF7,0xFF,0xBE,0xF7,0xFF,0xB2,0x94,0xFF,0xBE,0xF7,0xFF,0xBE,0xF7,0xFF,0xBE,0xF7,0xFF,0xBE,0xF7,0xFF,0xBE,0xF7,0xFF,0xBE,0xF7,0xFF,0xBE,0xF7,0xFF,0xBE,0xF7,0xFF,0xBE,0xF7,0xFF,
    0xBE,0xF7,0xFF,0xBE,0xF7,0xFF,0x9E,0xF7,0xFF,0xDF,0xFF,0xFF,0x9E,0xF7,0xFF,0x9E,0xF7,0xFF,0xFF,0xFF,0xFF,0x00,0x00,0xFF,0x00,0x00,0xFF,0x41,0x08,0xFF,0xBA,0xD6,0xFF,0xDF,0xFF,0xFF,
    0xFF,0xFF,0xFF,0xFF,0xFF,0xFF,0xFF,0xFF,0xFF,0xFF,0xFF,0xFF,0xFF,0xFF,0xFF,0xFF,0xFF,0xFF,0xFF,0xFF,0xFF,0xFF,0xFF,0xFF,0xFF,0xFF,0xFF,0xFF,0xFF,0xFF,0xFF,0xFF,0xFF,0xFF,0xFF,0xFF,
    0xFF,0xFF,0xFF,0xFF,0xFF,0xFF,0xB6,0xB5,0xFF,0x00,0x00,0xFF,0x20,0x00,0xFF,0x41,0x08,0xFF,0x00,0x00,0xFF,0x00,0x00,0xFF,0x28,0x42,0xFF,0xDF,0xFF,0xFF,0xFF,0xFF,0xFF,0x00,0x00,0xFF,
    0x20,0x00,0xFF,0x00,0x00,0xFF,0x20,0x00,0xFF,0x41,0x08,0xFF,0x00,0x00,0xFF,0x00,0x00,0xFF,0x8E,0x73,0xFF,0xDF,0xFF,0xFF,0xFF,0xFF,0xFF,0x00,0x00,0xFF,0x20,0x00,0xFF,0x20,0x00,0xFF,
    0x00,0x00,0xFF,0x00,0x00,0xFF,0x20,0x00,0xFF,0xFF,0xFF,0xFF,0xFF,0xFF,0xFF,0x9E,0xF7,0xFF,0x49,0x4A,0xFF,0x20,0x00,0xFF,0x00,0x00,0xFF,0x41,0x08,0xFF,0x00,0x00,0xFF,0x20,0x00,0xFF,
    0x61,0x08,0xFF,0xFF,0xFF,0xFF,0xDF,0xFF,0xFF,0xDF,0xFF,0xFF,0xDF,0xFF,0xFF,0x7D,0xEF,0xFF,0xFF,0xFF,0xFF,0x00,0x00,0xFF,0x00,0x00,0xFF,0x61,0x08,0xFF,0x20,0x00,0xFF,0x00,0x00,0xFF,
    0x2C,0x63,0xFF,0xFF,0xFF,0xFF,0xFF,0xFF,0xFF,0xFF,0xFF,0xFF,0xEB,0x5A,0xFF,0x20,0x00,0xFF,0x00,0x00,0xFF,0x00,0x00,0xFF,0x41,0x08,0xFF,0x00,0x00,0xFF,0x92,0x94,0xFF,0xDF,0xFF,0xFF,
    0xFF,0xFF,0xFF,0x00,0x00,0xFF,0x00,0x00,0xFF,0x00,0x00,0xFF,0x00,0x00,0xFF,0x00,0x00,0xFF,0x00,0x00,0xFF,0x20,0x00,0xFF,0x20,0x00,0xFF,0x00,0x00,0xFF,0x00,0x00,0xFF,0xBE,0xF7,0xFF,
    0xFF,0xFF,0xFF,0xFF,0xFF,0xFF,0x9E,0xF7,0xFF,0x20,0x00,0xFF,0x00,0x00,0xFF,0x00,0x00,0xFF,0x00,0x00,0xFF,0x20,0x00,0xFF,0x20,0x00,0xFF,0x20,0x00,0xFF,0x5D,0xEF,0xFF,0xDF,0xFF,0xFF,
    0xFF,0xFF,0xFF,0xDF,0xFF,0xFF,0xDF,0xFF,0xFF,0xFF,0xFF,0xFF,0xFF,0xFF,0xFF,0xDF,0xFF,0xFF,0xDF,0xFF,0xFF,0xFF,0xFF,0xFF,0x1C,0xE7,0xFF,0x41,0x08,0xFF,0x00,0x00,0xFF,0x41,0x08,0xFF,
    0x00,0x00,0xFF,0x20,0x00,0xFF,0xC3,0x18,0xFF,0xFF,0xFF,0xFF,0xDF,0xFF,0xFF,0xFF,0xFF,0xFF,0xBE,0xF7,0xFF,0xFF,0xFF,0xFF,0x7D,0xEF,0xFF,0x51,0x8C,0xFF,0x00,0x00,0xFF,0x20,0x00,0xFF,
    0x00,0x00,0xFF,0x61,0x08,0xFF,0x00,0x00,0xFF,0xEF,0x7B,0xFF,0xDF,0xFF,0xFF,0x04,0x21,0xFF,0x00,0x00,0xFF,0x61,0x08,0xFF,0x00,0x00,0xFF,0x00,0x00,0xFF,0x41,0x08,0xFF,0xFB,0xDE,0xFF,
    0xFF,0xFF,0xFF,0xDF,0xFF,0xFF,0xBE,0xF7,0xFF,0xFF,0xFF,0xFF,0xFF,0xFF,0xFF,0xFF,0xFF,0xFF,0xFF,0xFF,0xFF,0xFF,0xFF,0xFF,0xFF,0xFF,0xFF,0xDF,0xFF,0xFF,0xDF,0xFF,0xFF,0xFF,0xFF,0xFF,
    0x9E,0xF7,0xFF,0x9E,0xF7,0xFF,0xFF,0xFF,0xFF,0xFF,0xFF,0xFF,0xFF,0xFF,0xFF,0xDF,0xFF,0xFF,0xFF,0xFF,0xFF,0xFF,0xFF,0xFF,0xFF,0xFF,0xFF,0xFF,0xFF,0xFF,0xFF,0xFF,0xFF,0xFF,0xFF,0xFF,
    0xFF,0xFF,0xFF,0xFF,0xFF,0xFF,0x00,0x00,0xFF,0x41,0x08,0xFF,0x00,0x00,0xFF,0x00,0x00,0xFF,0x61,0x08,0xFF,0x61,0x08,0xFF,0xFF,0xFF,0xFF,0xBE,0xF7,0xFF,0xBE,0xF7,0xFF,0xFF,0xFF,0xFF,
    0xBE,0xF7,0xFF,0xFF,0xFF,0xFF,0x51,0x8C,0xFF,0x82,0x10,0xFF,0x20,0x00,0xFF,0x41,0x08,0xFF,0x20,0x00,0xFF,0x00,0x00,0xFF,0xCB,0x5A,0xFF,0x9E,0xF7,0xFF,0xFF,0xFF,0xFF,0x9E,0xF7,0xFF,
    0xFF,0xFF,0xFF,0xFF,0xFF,0xFF,0xBE,0xF7,0xFF,0xFF,0xFF,0xFF,0x00,0x00,0xFF,0x00,0x00,0xFF,0x00,0x00,0xFF,0x20,0x00,0xFF,0x00,0x00,0xFF,0x20,0x00,0xFF,0xFF,0xFF,0xFF,0xBE,0xF7,0xFF,
    0xFF,0xFF,0xFF,0xFF,0xFF,0xFF,0xBE,0xF7,0xFF,0xFF,0xFF,0xFF,0xFF,0xFF,0xFF,0xFF,0xFF,0xFF,0xDF,0xFF,0xFF,0xFF,0xFF,0xFF,0xFF,0xFF,0xFF,0xFF,0xFF,0xFF,0x9E,0xF7,0xFF,0xBA,0xD6,0xFF,
    0x00,0x00,0xFF,0x00,0x00,0xFF,0x20,0x00,0xFF,0x00,0x00,0xFF,0x00,0x00,0xFF,0x04,0x21,0xFF,0xDF,0xFF,0xFF,0xB6,0xB5,0xFF,0x00,0x00,0xFF,0x00,0x00,0xFF,0x00,0x00,0xFF,0x41,0x08,0xFF,
    0x00,0x00,0xFF,0x61,0x08,0xFF,0x00,0x00,0xFF,0xFF,0xFF,0xFF,0xFF,0xFF,0xFF,0xBE,0xF7,0xFF,0xFF,0xFF,0xFF,0xDF,0xFF,0xFF,0x7D,0xEF,0xFF,0xFF,0xFF,0xFF,0xFF,0xFF,0xFF,0xFF,0xFF,0xFF,
    0xFF,0xFF,0xFF,0xDF,0xFF,0xFF,0xFF,0xFF,0xFF,0xDF,0xFF,0xFF,0xFF,0xFF,0xFF,0xBE,0xF7,0xFF,0xFF,0xFF,0xFF,0xFF,0xFF,0xFF,0xDF,0xFF,0xFF,0x04,0x21,0xFF,0x20,0x00,0xFF,0x00,0x00,0xFF,
    0x00,0x00,0xFF,0x14,0xA5,0xFF,0xBE,0xF7,0xFF,0x1C,0xE7,0xFF,0xBE,0xF7,0xFF,0xBE,0xF7,0xFF,0x7D,0xEF,0xFF,0xFF,0xFF,0xFF,0x9E,0xF7,0xFF,0x9E,0xF7,0xFF,0xDF,0xFF,0xFF,0xBE,0xF7,0xFF,
    0x3C,0xE7,0xFF,0xBE,0xF7,0xFF,0xDF,0xFF,0xFF,0x9E,0xF7,0xFF,0xBE,0xF7,0xFF,0xBE,0xF7,0xFF,0x9E,0xF7,0xFF,0x9E,0xF7,0xFF,0xBE,0xF7,0xFF,0xBE,0xF7,0xFF,0x7D,0xEF,0xFF,0xBE,0xF7,0xFF,
    0xBE,0xF7,0xFF,0xDF,0xFF,0xFF,0xBE,0xF7,0xFF,0x7D,0xEF,0xFF,0xFF,0xFF,0xFF,0x1C,0xE7,0xFF,0x9E,0xF7,0xFF,0x00,0x00,0xFF,0x00,0x00,0xFF,0x9E,0xF7,0xFF,0x69,0x4A,0xFF,0x7D,0xEF,0xFF,
    0xBE,0xF7,0xFF,0xFF,0xFF,0xFF,0x7C,0xEF,0xFF,0x5C,0xEF,0xFF,0x92,0x94,0xFF,0x00,0x00,0xFF,0x40,0x29,0xFF,0xC0,0x10,0xFF,0x09,0xD7,0xFF,0xE9,0xEF,0xFF,0xC9,0xE7,0xFF,0xAC,0xE7,0xFF,
    0xA0,0x08,0xFF,0x20,0x00,0xFF,0xA0,0x18,0xFF,0x00,0x00,0xFF,0xC0,0x10,0xFF,0x80,0x08,0xFF,0xC0,0x10,0xFF,0x01,0x7C,0xFF,0xEA,0xF7,0xFF,0xE6,0xFF,0xFF,0xE3,0xF7,0xFF,0xE0,0xEF,0xFF,
    0xE1,0xFF,0xFF,0xA0,0xEF,0xFF,0xA1,0xF7,0xFF,0xE3,0xFF,0xFF,0xC1,0xF7,0xFF,0xE1,0xF7,0xFF,0xE2,0xFF,0xFF,0xA1,0xE7,0xFF,0x83,0xE7,0xFF,0xED,0xFF,0xFF,0x00,0x42,0xFF,0x60,0x08,0xFF,
    0x40,0x08,0xFF,0xA0,0x10,0xFF,0x40,0x08,0xFF,0x00,0x00,0xFF,0x80,0x10,0xFF,0x00,0x00,0xFF,0x69,0x52,0xFF,0xDF,0xFF,0xFF,0x7E,0xEF,0xFF,0x9F,0xF7,0xFF,0x9D,0xEF,0xFF,0xBE,0xF7,0xFF,
    0xBE,0xF7,0xFF,0xBE,0xF7,0xFF,0xBE,0xF7,0xFF,0xBE,0xF7,0xFF,0xFF,0xFF,0xFF,0xDF,0xFF,0xFF,0x9E,0xF7,0xFF,0x9E,0xF7,0xFF,0xFF,0xFF,0xFF,0xBE,0xF7,0xFF,0xBE,0xF7,0xFF,0xBE,0xF7,0xFF,
    0xFF,0xFF,0xFF,0xDF,0xFF,0xFF,0xBE,0xF7,0xFF,0xFF,0xFF,0xFF,0xC7,0x39,0xFF,0x20,0x00,0xFF,0x55,0xAD,0xFF,0x9E,0xF7,0xFF,0x7D,0xEF,0xFF,0xFF,0xFF,0xFF,0xFF,0xFF,0xFF,0x9E,0xF7,0xFF,
    0x9E,0xF7,0xFF,0xBE,0xF7,0xFF,0xDF,0xFF,0xFF,0xBE,0xF7,0xFF,0xBE,0xF7,0xFF,0xBE,0xF7,0xFF,0xBE,0xF7,0xFF,0xBE,0xF7,0xFF,0xBE,0xF7,0xFF,0xDF,0xFF,0xFF,0xFF,0xFF,0xFF,0x9E,0xF7,0xFF,
    0x5D,0xEF,0xFF,0x9E,0xF7,0xFF,0xFF,0xFF,0xFF,0x5D,0xEF,0xFF,0xDF,0xFF,0xFF,0xBE,0xF7,0xFF,0xBE,0xF7,0xFF,0x9E,0xF7,0xFF,0xBE,0xF7,0xFF,0x9E,0xF7,0xFF,0x9E,0xF7,0xFF,0xBE,0xF7,0xFF,
    0xBE,0xF7,0xFF,0x9E,0xF7,0xFF,0xBE,0xF7,0xFF,0x9E,0xF7,0xFF,0xBE,0xF7,0xFF,0x9E,0xF7,0xFF,0xBE,0xF7,0xFF,0xDF,0xFF,0xFF,0x38,0xC6,0xFF,0xBE,0xF7,0xFF,0xBE,0xF7,0xFF,0xBE,0xF7,0xFF,
    0xBE,0xF7,0xFF,0xBE,0xF7,0xFF,0xBE,0xF7,0xFF,0xBE,0xF7,0xFF,0xBE,0xF7,0xFF,0xBE,0xF7,0xFF,0x9E,0xF7,0xFF,0xDF,0xFF,0xFF,0xBE,0xF7,0xFF,0xFF,0xFF,0xFF,0x7D,0xEF,0xFF,0xBE,0xF7,0xFF,
    0x3C,0xE7,0xFF,0x00,0x00,0xFF,0x00,0x00,0xFF,0x00,0x00,0xFF,0xFF,0xFF,0xFF,0xFF,0xFF,0xFF,0xFF,0xFF,0xFF,0xBE,0xF7,0xFF,0xFF,0xFF,0xFF,0xFF,0xFF,0xFF,0xFF,0xFF,0xFF,0xFF,0xFF,0xFF,
    0xFF,0xFF,0xFF,0xFF,0xFF,0xFF,0xFF,0xFF,0xFF,0xFF,0xFF,0xFF,0xFF,0xFF,0xFF,0xFF,0xFF,0xFF,0xFF,0xFF,0xFF,0xFF,0xFF,0xFF,0x82,0x10,0xFF,0x20,0x00,0xFF,0x00,0x00,0xFF,0x00,0x00,0xFF,
    0x00,0x00,0xFF,0x82,0x10,0xFF,0xFB,0xDE,0xFF,0xFF,0xFF,0xFF,0xFF,0xFF,0xFF,0x24,0x21,0xFF,0x00,0x00,0xFF,0x00,0x00,0xFF,0x00,0x00,0xFF,0x00,0x00,0xFF,0x00,0x00,0xFF,0xCB,0x5A,0xFF,
    0xFF,0xFF,0xFF,0xBE,0xF7,0xFF,0x38,0xC6,0xFF,0x00,0x00,0xFF,0x61,0x08,0xFF,0x20,0x00,0xFF,0x00,0x00,0xFF,0x00,0x00,0xFF,0xE3,0x18,0xFF,0xFF,0xFF,0xFF,0xDF,0xFF,0xFF,0xF3,0x9C,0xFF,
    0x00,0x00,0xFF,0x00,0x00,0xFF,0x20,0x00,0xFF,0x61,0x08,0xFF,0x20,0x00,0xFF,0x61,0x08,0xFF,0x00,0x00,0xFF,0x20,0x00,0xFF,0x00,0x00,0xFF,0x41,0x08,0xFF,0x61,0x08,0xFF,0x20,0x00,0xFF,
    0x20,0x00,0xFF,0x00,0x00,0xFF,0x61,0x08,0xFF,0x00,0x00,0xFF,0x20,0x00,0xFF,0x41,0x08,0xFF,0xE3,0x18,0xFF,0xFF,0xFF,0xFF,0xFF,0xFF,0xFF,0xFF,0xFF,0xFF,0x00,0x00,0xFF,0x00,0x00,0xFF,
    0x00,0x00,0xFF,0x20,0x00,0xFF,0x00,0x00,0xFF,0x41,0x08,0xFF,0xFF,0xFF,0xFF,0xFF,0xFF,0xFF,0xFF,0xFF,0xFF,0x82,0x10,0xFF,0x00,0x00,0xFF,0x00,0x00,0xFF,0x20,0x00,0xFF,0x20,0x00,0xFF,
    0x61,0x08,0xFF,0x00,0x00,0xFF,0x00,0x00,0xFF,0x00,0x00,0xFF,0x82,0x10,0xFF,0xFF,0xFF,0xFF,0xDF,0xFF,0xFF,0xFF,0xFF,0xFF,0xFF,0xFF,0xFF,0x24,0x21,0xFF,0x00,0x00,0xFF,0xA2,0x10,0xFF,
    0x00,0x00,0xFF,0x41,0x08,0xFF,0x20,0x00,0xFF,0x00,0x00,0xFF,0x00,0x00,0xFF,0x00,0x00,0xFF,0x20,0x00,0xFF,0x00,0x00,0xFF,0x00,0x00,0xFF,0x00,0x00,0xFF,0x20,0x00,0xFF,0x41,0x08,0xFF,
    0x49,0x4A,0xFF,0xDF,0xFF,0xFF,0x28,0x42,0xFF,0x00,0x00,0xFF,0x20,0x00,0xFF,0x00,0x00,0xFF,0x61,0x08,0xFF,0x00,0x00,0xFF,0xF3,0x9C,0xFF,0xFF,0xFF,0xFF,0xFF,0xFF,0xFF,0xFF,0xFF,0xFF,
    0xFF,0xFF,0xFF,0xFF,0xFF,0xFF,0xFF,0xFF,0xFF,0x41,0x08,0xFF,0x41,0x08,0xFF,0x00,0x00,0xFF,0x00,0x00,0xFF,0x20,0x00,0xFF,0x00,0x00,0xFF,0xFF,0xFF,0xFF,0x9E,0xF7,0xFF,0x20,0x00,0xFF,
    0x00,0x00,0xFF,0x00,0x00,0xFF,0x00,0x00,0xFF,0x20,0x00,0xFF,0x00,0x00,0xFF,0x00,0x00,0xFF,0x20,0x00,0xFF,0x20,0x00,0xFF,0x20,0x00,0xFF,0x20,0x00,0xFF,0x20,0x00,0xFF,0x00,0x00,0xFF,
    0x00,0x00,0xFF,0x00,0x00,0xFF,0x20,0x00,0xFF,0x41,0x08,0xFF,0x82,0x10,0xFF,0xDF,0xFF,0xFF,0xFF,0xFF,0xFF,0xDF,0xFF,0xFF,0xE3,0x18,0xFF,0x00,0x00,0xFF,0x61,0x08,0xFF,0x00,0x00,0xFF,
    0x00,0x00,0xFF,0x00,0x00,0xFF,0x00,0x00,0xFF,0x00,0x00,0xFF,0x00,0x00,0xFF,0x00,0x00,0xFF,0x00,0x00,0xFF,0x00,0x00,0xFF,0x20,0x00,0xFF,0x00,0x00,0xFF,0x00,0x00,0xFF,0x20,0x00,0xFF,
    0x20,0x00,0xFF,0xA6,0x31,0xFF,0xFF,0xFF,0xFF,0xFF,0xFF,0xFF,0xFF,0xFF,0xFF,0xDF,0xFF,0xFF,0xFF,0xFF,0xFF,0xFF,0xFF,0xFF,0x61,0x08,0xFF,0x00,0x00,0xFF,0x00,0x00,0xFF,0x00,0x00,0xFF,
    0x00,0x00,0xFF,0x20,0x00,0xFF,0x1C,0xE7,0xFF,0xFF,0xFF,0xFF,0xFF,0xFF,0xFF,0xFF,0xFF,0xFF,0xFF,0xFF,0xFF,0x9E,0xF7,0xFF,0xFF,0xFF,0xFF,0xDB,0xDE,0xFF,0x20,0x00,0xFF,0x41,0x08,0xFF,
    0x00,0x00,0xFF,0x20,0x00,0xFF,0x20,0x00,0xFF,0x00,0x00,0xFF,0x00,0x00,0xFF,0x20,0x00,0xFF,0x00,0x00,0xFF,0x00,0x00,0xFF,0x00,0x00,0xFF,0x41,0x08,0xFF,0x00,0x00,0xFF,0x20,0x00,0xFF,
    0x41,0x08,0xFF,0x00,0x00,0xFF,0x61,0x08,0xFF,0x28,0x42,0xFF,0xDF,0xFF,0xFF,0x86,0x31,0xFF,0x41,0x08,0xFF,0x00,0x00,0xFF,0x00,0x00,0xFF,0x00,0x00,0xFF,0x41,0x08,0xFF,0x38,0xC6,0xFF,
    0xDF,0xFF,0xFF,0xFF,0xFF,0xFF,0x9A,0xD6,0xFF,0x41,0x08,0xFF,0x20,0x00,0xFF,0x00,0x00,0xFF,0x00,0x00,0xFF,0x00,0x00,0xFF,0x41,0x08,0xFF,0xA2,0x10,0xFF,0xDF,0xFF,0xFF,0xFF,0xFF,0xFF,
    0xFF,0xFF,0xFF,0xFF,0xFF,0xFF,0xFF,0xFF,0xFF,0xFF,0xFF,0xFF,0xBE,0xF7,0xFF,0x9E,0xF7,0xFF,0xFF,0xFF,0xFF,0xFF,0xFF,0xFF,0xFF,0xFF,0xFF,0xFF,0xFF,0xFF,0xFF,0xFF,0xFF,0xFF,0xFF,0xFF,
    0xFF,0xFF,0xFF,0xFF,0xFF,0xFF,0xFF,0xFF,0xFF,0x9E,0xF7,0xFF,0x20,0x00,0xFF,0x20,0x00,0xFF,0x00,0x00,0xFF,0x20,0x00,0xFF,0xCF,0x7B,0xFF,0xFF,0xFF,0xFF,0xBE,0xF7,0xFF,0xDF,0xFF,0xFF,
    0xDF,0xFF,0xFF,0x5D,0xEF,0xFF,0x9E,0xF7,0xFF,0xDF,0xFF,0xFF,0x3C,0xE7,0xFF,0xDF,0xFF,0xFF,0xFF,0xFF,0xFF,0xDF,0xFF,0xFF,0xBE,0xF7,0xFF,0xDF,0xFF,0xFF,0xBE,0xF7,0xFF,0x9E,0xF7,0xFF,
    0xBE,0xF7,0xFF,0xBE,0xF7,0xFF,0x9E,0xF7,0xFF,0xBE,0xF7,0xFF,0x5D,0xEF,0xFF,0xFF,0xFF,0xFF,0x7D,0xEF,0xFF,0xBE,0xF7,0xFF,0x7D,0xEF,0xFF,0xFF,0xFF,0xFF,0x7D,0xEF,0xFF,0xFF,0xFF,0xFF,
    0x69,0x4A,0xFF,0x00,0x00,0xFF,0x00,0x00,0xFF,0x20,0x00,0xFF,0xEB,0x5A,0xFF,0x14,0xA5,0xFF,0xFF,0xFF,0xFF,0x1B,0xE7,0xFF,0xFD,0xFF,0xFF,0xDC,0xF7,0xFF,0x00,0x00,0xFF,0x6D,0x73,0xFF,
    0x20,0x00,0xFF,0xE8,0x94,0xFF,0x8D,0xE7,0xFF,0x8C,0xE7,0xFF,0x4F,0xDF,0xFF,0xA0,0x10,0xFF,0x40,0x08,0xFF,0x20,0x00,0xFF,0x60,0x08,0xFF,0x00,0x11,0xFF,0x00,0x32,0xFF,0x0B,0xCF,0xFF,
    0x4B,0xDF,0xFF,0xEA,0xF7,0xFF,0x84,0xE7,0xFF,0xA1,0xE7,0xFF,0xA0,0xE7,0xFF,0xE1,0xF7,0xFF,0xE0,0xF7,0xFF,0xE0,0xF7,0xFF,0x80,0xEF,0xFF,0xE1,0xFF,0xFF,0xC2,0xF7,0xFF,0xC2,0xF7,0xFF,
    0xE2,0xF7,0xFF,0xE3,0xEF,0xFF,0xE6,0xF7,0xFF,0x4B,0xE7,0xFF,0x80,0x10,0xFF,0x00,0x00,0xFF,0x40,0x00,0xFF,0x20,0x00,0xFF,0x00,0x00,0xFF,0x61,0x08,0xFF,0x60,0x08,0xFF,0xB9,0xD6,0xFF,
    0xBD,0xF7,0xFF,0xBE,0xFF,0xFF,0xBF,0xFF,0xFF,0x9F,0xF7,0xFF,0xFF,0xFF,0xFF,0xFE,0xFF,0xFF,0x3C,0xE7,0xFF,0xDF,0xFF,0xFF,0xDF,0xFF,0xFF,0xBE,0xF7,0xFF,0x3C,0xE7,0xFF,0xFF,0xFF,0xFF,
    0x9E,0xF7,0xFF,0x7D,0xEF,0xFF,0x9E,0xF7,0xFF,0xBE,0xF7,0xFF,0xBE,0xF7,0xFF,0x7D,0xEF,0xFF,0xFF,0xFF,0xFF,0x9E,0xF7,0xFF,0x5D,0xEF,0xFF,0x61,0x08,0xFF,0xA2,0x10,0xFF,0xFB,0xDE,0xFF,
    0x7D,0xEF,0xFF,0xBE,0xF7,0xFF,0x7D,0xEF,0xFF,0x9E,0xF7,0xFF,0x7D,0xEF,0xFF,0xFF,0xFF,0xFF,0x1C,0xE7,0xFF,0xDF,0xFF,0xFF,0xDF,0xFF,0xFF,0xBE,0xF7,0xFF,0xBE,0xF7,0xFF,0xBE,0xF7,0xFF,
    0xBE,0xF7,0xFF,0xBE,0xF7,0xFF,0xBE,0xF7,0xFF,0xDF,0xFF,0xFF,0x9E,0xF7,0xFF,0xBE,0xF7,0xFF,0xDF,0xFF,0xFF,0x9E,0xF7,0xFF,0xBE,0xF7,0xFF,0xBE,0xF7,0xFF,0xDF,0xFF,0xFF,0xBE,0xF7,0xFF,
    0x9E,0xF7,0xFF,0xBE,0xF7,0xFF,0x7D,0xEF,0xFF,0x9E,0xF7,0xFF,0xFF,0xFF,0xFF,0x9E,0xF7,0xFF,0x7D,0xEF,0xFF,0xFF,0xFF,0xFF,0xBE,0xF7,0xFF,0x9E,0xF7,0xFF,0xDF,0xFF,0xFF,0xBE,0xF7,0xFF,
    0x9E,0xF7,0xFF,0xFF,0xFF,0xFF,0x3C,0xE7,0xFF,0x7D,0xEF,0xFF,0xBE,0xF7,0xFF,0xBE,0xF7,0xFF,0xBE,0xF7,0xFF,0xBE,0xF7,0xFF,0xBE,0xF7,0xFF,0xBE,0xF7,0xFF,0xBE,0xF7,0xFF,0xBE,0xF7,0xFF,
    0x9E,0xF7,0xFF,0xBE,0xF7,0xFF,0xBE,0xF7,0xFF,0xDF,0xFF,0xFF,0x9E,0xF7,0xFF,0xBE,0xF7,0xFF,0xEF,0x7B,0xFF,0x41,0x08,0xFF,0x00,0x00,0xFF,0xC7,0x39,0xFF,0x7D,0xEF,0xFF,0xFF,0xFF,0xFF,
    0xFF,0xFF,0xFF,0xDF,0xFF,0xFF,0xFF,0xFF,0xFF,0xFF,0xFF,0xFF,0xFF,0xFF,0xFF,0xFF,0xFF,0xFF,0xFF,0xFF,0xFF,0xFF,0xFF,0xFF,0xFF,0xFF,0xFF,0xFF,0xFF,0xFF,0xFF,0xFF,0xFF,0xFF,0xFF,0xFF,
    0xFF,0xFF,0xFF,0xFF,0xFF,0xFF,0x00,0x00,0xFF,0x00,0x00,0xFF,0x00,0x00,0xFF,0x20,0x00,0xFF,0x20,0x00,0xFF,0x00,0x00,0xFF,0xFF,0xFF,0xFF,0xFF,0xFF,0xFF,0xFF,0xFF,0xFF,0x4D,0x6B,0xFF,
    0x00,0x00,0xFF,0x82,0x10,0xFF,0x00,0x00,0xFF,0x20,0x00,0xFF,0xE7,0x39,0xFF,0xDF,0xFF,0xFF,0xFF,0xFF,0xFF,0xFF,0xFF,0xFF,0x04,0x21,0xFF,0x00,0x00,0xFF,0x00,0x00,0xFF,0x00,0x00,0xFF,
    0x41,0x08,0xFF,0x20,0x00,0xFF,0x79,0xCE,0xFF,0xFF,0xFF,0xFF,0x1B,0xE7,0xFF,0x00,0x00,0xFF,0x20,0x00,0xFF,0x41,0x08,0xFF,0x00,0x00,0xFF,0x00,0x00,0xFF,0x00,0x00,0xFF,0x00,0x00,0xFF,
    0x81,0x10,0xFF,0x00,0x00,0xFF,0x00,0x00,0xFF,0x41,0x08,0xFF,0x00,0x00,0xFF,0x21,0x00,0xFF,0xEB,0x5A,0xFF,0x61,0x08,0xFF,0x00,0x00,0xFF,0x41,0x08,0xFF,0x20,0x00,0xFF,0x00,0x00,0xFF,
    0x61,0x10,0xFF,0xDF,0xFF,0xFF,0xDF,0xFF,0xFF,0xFB,0xDE,0xFF,0x20,0x00,0xFF,0x20,0x00,0xFF,0x00,0x00,0xFF,0x41,0x08,0xFF,0x41,0x08,0xFF,0xA2,0x10,0xFF,0xDF,0xFF,0xFF,0xDE,0xFF,0xFF,
    0xDF,0xFF,0xFF,0x04,0x21,0xFF,0x41,0x08,0xFF,0x20,0x00,0xFF,0x00,0x00,0xFF,0x00,0x00,0xFF,0x00,0x00,0xFF,0x20,0x00,0xFF,0x21,0x08,0xFF,0x61,0x10,0xFF,0x31,0x8C,0xFF,0xFF,0xFF,0xFF,
    0xFF,0xFF,0xFF,0xFF,0xFF,0xFF,0xFF,0xFF,0xFF,0xFF,0xFF,0xFF,0x00,0x00,0xFF,0x00,0x00,0xFF,0x00,0x00,0xFF,0x20,0x00,0xFF,0x00,0x00,0xFF,0x41,0x08,0xFF,0x21,0x08,0xFF,0x00,0x00,0xFF,
    0x00,0x00,0xFF,0x20,0x00,0xFF,0x00,0x00,0xFF,0x00,0x00,0xFF,0x00,0x00,0xFF,0x40,0x08,0xFF,0xFF,0xFF,0xFF,0xFF,0xFF,0xFF,0x41,0x08,0xFF,0x00,0x00,0xFF,0x00,0x00,0xFF,0x41,0x00,0xFF,
    0x41,0x08,0xFF,0x00,0x00,0xFF,0xDF,0xFF,0xFF,0xFF,0xFF,0xFF,0xBE,0xF7,0xFF,0xFF,0xFF,0xFF,0xDF,0xFF,0xFF,0xDF,0xFF,0xFF,0x5D,0xEF,0xFF,0x21,0x00,0xFF,0x00,0x00,0xFF,0x61,0x08,0xFF,
    0x00,0x00,0xFF,0x00,0x00,0xFF,0x81,0x10,0xFF,0xFF,0xFF,0xFF,0x71,0x94,0xFF,0x00,0x00,0xFF,0x00,0x00,0xFF,0x41,0x08,0xFF,0x00,0x00,0xFF,0x00,0x00,0xFF,0x82,0x10,0xFF,0x20,0x00,0xFF,
    0x00,0x00,0xFF,0x00,0x00,0xFF,0x00,0x00,0xFF,0x00,0x00,0xFF,0x21,0x00,0xFF,0x00,0x00,0xFF,0x62,0x08,0xFF,0x20,0x00,0xFF,0x00,0x00,0xFF,0x00,0x00,0xFF,0x3C,0xE7,0xFF,0xDE,0xFF,0xFF,
    0xFF,0xFF,0xFF,0x8D,0x73,0xFF,0x00,0x00,0xFF,0x00,0x00,0xFF,0x20,0x00,0xFF,0x20,0x00,0xFF,0x00,0x00,0xFF,0x00,0x00,0xFF,0x00,0x00,0xFF,0x00,0x00,0xFF,0x00,0x00,0xFF,0x00,0x00,0xFF,
    0x00,0x00,0xFF,0x00,0x00,0xFF,0x00,0x00,0xFF,0x00,0x00,0xFF,0x00,0x00,0xFF,0x00,0x00,0xFF,0x00,0x00,0xFF,0xBE,0xF7,0xFF,0xFF,0xFF,0xFF,0xDE,0xFF,0xFF,0xFF,0xFF,0xFF,0xFF,0xFF,0xFF,
    0xFF,0xFF,0xFF,0xBF,0xF7,0xFF,0x00,0x00,0xFF,0x21,0x00,0xFF,0x00,0x00,0xFF,0x20,0x08,0xFF,0x00,0x00,0xFF,0x00,0x00,0xFF,0xFF,0xFF,0xFF,0xDE,0xFF,0xFF,0xFF,0xFF,0xFF,0xFF,0xFF,0xFF,
    0x7D,0xF7,0xFF,0xFF,0xFF,0xFF,0x9E,0xF7,0xFF,0x28,0x42,0xFF,0x00,0x00,0xFF,0x00,0x00,0xFF,0x20,0x00,0xFF,0x20,0x00,0xFF,0x00,0x00,0xFF,0x20,0x00,0xFF,0x00,0x00,0xFF,0x20,0x00,0xFF,
    0x00,0x00,0xFF,0x40,0x08,0xFF,0x20,0x00,0xFF,0x00,0x00,0xFF,0x41,0x08,0xFF,0x00,0x00,0xFF,0x00,0x00,0xFF,0x00,0x00,0xFF,0x00,0x00,0xFF,0xDF,0xFF,0xFF,0xBE,0xF7,0xFF,0x00,0x00,0xFF,
    0x00,0x00,0xFF,0x41,0x08,0xFF,0x00,0x00,0xFF,0x61,0x08,0xFF,0x00,0x00,0xFF,0xFF,0xFF,0xFF,0xDF,0xFF,0xFF,0xFF,0xFF,0xFF,0xFF,0xFF,0xFF,0xFB,0xDE,0xFF,0x00,0x00,0xFF,0x00,0x00,0xFF,
    0x00,0x00,0xFF,0x00,0x00,0xFF,0x20,0x00,0xFF,0x00,0x00,0xFF,0x41,0x08,0xFF,0xFF,0xFF,0xFF,0xDF,0xFF,0xFF,0xDE,0xFF,0xFF,0xFF,0xFF,0xFF,0xFF,0xFF,0xFF,0xFF,0xFF,0xFF,0xFF,0xFF,0xFF,
    0xBE,0xFF,0xFF,0xFF,0xFF,0xFF,0xFF,0xFF,0xFF,0xFF,0xFF,0xFF,0xFF,0xFF,0xFF,0xDF,0xFF,0xFF,0xDF,0xFF,0xFF,0xFF,0xFF,0xFF,0xFF,0xFF,0xFF,0xFF,0xFF,0xFF,0xDF,0xFF,0xFF,0x21,0x00,0xFF,
    0x41,0x08,0xFF,0x00,0x00,0xFF,0x41,0x08,0xFF,0xA6,0x31,0xFF,0x9D,0xF7,0xFF,0xDE,0xFF,0xFF,0xBE,0xF7,0xFF,0xDF,0xFF,0xFF,0xDF,0xFF,0xFF,0x9E,0xF7,0xFF,0xDF,0xFF,0xFF,0xFF,0xFF,0xFF,
    0x7D,0xEF,0xFF,0x5D,0xEF,0xFF,0x9E,0xF7,0xFF,0xFF,0xFF,0xFF,0xDF,0xFF,0xFF,0x9E,0xF7,0xFF,0xDF,0xFF,0xFF,0xBE,0xF7,0xFF,0x7D,0xEF,0xFF,0x9E,0xF7,0xFF,0xFF,0xFF,0xFF,0x7D,0xEF,0xFF,
    0x9E,0xF7,0xFF,0xDF,0xFF,0xFF,0xBE,0xF7,0xFF,0x7D,0xEF,0xFF,0x55,0xAD,0xFF,0x00,0x00,0xFF,0x6D,0x6B,0xFF,0xFF,0xFF,0xFF,0x7D,0xEF,0xFF,0x82,0x10,0xFF,0x00,0x00,0xFF,0x45,0x29,0xFF,
    0x7D,0xEF,0xFF,0xDE,0xFF,0xFF,0xDC,0xF7,0xFF,0x25,0x42,0xFF,0x60,0x08,0xFF,0x69,0x6B,0xFF,0xA0,0x08,0xFF,0x51,0xE7,0xFF,0xB0,0xEF,0xFF,0x70,0xE7,0xFF,0xC0,0x10,0xFF,0x40,0x08,0xFF,
    0x40,0x08,0xFF,0x80,0x10,0xFF,0xE0,0x39,0xFF,0x2D,0xDF,0xFF,0xEC,0xF7,0xFF,0xC8,0xEF,0xFF,0xE9,0xF7,0xFF,0x43,0xDF,0xFF,0xE4,0xF7,0xFF,0xE2,0xFF,0xFF,0xE0,0xEF,0xFF,0xE0,0xF7,0xFF,
    0xE0,0xF7,0xFF,0xA0,0xEF,0xFF,0xE2,0xFF,0xFF,0x80,0xEF,0xFF,0xE3,0xF7,0xFF,0xE3,0xFF,0xFF,0x60,0xDF,0xFF,0xE6,0xFF,0xFF,0x88,0xEF,0xFF,0x80,0x6B,0xFF,0x20,0x00,0xFF,0x41,0x08,0xFF,
    0x00,0x00,0xFF,0x00,0x00,0xFF,0x60,0x08,0xFF,0x6D,0x6B,0xFF,0xBD,0xF7,0xFF,0xBD,0xF7,0xFF,0x9D,0xF7,0xFF,0xBE,0xF7,0xFF,0x9F,0xF7,0xFF,0x5E,0xEF,0xFF,0x9D,0xF7,0xFF,0xDE,0xFF,0xFF,
    0xDE,0xF7,0xFF,0xBE,0xF7,0xFF,0xBE,0xF7,0xFF,0x96,0xB5,0xFF,0x0C,0x63,0xFF,0x1C,0xE7,0xFF,0x9E,0xF7,0xFF,0xFF,0xFF,0xFF,0x3C,0xE7,0xFF,0xFF,0xFF,0xFF,0xBE,0xF7,0xFF,0x9E,0xF7,0xFF,
    0xBE,0xF7,0xFF,0xFB,0xDE,0xFF,0x20,0x00,0xFF,0xC7,0x39,0xFF,0x7D,0xEF,0xFF,0xBE,0xF7,0xFF,0xBE,0xF7,0xFF,0x7D,0xEF,0xFF,0xDF,0xFF,0xFF,0xFF,0xFF,0xFF,0x9E,0xF7,0xFF,0x9E,0xF7,0xFF,
    0xFF,0xFF,0xFF,0xBE,0xF7,0xFF,0x9E,0xF7,0xFF,0x9E,0xF7,0xFF,0xBE,0xF7,0xFF,0xBE,0xF7,0xFF,0xBE,0xF7,0xFF,0xBE,0xF7,0xFF,0x9E,0xF7,0xFF,0x9E,0xF7,0xFF,0xBE,0xF7,0xFF,0x9E,0xF7,0xFF,
    0xDF,0xFF,0xFF,0x9E,0xF7,0xFF,0xFF,0xFF,0xFF,0x9E,0xF7,0xFF,0xDF,0xFF,0xFF,0x9E,0xF7,0xFF,0x9E,0xF7,0xFF,0xDF,0xFF,0xFF,0xBE,0xF7,0xFF,0xFF,0xFF,0xFF,0x5D,0xEF,0xFF,0xBE,0xF7,0xFF,
    0xFF,0xFF,0xFF,0x5D,0xEF,0xFF,0xBE,0xF7,0xFF,0x9E,0xF7,0xFF,0xFF,0xFF,0xFF,0xBE,0xF7,0xFF,0x5D,0xEF,0xFF,0xDF,0xFF,0xFF,0x9E,0xF7,0xFF,0x1C,0xE7,0xFF,0xBE,0xF7,0xFF,0xBE,0xF7,0xFF,
    0xBE,0xF7,0xFF,0xBE,0xF7,0xFF,0xBE,0xF7,0xFF,0xBE,0xF7,0xFF,0xBE,0xF7,0xFF,0xBE,0xF7,0xFF,0xDF,0xFF,0xFF,0x9E,0xF7,0xFF,0xBE,0xF7,0xFF,0xBE,0xF7,0xFF,0xBE,0xF7,0xFF,0x7D,0xEF,0xFF,
    0x20,0x00,0xFF,0x00,0x00,0xFF,0x00,0x00,0xFF,0xB6,0xB5,0xFF,0xFF,0xFF,0xFF,0xDF,0xFF,0xFF,0xFF,0xFF,0xFF,0xFF,0xFF,0xFF,0xBE,0xF7,0xFF,0xFF,0xFF,0xFF,0xFF,0xFF,0xFF,0xFF,0xFF,0xFF,
    0xDF,0xFF,0xFF,0xFF,0xFF,0xFF,0xFF,0xFF,0xFF,0xDF,0xFF,0xFF,0xFF,0xFF,0xFF,0xDF,0xF7,0xFF,0xFF,0xFF,0xFF,0x51,0x84,0xFF,0x00,0x00,0xFF,0x01,0x00,0xFF,0x01,0x00,0xFF,0x00,0x00,0xFF,
    0x82,0x10,0xFF,0xEB,0x5A,0xFF,0xFF,0xFF,0xFF,0xFE,0xFF,0xFF,0xFF,0xFF,0xFF,0x18,0xC6,0xFF,0x00,0x00,0xFF,0x00,0x00,0xFF,0x20,0x08,0xFF,0xC3,0x18,0xFF,0xBE,0xFF,0xFF,0xFF,0xFF,0xFF,
    0xFF,0xFF,0xFF,0xFF,0xFF,0xFF,0x00,0x00,0xFF,0x00,0x00,0xFF,0x00,0x00,0xFF,0x00,0x00,0xFF,0x00,0x00,0xFF,0x00,0x00,0xFF,0xBE,0xF7,0xFF,0xFF,0xFF,0xFF,0x00,0x00,0xFF,0x00,0x00,0xFF,
    0x20,0x00,0xFF,0x00,0x00,0xFF,0x00,0x00,0xFF,0x20,0x00,0xFF,0x20,0x08,0xFF,0x00,0x00,0xFF,0x20,0x08,0xFF,0x40,0x08,0xFF,0x00,0x00,0xFF,0x41,0x08,0xFF,0x00,0x00,0xFF,0xC3,0x18,0xFF,
    0xDF,0xFF,0xFF,0xA6,0x39,0xFF,0x00,0x00,0xFF,0x00,0x00,0xFF,0x00,0x00,0xFF,0x00,0x00,0xFF,0x20,0x08,0xFF,0xFF,0xFF,0xFF,0xBE,0xFF,0xFF,0x85,0x31,0xFF,0x00,0x00,0xFF,0x00,0x00,0xFF,
    0x00,0x00,0xFF,0x00,0x00,0xFF,0x20,0x08,0xFF,0xB6,0xB5,0xFF,0xDE,0xFF,0xFF,0xFF,0xFF,0xFF,0xBE,0xF7,0xFF,0x71,0x8C,0xFF,0x00,0x00,0xFF,0x01,0x00,0xFF,0x00,0x00,0xFF,0x01,0x00,0xFF,
    0x00,0x00,0xFF,0x00,0x00,0xFF,0x00,0x00,0xFF,0x00,0x00,0xFF,0xFF,0xFF,0xFF,0xBF,0xFF,0xFF,0xDF,0xFF,0xFF,0xFF,0xFF,0xFF,0xFF,0xFF,0xFF,0xFF,0xFF,0xFF,0xFF,0xFF,0xFF,0x45,0x29,0xFF,
    0x00,0x00,0xFF,0x61,0x08,0xFF,0x00,0x00,0xFF,0x00,0x00,0xFF,0x00,0x00,0xFF,0x40,0x08,0xFF,0x00,0x00,0xFF,0x20,0x00,0xFF,0x00,0x00,0xFF,0x61,0x08,0xFF,0x00,0x00,0xFF,0xDE,0xFF,0xFF,
    0xFF,0xFF,0xFF,0x38,0xC6,0xFF,0x00,0x00,0xFF,0x41,0x00,0xFF,0x00,0x00,0xFF,0x21,0x00,0xFF,0x00,0x00,0xFF,0x66,0x31,0xFF,0xDF,0xFF,0xFF,0xDF,0xFF,0xFF,0xBF,0xFF,0xFF,0xDF,0xFF,0xFF,
    0xFF,0xFF,0xFF,0x9E,0xF7,0xFF,0x2D,0x63,0xFF,0x00,0x00,0xFF,0x00,0x00,0xFF,0x20,0x00,0xFF,0x20,0x00,0xFF,0x00,0x00,0xFF,0xF3,0xA4,0xFF,0xFF,0xFF,0xFF,0x40,0x08,0xFF,0x20,0x08,0xFF,
    0x00,0x00,0xFF,0x00,0x00,0xFF,0x00,0x00,0xFF,0x00,0x00,0xFF,0x00,0x00,0xFF,0x00,0x00,0xFF,0x00,0x00,0xFF,0x00,0x00,0xFF,0x21,0x00,0xFF,0x42,0x00,0xFF,0x00,0x00,0xFF,0x21,0x00,0xFF,
    0x21,0x00,0xFF,0x82,0x10,0xFF,0x00,0x00,0xFF,0xDB,0xDE,0xFF,0xFF,0xFF,0xFF,0xDE,0xFF,0xFF,0x38,0xC6,0xFF,0x00,0x00,0xFF,0x20,0x00,0xFF,0x20,0x00,0xFF,0x00,0x00,0xFF,0x20,0x00,0xFF,
    0x00,0x00,0xFF,0x00,0x00,0xFF,0x00,0x00,0xFF,0x00,0x00,0xFF,0x00,0x00,0xFF,0x00,0x00,0xFF,0x00,0x00,0xFF,0x00,0x00,0xFF,0x00,0x00,0xFF,0x20,0x00,0xFF,0x00,0x00,0xFF,0x20,0x00,0xFF,
    0xEF,0x83,0xFF,0x9D,0xF7,0xFF,0xFF,0xFF,0xFF,0xFF,0xFF,0xFF,0xFF,0xFF,0xFF,0x7D,0xEF,0xFF,0xDF,0xFF,0xFF,0x0D,0x63,0xFF,0x00,0x00,0xFF,0x62,0x10,0xFF,0x00,0x00,0xFF,0x00,0x08,0xFF,
    0x20,0x08,0xFF,0xEF,0x83,0xFF,0xBE,0xFF,0xFF,0xFF,0xFF,0xFF,0xDE,0xFF,0xFF,0xFF,0xFF,0xFF,0xBE,0xFF,0xFF,0xFF,0xFF,0xFF,0xFF,0xFF,0xFF,0x00,0x00,0xFF,0x00,0x00,0xFF,0x00,0x00,0xFF,
    0x00,0x00,0xFF,0x00,0x00,0xFF,0x20,0x08,0xFF,0x20,0x00,0xFF,0x00,0x00,0xFF,0x00,0x00,0xFF,0x00,0x00,0xFF,0x00,0x00,0xFF,0x00,0x00,0xFF,0x00,0x00,0xFF,0x00,0x00,0xFF,0x00,0x00,0xFF,
    0x01,0x08,0xFF,0x01,0x00,0xFF,0xBF,0xFF,0xFF,0x5D,0xEF,0xFF,0xD7,0xBD,0xFF,0x40,0x00,0xFF,0x00,0x00,0xFF,0x40,0x00,0xFF,0x20,0x00,0xFF,0x40,0x08,0xFF,0xE7,0x41,0xFF,0xFF,0xFF,0xFF,
    0xBE,0xFF,0xFF,0xFF,0xFF,0xFF,0xDE,0xFF,0xFF,0xFF,0xFF,0xFF,0x1B,0xE7,0xFF,0x00,0x00,0xFF,0x40,0x08,0xFF,0x00,0x00,0xFF,0x00,0x00,0xFF,0x00,0x00,0xFF,0x20,0x08,0xFF,0x81,0x10,0xFF,
    0xDF,0xFF,0xFF,0xFF,0xFF,0xFF,0x9E,0xF7,0xFF,0xFF,0xFF,0xFF,0xFF,0xFF,0xFF,0xDE,0xFF,0xFF,0xFF,0xFF,0xFF,0x9E,0xF7,0xFF,0xFF,0xFF,0xFF,0xFF,0xFF,0xFF,0xFF,0xFF,0xFF,0xFF,0xFF,0xFF,
    0xFF,0xFF,0xFF,0xFF,0xFF,0xFF,0xFF,0xFF,0xFF,0xFF,0xFF,0xFF,0xDF,0xFF,0xFF,0xFF,0xFF,0xFF,0x62,0x08,0xFF,0x41,0x08,0xFF,0x00,0x00,0xFF,0x20,0x00,0xFF,0x40,0x08,0xFF,0x5C,0xE7,0xFF,
    0xBE,0xF7,0xFF,0xBE,0xF7,0xFF,0xDF,0xFF,0xFF,0x9E,0xF7,0xFF,0xBE,0xF7,0xFF,0x9E,0xF7,0xFF,0xBE,0xF7,0xFF,0xBE,0xF7,0xFF,0xFF,0xFF,0xFF,0x7D,0xEF,0xFF,0xBE,0xF7,0xFF,0xFF,0xFF,0xFF,
    0x7D,0xEF,0xFF,0x7D,0xEF,0xFF,0xFF,0xFF,0xFF,0xDF,0xFF,0xFF,0x9E,0xF7,0xFF,0xBE,0xF7,0xFF,0xBE,0xF7,0xFF,0xDF,0xFF,0xFF,0xFF,0xFF,0xFF,0x69,0x4A,0xFF,0xE3,0x18,0xFF,0x5D,0xEF,0xFF,
    0x7D,0xEF,0xFF,0xBE,0xF7,0xFF,0xBE,0xF7,0xFF,0xDF,0xFF,0xFF,0x0C,0x63,0xFF,0x20,0x00,0xFF,0xCF,0x7B,0xFF,0xDF,0xFF,0xFF,0x9E,0xF7,0xFF,0x40,0x08,0xFF,0x6A,0x84,0xFF,0x20,0x11,0xFF,
    0x00,0x32,0xFF,0x70,0xDF,0xFF,0x93,0xE7,0xFF,0x40,0x19,0xFF,0x80,0x10,0xFF,0x40,0x08,0xFF,0x00,0x21,0xFF,0x2C,0xC6,0xFF,0x4C,0xEF,0xFF,0xEA,0xFF,0xFF,0x43,0xE7,0xFF,0xE3,0xF7,0xFF,
    0x62,0xE7,0xFF,0xE5,0xFF,0xFF,0xA1,0xEF,0xFF,0xA0,0xEF,0xFF,0xE1,0xFF,0xFF,0xC0,0xEF,0xFF,0xE1,0xFF,0xFF,0xE1,0xF7,0xFF,0xA1,0xEF,0xFF,0xE3,0xF7,0xFF,0xE2,0xF7,0xFF,0xC0,0xE7,0xFF,
    0xE3,0xEF,0xFF,0xC7,0xEF,0xFF,0x8C,0xE7,0xFF,0x60,0x08,0xFF,0x40,0x08,0xFF,0x21,0x00,0xFF,0x00,0x00,0xFF,0x40,0x00,0xFF,0x00,0x00,0xFF,0x24,0x21,0xFF,0xFF,0xFF,0xFF,0xBE,0xF7,0xFF,
    0x9E,0xF7,0xFF,0xBE,0xF7,0xFF,0x7E,0xEF,0xFF,0xFF,0xFF,0xFF,0x9D,0xF7,0xFF,0xDF,0xFF,0xFF,0x9E,0xF7,0xFF,0xDF,0xFF,0xFF,0x9E,0xF7,0xFF,0xBE,0xF7,0xFF,0xBE,0xF7,0xFF,0xA6,0x31,0xFF,
    0x38,0xC6,0xFF,0xDF,0xFF,0xFF,0xBE,0xF7,0xFF,0xDF,0xFF,0xFF,0x9E,0xF7,0xFF,0xDF,0xFF,0xFF,0x59,0xCE,0xFF,0x61,0x08,0xFF,0xCF,0x7B,0xFF,0x7D,0xEF,0xFF,0xDF,0xFF,0xFF,0x7D,0xEF,0xFF,
    0xDF,0xFF,0xFF,0xBE,0xF7,0xFF,0x9E,0xF7,0xFF,0x9E,0xF7,0xFF,0xDF,0xFF,0xFF,0x7D,0xEF,0xFF,0xDF,0xFF,0xFF,0x9E,0xF7,0xFF,0x9E,0xF7,0xFF,0xBE,0xF7,0xFF,0x7D,0xEF,0xFF,0x7D,0xEF,0xFF,
    0xDF,0xFF,0xFF,0xBE,0xF7,0xFF,0xDF,0xFF,0xFF,0xDF,0xFF,0xFF,0xBE,0xF7,0xFF,0xBE,0xF7,0xFF,0xBE,0xF7,0xFF,0xBE,0xF7,0xFF,0xBE,0xF7,0xFF,0xBE,0xF7,0xFF,0xBE,0xF7,0xFF,0xBE,0xF7,0xFF,
    0xBE,0xF7,0xFF,0xBE,0xF7,0xFF,0xBE,0xF7,0xFF,0xBE,0xF7,0xFF,0xBE,0xF7,0xFF,0xBE,0xF7,0xFF,0xBE,0xF7,0xFF,0xBE,0xF7,0xFF,0xBE,0xF7,0xFF,0xDF,0xFF,0xFF,0x9E,0xF7,0xFF,0xDF,0xFF,0xFF,
    0xBE,0xF7,0xFF,0xDF,0xFF,0xFF,0xBE,0xF7,0xFF,0xB6,0xB5,0xFF,0x9E,0xF7,0xFF,0x9E,0xF7,0xFF,0xBE,0xF7,0xFF,0xBE,0xF7,0xFF,0xBE,0xF7,0xFF,0xBE,0xF7,0xFF,0xBE,0xF7,0xFF,0xBE,0xF7,0xFF,
    0xBE,0xF7,0xFF,0x9E,0xF7,0xFF,0xBE,0xF7,0xFF,0x7D,0xEF,0xFF,0x9E,0xF7,0xFF,0x7D,0xEF,0xFF,0x00,0x00,0xFF,0x00,0x00,0xFF,0x00,0x00,0xFF,0xFF,0xFF,0xFF,0xFF,0xFF,0xFF,0xFF,0xFF,0xFF,
    0xFF,0xFF,0xFF,0xFF,0xFF,0xFF,0xDF,0xFF,0xFF,0xFF,0xFF,0xFF,0xFF,0xFF,0xFF,0xFF,0xFF,0xFF,0xFF,0xFF,0xFF,0x9E,0xF7,0xFF,0xFF,0xFF,0xFF,0xDE,0xFF,0xFF,0x9D,0xEF,0xFF,0xFF,0xFF,0xFF,
    0x9E,0xEF,0xFF,0x00,0x00,0xFF,0x21,0x00,0xFF,0x21,0x00,0xFF,0x01,0x00,0xFF,0x21,0x00,0xFF,0x00,0x00,0xFF,0x7D,0xEF,0xFF,0xDD,0xFF,0xFF,0xFE,0xFF,0xFF,0xBE,0xFF,0xFF,0xFF,0xFF,0xFF,
    0x41,0x08,0xFF,0x00,0x00,0xFF,0x61,0x10,0xFF,0x7D,0xF7,0xFF,0xFF,0xFF,0xFF,0x9E,0xF7,0xFF,0x9E,0xF7,0xFF,0xD3,0x9C,0xFF,0x00,0x00,0xFF,0x20,0x08,0xFF,0x00,0x00,0xFF,0x00,0x00,0xFF,
    0x00,0x00,0xFF,0x69,0x52,0xFF,0xFF,0xFF,0xFF,0xE3,0x18,0xFF,0x20,0x00,0xFF,0x20,0x00,0xFF,0x00,0x00,0xFF,0x00,0x00,0xFF,0x20,0x00,0xFF,0x20,0x00,0xFF,0x00,0x00,0xFF,0x20,0x08,0xFF,
    0x20,0x08,0xFF,0x00,0x00,0xFF,0x20,0x08,0xFF,0x00,0x00,0xFF,0x01,0x00,0xFF,0xFF,0xFF,0xFF,0xFF,0xFF,0xFF,0x10,0x84,0xFF,0x00,0x00,0xFF,0x00,0x00,0xFF,0x41,0x08,0xFF,0x00,0x00,0xFF,
    0x00,0x00,0xFF,0xDF,0xFF,0xFF,0xFF,0xFF,0xFF,0x21,0x08,0xFF,0x00,0x00,0xFF,0x00,0x00,0xFF,0x20,0x00,0xFF,0x20,0x00,0xFF,0x00,0x00,0xFF,0xDF,0xFF,0xFF,0xFF,0xFF,0xFF,0xBD,0xEF,0xFF,
    0xFF,0xFF,0xFF,0x79,0xCE,0xFF,0x00,0x00,0xFF,0x00,0x00,0xFF,0x42,0x08,0xFF,0x00,0x00,0xFF,0x00,0x00,0xFF,0x00,0x00,0xFF,0x00,0x00,0xFF,0xE3,0x20,0xFF,0x9D,0xF7,0xFF,0xFF,0xFF,0xFF,
    0xFF,0xFF,0xFF,0xBE,0xF7,0xFF,0xFF,0xFF,0xFF,0x5D,0xEF,0xFF,0xFF,0xFF,0xFF,0xFF,0xFF,0xFF,0x1C,0xE7,0xFF,0x69,0x4A,0xFF,0x00,0x00,0xFF,0x41,0x08,0xFF,0x00,0x00,0xFF,0x00,0x00,0xFF,
    0x40,0x08,0xFF,0x20,0x00,0xFF,0x61,0x08,0xFF,0x00,0x00,0xFF,0x7D,0xEF,0xFF,0xDF,0xFF,0xFF,0xFF,0xFF,0xFF,0x85,0x31,0xFF,0x00,0x00,0xFF,0x00,0x00,0xFF,0x01,0x00,0xFF,0x41,0x00,0xFF,
    0x00,0x00,0xFF,0x59,0xC6,0xFF,0xFF,0xFF,0xFF,0xDF,0xFF,0xFF,0xFF,0xFF,0xFF,0xBE,0xFF,0xFF,0xBE,0xFF,0xFF,0xFF,0xFF,0xFF,0x00,0x00,0xFF,0x20,0x00,0xFF,0x20,0x00,0xFF,0x61,0x08,0xFF,
    0x00,0x00,0xFF,0x00,0x00,0xFF,0xFF,0xFF,0xFF,0x3C,0xEF,0xFF,0x00,0x00,0xFF,0x41,0x08,0xFF,0x00,0x00,0xFF,0x00,0x00,0xFF,0x00,0x00,0xFF,0x00,0x00,0xFF,0x00,0x00,0xFF,0x00,0x00,0xFF,
    0x00,0x00,0xFF,0x00,0x00,0xFF,0x00,0x00,0xFF,0x21,0x00,0xFF,0x00,0x00,0xFF,0x00,0x00,0xFF,0x00,0x00,0xFF,0x00,0x00,0xFF,0x3C,0xE7,0xFF,0xBE,0xF7,0xFF,0xFF,0xFF,0xFF,0xFF,0xFF,0xFF,
    0x20,0x00,0xFF,0x20,0x00,0xFF,0x00,0x00,0xFF,0x00,0x00,0xFF,0xA2,0x10,0xFF,0x00,0x00,0xFF,0x00,0x00,0xFF,0x00,0x00,0xFF,0x00,0x00,0xFF,0x00,0x00,0xFF,0x00,0x00,0xFF,0x00,0x00,0xFF,
    0x00,0x00,0xFF,0x00,0x00,0xFF,0x61,0x08,0xFF,0x20,0x00,0xFF,0x00,0x00,0xFF,0xCE,0x7B,0xFF,0xBE,0xFF,0xFF,0xFF,0xFF,0xFF,0xFF,0xFF,0xFF,0xDE,0xFF,0xFF,0xBE,0xF7,0xFF,0xFF,0xFF,0xFF,
    0xBF,0xF7,0xFF,0x00,0x00,0xFF,0x01,0x00,0xFF,0x22,0x08,0xFF,0x01,0x00,0xFF,0x00,0x00,0xFF,0x00,0x00,0xFF,0xFF,0xFF,0xFF,0xFE,0xFF,0xFF,0x7D,0xF7,0xFF,0xFF,0xFF,0xFF,0x5C,0xEF,0xFF,
    0xFF,0xFF,0xFF,0xDF,0xFF,0xFF,0x55,0xAD,0xFF,0x20,0x08,0xFF,0x00,0x00,0xFF,0x00,0x00,0xFF,0x00,0x00,0xFF,0x00,0x00,0xFF,0x20,0x00,0xFF,0x00,0x00,0xFF,0x00,0x00,0xFF,0x00,0x00,0xFF,
    0x00,0x00,0xFF,0x00,0x00,0xFF,0x00,0x00,0xFF,0x00,0x00,0xFF,0x00,0x00,0xFF,0x00,0x00,0xFF,0x43,0x10,0xFF,0x9F,0xFF,0xFF,0xDF,0xFF,0xFF,0xFF,0xFF,0xFF,0x61,0x08,0xFF,0x00,0x00,0xFF,
    0x60,0x00,0xFF,0x00,0x00,0xFF,0x20,0x00,0xFF,0x00,0x00,0xFF,0xFB,0xE6,0xFF,0x9E,0xF7,0xFF,0xFF,0xFF,0xFF,0xFF,0xFF,0xFF,0xBE,0xFF,0xFF,0xFF,0xFF,0xFF,0xFF,0xFF,0xFF,0xDF,0xFF,0xFF,
    0x00,0x00,0xFF,0x00,0x00,0xFF,0x40,0x08,0xFF,0x00,0x00,0xFF,0x00,0x00,0xFF,0x20,0x08,0xFF,0xE3,0x20,0xFF,0x9D,0xF7,0xFF,0xFF,0xFF,0xFF,0x3C,0xEF,0xFF,0xFF,0xFF,0xFF,0xFF,0xFF,0xFF,
    0x9D,0xF7,0xFF,0xFF,0xFF,0xFF,0xFF,0xFF,0xFF,0xFF,0xFF,0xFF,0xFF,0xFF,0xFF,0xFF,0xFF,0xFF,0xFF,0xFF,0xFF,0xFF,0xFF,0xFF,0xFF,0xFF,0xFF,0xFF,0xFF,0xFF,0xFF,0xFF,0xFF,0x9F,0xF7,0xFF,
    0xFF,0xFF,0xFF,0x08,0x3A,0xFF,0x61,0x08,0xFF,0x00,0x00,0xFF,0x00,0x00,0xFF,0x60,0x08,0xFF,0x38,0xC6,0xFF,0xFF,0xFF,0xFF,0x5D,0xEF,0xFF,0x9E,0xF7,0xFF,0xDF,0xFF,0xFF,0xDF,0xFF,0xFF,
    0x9E,0xF7,0xFF,0xDF,0xFF,0xFF,0x9E,0xF7,0xFF,0x9E,0xF7,0xFF,0x9E,0xF7,0xFF,0xBE,0xF7,0xFF,0xDF,0xFF,0xFF,0xDF,0xFF,0xFF,0xBE,0xF7,0xFF,0x9E,0xF7,0xFF,0xBE,0xF7,0xFF,0x9E,0xF7,0xFF,
    0x7E,0xEF,0xFF,0xBE,0xF7,0xFF,0x49,0x4A,0xFF,0x6D,0x6B,0xFF,0xFF,0xFF,0xFF,0x9E,0xF7,0xFF,0xFF,0xFF,0xFF,0xBE,0xF7,0xFF,0xBE,0xF7,0xFF,0x1C,0xE7,0xFF,0xDF,0xFF,0xFF,0xFB,0xDE,0xFF,
    0x41,0x08,0xFF,0x65,0x29,0xFF,0x4D,0x6B,0xFF,0x40,0x08,0xFF,0xEF,0xB5,0xFF,0x80,0x00,0xFF,0xCB,0xAD,0xFF,0x93,0xE7,0xFF,0x82,0x4A,0xFF,0xC0,0x10,0xFF,0x40,0x00,0xFF,0x62,0x6B,0xFF,
    0x2C,0xDF,0xFF,0xEB,0xFF,0xFF,0xE9,0xFF,0xFF,0x42,0xE7,0xFF,0xE2,0xFF,0xFF,0x80,0xEF,0xFF,0xE2,0xFF,0xFF,0xA1,0xEF,0xFF,0x80,0xEF,0xFF,0xE3,0xFF,0xFF,0xE1,0xF7,0xFF,0xE1,0xF7,0xFF,
    0xC1,0xEF,0xFF,0xE3,0xF7,0xFF,0xE5,0xF7,0xFF,0xA3,0xE7,0xFF,0xC2,0xE7,0xFF,0xE3,0xE7,0xFF,0xE6,0xEF,0xFF,0xAA,0xE7,0xFF,0x20,0x3A,0xFF,0xC0,0x18,0xFF,0x20,0x00,0xFF,0x20,0x00,0xFF,
    0x00,0x00,0xFF,0x41,0x08,0xFF,0x00,0x00,0xFF,0x61,0x08,0xFF,0x00,0x00,0xFF,0xFF,0xFF,0xFF,0x9E,0xF7,0xFF,0x9E,0xF7,0xFF,0xDF,0xFF,0xFF,0x9E,0xF7,0xFF,0x9E,0xF7,0xFF,0xBE,0xF7,0xFF,
    0xFF,0xFF,0xFF,0x5D,0xEF,0xFF,0x9E,0xF7,0xFF,0xBE,0xF7,0xFF,0xDF,0xFF,0xFF,0xBE,0xF7,0xFF,0x61,0x08,0xFF,0x3C,0xE7,0xFF,0xFF,0xFF,0xFF,0x1C,0xE7,0xFF,0x7D,0xEF,0xFF,0x34,0xA5,0xFF,
    0x00,0x00,0xFF,0xC3,0x18,0xFF,0x8E,0x73,0xFF,0xD3,0x9C,0xFF,0x18,0xC6,0xFF,0xBE,0xF7,0xFF,0xBE,0xF7,0xFF,0xBE,0xF7,0xFF,0x7D,0xEF,0xFF,0xFF,0xFF,0xFF,0xDF,0xFF,0xFF,0x7D,0xEF,0xFF,
    0x9E,0xF7,0xFF,0xFF,0xFF,0xFF,0xBE,0xF7,0xFF,0x9E,0xF7,0xFF,0xBE,0xF7,0xFF,0xDF,0xFF,0xFF,0xFF,0xFF,0xFF,0x7D,0xEF,0xFF,0x9E,0xF7,0xFF,0x9E,0xF7,0xFF,0xBE,0xF7,0xFF,0xBE,0xF7,0xFF,
    0xBE,0xF7,0xFF,0xBE,0xF7,0xFF,0xBE,0xF7,0xFF,0xBE,0xF7,0xFF,0xBE,0xF7,0xFF,0xBE,0xF7,0xFF,0xBE,0xF7,0xFF,0xBE,0xF7,0xFF,0xBE,0xF7,0xFF,0xBE,0xF7,0xFF,0xBE,0xF7,0xFF,0xBE,0xF7,0xFF,
    0xBE,0xF7,0xFF,0xBE,0xF7,0xFF,0x9E,0xF7,0xFF,0xDF,0xFF,0xFF,0x7D,0xEF,0xFF,0xDF,0xFF,0xFF,0x9E,0xF7,0xFF,0x9E,0xF7,0xFF,0x9E,0xF7,0xFF,0xF7,0xBD,0xFF,0xBE,0xF7,0xFF,0xBE,0xF7,0xFF,
    0xBE,0xF7,0xFF,0xBE,0xF7,0xFF,0xBE,0xF7,0xFF,0xBE,0xF7,0xFF,0xBE,0xF7,0xFF,0xBE,0xF7,0xFF,0xBE,0xF7,0xFF,0xBE,0xF7,0xFF,0xFF,0xFF,0xFF,0xBE,0xF7,0xFF,0xFF,0xFF,0xFF,0x8A,0x52,0xFF,
    0x20,0x00,0xFF,0x00,0x00,0xFF,0xE7,0x39,0xFF,0x9E,0xF7,0xFF,0xBE,0xF7,0xFF,0xFF,0xFF,0xFF,0xFF,0xFF,0xFF,0xFF,0xFF,0xFF,0xFF,0xFF,0xFF,0xFF,0xFF,0xFF,0xFF,0xFF,0xFF,0xFF,0xFF,0xFF,
    0xBF,0xFF,0xFF,0xFF,0xFF,0xFF,0xFF,0xFF,0xFF,0xBE,0xF7,0xFF,0xFF,0xFF,0xFF,0xFF,0xFF,0xFF,0xFF,0xFF,0xFF,0x7E,0xEF,0xFF,0x3D,0xE7,0xFF,0x9A,0xCE,0xFF,0x5D,0xE7,0xFF,0x1C,0xDF,0xFF,
    0x79,0xCE,0xFF,0xFF,0xFF,0xFF,0xDE,0xFF,0xFF,0xFF,0xFF,0xFF,0xDF,0xFF,0xFF,0xFF,0xFF,0xFF,0xDB,0xDE,0xFF,0x9A,0xD6,0xFF,0xFF,0xFF,0xFF,0xFF,0xFF,0xFF,0x9E,0xF7,0xFF,0xFF,0xFF,0xFF,
    0xFF,0xFF,0xFF,0x3D,0xEF,0xFF,0x1C,0xE7,0xFF,0xFC,0xDE,0xFF,0xFC,0xE6,0xFF,0x5D,0xEF,0xFF,0xDB,0xDE,0xFF,0x7D,0xEF,0xFF,0xBE,0xF7,0xFF,0x5C,0xEF,0xFF,0xFB,0xDE,0xFF,0x79,0xCE,0xFF,
    0x3D,0xE7,0xFF,0xDB,0xDE,0xFF,0x1D,0xE7,0xFF,0xBB,0xD6,0xFF,0xBB,0xDE,0xFF,0x5D,0xEF,0xFF,0xDB,0xDE,0xFF,0x7E,0xF7,0xFF,0xFC,0xE6,0xFF,0xFC,0xDE,0xFF,0xFF,0xFF,0xFF,0x7E,0xEF,0xFF,
    0x9E,0xF7,0xFF,0xFF,0xFF,0xFF,0xDB,0xDE,0xFF,0xFC,0xDE,0xFF,0x1C,0xE7,0xFF,0x5D,0xEF,0xFF,0x9A,0xD6,0xFF,0xFF,0xFF,0xFF,0x9E,0xF7,0xFF,0xFB,0xDE,0xFF,0xDB,0xDE,0xFF,0xFB,0xDE,0xFF,
    0xFB,0xDE,0xFF,0xDB,0xDE,0xFF,0x1C,0xE7,0xFF,0xDF,0xF7,0xFF,0xDE,0xF7,0xFF,0xFF,0xFF,0xFF,0xFF,0xFF,0xFF,0xFF,0xFF,0xFF,0xFB,0xDE,0xFF,0x5D,0xE7,0xFF,0x79,0xCE,0xFF,0x3C,0xE7,0xFF,
    0xDA,0xDE,0xFF,0xFB,0xDE,0xFF,0x3B,0xE7,0xFF,0x1B,0xE7,0xFF,0xFF,0xFF,0xFF,0xFF,0xFF,0xFF,0xDE,0xFF,0xFF,0xFF,0xFF,0xFF,0xDF,0xFF,0xFF,0xFF,0xFF,0xFF,0xBF,0xF7,0xFF,0xDF,0xFF,0xFF,
    0xFF,0xFF,0xFF,0xBF,0xF7,0xFF,0xFF,0xFF,0xFF,0xBE,0xF7,0xFF,0x9E,0xF7,0xFF,0x7E,0xEF,0xFF,0x9A,0xD6,0xFF,0x9A,0xD6,0xFF,0x3D,0xE7,0xFF,0xFF,0xFF,0xFF,0x9E,0xF7,0xFF,0xFF,0xFF,0xFF,
    0xFE,0xFF,0xFF,0xDA,0xD6,0xFF,0x7C,0xEF,0xFF,0x1B,0xDF,0xFF,0x1C,0xDF,0xFF,0xFB,0xD6,0xFF,0x3C,0xDF,0xFF,0xDE,0xF7,0xFF,0xFF,0xFF,0xFF,0xFF,0xFF,0xFF,0x7C,0xEF,0xFF,0xBE,0xF7,0xFF,
    0xFF,0xFF,0xFF,0xFF,0xFF,0xFF,0xBA,0xD6,0xFF,0x1B,0xDF,0xFF,0x5C,0xE7,0xFF,0x99,0xCE,0xFF,0x3B,0xE7,0xFF,0xFB,0xE6,0xFF,0xFF,0xFF,0xFF,0xBE,0xFF,0xFF,0x1B,0xEF,0xFF,0xFB,0xE6,0xFF,
    0xFB,0xDE,0xFF,0xFC,0xDE,0xFF,0xFC,0xDE,0xFF,0xFC,0xDE,0xFF,0xFB,0xDE,0xFF,0xFB,0xDE,0xFF,0xFB,0xE6,0xFF,0xFB,0xE6,0xFF,0xFB,0xDE,0xFF,0x1C,0xDF,0xFF,0x7E,0xEF,0xFF,0xFC,0xDE,0xFF,
    0x3C,0xE7,0xFF,0xDF,0xFF,0xFF,0xBE,0xF7,0xFF,0xFF,0xFF,0xFF,0xDE,0xFF,0xFF,0x9D,0xF7,0xFF,0xDA,0xDE,0xFF,0xFB,0xDE,0xFF,0x9E,0xF7,0xFF,0x5C,0xE7,0xFF,0xBA,0xD6,0xFF,0xFB,0xDE,0xFF,
    0x1C,0xE7,0xFF,0x1C,0xE7,0xFF,0x1C,0xE7,0xFF,0x1C,0xE7,0xFF,0x1C,0xE7,0xFF,0x1C,0xE7,0xFF,0x1C,0xE7,0xFF,0x1C,0xE7,0xFF,0x79,0xCE,0xFF,0x1C,0xE7,0xFF,0xDF,0xFF,0xFF,0xFF,0xFF,0xFF,
    0xFF,0xFF,0xFF,0xDF,0xFF,0xFF,0xBE,0xF7,0xFF,0xFF,0xFF,0xFF,0xFF,0xFF,0xFF,0x9E,0xF7,0xFF,0xFF,0xFF,0xFF,0xFC,0xDE,0xFF,0x7E,0xEF,0xFF,0xDC,0xDE,0xFF,0x5A,0xD6,0xFF,0x5E,0xEF,0xFF,
    0xBB,0xDE,0xFF,0xFF,0xFF,0xFF,0xFF,0xFF,0xFF,0xDF,0xFF,0xFF,0xDF,0xFF,0xFF,0xFF,0xFF,0xFF,0xFF,0xFF,0xFF,0xFF,0xFF,0xFF,0xBF,0xF7,0xFF,0xDB,0xDE,0xFF,0xFB,0xDE,0xFF,0x1C,0xE7,0xFF,
    0x7D,0xEF,0xFF,0x1C,0xE7,0xFF,0x3D,0xE7,0xFF,0xDB,0xDE,0xFF,0xFC,0xDE,0xFF,0xFC,0xDE,0xFF,0xFC,0xDE,0xFF,0xFC,0xDE,0xFF,0xFC,0xDE,0xFF,0xFC,0xDE,0xFF,0xFC,0xDE,0xFF,0xFC,0xDE,0xFF,
    0x5E,0xF7,0xFF,0xFF,0xFF,0xFF,0xDF,0xFF,0xFF,0xFF,0xFF,0xFF,0x5D,0xE7,0xFF,0x1B,0xDF,0xFF,0xFB,0xD6,0xFF,0x3C,0xDF,0xFF,0xDB,0xD6,0xFF,0x3D,0xE7,0xFF,0xFF,0xFF,0xFF,0xFF,0xFF,0xFF,
    0xBF,0xFF,0xFF,0xDF,0xFF,0xFF,0xFF,0xFF,0xFF,0xDF,0xFF,0xFF,0xFF,0xFF,0xFF,0x9E,0xF7,0xFF,0xFF,0xFF,0xFF,0xFC,0xE6,0xFF,0xFB,0xDE,0xFF,0x1C,0xE7,0xFF,0xFC,0xDE,0xFF,0x9A,0xD6,0xFF,
    0x1C,0xE7,0xFF,0xDF,0xFF,0xFF,0xBF,0xFF,0xFF,0xFF,0xFF,0xFF,0xFF,0xFF,0xFF,0xDF,0xFF,0xFF,0xFF,0xFF,0xFF,0xFF,0xFF,0xFF,0xFF,0xFF,0xFF,0xFF,0xFF,0xFF,0xFF,0xFF,0xFF,0xFF,0xFF,0xFF,
    0xFF,0xFF,0xFF,0xFF,0xFF,0xFF,0xFF,0xFF,0xFF,0xFF,0xFF,0xFF,0xDF,0xFF,0xFF,0xFF,0xFF,0xFF,0x9E,0xEF,0xFF,0xFF,0xFF,0xFF,0x51,0x8C,0xFF,0x20,0x00,0xFF,0x00,0x00,0xFF,0x00,0x00,0xFF,
    0x20,0x00,0xFF,0x4D,0x6B,0xFF,0xFF,0xFF,0xFF,0xDF,0xFF,0xFF,0x9E,0xF7,0xFF,0xBE,0xF7,0xFF,0xDF,0xFF,0xFF,0x9E,0xF7,0xFF,0x9E,0xF7,0xFF,0xFF,0xFF,0xFF,0xBE,0xF7,0xFF,0x7D,0xEF,0xFF,
    0xDF,0xFF,0xFF,0xDF,0xFF,0xFF,0x7D,0xEF,0xFF,0xBE,0xF7,0xFF,0xFF,0xFF,0xFF,0x7E,0xEF,0xFF,0xFF,0xFF,0xFF,0xD3,0x9C,0xFF,0xCF,0x7B,0xFF,0x7D,0xEF,0xFF,0x7D,0xEF,0xFF,0xDF,0xFF,0xFF,
    0xFB,0xDE,0xFF,0xFF,0xFF,0xFF,0x1C,0xE7,0xFF,0xFF,0xFF,0xFF,0xFF,0xFF,0xFF,0xBE,0xF7,0xFF,0xDF,0xFF,0xFF,0x75,0xAD,0xFF,0x60,0x08,0xFF,0xCB,0x7B,0xFF,0x47,0x63,0xFF,0xA0,0x08,0xFF,
    0xD5,0xD6,0xFF,0x0A,0x7C,0xFF,0x60,0x08,0xFF,0x60,0x08,0xFF,0x66,0xA5,0xFF,0xA9,0xEF,0xFF,0xE6,0xF7,0xFF,0xE4,0xF7,0xFF,0x20,0xDF,0xFF,0xE1,0xF7,0xFF,0xE0,0xF7,0xFF,0xE0,0xF7,0xFF,
    0xC0,0xF7,0xFF,0xE2,0xFF,0xFF,0xE1,0xF7,0xFF,0xC0,0xEF,0xFF,0x80,0xE7,0xFF,0xE2,0xF7,0xFF,0xC4,0xEF,0xFF,0x85,0xE7,0xFF,0xC8,0xEF,0xFF,0xA8,0xE7,0xFF,0x66,0xDF,0xFF,0xEA,0xF7,0xFF,
    0x08,0xD7,0xFF,0x4F,0xDF,0xFF,0xE0,0x18,0xFF,0x00,0x00,0xFF,0x20,0x00,0xFF,0x00,0x00,0xFF,0x41,0x08,0xFF,0x00,0x00,0xFF,0x20,0x00,0xFF,0x20,0x00,0xFF,0x61,0x08,0xFF,0xA2,0x10,0xFF,
    0xFF,0xFF,0xFF,0xFF,0xFF,0xFF,0x7D,0xEF,0xFF,0xFF,0xFF,0xFF,0xBE,0xF7,0xFF,0x7D,0xEF,0xFF,0x5D,0xEF,0xFF,0xBE,0xF7,0xFF,0xDF,0xFF,0xFF,0xBE,0xF7,0xFF,0x3C,0xE7,0xFF,0x9E,0xF7,0xFF,
    0x5D,0xEF,0xFF,0x45,0x29,0xFF,0x5D,0xEF,0xFF,0xFF,0xFF,0xFF,0xEF,0x7B,0xFF,0x00,0x00,0xFF,0x41,0x08,0xFF,0x61,0x08,0xFF,0x61,0x08,0xFF,0x00,0x00,0xFF,0x41,0x08,0xFF,0x00,0x00,0xFF,
    0x00,0x00,0xFF,0xA2,0x10,0xFF,0x71,0x8C,0xFF,0x3C,0xE7,0xFF,0x9E,0xF7,0xFF,0xFF,0xFF,0xFF,0x1C,0xE7,0xFF,0xFF,0xFF,0xFF,0xBE,0xF7,0xFF,0xBE,0xF7,0xFF,0x9E,0xF7,0xFF,0xBE,0xF7,0xFF,
    0xBE,0xF7,0xFF,0xDF,0xFF,0xFF,0xBE,0xF7,0xFF,0x9E,0xF7,0xFF,0xBE,0xF7,0xFF,0xBE,0xF7,0xFF,0xBE,0xF7,0xFF,0xBE,0xF7,0xFF,0xBE,0xF7,0xFF,0xBE,0xF7,0xFF,0xBE,0xF7,0xFF,0xBE,0xF7,0xFF,
    0xBE,0xF7,0xFF,0xBE,0xF7,0xFF,0xBE,0xF7,0xFF,0xBE,0xF7,0xFF,0xBE,0xF7,0xFF,0xBE,0xF7,0xFF,0xBE,0xF7,0xFF,0xBE,0xF7,0xFF,0xBE,0xF7,0xFF,0xDF,0xFF,0xFF,0x9E,0xF7,0xFF,0xDF,0xFF,0xFF,
    0xBE,0xF7,0xFF,0x9E,0xF7,0xFF,0xDF,0xFF,0xFF,0xDB,0xDE,0xFF,0xBE,0xF7,0xFF,0xBE,0xF7,0xFF,0xBE,0xF7,0xFF,0xBE,0xF7,0xFF,0xBE,0xF7,0xFF,0xBE,0xF7,0xFF,0xBE,0xF7,0xFF,0xBE,0xF7,0xFF,
    0xDF,0xFF,0xFF,0x9E,0xF7,0xFF,0x5D,0xEF,0xFF,0x7D,0xEF,0xFF,0x7D,0xEF,0xFF,0x00,0x00,0xFF,0x00,0x00,0xFF,0x61,0x08,0xFF,0x59,0xCE,0xFF,0xFF,0xFF,0xFF,0xFF,0xFF,0xFF,0xFF,0xFF,0xFF,
    0xFF,0xFF,0xFF,0xFF,0xFF,0xFF,0xFF,0xFF,0xFF,0xDF,0xFF,0xFF,0xFF,0xFF,0xFF,0xFF,0xFF,0xFF,0xFF,0xFF,0xFF,0xBF,0xFF,0xFF,0xFF,0xFF,0xFF,0xDE,0xFF,0xFF,0xFF,0xFF,0xFF,0xBD,0xF7,0xFF,
    0xDE,0xF7,0xFF,0xDE,0xF7,0xFF,0xFF,0xFF,0xFF,0xFF,0xFF,0xFF,0xBF,0xF7,0xFF,0xFF,0xFF,0xFF,0xFF,0xFF,0xFF,0xBE,0xF7,0xFF,0xFF,0xFF,0xFF,0xBE,0xF7,0xFF,0xFF,0xFF,0xFF,0xFF,0xFF,0xFF,
    0x9E,0xF7,0xFF,0xFF,0xFF,0xFF,0xFF,0xFF,0xFF,0xFF,0xFF,0xFF,0xDF,0xFF,0xFF,0xBF,0xF7,0xFF,0x9E,0xF7,0xFF,0xBF,0xF7,0xFF,0xDF,0xFF,0xFF,0xDF,0xFF,0xFF,0xDF,0xFF,0xFF,0xBF,0xF7,0xFF,
    0xFF,0xFF,0xFF,0xFF,0xFF,0xFF,0xFF,0xFF,0xFF,0xDE,0xF7,0xFF,0xBF,0xF7,0xFF,0xFF,0xFF,0xFF,0xDF,0xFF,0xFF,0x9F,0xF7,0xFF,0xFF,0xFF,0xFF,0xFF,0xFF,0xFF,0xFF,0xFF,0xFF,0x7E,0xEF,0xFF,
    0xFF,0xFF,0xFF,0xFF,0xFF,0xFF,0xDF,0xFF,0xFF,0xFF,0xFF,0xFF,0x9E,0xF7,0xFF,0xFF,0xFF,0xFF,0xBF,0xF7,0xFF,0xDF,0xFF,0xFF,0xFF,0xFF,0xFF,0xFF,0xFF,0xFF,0xDF,0xFF,0xFF,0xDF,0xF7,0xFF,
    0xFF,0xFF,0xFF,0xBE,0xF7,0xFF,0xFF,0xFF,0xFF,0xFF,0xFF,0xFF,0xFF,0xFF,0xFF,0xFF,0xFF,0xFF,0xFF,0xFF,0xFF,0xDF,0xFF,0xFF,0xFF,0xFF,0xFF,0xFF,0xFF,0xFF,0xFF,0xFF,0xFF,0xBD,0xEF,0xFF,
    0xFF,0xFF,0xFF,0xDE,0xF7,0xFF,0xFF,0xFF,0xFF,0xFF,0xFF,0xFF,0xDE,0xF7,0xFF,0xFF,0xFF,0xFF,0xFF,0xFF,0xFF,0xFF,0xFF,0xFF,0xFF,0xFF,0xFF,0xFF,0xFF,0xFF,0xDE,0xFF,0xFF,0xDE,0xF7,0xFF,
    0xDE,0xF7,0xFF,0xFF,0xFF,0xFF,0xBF,0xF7,0xFF,0xDF,0xFF,0xFF,0xBF,0xF7,0xFF,0xFF,0xFF,0xFF,0xFF,0xFF,0xFF,0xFF,0xFF,0xFF,0xDF,0xF7,0xFF,0xFF,0xFF,0xFF,0xFF,0xFF,0xFF,0xBF,0xF7,0xFF,
    0xFF,0xFF,0xFF,0xFF,0xFF,0xFF,0xDF,0xFF,0xFF,0x7E,0xEF,0xFF,0xFF,0xFF,0xFF,0xFF,0xFF,0xFF,0xFE,0xFF,0xFF,0xFE,0xFF,0xFF,0xFE,0xFF,0xFF,0xFF,0xFF,0xFF,0xDE,0xF7,0xFF,0xFF,0xF7,0xFF,
    0xFF,0xFF,0xFF,0xDE,0xF7,0xFF,0xFF,0xFF,0xFF,0x9D,0xF7,0xFF,0xFE,0xFF,0xFF,0xFE,0xFF,0xFF,0xFE,0xFF,0xFF,0x3B,0xDF,0xFF,0xFF,0xFF,0xFF,0xDD,0xEF,0xFF,0xBE,0xF7,0xFF,0xFF,0xFF,0xFF,
    0xDE,0xFF,0xFF,0xFF,0xFF,0xFF,0x9D,0xF7,0xFF,0xFF,0xFF,0xFF,0xDF,0xFF,0xFF,0xBE,0xF7,0xFF,0xFF,0xFF,0xFF,0xFF,0xFF,0xFF,0xFF,0xF7,0xFF,0xFF,0xF7,0xFF,0xFF,0xFF,0xFF,0xFE,0xFF,0xFF,
    0xFE,0xFF,0xFF,0xFF,0xFF,0xFF,0xFF,0xFF,0xFF,0xFF,0xFF,0xFF,0x9D,0xEF,0xFF,0xFF,0xFF,0xFF,0xDF,0xFF,0xFF,0xFF,0xFF,0xFF,0xBE,0xF7,0xFF,0xFF,0xFF,0xFF,0xFF,0xFF,0xFF,0xFF,0xFF,0xFF,
    0xFF,0xFF,0xFF,0xDF,0xFF,0xFF,0xFF,0xFF,0xFF,0x5D,0xEF,0xFF,0xFF,0xFF,0xFF,0xFF,0xFF,0xFF,0xDF,0xFF,0xFF,0xDF,0xFF,0xFF,0xDF,0xFF,0xFF,0xFF,0xFF,0xFF,0xFF,0xFF,0xFF,0xFF,0xFF,0xFF,
    0xFF,0xFF,0xFF,0xFF,0xFF,0xFF,0xFF,0xFF,0xFF,0xDF,0xFF,0xFF,0xFF,0xFF,0xFF,0xDF,0xF7,0xFF,0xBF,0xF7,0xFF,0xFF,0xFF,0xFF,0xDF,0xFF,0xFF,0xFF,0xFF,0xFF,0xFF,0xFF,0xFF,0xDE,0xF7,0xFF,
    0xBE,0xF7,0xFF,0xFF,0xFF,0xFF,0x1D,0xE7,0xFF,0xFF,0xFF,0xFF,0xFF,0xFF,0xFF,0xFF,0xFF,0xFF,0xFF,0xFF,0xFF,0x9E,0xF7,0xFF,0xFF,0xFF,0xFF,0xFF,0xFF,0xFF,0xBF,0xF7,0xFF,0xFF,0xFF,0xFF,
    0xFF,0xFF,0xFF,0xDF,0xFF,0xFF,0x7E,0xEF,0xFF,0xFF,0xFF,0xFF,0xDF,0xFF,0xFF,0xBF,0xF7,0xFF,0xDF,0xFF,0xFF,0xBF,0xF7,0xFF,0xFF,0xFF,0xFF,0xDF,0xFF,0xFF,0xFF,0xFF,0xFF,0xFF,0xFF,0xFF,
    0xFF,0xFF,0xFF,0xFF,0xFF,0xFF,0xFF,0xFF,0xFF,0xFF,0xFF,0xFF,0xFF,0xFF,0xFF,0xFF,0xFF,0xFF,0xFF,0xFF,0xFF,0xFF,0xFF,0xFF,0xFF,0xFF,0xFF,0xBE,0xEF,0xFF,0xFF,0xFF,0xFF,0xFF,0xFF,0xFF,
    0xDF,0xF7,0xFF,0xFF,0xFF,0xFF,0xBF,0xF7,0xFF,0xFF,0xFF,0xFF,0x9F,0xF7,0xFF,0xDF,0xFF,0xFF,0xFF,0xFF,0xFF,0xDF,0xFF,0xFF,0xFF,0xFF,0xFF,0xFF,0xFF,0xFF,0xDF,0xFF,0xFF,0xFF,0xFF,0xFF,
    0xFF,0xFF,0xFF,0x9E,0xF7,0xFF,0xFF,0xFF,0xFF,0x9E,0xF7,0xFF,0xDF,0xFF,0xFF,0xFF,0xFF,0xFF,0x7E,0xF7,0xFF,0xDF,0xFF,0xFF,0xFF,0xFF,0xFF,0xFF,0xFF,0xFF,0x9E,0xF7,0xFF,0xFF,0xFF,0xFF,
    0xFF,0xFF,0xFF,0x9E,0xF7,0xFF,0xFF,0xFF,0xFF,0xFF,0xFF,0xFF,0xFE,0xFF,0xFF,0xFE,0xFF,0xFF,0xFE,0xFF,0xFF,0xFE,0xFF,0xFF,0xFF,0xFF,0xFF,0xFF,0xFF,0xFF,0xFF,0xFF,0xFF,0xDF,0xF7,0xFF,
    0xFF,0xFF,0xFF,0xFF,0xFF,0xFF,0xFF,0xFF,0xFF,0xDB,0xDE,0xFF,0x40,0x00,0xFF,0x00,0x00,0xFF,0x00,0x00,0xFF,0x20,0x00,0xFF,0x82,0x10,0xFF,0x7D,0xEF,0xFF,0xFF,0xFF,0xFF,0xFB,0xDE,0xFF,
    0xFF,0xFF,0xFF,0xFF,0xFF,0xFF,0x9E,0xF7,0xFF,0xFF,0xFF,0xFF,0xDF,0xFF,0xFF,0x9E,0xF7,0xFF,0xBE,0xF7,0xFF,0x9E,0xF7,0xFF,0x7D,0xEF,0xFF,0xFF,0xFF,0xFF,0x5D,0xEF,0xFF,0xDF,0xFF,0xFF,
    0x5D,0xEF,0xFF,0xEB,0x5A,0xFF,0xFF,0xFF,0xFF,0x7D,0xEF,0xFF,0xFF,0xFF,0xFF,0xDF,0xFF,0xFF,0x9E,0xF7,0xFF,0xFF,0xFF,0xFF,0xFF,0xFF,0xFF,0x7D,0xEF,0xFF,0x9E,0xF7,0xFF,0x7D,0xEF,0xFF,
    0xFF,0xFF,0xFF,0xD2,0x94,0xFF,0x00,0x00,0xFF,0x56,0xCE,0xFF,0x62,0x29,0xFF,0x20,0x08,0xFF,0x46,0x4A,0xFF,0x20,0x00,0xFF,0x80,0x10,0xFF,0xE9,0xB5,0xFF,0xA8,0xEF,0xFF,0xC4,0xEF,0xFF,
    0xA0,0xE7,0xFF,0xE0,0xF7,0xFF,0xE2,0xFF,0xFF,0xE1,0xF7,0xFF,0xA0,0xEF,0xFF,0xE1,0xF7,0xFF,0xE0,0xF7,0xFF,0xE1,0xF7,0xFF,0xC1,0xEF,0xFF,0xE2,0xEF,0xFF,0xE5,0xFF,0xFF,0xA4,0xE7,0xFF,
    0xEA,0xFF,0xFF,0x8A,0xEF,0xFF,0x2B,0xDF,0xFF,0x81,0x84,0xFF,0xC0,0x10,0xFF,0xCB,0xCE,0xFF,0x91,0xEF,0xFF,0xA0,0x08,0xFF,0x00,0x00,0xFF,0x63,0x10,0xFF,0x00,0x00,0xFF,0x20,0x00,0xFF,
    0x41,0x08,0xFF,0x00,0x00,0xFF,0xA2,0x10,0xFF,0x00,0x00,0xFF,0x00,0x00,0xFF,0x20,0x00,0xFF,0x61,0x08,0xFF,0x1C,0xE7,0xFF,0xBE,0xF7,0xFF,0x7D,0xEF,0xFF,0x9E,0xF7,0xFF,0xFF,0xFF,0xFF,
    0xBE,0xF7,0xFF,0xDF,0xFF,0xFF,0x9E,0xF7,0xFF,0xFF,0xFF,0xFF,0xFF,0xFF,0xFF,0x5D,0xEF,0xFF,0xDF,0xFF,0xFF,0x61,0x08,0xFF,0x9E,0xF7,0xFF,0x69,0x4A,0xFF,0x24,0x21,0xFF,0xFF,0xFF,0xFF,
    0x9E,0xF7,0xFF,0xFF,0xFF,0xFF,0x3C,0xE7,0xFF,0xFF,0xFF,0xFF,0xDF,0xFF,0xFF,0x5D,0xEF,0xFF,0x55,0xAD,0xFF,0xE7,0x39,0xFF,0x20,0x00,0xFF,0x20,0x00,0xFF,0x00,0x00,0xFF,0x10,0x84,0xFF,
    0xFF,0xFF,0xFF,0x5D,0xEF,0xFF,0x9E,0xF7,0xFF,0xDF,0xFF,0xFF,0xFF,0xFF,0xFF,0x3C,0xE7,0xFF,0xBE,0xF7,0xFF,0xDF,0xFF,0xFF,0xDF,0xFF,0xFF,0x9E,0xF7,0xFF,0xBE,0xF7,0xFF,0xBE,0xF7,0xFF,
    0xBE,0xF7,0xFF,0xBE,0xF7,0xFF,0xBE,0xF7,0xFF,0xBE,0xF7,0xFF,0xBE,0xF7,0xFF,0xBE,0xF7,0xFF,0xBE,0xF7,0xFF,0xBE,0xF7,0xFF,0xBE,0xF7,0xFF,0xBE,0xF7,0xFF,0xBE,0xF7,0xFF,0xBE,0xF7,0xFF,
    0xBE,0xF7,0xFF,0xBE,0xF7,0xFF,0xBE,0xF7,0xFF,0xBE,0xF7,0xFF,0x9E,0xF7,0xFF,0xDF,0xFF,0xFF,0xBE,0xF7,0xFF,0xBE,0xF7,0xFF,0xFF,0xFF,0xFF,0x9E,0xF7,0xFF,0x9E,0xF7,0xFF,0x9E,0xF7,0xFF,
    0xBE,0xF7,0xFF,0xBE,0xF7,0xFF,0xBE,0xF7,0xFF,0xBE,0xF7,0xFF,0xBE,0xF7,0xFF,0xBE,0xF7,0xFF,0x5D,0xEF,0xFF,0xFF,0xFF,0xFF,0xFF,0xFF,0xFF,0xBE,0xF7,0xFF,0x75,0xAD,0xFF,0x20,0x00,0xFF,
    0x20,0x00,0xFF,0x00,0x00,0xFF,0xFF,0xFF,0xFF,0xFF,0xFF,0xFF,0xDF,0xFF,0xFF,0xFF,0xFF,0xFF,0xDF,0xFF,0xFF,0xFF,0xFF,0xFF,0xFF,0xFF,0xFF,0xFF,0xFF,0xFF,0xFF,0xFF,0xFF,0xFF,0xFF,0xFF,
    0xFF,0xFF,0xFF,0x9E,0xF7,0xFF,0xFF,0xFF,0xFF,0xFF,0xFF,0xFF,0x9D,0xEF,0xFF,0xFE,0xFF,0xFF,0xFF,0xFF,0xFF,0xFF,0xFF,0xFF,0xFF,0xFF,0xFF,0xFF,0xFF,0xFF,0xBF,0xF7,0xFF,0xBF,0xF7,0xFF,
    0xBE,0xF7,0xFF,0xFF,0xFF,0xFF,0xFF,0xFF,0xFF,0xFF,0xFF,0xFF,0xFF,0xFF,0xFF,0x7D,0xEF,0xFF,0xFF,0xFF,0xFF,0xFF,0xFF,0xFF,0xFF,0xFF,0xFF,0x5D,0xEF,0xFF,0xFF,0xFF,0xFF,0xFF,0xFF,0xFF,
    0xFF,0xFF,0xFF,0xFF,0xFF,0xFF,0xDF,0xFF,0xFF,0xFF,0xFF,0xFF,0xFF,0xFF,0xFF,0xBE,0xF7,0xFF,0xDF,0xFF,0xFF,0xDF,0xF7,0xFF,0xFF,0xFF,0xFF,0xFF,0xFF,0xFF,0xFF,0xFF,0xFF,0x5D,0xE7,0xFF,
    0xBF,0xF7,0xFF,0xFF,0xFF,0xFF,0xDF,0xFF,0xFF,0xDF,0xFF,0xFF,0xFF,0xFF,0xFF,0xFF,0xFF,0xFF,0x9F,0xF7,0xFF,0xFF,0xFF,0xFF,0xFF,0xFF,0xFF,0xDE,0xF7,0xFF,0xFF,0xFF,0xFF,0x9D,0xEF,0xFF,
    0xFF,0xFF,0xFF,0xDF,0xF7,0xFF,0xDF,0xF7,0xFF,0xDF,0xF7,0xFF,0xFF,0xFF,0xFF,0x5D,0xE7,0xFF,0xDF,0xF7,0xFF,0xFF,0xFF,0xFF,0xFF,0xFF,0xFF,0xBE,0xF7,0xFF,0xFF,0xFF,0xFF,0xDF,0xF7,0xFF,
    0xDF,0xF7,0xFF,0xFF,0xFF,0xFF,0xBE,0xF7,0xFF,0xFF,0xFF,0xFF,0xFF,0xFF,0xFF,0x9D,0xEF,0xFF,0xFF,0xFF,0xFF,0xFF,0xFF,0xFF,0xFF,0xF7,0xFF,0xBD,0xF7,0xFF,0xFF,0xFF,0xFF,0xFE,0xFF,0xFF,
    0xFF,0xFF,0xFF,0xFE,0xFF,0xFF,0xBD,0xF7,0xFF,0xFE,0xF7,0xFF,0xFF,0xFF,0xFF,0xFF,0xFF,0xFF,0xFF,0xFF,0xFF,0xFF,0xFF,0xFF,0xFF,0xFF,0xFF,0xDF,0xF7,0xFF,0xFF,0xFF,0xFF,0xFF,0xFF,0xFF,
    0xFF,0xFF,0xFF,0xFF,0xFF,0xFF,0xBE,0xF7,0xFF,0xFF,0xFF,0xFF,0xDF,0xF7,0xFF,0xFF,0xFF,0xFF,0xFF,0xFF,0xFF,0xFF,0xFF,0xFF,0xFF,0xFF,0xFF,0xFF,0xFF,0xFF,0x9E,0xEF,0xFF,0xFF,0xFF,0xFF,
    0xFF,0xFF,0xFF,0xFF,0xFF,0xFF,0xFF,0xFF,0xFF,0xFF,0xFF,0xFF,0xFE,0xF7,0xFF,0xFF,0xF7,0xFF,0xFE,0xF7,0xFF,0xFF,0xFF,0xFF,0xFE,0xFF,0xFF,0xFD,0xFF,0xFF,0xFE,0xFF,0xFF,0xDD,0xFF,0xFF,
    0xFE,0xFF,0xFF,0xFE,0xFF,0xFF,0xFE,0xF7,0xFF,0xFF,0xFF,0xFF,0xFF,0xFF,0xFF,0xFF,0xFF,0xFF,0xFF,0xFF,0xFF,0xFF,0xFF,0xFF,0xBE,0xFF,0xFF,0xDF,0xFF,0xFF,0xFF,0xFF,0xFF,0xFF,0xFF,0xFF,
    0xFF,0xFF,0xFF,0xFF,0xFF,0xFF,0xFF,0xFF,0xFF,0xFF,0xFF,0xFF,0xFF,0xFF,0xFF,0xFF,0xFF,0xFF,0xFF,0xFF,0xFF,0xFF,0xFF,0xFF,0xDE,0xFF,0xFF,0xBD,0xF7,0xFF,0xFF,0xFF,0xFF,0xFF,0xFF,0xFF,
    0xDE,0xFF,0xFF,0xFF,0xFF,0xFF,0xFF,0xFF,0xFF,0xFF,0xFF,0xFF,0xFF,0xFF,0xFF,0xDF,0xF7,0xFF,0xFF,0xFF,0xFF,0xDF,0xF7,0xFF,0xDF,0xF7,0xFF,0xFF,0xFF,0xFF,0xFF,0xFF,0xFF,0xDF,0xF7,0xFF,
    0xFF,0xFF,0xFF,0xFF,0xFF,0xFF,0xFF,0xFF,0xFF,0xFF,0xFF,0xFF,0xFF,0xFF,0xFF,0xFF,0xFF,0xFF,0xFF,0xFF,0xFF,0xFF,0xFF,0xFF,0xBE,0xF7,0xFF,0xDF,0xF7,0xFF,0xBE,0xF7,0xFF,0xFF,0xFF,0xFF,
    0xFF,0xFF,0xFF,0x7D,0xEF,0xFF,0xFF,0xFF,0xFF,0xFF,0xFF,0xFF,0xFE,0xFF,0xFF,0xFE,0xFF,0xFF,0xDE,0xF7,0xFF,0xFF,0xFF,0xFF,0xFF,0xFF,0xFF,0xDF,0xF7,0xFF,0x9F,0xF7,0xFF,0xDF,0xF7,0xFF,
    0x5D,0xE7,0xFF,0xFF,0xFF,0xFF,0xDE,0xF7,0xFF,0xFF,0xFF,0xFF,0xFF,0xFF,0xFF,0xFF,0xFF,0xFF,0xFF,0xFF,0xFF,0xDF,0xF7,0xFF,0xFF,0xFF,0xFF,0xFF,0xFF,0xFF,0xFF,0xFF,0xFF,0xFF,0xFF,0xFF,
    0xFF,0xFF,0xFF,0xFF,0xFF,0xFF,0xFF,0xFF,0xFF,0xFF,0xFF,0xFF,0xDF,0xF7,0xFF,0xDF,0xF7,0xFF,0xDF,0xF7,0xFF,0xDF,0xF7,0xFF,0xDF,0xF7,0xFF,0xDF,0xF7,0xFF,0xDF,0xF7,0xFF,0xDF,0xF7,0xFF,
    0xFF,0xFF,0xFF,0xDE,0xF7,0xFF,0xFF,0xFF,0xFF,0xFF,0xFF,0xFF,0xFF,0xFF,0xFF,0xBE,0xF7,0xFF,0xFF,0xFF,0xFF,0xDF,0xF7,0xFF,0xFF,0xFF,0xFF,0x5D,0xEF,0xFF,0xFF,0xFF,0xFF,0xBF,0xF7,0xFF,
    0xDF,0xF7,0xFF,0xBF,0xF7,0xFF,0xFF,0xFF,0xFF,0xFF,0xFF,0xFF,0xFF,0xFF,0xFF,0xBE,0xF7,0xFF,0xFF,0xFF,0xFF,0xFF,0xFF,0xFF,0xBE,0xF7,0xFF,0xFF,0xFF,0xFF,0xBF,0xF7,0xFF,0x9E,0xEF,0xFF,
    0xFF,0xFF,0xFF,0xFF,0xFF,0xFF,0x9E,0xF7,0xFF,0xDF,0xFF,0xFF,0xFF,0xFF,0xFF,0xFF,0xFF,0xFF,0xDF,0xFF,0xFF,0xFF,0xFF,0xFF,0xFF,0xFF,0xFF,0xFE,0xFF,0xFF,0xFE,0xFF,0xFF,0xFE,0xFF,0xFF,
    0xFE,0xFF,0xFF,0xFE,0xFF,0xFF,0xFE,0xFF,0xFF,0xFE,0xFF,0xFF,0xFF,0xFF,0xFF,0xFF,0xFF,0xFF,0xFF,0xFF,0xFF,0xBE,0xF7,0xFF,0xFF,0xFF,0xFF,0xFF,0xFF,0xFF,0xBE,0xF7,0xFF,0xE3,0x18,0xFF,
    0x20,0x00,0xFF,0x20,0x00,0xFF,0x00,0x00,0xFF,0x00,0x00,0xFF,0xB6,0xB5,0xFF,0xFF,0xFF,0xFF,0x9E,0xF7,0xFF,0xFF,0xFF,0xFF,0x9E,0xF7,0xFF,0x7D,0xEF,0xFF,0x9E,0xF7,0xFF,0xDF,0xFF,0xFF,
    0xDF,0xFF,0xFF,0x9E,0xF7,0xFF,0x9E,0xF7,0xFF,0xBE,0xF7,0xFF,0xDF,0xFF,0xFF,0xDF,0xFF,0xFF,0x08,0x42,0xFF,0x7E,0xEF,0xFF,0x7D,0xEF,0xFF,0xDF,0xFF,0xFF,0x5D,0xEF,0xFF,0x9E,0xF7,0xFF,
    0xDF,0xFF,0xFF,0x1C,0xE7,0xFF,0x7D,0xEF,0xFF,0xDE,0xFF,0xFF,0xDE,0xFF,0xFF,0xBE,0xF7,0xFF,0x9D,0xF7,0xFF,0x44,0x29,0xFF,0x00,0x00,0xFF,0x41,0x08,0xFF,0x00,0x00,0xFF,0x40,0x08,0xFF,
    0x40,0x08,0xFF,0x40,0x08,0xFF,0xA0,0x73,0xFF,0xA8,0xEF,0xFF,0xE4,0xEF,0xFF,0xC0,0xE7,0xFF,0xE2,0xFF,0xFF,0x40,0xDF,0xFF,0xE5,0xFF,0xFF,0x42,0xE7,0xFF,0xE3,0xF7,0xFF,0xE2,0xFF,0xFF,
    0xE1,0xF7,0xFF,0xC0,0xE7,0xFF,0xE4,0xFF,0xFF,0xC4,0xEF,0xFF,0x45,0xDF,0xFF,0xAA,0xEF,0xFF,0x6D,0xE7,0xFF,0x86,0x8C,0xFF,0x60,0x08,0xFF,0x60,0x08,0xFF,0xA0,0x10,0xFF,0xD1,0xD6,0xFF,
    0x07,0x7C,0xFF,0xA0,0x10,0xFF,0x00,0x00,0xFF,0x01,0x00,0xFF,0x21,0x00,0xFF,0x20,0x00,0xFF,0x20,0x00,0xFF,0x00,0x00,0xFF,0x00,0x00,0xFF,0xC3,0x18,0xFF,0x20,0x00,0xFF,0x00,0x00,0xFF,
    0x00,0x00,0xFF,0x24,0x21,0xFF,0xDF,0xFF,0xFF,0xFF,0xFF,0xFF,0xFF,0xFF,0xFF,0x9E,0xF7,0xFF,0xBE,0xF7,0xFF,0x9E,0xF7,0xFF,0xBE,0xF7,0xFF,0x5D,0xEF,0xFF,0x7D,0xEF,0xFF,0xDF,0xFF,0xFF,
    0x9E,0xF7,0xFF,0x45,0x29,0xFF,0x65,0x29,0xFF,0x6D,0x6B,0xFF,0xBE,0xF7,0xFF,0xDF,0xFF,0xFF,0xBE,0xF7,0xFF,0x5D,0xEF,0xFF,0xFF,0xFF,0xFF,0xBE,0xF7,0xFF,0x3C,0xE7,0xFF,0xDF,0xFF,0xFF,
    0xFF,0xFF,0xFF,0x5D,0xEF,0xFF,0xFF,0xFF,0xFF,0x5D,0xEF,0xFF,0x71,0x8C,0xFF,0x82,0x10,0xFF,0x00,0x00,0xFF,0x08,0x42,0xFF,0xBE,0xF7,0xFF,0x3C,0xE7,0xFF,0xDF,0xFF,0xFF,0xFF,0xFF,0xFF,
    0x9E,0xF7,0xFF,0xBE,0xF7,0xFF,0x9E,0xF7,0xFF,0xDF,0xFF,0xFF,0xBE,0xF7,0xFF,0xBE,0xF7,0xFF,0xBE,0xF7,0xFF,0xBE,0xF7,0xFF,0xBE,0xF7,0xFF,0xBE,0xF7,0xFF,0xBE,0xF7,0xFF,0xBE,0xF7,0xFF,
    0xBE,0xF7,0xFF,0xBE,0xF7,0xFF,0xBE,0xF7,0xFF,0xBE,0xF7,0xFF,0xBE,0xF7,0xFF,0xBE,0xF7,0xFF,0xBE,0xF7,0xFF,0xBE,0xF7,0xFF,0xBE,0xF7,0xFF,0x9E,0xF7,0xFF,0x9E,0xF7,0xFF,0xBE,0xF7,0xFF,
    0x9E,0xF7,0xFF,0x9E,0xF7,0xFF,0xDF,0xFF,0xFF,0xBE,0xF7,0xFF,0x7D,0xEF,0xFF,0x9E,0xF7,0xFF,0xBE,0xF7,0xFF,0xBE,0xF7,0xFF,0xBE,0xF7,0xFF,0xBE,0xF7,0xFF,0xBE,0xF7,0xFF,0xBE,0xF7,0xFF,
    0xDF,0xFF,0xFF,0xDF,0xFF,0xFF,0x1C,0xE7,0xFF,0xFF,0xFF,0xFF,0x82,0x10,0xFF,0x00,0x00,0xFF,0x41,0x08,0xFF,0xEF,0x7B,0xFF,0xDF,0xFF,0xFF,0x9E,0xF7,0xFF,0xDF,0xFF,0xFF,0xFF,0xFF,0xFF,
    0xFF,0xFF,0xFF,0xFF,0xFF,0xFF,0xFF,0xFF,0xFF,0xFF,0xFF,0xFF,0xFF,0xFF,0xFF,0xFF,0xFF,0xFF,0xDF,0xFF,0xFF,0xFF,0xFF,0xFF,0xFF,0xFF,0xFF,0xFF,0xFF,0xFF,0xFF,0xFF,0xFF,0xFF,0xFF,0xFF,
    0x9C,0xEF,0xFF,0xFF,0xFF,0xFF,0xFF,0xFF,0xFF,0xDF,0xF7,0xFF,0xFF,0xFF,0xFF,0xFF,0xFF,0xFF,0xFF,0xFF,0xFF,0xBE,0xF7,0xFF,0x9E,0xF7,0xFF,0xFF,0xFF,0xFF,0xFF,0xFF,0xFF,0xFF,0xFF,0xFF,
    0xFF,0xFF,0xFF,0x9E,0xF7,0xFF,0xFF,0xFF,0xFF,0xFF,0xFF,0xFF,0xFF,0xFF,0xFF,0xBE,0xF7,0xFF,0xFF,0xFF,0xFF,0xFF,0xFF,0xFF,0xFF,0xFF,0xFF,0x7D,0xEF,0xFF,0xDF,0xFF,0xFF,0xFF,0xFF,0xFF,
    0xFF,0xFF,0xFF,0xFF,0xFF,0xFF,0xBE,0xF7,0xFF,0xFF,0xFF,0xFF,0xFF,0xFF,0xFF,0xFF,0xFF,0xFF,0xFF,0xFF,0xFF,0xBF,0xF7,0xFF,0xFF,0xFF,0xFF,0xDF,0xFF,0xFF,0xBF,0xF7,0xFF,0xFF,0xFF,0xFF,
    0xDF,0xFF,0xFF,0xFF,0xFF,0xFF,0xFF,0xFF,0xFF,0x9D,0xEF,0xFF,0xDD,0xF7,0xFF,0xFE,0xFF,0xFF,0xDE,0xF7,0xFF,0xFF,0xFF,0xFF,0xFF,0xFF,0xFF,0xDE,0xFF,0xFF,0xFF,0xFF,0xFF,0xFF,0xFF,0xFF,
    0xDE,0xFF,0xFF,0xFF,0xFF,0xFF,0xFF,0xFF,0xFF,0xFF,0xFF,0xFF,0x9D,0xEF,0xFF,0xFF,0xFF,0xFF,0xFF,0xFF,0xFF,0x9D,0xF7,0xFF,0xFF,0xFF,0xFF,0xFF,0xFF,0xFF,0xBE,0xF7,0xFF,0xFF,0xFF,0xFF,
    0xBE,0xF7,0xFF,0xBE,0xF7,0xFF,0xFF,0xFF,0xFF,0xFF,0xFF,0xFF,0x9D,0xEF,0xFF,0xFF,0xFF,0xFF,0xDE,0xF7,0xFF,0xFF,0xFF,0xFF,0xFF,0xFF,0xFF,0xFF,0xFF,0xFF,0xFF,0xFF,0xFF,0xDE,0xF7,0xFF,
    0xBE,0xF7,0xFF,0xFF,0xFF,0xFF,0xFF,0xFF,0xFF,0xDE,0xFF,0xFF,0xDF,0xFF,0xFF,0xFF,0xFF,0xFF,0xFF,0xFF,0xFF,0xDF,0xFF,0xFF,0xFF,0xFF,0xFF,0xFF,0xFF,0xFF,0xFF,0xFF,0xFF,0xFF,0xFF,0xFF,
    0xFF,0xFF,0xFF,0xDF,0xFF,0xFF,0xDF,0xF7,0xFF,0xDF,0xFF,0xFF,0xFF,0xFF,0xFF,0xFF,0xFF,0xFF,0xFF,0xFF,0xFF,0xFF,0xFF,0xFF,0x9D,0xEF,0xFF,0xFF,0xFF,0xFF,0xFF,0xFF,0xFF,0x9C,0xE7,0xFF,
    0xDD,0xF7,0xFF,0xFF,0xFF,0xFF,0x7C,0xEF,0xFF,0xFE,0xFF,0xFF,0xBD,0xF7,0xFF,0xFE,0xFF,0xFF,0xFE,0xFF,0xFF,0xFE,0xFF,0xFF,0xDE,0xF7,0xFF,0xFF,0xFF,0xFF,0xFF,0xFF,0xFF,0xFF,0xFF,0xFF,
    0xDF,0xFF,0xFF,0xBE,0xFF,0xFF,0xFF,0xFF,0xFF,0xFF,0xFF,0xFF,0x7D,0xEF,0xFF,0xBE,0xF7,0xFF,0xFF,0xFF,0xFF,0xFF,0xF7,0xFF,0xFF,0xF7,0xFF,0xFE,0xF7,0xFF,0xFE,0xF7,0xFF,0xFE,0xFF,0xFF,
    0xDE,0xFF,0xFF,0xDE,0xFF,0xFF,0xDF,0xFF,0xFF,0xFF,0xFF,0xFF,0x9D,0xF7,0xFF,0xDF,0xFF,0xFF,0xFF,0xFF,0xFF,0xFF,0xFF,0xFF,0x9E,0xF7,0xFF,0xDF,0xF7,0xFF,0xFF,0xFF,0xFF,0xDE,0xF7,0xFF,
    0xFF,0xFF,0xFF,0xDF,0xF7,0xFF,0xFF,0xFF,0xFF,0xBF,0xF7,0xFF,0xFF,0xFF,0xFF,0xDF,0xF7,0xFF,0xFF,0xFF,0xFF,0xFF,0xFF,0xFF,0xFF,0xFF,0xFF,0xFF,0xFF,0xFF,0xFF,0xFF,0xFF,0xFF,0xFF,0xFF,
    0xFF,0xFF,0xFF,0xFF,0xFF,0xFF,0xFF,0xFF,0xFF,0xFF,0xFF,0xFF,0xFF,0xFF,0xFF,0xFF,0xFF,0xFF,0xDF,0xFF,0xFF,0xFF,0xFF,0xFF,0xFF,0xFF,0xFF,0xDE,0xF7,0xFF,0xDD,0xFF,0xFF,0xFE,0xFF,0xFF,
    0xFE,0xFF,0xFF,0x7C,0xEF,0xFF,0xFF,0xFF,0xFF,0xFF,0xFF,0xFF,0xFF,0xFF,0xFF,0xFF,0xFF,0xFF,0xFF,0xFF,0xFF,0xFF,0xF7,0xFF,0xFF,0xFF,0xFF,0xFF,0xFF,0xFF,0xFF,0xFF,0xFF,0xFF,0xFF,0xFF,
    0xFF,0xFF,0xFF,0xFF,0xFF,0xFF,0xBF,0xF7,0xFF,0x9E,0xEF,0xFF,0xDF,0xFF,0xFF,0xFF,0xFF,0xFF,0xFF,0xFF,0xFF,0xFF,0xFF,0xFF,0xFF,0xFF,0xFF,0xFF,0xFF,0xFF,0xFF,0xFF,0xFF,0xFF,0xFF,0xFF,
    0xFF,0xFF,0xFF,0xFF,0xFF,0xFF,0xFF,0xFF,0xFF,0xFF,0xFF,0xFF,0xFF,0xFF,0xFF,0xFF,0xFF,0xFF,0xFE,0xFF,0xFF,0xBD,0xF7,0xFF,0xFE,0xFF,0xFF,0xFF,0xFF,0xFF,0x9D,0xEF,0xFF,0xFF,0xFF,0xFF,
    0xFF,0xFF,0xFF,0xFF,0xFF,0xFF,0xDF,0xFF,0xFF,0xFF,0xFF,0xFF,0xBF,0xF7,0xFF,0xFF,0xFF,0xFF,0xFF,0xFF,0xFF,0xFF,0xFF,0xFF,0xDF,0xF7,0xFF,0xDF,0xF7,0xFF,0xDF,0xFF,0xFF,0xFF,0xFF,0xFF,
    0xFF,0xFF,0xFF,0xFF,0xFF,0xFF,0xFF,0xFF,0xFF,0xFF,0xFF,0xFF,0xFF,0xFF,0xFF,0xFF,0xFF,0xFF,0xDF,0xFF,0xFF,0xDF,0xFF,0xFF,0xFF,0xFF,0xFF,0xFF,0xFF,0xFF,0xFF,0xFF,0xFF,0xDF,0xFF,0xFF,
    0xFF,0xFF,0xFF,0xFF,0xFF,0xFF,0xFF,0xFF,0xFF,0xFE,0xFF,0xFF,0xFE,0xFF,0xFF,0xFE,0xFF,0xFF,0xFE,0xFF,0xFF,0xFE,0xFF,0xFF,0xFE,0xFF,0xFF,0xFE,0xFF,0xFF,0xDE,0xFF,0xFF,0xDE,0xF7,0xFF,
    0xBE,0xF7,0xFF,0xFF,0xFF,0xFF,0xDF,0xF7,0xFF,0xFF,0xFF,0xFF,0xFF,0xFF,0xFF,0xDF,0xF7,0xFF,0xAF,0x73,0xFF,0x00,0x00,0xFF,0x41,0x08,0xFF,0x00,0x00,0xFF,0x41,0x08,0xFF,0x8A,0x52,0xFF,
    0x3C,0xE7,0xFF,0xFF,0xFF,0xFF,0xFF,0xFF,0xFF,0xBE,0xF7,0xFF,0x9E,0xF7,0xFF,0xBE,0xF7,0xFF,0xBE,0xF7,0xFF,0xBE,0xF7,0xFF,0xBE,0xF7,0xFF,0x9E,0xF7,0xFF,0x9E,0xF7,0xFF,0xDB,0xDE,0xFF,
    0x9E,0xF7,0xFF,0xDF,0xFF,0xFF,0xFF,0xFF,0xFF,0x9E,0xF7,0xFF,0xDF,0xFF,0xFF,0xDF,0xFF,0xFF,0xBE,0xF7,0xFF,0xFF,0xFF,0xFF,0xBE,0xF7,0xFF,0xDE,0xFF,0xFF,0x9E,0xF7,0xFF,0x9E,0xF7,0xFF,
    0xBE,0xF7,0xFF,0x99,0xD6,0xFF,0x61,0x10,0xFF,0x20,0x00,0xFF,0xA0,0x10,0xFF,0xA0,0x10,0xFF,0x00,0x21,0xFF,0xC8,0xBD,0xFF,0xA9,0xEF,0xFF,0xC5,0xEF,0xFF,0xE1,0xEF,0xFF,0xE1,0xF7,0xFF,
    0xE2,0xF7,0xFF,0xE2,0xF7,0xFF,0xC4,0xF7,0xFF,0xE5,0xF7,0xFF,0x81,0xE7,0xFF,0x80,0xE7,0xFF,0xE2,0xEF,0xFF,0xC3,0xE7,0xFF,0xA5,0xE7,0xFF,0xE9,0xF7,0xFF,0xAC,0xEF,0xFF,0xC9,0xB5,0xFF,
    0xC0,0x18,0xFF,0x40,0x08,0xFF,0x40,0x08,0xFF,0x40,0x08,0xFF,0x60,0x08,0xFF,0xD6,0xD6,0xFF,0x80,0x08,0xFF,0x00,0x00,0xFF,0x21,0x00,0xFF,0x01,0x00,0xFF,0x00,0x00,0xFF,0x20,0x00,0xFF,
    0x00,0x00,0xFF,0x41,0x08,0xFF,0x61,0x08,0xFF,0x00,0x00,0xFF,0x00,0x00,0xFF,0x00,0x00,0xFF,0x00,0x00,0xFF,0x61,0x08,0xFF,0x24,0x21,0xFF,0x7D,0xEF,0xFF,0x7D,0xEF,0xFF,0xFF,0xFF,0xFF,
    0xDF,0xFF,0xFF,0x9E,0xF7,0xFF,0xFF,0xFF,0xFF,0xDF,0xFF,0xFF,0xFF,0xFF,0xFF,0xFF,0xFF,0xFF,0x3C,0xE7,0xFF,0x45,0x29,0xFF,0xB2,0x94,0xFF,0xFF,0xFF,0xFF,0x9E,0xF7,0xFF,0x3C,0xE7,0xFF,
    0xDF,0xFF,0xFF,0x9E,0xF7,0xFF,0x9E,0xF7,0xFF,0xDF,0xFF,0xFF,0x9E,0xF7,0xFF,0x9E,0xF7,0xFF,0x7D,0xEF,0xFF,0xDF,0xFF,0xFF,0xBE,0xF7,0xFF,0xBE,0xF7,0xFF,0xDF,0xFF,0xFF,0xDF,0xFF,0xFF,
    0x3C,0xE7,0xFF,0x49,0x4A,0xFF,0x00,0x00,0xFF,0x6D,0x6B,0xFF,0x9E,0xF7,0xFF,0x3C,0xE7,0xFF,0xBE,0xF7,0xFF,0x9E,0xF7,0xFF,0xFF,0xFF,0xFF,0xDF,0xFF,0xFF,0xBE,0xF7,0xFF,0xBE,0xF7,0xFF,
    0xBE,0xF7,0xFF,0xBE,0xF7,0xFF,0xBE,0xF7,0xFF,0xBE,0xF7,0xFF,0xBE,0xF7,0xFF,0xBE,0xF7,0xFF,0xBE,0xF7,0xFF,0xBE,0xF7,0xFF,0xBE,0xF7,0xFF,0xBE,0xF7,0xFF,0xBE,0xF7,0xFF,0xBE,0xF7,0xFF,
    0xBE,0xF7,0xFF,0xBE,0xF7,0xFF,0xBE,0xF7,0xFF,0xBE,0xF7,0xFF,0x9E,0xF7,0xFF,0x9E,0xF7,0xFF,0x9E,0xF7,0xFF,0x9E,0xF7,0xFF,0x9E,0xF7,0xFF,0xBE,0xF7,0xFF,0x7D,0xEF,0xFF,0x9E,0xF7,0xFF,
    0xBE,0xF7,0xFF,0xDF,0xFF,0xFF,0xDF,0xFF,0xFF,0xBE,0xF7,0xFF,0xBE,0xF7,0xFF,0xBE,0xF7,0xFF,0xDF,0xFF,0xFF,0x7D,0xEF,0xFF,0xDF,0xFF,0xFF,0x79,0xCE,0xFF,0x00,0x00,0xFF,0x41,0x08,0xFF,
    0x00,0x00,0xFF,0xFF,0xFF,0xFF,0xFF,0xFF,0xFF,0xFF,0xFF,0xFF,0xFF,0xFF,0xFF,0xFF,0xFF,0xFF,0xFF,0xFF,0xFF,0xFF,0xFF,0xFF,0xDF,0xFF,0xFF,0xFF,0xFF,0xFF,0xFF,0xFF,0xFF,0xFF,0xFF,0xFF,
    0xDF,0xFF,0xFF,0xFF,0xFF,0xFF,0xFF,0xFF,0xFF,0xFF,0xFF,0xFF,0x9D,0xF7,0xFF,0xDE,0xFF,0xFF,0xFF,0xFF,0xFF,0xFF,0xFF,0xFF,0xFF,0xFF,0xFF,0xFF,0xFF,0xFF,0xBF,0xF7,0xFF,0xBF,0xFF,0xFF,
    0xBF,0xFF,0xFF,0xFF,0xFF,0xFF,0xFF,0xFF,0xFF,0xDF,0xFF,0xFF,0xDF,0xFF,0xFF,0xFF,0xFF,0xFF,0xFF,0xFF,0xFF,0xBE,0xFF,0xFF,0xFF,0xFF,0xFF,0xDF,0xFF,0xFF,0xBE,0xFF,0xFF,0xFF,0xFF,0xFF,
    0xFF,0xFF,0xFF,0x9D,0xF7,0xFF,0xFF,0xFF,0xFF,0xFF,0xFF,0xFF,0xFF,0xFF,0xFF,0xFF,0xFF,0xFF,0x7D,0xF7,0xFF,0xFF,0xFF,0xFF,0xFF,0xFF,0xFF,0xFF,0xFF,0xFF,0xFF,0xFF,0xFF,0xBF,0xFF,0xFF,
    0xDF,0xFF,0xFF,0xFF,0xFF,0xFF,0xBF,0xF7,0xFF,0xBF,0xF7,0xFF,0xFF,0xFF,0xFF,0xDF,0xFF,0xFF,0xFF,0xFF,0xFF,0x9E,0xF7,0xFF,0xFF,0xFF,0xFF,0xFF,0xFF,0xFF,0x9D,0xF7,0xFF,0xFE,0xFF,0xFF,
    0xFF,0xFF,0xFF,0xBE,0xFF,0xFF,0xBE,0xFF,0xFF,0xFF,0xFF,0xFF,0xDE,0xFF,0xFF,0xFF,0xFF,0xFF,0x9D,0xF7,0xFF,0xFF,0xFF,0xFF,0xBE,0xFF,0xFF,0xFF,0xFF,0xFF,0xFF,0xFF,0xFF,0xFE,0xFF,0xFF,
    0xDE,0xFF,0xFF,0xFF,0xFF,0xFF,0xFF,0xFF,0xFF,0x9E,0xF7,0xFF,0x9F,0xFF,0xFF,0xFF,0xFF,0xFF,0xFF,0xFF,0xFF,0xFF,0xFF,0xFF,0x9E,0xF7,0xFF,0xFF,0xFF,0xFF,0xDE,0xFF,0xFF,0xFF,0xFF,0xFF,
    0xFF,0xFF,0xFF,0xFF,0xFF,0xFF,0xDF,0xFF,0xFF,0xFF,0xFF,0xFF,0xFF,0xFF,0xFF,0xFF,0xFF,0xFF,0xFF,0xFF,0xFF,0xFF,0xFF,0xFF,0xDE,0xFF,0xFF,0xFF,0xFF,0xFF,0xFF,0xFF,0xFF,0xFF,0xFF,0xFF,
    0xFF,0xFF,0xFF,0xFF,0xFF,0xFF,0xFF,0xFF,0xFF,0x7D,0xEF,0xFF,0xFF,0xFF,0xFF,0xBE,0xF7,0xFF,0xBE,0xF7,0xFF,0xFF,0xFF,0xFF,0xFF,0xFF,0xFF,0xFF,0xFF,0xFF,0xFF,0xFF,0xFF,0xFF,0xFF,0xFF,
    0xBF,0xFF,0xFF,0xDF,0xFF,0xFF,0xFF,0xFF,0xFF,0xDF,0xFF,0xFF,0xFF,0xFF,0xFF,0xFF,0xFF,0xFF,0xFF,0xFF,0xFF,0xFF,0xFF,0xFF,0xFF,0xFF,0xFF,0xFF,0xFF,0xFF,0xFF,0xFF,0xFF,0xDF,0xFF,0xFF,
    0xBF,0xFF,0xFF,0xDF,0xFF,0xFF,0xDE,0xFF,0xFF,0xFF,0xFF,0xFF,0x9E,0xF7,0xFF,0xFF,0xFF,0xFF,0xFF,0xFF,0xFF,0xBF,0xFF,0xFF,0x9F,0xFF,0xFF,0xFF,0xFF,0xFF,0xFF,0xFF,0xFF,0xFF,0xFF,0xFF,
    0xFF,0xFF,0xFF,0xFF,0xFF,0xFF,0xFF,0xFF,0xFF,0xFF,0xFF,0xFF,0xFF,0xFF,0xFF,0xFF,0xFF,0xFF,0xFF,0xFF,0xFF,0xDF,0xFF,0xFF,0xDF,0xFF,0xFF,0x7E,0xFF,0xFF,0xFF,0xFF,0xFF,0xFF,0xFF,0xFF,
    0xDF,0xFF,0xFF,0x9E,0xF7,0xFF,0xFF,0xFF,0xFF,0xFF,0xFF,0xFF,0xFF,0xFF,0xFF,0xFF,0xFF,0xFF,0xDF,0xF7,0xFF,0xFF,0xFF,0xFF,0xDF,0xF7,0xFF,0xFF,0xFF,0xFF,0xDF,0xFF,0xFF,0xFF,0xFF,0xFF,
    0xFF,0xFF,0xFF,0xFF,0xFF,0xFF,0xFF,0xFF,0xFF,0xFF,0xFF,0xFF,0xFF,0xFF,0xFF,0xFF,0xFF,0xFF,0xFF,0xFF,0xFF,0xFF,0xFF,0xFF,0xFF,0xFF,0xFF,0x9D,0xF7,0xFF,0xFF,0xFF,0xFF,0xFF,0xFF,0xFF,
    0xFF,0xFF,0xFF,0xFF,0xFF,0xFF,0x7E,0xF7,0xFF,0xFF,0xFF,0xFF,0xBD,0xFF,0xFF,0xFE,0xFF,0xFF,0xFF,0xFF,0xFF,0xFF,0xFF,0xFF,0xFF,0xFF,0xFF,0xFF,0xFF,0xFF,0xDF,0xFF,0xFF,0xDE,0xF7,0xFF,
    0x5C,0xE7,0xFF,0xFF,0xFF,0xFF,0xFF,0xFF,0xFF,0xFE,0xFF,0xFF,0xFF,0xFF,0xFF,0xDE,0xFF,0xFF,0xDF,0xFF,0xFF,0xDF,0xFF,0xFF,0xFF,0xFF,0xFF,0xFF,0xFF,0xFF,0xFF,0xFF,0xFF,0xDF,0xFF,0xFF,
    0xFF,0xFF,0xFF,0xDE,0xFF,0xFF,0xFF,0xFF,0xFF,0xFF,0xFF,0xFF,0xDF,0xFF,0xFF,0xDF,0xFF,0xFF,0xFF,0xFF,0xFF,0xFF,0xFF,0xFF,0xFF,0xFF,0xFF,0xFF,0xFF,0xFF,0xFF,0xFF,0xFF,0xFF,0xFF,0xFF,
    0xFE,0xFF,0xFF,0xFD,0xFF,0xFF,0xFE,0xFF,0xFF,0xFE,0xFF,0xFF,0xFF,0xFF,0xFF,0x5D,0xF7,0xFF,0xFF,0xFF,0xFF,0xDF,0xFF,0xFF,0xBE,0xFF,0xFF,0xFF,0xFF,0xFF,0xFF,0xFF,0xFF,0x9D,0xF7,0xFF,
    0xFF,0xFF,0xFF,0xFF,0xFF,0xFF,0x9E,0xF7,0xFF,0xFF,0xFF,0xFF,0xFF,0xFF,0xFF,0xDF,0xFF,0xFF,0x7D,0xF7,0xFF,0xFF,0xFF,0xFF,0xDE,0xFF,0xFF,0xFF,0xFF,0xFF,0xBE,0xFF,0xFF,0xFF,0xFF,0xFF,
    0xFF,0xFF,0xFF,0xFF,0xFF,0xFF,0xDF,0xFF,0xFF,0x7D,0xF7,0xFF,0xFF,0xFF,0xFF,0xFF,0xFF,0xFF,0xBE,0xFF,0xFF,0xFF,0xFF,0xFF,0xFF,0xFF,0xFF,0xFF,0xFF,0xFF,0xFF,0xFF,0xFF,0xFF,0xFF,0xFF,
    0xFF,0xFF,0xFF,0xFF,0xFF,0xFF,0xFF,0xFF,0xFF,0xFF,0xFF,0xFF,0xBD,0xF7,0xFF,0xFF,0xFF,0xFF,0xFE,0xFF,0xFF,0xFF,0xFF,0xFF,0xFF,0xFF,0xFF,0xFF,0xFF,0xFF,0xBE,0xEF,0xFF,0xFF,0xFF,0xFF,
    0xFF,0xFF,0xFF,0xDB,0xDE,0xFF,0x00,0x00,0xFF,0xA2,0x10,0xFF,0x00,0x00,0xFF,0x20,0x00,0xFF,0x41,0x08,0xFF,0x5D,0xEF,0xFF,0x1C,0xE7,0xFF,0xDF,0xFF,0xFF,0xDF,0xFF,0xFF,0x7D,0xEF,0xFF,
    0x9E,0xF7,0xFF,0xBE,0xF7,0xFF,0xBE,0xF7,0xFF,0xDF,0xFF,0xFF,0xBE,0xF7,0xFF,0xD7,0xBD,0xFF,0xFF,0xFF,0xFF,0x7D,0xEF,0xFF,0x9E,0xF7,0xFF,0x9E,0xF7,0xFF,0xBE,0xF7,0xFF,0xDF,0xFF,0xFF,
    0x7D,0xEF,0xFF,0xFF,0xFF,0xFF,0x5C,0xEF,0xFF,0xBE,0xF7,0xFF,0xFF,0xFF,0xFF,0xDE,0xF7,0xFF,0xDE,0xFF,0xFF,0x9C,0xF7,0xFF,0x00,0x00,0xFF,0x60,0x29,0xFF,0xB0,0xEF,0xFF,0x6B,0xE7,0xFF,
    0xEA,0xFF,0xFF,0xC6,0xEF,0xFF,0xE5,0xFF,0xFF,0xA3,0xEF,0xFF,0xC3,0xF7,0xFF,0x81,0xEF,0xFF,0xE3,0xF7,0xFF,0xC2,0xEF,0xFF,0xC3,0xEF,0xFF,0xC2,0xEF,0xFF,0xE2,0xEF,0xFF,0xE4,0xF7,0xFF,
    0xC6,0xE7,0xFF,0xEA,0xEF,0xFF,0x8A,0xE7,0xFF,0x28,0xBE,0xFF,0x40,0x21,0xFF,0x60,0x08,0xFF,0x00,0x00,0xFF,0x20,0x08,0xFF,0x01,0x00,0xFF,0x00,0x00,0xFF,0x00,0x00,0xFF,0x60,0x08,0xFF,
    0x20,0x00,0xFF,0x40,0x00,0xFF,0x61,0x08,0xFF,0x00,0x00,0xFF,0x21,0x00,0xFF,0x20,0x00,0xFF,0x00,0x00,0xFF,0x20,0x00,0xFF,0x00,0x00,0xFF,0x00,0x00,0xFF,0x00,0x00,0xFF,0x41,0x08,0xFF,
    0x20,0x00,0xFF,0x00,0x00,0xFF,0x41,0x08,0xFF,0x30,0x84,0xFF,0xBE,0xF7,0xFF,0x7D,0xEF,0xFF,0xFF,0xFF,0xFF,0xBE,0xF7,0xFF,0x9E,0xF7,0xFF,0x7D,0xEF,0xFF,0x9E,0xF7,0xFF,0x5D,0xEF,0xFF,
    0xA2,0x10,0xFF,0xFB,0xDE,0xFF,0xBE,0xF7,0xFF,0xBE,0xF7,0xFF,0xFF,0xFF,0xFF,0xFF,0xFF,0xFF,0xBE,0xF7,0xFF,0xDF,0xFF,0xFF,0x5D,0xEF,0xFF,0xBE,0xF7,0xFF,0xDF,0xFF,0xFF,0xBE,0xF7,0xFF,
    0xDF,0xFF,0xFF,0x3C,0xE7,0xFF,0xBE,0xF7,0xFF,0xDF,0xFF,0xFF,0x9E,0xF7,0xFF,0x9E,0xF7,0xFF,0xBE,0xF7,0xFF,0xDF,0xFF,0xFF,0xDF,0xFF,0xFF,0xE3,0x18,0xFF,0x82,0x10,0xFF,0x1C,0xE7,0xFF,
    0xFF,0xFF,0xFF,0xFF,0xFF,0xFF,0x3C,0xE7,0xFF,0xBE,0xF7,0xFF,0xBE,0xF7,0xFF,0xBE,0xF7,0xFF,0xBE,0xF7,0xFF,0xBE,0xF7,0xFF,0xBE,0xF7,0xFF,0xBE,0xF7,0xFF,0xBE,0xF7,0xFF,0xBE,0xF7,0xFF,
    0xBE,0xF7,0xFF,0xBE,0xF7,0xFF,0xBE,0xF7,0xFF,0xBE,0xF7,0xFF,0xBE,0xF7,0xFF,0xBE,0xF7,0xFF,0xBE,0xF7,0xFF,0xBE,0xF7,0xFF,0xBE,0xF7,0xFF,0xBE,0xF7,0xFF,0xBE,0xF7,0xFF,0x9E,0xF7,0xFF,
    0xBE,0xF7,0xFF,0xDF,0xFF,0xFF,0x9E,0xF7,0xFF,0xBE,0xF7,0xFF,0x9E,0xF7,0xFF,0xBE,0xF7,0xFF,0xBE,0xF7,0xFF,0xBE,0xF7,0xFF,0xBE,0xF7,0xFF,0xBE,0xF7,0xFF,0xBE,0xF7,0xFF,0xBE,0xF7,0xFF,
    0xBE,0xF7,0xFF,0x7D,0xEF,0xFF,0xFF,0xFF,0xFF,0x61,0x08,0xFF,0x00,0x00,0xFF,0x00,0x00,0xFF,0xEB,0x5A,0xFF,0xDF,0xFF,0xFF,0xDF,0xFF,0xFF,0xDF,0xFF,0xFF,0xDF,0xFF,0xFF,0xDF,0xFF,0xFF,
    0xDF,0xFF,0xFF,0xFF,0xFF,0xFF,0xFF,0xFF,0xFF,0xFF,0xFF,0xFF,0xFF,0xFF,0xFF,0xFF,0xFF,0xFF,0xFF,0xFF,0xFF,0xFF,0xFF,0xFF,0xDF,0xF7,0xFF,0xFF,0xFF,0xFF,0xFF,0xFF,0xFF,0xFF,0xFF,0xFF,
    0xFF,0xFF,0xFF,0xBE,0xF7,0xFF,0xFF,0xFF,0xFF,0x9F,0xF7,0xFF,0xFF,0xFF,0xFF,0xDF,0xFF,0xFF,0xDF,0xFF,0xFF,0xDF,0xFF,0xFF,0x7F,0xFF,0xFF,0xDF,0xFF,0xFF,0x9F,0xFF,0xFF,0xDF,0xFF,0xFF,
    0x9F,0xFF,0xFF,0xDF,0xFF,0xFF,0xDF,0xFF,0xFF,0xDF,0xFF,0xFF,0xDF,0xFF,0xFF,0x9F,0xFF,0xFF,0xDF,0xFF,0xFF,0x7F,0xFF,0xFF,0xDF,0xFF,0xFF,0xDF,0xFF,0xFF,0xBF,0xFF,0xFF,0x9F,0xFF,0xFF,
    0xDF,0xFF,0xFF,0xDF,0xFF,0xFF,0x9F,0xFF,0xFF,0xDF,0xFF,0xFF,0xDF,0xFF,0xFF,0xBF,0xFF,0xFF,0xFF,0xFF,0xFF,0x9D,0xF7,0xFF,0xFF,0xFF,0xFF,0xFF,0xFF,0xFF,0xFF,0xFF,0xFF,0xDF,0xFF,0xFF,
    0xFF,0xFF,0xFF,0x9E,0xFF,0xFF,0xDF,0xFF,0xFF,0x9E,0xFF,0xFF,0xDF,0xFF,0xFF,0xDF,0xFF,0xFF,0xDF,0xFF,0xFF,0xDF,0xFF,0xFF,0xFF,0xFF,0xFF,0xBF,0xFF,0xFF,0xDF,0xFF,0xFF,0xFF,0xFF,0xFF,
    0xFF,0xFF,0xFF,0xFF,0xFF,0xFF,0xFF,0xFF,0xFF,0xBF,0xFF,0xFF,0xFF,0xFF,0xFF,0xDF,0xFF,0xFF,0xBF,0xFF,0xFF,0xFF,0xFF,0xFF,0xDF,0xFF,0xFF,0xDF,0xFF,0xFF,0xDF,0xFF,0xFF,0xBF,0xFF,0xFF,
    0x9F,0xFF,0xFF,0xBF,0xFF,0xFF,0xFF,0xFF,0xFF,0xDF,0xFF,0xFF,0xFF,0xFF,0xFF,0xDF,0xFF,0xFF,0xFF,0xFF,0xFF,0xBF,0xFF,0xFF,0x9F,0xFF,0xFF,0xDF,0xFF,0xFF,0x9F,0xFF,0xFF,0xBF,0xFF,0xFF,
    0xBF,0xFF,0xFF,0xBF,0xFF,0xFF,0xDF,0xFF,0xFF,0xBF,0xFF,0xFF,0xDF,0xFF,0xFF,0xDF,0xFF,0xFF,0x9F,0xFF,0xFF,0xDF,0xFF,0xFF,0xDF,0xFF,0xFF,0xDF,0xFF,0xFF,0xDF,0xFF,0xFF,0xDF,0xFF,0xFF,
    0xDF,0xFF,0xFF,0xDF,0xFF,0xFF,0xDF,0xFF,0xFF,0x9F,0xFF,0xFF,0xDF,0xFF,0xFF,0xDF,0xFF,0xFF,0xDF,0xFF,0xFF,0xBF,0xFF,0xFF,0xBF,0xFF,0xFF,0xFF,0xFF,0xFF,0x9F,0xF7,0xFF,0xDF,0xFF,0xFF,
    0xFF,0xFF,0xFF,0xDF,0xFF,0xFF,0xDF,0xFF,0xFF,0xDF,0xFF,0xFF,0x7F,0xFF,0xFF,0xDF,0xFF,0xFF,0xDF,0xFF,0xFF,0xDF,0xFF,0xFF,0xDF,0xFF,0xFF,0xDF,0xFF,0xFF,0xDF,0xFF,0xFF,0x9F,0xFF,0xFF,
    0xDF,0xFF,0xFF,0xDF,0xFF,0xFF,0xBF,0xFF,0xFF,0x9F,0xFF,0xFF,0xFF,0xFF,0xFF,0xBF,0xF7,0xFF,0xFF,0xF7,0xFF,0xFF,0xF7,0xFF,0xFF,0xF7,0xFF,0xFF,0xFF,0xFF,0xFF,0xFF,0xFF,0xDF,0xFF,0xFF,
    0xBF,0xFF,0xFF,0x9F,0xFF,0xFF,0x7F,0xFF,0xFF,0xBF,0xFF,0xFF,0x9F,0xFF,0xFF,0xBF,0xFF,0xFF,0xDF,0xFF,0xFF,0xDF,0xFF,0xFF,0xFF,0xFF,0xFF,0xDF,0xFF,0xFF,0xFF,0xFF,0xFF,0xDF,0xFF,0xFF,
    0xDF,0xFF,0xFF,0xFF,0xFF,0xFF,0xFF,0xFF,0xFF,0xFF,0xFF,0xFF,0xFF,0xFF,0xFF,0xDF,0xFF,0xFF,0xDF,0xFF,0xFF,0xDF,0xFF,0xFF,0xDF,0xFF,0xFF,0xDF,0xFF,0xFF,0xFF,0xFF,0xFF,0xFF,0xFF,0xFF,
    0xDF,0xFF,0xFF,0xDF,0xFF,0xFF,0xBF,0xFF,0xFF,0xDF,0xFF,0xFF,0xDF,0xFF,0xFF,0xDF,0xFF,0xFF,0xDF,0xFF,0xFF,0xDF,0xFF,0xFF,0xDF,0xFF,0xFF,0xDF,0xFF,0xFF,0xDF,0xFF,0xFF,0xBF,0xFF,0xFF,
    0xBF,0xFF,0xFF,0x9F,0xFF,0xFF,0xDF,0xFF,0xFF,0xDF,0xFF,0xFF,0xFF,0xFF,0xFF,0xFF,0xFF,0xFF,0xFF,0xFF,0xFF,0x9D,0xEF,0xFF,0xFF,0xFF,0xFF,0xFF,0xFF,0xFF,0xBE,0xFF,0xFF,0xFF,0xFF,0xFF,
    0xBF,0xFF,0xFF,0xDF,0xFF,0xFF,0x5E,0xF7,0xFF,0xDF,0xFF,0xFF,0xBF,0xFF,0xFF,0xBF,0xFF,0xFF,0xDF,0xFF,0xFF,0xBF,0xFF,0xFF,0xDF,0xFF,0xFF,0xDF,0xFF,0xFF,0xDF,0xFF,0xFF,0xDF,0xFF,0xFF,
    0xDF,0xFF,0xFF,0xDF,0xFF,0xFF,0xDF,0xFF,0xFF,0xDF,0xFF,0xFF,0xDF,0xFF,0xFF,0xFF,0xFF,0xFF,0xDF,0xFF,0xFF,0xFF,0xFF,0xFF,0xBF,0xFF,0xFF,0xBF,0xFF,0xFF,0xBF,0xFF,0xFF,0xDF,0xFF,0xFF,
    0xBF,0xFF,0xFF,0x9F,0xFF,0xFF,0xDF,0xFF,0xFF,0xFF,0xFF,0xFF,0x7D,0xF7,0xFF,0xFF,0xFF,0xFF,0xDE,0xFF,0xFF,0xFF,0xFF,0xFF,0xFF,0xFF,0xFF,0x9F,0xFF,0xFF,0xBF,0xFF,0xFF,0xDF,0xFF,0xFF,
    0xDF,0xFF,0xFF,0xDF,0xFF,0xFF,0xDF,0xFF,0xFF,0xBF,0xFF,0xFF,0xDF,0xFF,0xFF,0xBF,0xFF,0xFF,0xDF,0xFF,0xFF,0xBF,0xFF,0xFF,0xDF,0xFF,0xFF,0xBF,0xFF,0xFF,0xDF,0xFF,0xFF,0xBF,0xFF,0xFF,
    0xDF,0xFF,0xFF,0xDF,0xFF,0xFF,0xDF,0xFF,0xFF,0xDF,0xFF,0xFF,0xDF,0xFF,0xFF,0xDF,0xFF,0xFF,0xDF,0xFF,0xFF,0xDF,0xFF,0xFF,0xDF,0xFF,0xFF,0xFF,0xFF,0xFF,0xFF,0xFF,0xFF,0x9D,0xF7,0xFF,
    0xFF,0xFF,0xFF,0xFE,0xFF,0xFF,0xDE,0xFF,0xFF,0xFF,0xFF,0xFF,0xFF,0xFF,0xFF,0xFF,0xFF,0xFF,0xFF,0xFF,0xFF,0xDF,0xFF,0xFF,0xFF,0xFF,0xFF,0xA6,0x31,0xFF,0x20,0x00,0xFF,0x00,0x00,0xFF,
    0x00,0x00,0xFF,0x00,0x00,0xFF,0xD3,0x9C,0xFF,0x3C,0xE7,0xFF,0xFF,0xFF,0xFF,0x9E,0xF7,0xFF,0xDF,0xFF,0xFF,0xBE,0xF7,0xFF,0x5D,0xEF,0xFF,0xDF,0xFF,0xFF,0x9E,0xF7,0xFF,0xBE,0xF7,0xFF,
    0x3C,0xE7,0xFF,0xDF,0xFF,0xFF,0x9E,0xF7,0xFF,0xDF,0xFF,0xFF,0x9E,0xF7,0xFF,0xBE,0xF7,0xFF,0xBE,0xF7,0xFF,0x5D,0xEF,0xFF,0xFF,0xFF,0xFF,0xFF,0xFF,0xFF,0x3C,0xE7,0xFF,0xDE,0xFF,0xFF,
    0xFF,0xFF,0xFF,0x6A,0x6B,0xFF,0x60,0x08,0xFF,0xCD,0xD6,0xFF,0xA9,0xE7,0xFF,0xE5,0xEF,0xFF,0xC2,0xEF,0xFF,0xE2,0xF7,0xFF,0x20,0xDF,0xFF,0xE4,0xFF,0xFF,0xE4,0xFF,0xFF,0x61,0xEF,0xFF,
    0xE3,0xFF,0xFF,0xE3,0xF7,0xFF,0xE3,0xEF,0xFF,0xE4,0xEF,0xFF,0xC3,0xE7,0xFF,0xA6,0xE7,0xFF,0xAC,0xE7,0xFF,0xCC,0xCE,0xFF,0xC0,0x29,0xFF,0xE0,0x10,0xFF,0x60,0x08,0xFF,0x00,0x00,0xFF,
    0x41,0x10,0xFF,0x02,0x00,0xFF,0x03,0x08,0xFF,0x02,0x00,0xFF,0x21,0x00,0xFF,0x20,0x00,0xFF,0x60,0x08,0xFF,0x00,0x00,0xFF,0x00,0x00,0xFF,0x21,0x00,0xFF,0x00,0x00,0xFF,0x20,0x00,0xFF,
    0x00,0x00,0xFF,0x00,0x00,0xFF,0x20,0x00,0xFF,0x00,0x00,0xFF,0x41,0x08,0xFF,0x00,0x00,0xFF,0x00,0x00,0xFF,0x00,0x00,0xFF,0x00,0x00,0xFF,0x00,0x00,0xFF,0x38,0xC6,0xFF,0xDF,0xFF,0xFF,
    0x7D,0xEF,0xFF,0xDF,0xFF,0xFF,0x9E,0xF7,0xFF,0xFF,0xFF,0xFF,0x9E,0xF7,0xFF,0x24,0x21,0xFF,0x7D,0xEF,0xFF,0xBE,0xF7,0xFF,0x9E,0xF7,0xFF,0xBE,0xF7,0xFF,0xDF,0xFF,0xFF,0x3C,0xE7,0xFF,
    0x9E,0xF7,0xFF,0xFF,0xFF,0xFF,0x9E,0xF7,0xFF,0xDF,0xFF,0xFF,0xBE,0xF7,0xFF,0x9E,0xF7,0xFF,0x9E,0xF7,0xFF,0xDF,0xFF,0xFF,0x9E,0xF7,0xFF,0x9E,0xF7,0xFF,0xBE,0xF7,0xFF,0xFF,0xFF,0xFF,
    0x3C,0xE7,0xFF,0x9E,0xF7,0xFF,0xDF,0xFF,0xFF,0x9E,0xF7,0xFF,0xD7,0xBD,0xFF,0x61,0x08,0xFF,0x55,0xAD,0xFF,0x3C,0xE7,0xFF,0xFF,0xFF,0xFF,0x9E,0xF7,0xFF,0xBE,0xF7,0xFF,0xBE,0xF7,0xFF,
    0xBE,0xF7,0xFF,0xBE,0xF7,0xFF,0xBE,0xF7,0xFF,0xBE,0xF7,0xFF,0xBE,0xF7,0xFF,0xBE,0xF7,0xFF,0xBE,0xF7,0xFF,0xBE,0xF7,0xFF,0xBE,0xF7,0xFF,0xBE,0xF7,0xFF,0xBE,0xF7,0xFF,0xBE,0xF7,0xFF,
    0xBE,0xF7,0xFF,0xBE,0xF7,0xFF,0x9E,0xF7,0xFF,0xBE,0xF7,0xFF,0xBE,0xF7,0xFF,0x7D,0xEF,0xFF,0xDF,0xFF,0xFF,0xFF,0xFF,0xFF,0xBE,0xF7,0xFF,0xBE,0xF7,0xFF,0xBE,0xF7,0xFF,0xBE,0xF7,0xFF,
    0xBE,0xF7,0xFF,0x9E,0xF7,0xFF,0x9E,0xF7,0xFF,0x9E,0xF7,0xFF,0x9E,0xF7,0xFF,0xBE,0xF7,0xFF,0xDF,0xFF,0xFF,0x9E,0xF7,0xFF,0x34,0xA5,0xFF,0x00,0x00,0xFF,0x61,0x08,0xFF,0x00,0x00,0xFF,
    0xBE,0xF7,0xFF,0xFF,0xFF,0xFF,0xFF,0xFF,0xFF,0xFF,0xFF,0xFF,0xFF,0xFF,0xFF,0xFF,0xFF,0xFF,0xDF,0xFF,0xFF,0xFF,0xFF,0xFF,0xFF,0xFF,0xFF,0xDF,0xFF,0xFF,0xFF,0xFF,0xFF,0xFF,0xFF,0xFF,
    0xDF,0xFF,0xFF,0xFF,0xFF,0xFF,0xFF,0xFF,0xFF,0xFF,0xFF,0xFF,0x9D,0xF7,0xFF,0xFF,0xFF,0xFF,0xFF,0xFF,0xFF,0xBF,0xFF,0xFF,0xDF,0xFF,0xFF,0xBF,0xFF,0xFF,0xBF,0xFF,0xFF,0x5F,0xFF,0xFF,
    0x9F,0xFF,0xFF,0x5F,0xFF,0xFF,0xBF,0xFF,0xFF,0xBF,0xFF,0xFF,0x9F,0xFF,0xFF,0x9F,0xFF,0xFF,0x9F,0xFF,0xFF,0x9F,0xFF,0xFF,0x9F,0xFF,0xFF,0x9F,0xFF,0xFF,0x9F,0xFF,0xFF,0x9F,0xFF,0xFF,
    0x9F,0xFF,0xFF,0x9F,0xFF,0xFF,0x9F,0xFF,0xFF,0x9F,0xFF,0xFF,0x9F,0xFF,0xFF,0x9F,0xFF,0xFF,0x9F,0xFF,0xFF,0x7F,0xFF,0xFF,0x9F,0xFF,0xFF,0x5F,0xFF,0xFF,0x3F,0xFF,0xFF,0xBF,0xFF,0xFF,
    0x5E,0xFF,0xFF,0xDF,0xFF,0xFF,0xDE,0xFF,0xFF,0xFE,0xFF,0xFF,0xFF,0xFF,0xFF,0xDF,0xFF,0xFF,0xBF,0xFF,0xFF,0x7F,0xFF,0xFF,0xDF,0xFF,0xFF,0xBF,0xFF,0xFF,0x1F,0xFF,0xFF,0x9F,0xFF,0xFF,
    0x9F,0xFF,0xFF,0x9F,0xFF,0xFF,0x9F,0xFF,0xFF,0x9F,0xFF,0xFF,0x9F,0xFF,0xFF,0x9F,0xFF,0xFF,0x9F,0xFF,0xFF,0x9F,0xFF,0xFF,0x9F,0xFF,0xFF,0x9F,0xFF,0xFF,0x9F,0xFF,0xFF,0x9F,0xFF,0xFF,
    0x9F,0xFF,0xFF,0x9F,0xFF,0xFF,0x9F,0xFF,0xFF,0x9F,0xFF,0xFF,0x7F,0xFF,0xFF,0x9F,0xFF,0xFF,0x7F,0xFF,0xFF,0x5F,0xFF,0xFF,0xDF,0xFF,0xFF,0xBF,0xFF,0xFF,0xBF,0xFF,0xFF,0xDF,0xFF,0xFF,
    0xDF,0xFF,0xFF,0xBF,0xFF,0xFF,0x9F,0xFF,0xFF,0x9F,0xFF,0xFF,0x7F,0xFF,0xFF,0x7F,0xFF,0xFF,0x7F,0xFF,0xFF,0x9F,0xFF,0xFF,0x7F,0xFF,0xFF,0x7F,0xFF,0xFF,0x7F,0xFF,0xFF,0x7F,0xFF,0xFF,
    0x7F,0xFF,0xFF,0x7F,0xFF,0xFF,0x7F,0xFF,0xFF,0x7F,0xFF,0xFF,0x9F,0xFF,0xFF,0x9F,0xFF,0xFF,0x9F,0xFF,0xFF,0x9F,0xFF,0xFF,0x7F,0xFF,0xFF,0x7F,0xFF,0xFF,0x7F,0xFF,0xFF,0x9F,0xFF,0xFF,
    0x9F,0xFF,0xFF,0x7F,0xFF,0xFF,0x5F,0xFF,0xFF,0x9F,0xFF,0xFF,0xDF,0xFF,0xFF,0xBF,0xFF,0xFF,0xDF,0xFF,0xFF,0xDF,0xFF,0xFF,0xBF,0xFF,0xFF,0x7F,0xFF,0xFF,0x5F,0xFF,0xFF,0x7F,0xFF,0xFF,
    0x7F,0xFF,0xFF,0x9F,0xFF,0xFF,0x9F,0xFF,0xFF,0xBF,0xFF,0xFF,0xBF,0xFF,0xFF,0x9F,0xFF,0xFF,0x5F,0xFF,0xFF,0xBF,0xFF,0xFF,0x3F,0xF7,0xFF,0xDF,0xFF,0xFF,0xDF,0xFF,0xFF,0xFF,0xFF,0xFF,
    0xBE,0xF7,0xFF,0xFF,0xFF,0xFF,0x7D,0xEF,0xFF,0xFF,0xFF,0xFF,0xBF,0xF7,0xFF,0xDF,0xFF,0xFF,0xBF,0xFF,0xFF,0x3F,0xFF,0xFF,0x3F,0xFF,0xFF,0x7F,0xFF,0xFF,0x7F,0xFF,0xFF,0x5F,0xFF,0xFF,
    0x5F,0xFF,0xFF,0xDF,0xFF,0xFF,0xFF,0xFF,0xFF,0xBF,0xFF,0xFF,0xFF,0xFF,0xFF,0xBF,0xF7,0xFF,0xFF,0xFF,0xFF,0xFF,0xFF,0xFF,0xBF,0xFF,0xFF,0xFF,0xFF,0xFF,0xDF,0xFF,0xFF,0xDF,0xFF,0xFF,
    0xBF,0xFF,0xFF,0x9F,0xFF,0xFF,0x9F,0xFF,0xFF,0xBF,0xFF,0xFF,0xBF,0xFF,0xFF,0x9F,0xFF,0xFF,0x7F,0xFF,0xFF,0xBF,0xFF,0xFF,0x9F,0xFF,0xFF,0x9F,0xFF,0xFF,0x9F,0xFF,0xFF,0x9F,0xFF,0xFF,
    0x9F,0xFF,0xFF,0x9F,0xFF,0xFF,0x9F,0xFF,0xFF,0x7F,0xFF,0xFF,0x3F,0xFF,0xFF,0x9F,0xFF,0xFF,0x1F,0xFF,0xFF,0x7F,0xFF,0xFF,0x9F,0xFF,0xFF,0xBF,0xFF,0xFF,0xDF,0xFF,0xFF,0xBF,0xFF,0xFF,
    0xFF,0xFF,0xFF,0xFF,0xFF,0xFF,0xBE,0xFF,0xFF,0xDF,0xFF,0xFF,0xBF,0xFF,0xFF,0x9F,0xFF,0xFF,0xBF,0xFF,0xFF,0x9F,0xFF,0xFF,0x7F,0xFF,0xFF,0x7F,0xFF,0xFF,0x7F,0xFF,0xFF,0x7F,0xFF,0xFF,
    0x7F,0xFF,0xFF,0x7F,0xFF,0xFF,0x7F,0xFF,0xFF,0x7F,0xFF,0xFF,0x9F,0xFF,0xFF,0x9F,0xFF,0xFF,0x9F,0xFF,0xFF,0x9F,0xFF,0xFF,0x9F,0xFF,0xFF,0x9F,0xFF,0xFF,0x9F,0xFF,0xFF,0x9F,0xFF,0xFF,
    0x9F,0xFF,0xFF,0x7F,0xFF,0xFF,0x9F,0xFF,0xFF,0x9F,0xFF,0xFF,0x3F,0xFF,0xFF,0x7F,0xFF,0xFF,0xBF,0xFF,0xFF,0x5F,0xFF,0xFF,0x9F,0xFF,0xFF,0xBF,0xFF,0xFF,0xBF,0xFF,0xFF,0xFF,0xFF,0xFF,
    0xDF,0xFF,0xFF,0xBF,0xFF,0xFF,0xBF,0xFF,0xFF,0x9F,0xFF,0xFF,0x9F,0xFF,0xFF,0x9F,0xFF,0xFF,0x9F,0xFF,0xFF,0x9F,0xFF,0xFF,0x9F,0xFF,0xFF,0x9F,0xFF,0xFF,0x9F,0xFF,0xFF,0x9F,0xFF,0xFF,
    0x9F,0xFF,0xFF,0x9F,0xFF,0xFF,0x9F,0xFF,0xFF,0x9F,0xFF,0xFF,0x9F,0xFF,0xFF,0x9F,0xFF,0xFF,0x9F,0xFF,0xFF,0x9F,0xFF,0xFF,0x9F,0xFF,0xFF,0xBF,0xFF,0xFF,0x9F,0xFF,0xFF,0x5F,0xFF,0xFF,
    0x5F,0xFF,0xFF,0x9F,0xFF,0xFF,0xBF,0xFF,0xFF,0x9F,0xFF,0xFF,0xBF,0xFF,0xFF,0xFF,0xFF,0xFF,0xDE,0xFF,0xFF,0xFF,0xFF,0xFF,0xFF,0xFF,0xFF,0xFF,0xFF,0xFF,0xBE,0xF7,0xFF,0xFF,0xFF,0xFF,
    0xFF,0xFF,0xFF,0xDF,0xFF,0xFF,0xBE,0xF7,0xFF,0xFF,0xFF,0xFF,0x14,0xA5,0xFF,0x61,0x08,0xFF,0x00,0x00,0xFF,0x41,0x08,0xFF,0x00,0x00,0xFF,0x45,0x29,0xFF,0x7D,0xEF,0xFF,0x9E,0xF7,0xFF,
    0x9E,0xF7,0xFF,0xFF,0xFF,0xFF,0xFF,0xFF,0xFF,0x7D,0xEF,0xFF,0xBE,0xF7,0xFF,0xDF,0xFF,0xFF,0xFF,0xFF,0xFF,0xFF,0xFF,0xFF,0x5D,0xEF,0xFF,0xDF,0xFF,0xFF,0x7E,0xEF,0xFF,0xBF,0xF7,0xFF,
    0xBE,0xF7,0xFF,0xDF,0xFF,0xFF,0xDE,0xFF,0xFF,0xBE,0xF7,0xFF,0xDE,0xFF,0xFF,0x9D,0xEF,0xFF,0x9D,0xEF,0xFF,0x60,0x08,0xFF,0x00,0x32,0xFF,0xEC,0xF7,0xFF,0xC4,0xE7,0xFF,0xE1,0xEF,0xFF,
    0xE1,0xF7,0xFF,0xE1,0xF7,0xFF,0xC2,0xF7,0xFF,0xE4,0xFF,0xFF,0x82,0xEF,0xFF,0xA1,0xEF,0xFF,0xE1,0xF7,0xFF,0xA0,0xE7,0xFF,0xE5,0xFF,0xFF,0x85,0xE7,0xFF,0xE9,0xEF,0xFF,0xAD,0xE7,0xFF,
    0xE0,0x31,0xFF,0xE0,0x10,0xFF,0x20,0x00,0xFF,0x20,0x00,0xFF,0x40,0x00,0xFF,0x00,0x00,0xFF,0x01,0x00,0xFF,0x02,0x00,0xFF,0x01,0x00,0xFF,0x00,0x00,0xFF,0x20,0x00,0xFF,0x20,0x00,0xFF,
    0x20,0x00,0xFF,0x20,0x00,0xFF,0x00,0x00,0xFF,0x00,0x00,0xFF,0x20,0x00,0xFF,0x00,0x00,0xFF,0x00,0x00,0xFF,0x00,0x00,0xFF,0x00,0x00,0xFF,0x00,0x00,0xFF,0x00,0x00,0xFF,0x00,0x00,0xFF,
    0x00,0x00,0xFF,0x00,0x00,0xFF,0x00,0x00,0xFF,0x20,0x00,0xFF,0x00,0x00,0xFF,0xDF,0xFF,0xFF,0x9E,0xF7,0xFF,0xFF,0xFF,0xFF,0xBE,0xF7,0xFF,0xFF,0xFF,0xFF,0xC3,0x18,0xFF,0x7D,0xEF,0xFF,
    0xDF,0xFF,0xFF,0x7D,0xEF,0xFF,0xDF,0xFF,0xFF,0x9E,0xF7,0xFF,0xBE,0xF7,0xFF,0xBE,0xF7,0xFF,0xBE,0xF7,0xFF,0xBE,0xF7,0xFF,0xBE,0xF7,0xFF,0xBE,0xF7,0xFF,0xBE,0xF7,0xFF,0xBE,0xF7,0xFF,
    0xBE,0xF7,0xFF,0xBE,0xF7,0xFF,0xBE,0xF7,0xFF,0xBE,0xF7,0xFF,0xBE,0xF7,0xFF,0xBE,0xF7,0xFF,0xDF,0xFF,0xFF,0xDF,0xFF,0xFF,0x5D,0xEF,0xFF,0x7D,0xEF,0xFF,0xFF,0xFF,0xFF,0xFB,0xDE,0xFF,
    0xA2,0x10,0xFF,0x75,0xAD,0xFF,0x5D,0xEF,0xFF,0xFF,0xFF,0xFF,0x9E,0xF7,0xFF,0xFF,0xFF,0xFF,0x9E,0xF7,0xFF,0xBE,0xF7,0xFF,0xDF,0xFF,0xFF,0x7D,0xEF,0xFF,0xBE,0xF7,0xFF,0xBE,0xF7,0xFF,
    0xBE,0xF7,0xFF,0xBE,0xF7,0xFF,0xBE,0xF7,0xFF,0xBE,0xF7,0xFF,0xBE,0xF7,0xFF,0xBE,0xF7,0xFF,0xBE,0xF7,0xFF,0xBE,0xF7,0xFF,0xBE,0xF7,0xFF,0xBE,0xF7,0xFF,0xDF,0xFF,0xFF,0x9E,0xF7,0xFF,
    0xBE,0xF7,0xFF,0xFF,0xFF,0xFF,0x9E,0xF7,0xFF,0xBE,0xF7,0xFF,0x7D,0xEF,0xFF,0xDF,0xFF,0xFF,0x7D,0xEF,0xFF,0xBE,0xF7,0xFF,0xFF,0xFF,0xFF,0x5D,0xEF,0xFF,0xFF,0xFF,0xFF,0x9E,0xF7,0xFF,
    0x5D,0xEF,0xFF,0xFF,0xFF,0xFF,0x00,0x00,0xFF,0x00,0x00,0xFF,0x00,0x00,0xFF,0x4D,0x6B,0xFF,0xDF,0xFF,0xFF,0xFF,0xFF,0xFF,0xFF,0xFF,0xFF,0xFF,0xFF,0xFF,0xFF,0xFF,0xFF,0xFF,0xFF,0xFF,
    0xFF,0xFF,0xFF,0xFF,0xFF,0xFF,0xFF,0xFF,0xFF,0xFF,0xFF,0xFF,0xFF,0xFF,0xFF,0xFF,0xFF,0xFF,0xFF,0xFF,0xFF,0xFF,0xFF,0xFF,0xFF,0xFF,0xFF,0xFF,0xFF,0xFF,0xFF,0xFF,0xFF,0x3D,0xEF,0xFF,
    0x9F,0xFF,0xFF,0xDF,0xFF,0xFF,0x5F,0xFF,0xFF,0xBF,0xFF,0xFF,0x1F,0xFF,0xFF,0xD8,0xB4,0xFF,0x73,0x8B,0xFF,0x32,0x7B,0xFF,0x52,0x83,0xFF,0xF1,0x7A,0xFF,0x12,0x83,0xFF,0x12,0x83,0xFF,
    0x12,0x83,0xFF,0x12,0x83,0xFF,0x12,0x83,0xFF,0x12,0x83,0xFF,0x12,0x83,0xFF,0x12,0x83,0xFF,0x12,0x83,0xFF,0x12,0x83,0xFF,0x12,0x83,0xFF,0x12,0x83,0xFF,0x12,0x83,0xFF,0x12,0x83,0xFF,
    0x12,0x83,0xFF,0x13,0x83,0xFF,0xD3,0x82,0xFF,0x14,0x8B,0xFF,0x32,0x83,0xFF,0x51,0x83,0xFF,0x4F,0x7B,0xFF,0x6E,0x7B,0xFF,0x8D,0x7B,0xFF,0x1B,0xEF,0xFF,0x7E,0xFF,0xFF,0xDF,0xFF,0xFF,
    0x5F,0xFF,0xFF,0xBF,0xFF,0xFF,0x11,0x7B,0xFF,0xB0,0x72,0xFF,0xB5,0x9B,0xFF,0x90,0x72,0xFF,0x12,0x83,0xFF,0x12,0x83,0xFF,0x12,0x83,0xFF,0x12,0x83,0xFF,0x12,0x83,0xFF,0x12,0x83,0xFF,
    0x12,0x83,0xFF,0x12,0x83,0xFF,0x12,0x83,0xFF,0x12,0x83,0xFF,0x12,0x83,0xFF,0x12,0x83,0xFF,0x12,0x83,0xFF,0x12,0x83,0xFF,0x12,0x83,0xFF,0x12,0x83,0xFF,0x13,0x83,0xFF,0xB1,0x7A,0xFF,
    0x73,0x8B,0xFF,0x10,0x7B,0xFF,0x2F,0x7B,0xFF,0x2F,0x73,0xFF,0x98,0xC5,0xFF,0x9F,0xFF,0xFF,0x5F,0xFF,0xFF,0xBF,0xFF,0xFF,0x5F,0xFF,0xFF,0xF1,0x72,0xFF,0x94,0x93,0xFF,0x33,0x8B,0xFF,
    0x12,0x8B,0xFF,0x12,0x83,0xFF,0x12,0x83,0xFF,0x12,0x83,0xFF,0x12,0x83,0xFF,0x12,0x83,0xFF,0x12,0x83,0xFF,0x12,0x83,0xFF,0x12,0x83,0xFF,0x12,0x83,0xFF,0x32,0x83,0xFF,0x12,0x83,0xFF,
    0x12,0x83,0xFF,0x12,0x83,0xFF,0x12,0x83,0xFF,0x12,0x83,0xFF,0x12,0x83,0xFF,0x12,0x83,0xFF,0x13,0x83,0xFF,0x12,0x83,0xFF,0x72,0x83,0xFF,0x72,0x83,0xFF,0x71,0x7B,0xFF,0x13,0x8C,0xFF,
    0xBF,0xFF,0xFF,0x7F,0xFF,0xFF,0x93,0x8B,0xFF,0x53,0x83,0xFF,0x13,0x83,0xFF,0x13,0x8B,0xFF,0x13,0x83,0xFF,0xF2,0x82,0xFF,0xF2,0x82,0xFF,0x12,0x83,0xFF,0xF1,0x7A,0xFF,0x11,0x7B,0xFF,
    0x11,0x7B,0xFF,0x52,0x83,0xFF,0xD3,0x8B,0xFF,0x3F,0xF7,0xFF,0xDF,0xFF,0xFF,0xDF,0xFF,0xFF,0xFF,0xFF,0xFF,0x9D,0xEF,0xFF,0xFF,0xFF,0xFF,0xFF,0xFF,0xFF,0xDF,0xFF,0xFF,0xBD,0xE6,0xFF,
    0x31,0x7B,0xFF,0x32,0x83,0xFF,0x54,0x8B,0xFF,0xF2,0x82,0xFF,0xF2,0x7A,0xFF,0x32,0x83,0xFF,0x52,0x83,0xFF,0x0F,0x73,0xFF,0x70,0x7B,0xFF,0xD1,0x83,0xFF,0xDF,0xFF,0xFF,0x9F,0xF7,0xFF,
    0xFF,0xFF,0xFF,0xDF,0xFF,0xFF,0xDF,0xFF,0xFF,0xDF,0xFF,0xFF,0xBF,0xFF,0xFF,0x5F,0xFF,0xFF,0x1F,0xFF,0xFF,0x3A,0xC5,0xFF,0x53,0x8B,0xFF,0xB0,0x72,0xFF,0xF1,0x7A,0xFF,0x32,0x83,0xFF,
    0x32,0x83,0xFF,0xF1,0x7A,0xFF,0x12,0x83,0xFF,0x12,0x83,0xFF,0x12,0x83,0xFF,0x12,0x83,0xFF,0x12,0x83,0xFF,0x12,0x83,0xFF,0x12,0x83,0xFF,0x13,0x83,0xFF,0x14,0x8B,0xFF,0x51,0x7A,0xFF,
    0x75,0x9B,0xFF,0xD2,0x7A,0xFF,0xD1,0x72,0xFF,0x52,0x7B,0xFF,0xCF,0x6A,0xFF,0x91,0x7B,0xFF,0x4F,0x73,0xFF,0x7F,0xF7,0xFF,0xDF,0xFF,0xFF,0x9F,0xFF,0xFF,0xB2,0x8B,0xFF,0x51,0x83,0xFF,
    0xAF,0x72,0xFF,0x11,0x83,0xFF,0x12,0x83,0xFF,0x12,0x83,0xFF,0x12,0x83,0xFF,0x12,0x83,0xFF,0x12,0x83,0xFF,0x12,0x83,0xFF,0x12,0x83,0xFF,0x12,0x83,0xFF,0x12,0x83,0xFF,0x12,0x83,0xFF,
    0x12,0x83,0xFF,0x12,0x83,0xFF,0x12,0x83,0xFF,0x12,0x83,0xFF,0x12,0x83,0xFF,0x12,0x83,0xFF,0x32,0x83,0xFF,0x73,0x83,0xFF,0x33,0x83,0xFF,0xF2,0x82,0xFF,0x13,0x8B,0xFF,0x12,0x83,0xFF,
    0xF1,0x7A,0xFF,0xF0,0x7A,0xFF,0x91,0x83,0xFF,0x2F,0x73,0xFF,0xBF,0xFF,0xFF,0x7F,0xFF,0xFF,0xBF,0xFF,0xFF,0xEF,0x72,0xFF,0xF0,0x7A,0xFF,0x32,0x83,0xFF,0x12,0x83,0xFF,0x12,0x83,0xFF,
    0x12,0x83,0xFF,0x12,0x83,0xFF,0x12,0x83,0xFF,0x12,0x83,0xFF,0x12,0x83,0xFF,0x12,0x83,0xFF,0x13,0x83,0xFF,0x12,0x83,0xFF,0x13,0x83,0xFF,0x12,0x83,0xFF,0x13,0x83,0xFF,0x12,0x83,0xFF,
    0x13,0x83,0xFF,0x13,0x83,0xFF,0xF2,0x7A,0xFF,0x13,0x7B,0xFF,0x13,0x83,0xFF,0x13,0x7B,0xFF,0x54,0x83,0xFF,0x57,0xA4,0xFF,0x3D,0xDE,0xFF,0xBF,0xFF,0xFF,0xBF,0xFF,0xFF,0x5D,0xF7,0xFF,
    0xFF,0xFF,0xFF,0xFE,0xFF,0xFF,0xBD,0xF7,0xFF,0xFE,0xFF,0xFF,0xFF,0xF7,0xFF,0xFF,0xFF,0xFF,0xFF,0xFF,0xFF,0xFF,0xFF,0xFF,0xFF,0xFF,0xFF,0x5D,0xEF,0xFF,0x1C,0xE7,0xFF,0x45,0x29,0xFF,
    0x20,0x00,0xFF,0x00,0x00,0xFF,0x00,0x00,0xFF,0x00,0x00,0xFF,0x20,0x00,0xFF,0x38,0xC6,0xFF,0xDF,0xFF,0xFF,0x7D,0xEF,0xFF,0x7D,0xEF,0xFF,0xFF,0xFF,0xFF,0xBE,0xF7,0xFF,0xDF,0xFF,0xFF,
    0x5D,0xEF,0xFF,0xBE,0xF7,0xFF,0xDF,0xFF,0xFF,0xDF,0xFF,0xFF,0xFF,0xFF,0xFF,0x9E,0xF7,0xFF,0xBF,0xF7,0xFF,0x9E,0xF7,0xFF,0xBE,0xF7,0xFF,0xBD,0xF7,0xFF,0x9D,0xF7,0xFF,0xFE,0xFF,0xFF,
    0x94,0xAD,0xFF,0xE0,0x10,0xFF,0xAB,0xCE,0xFF,0xE8,0xEF,0xFF,0xE2,0xE7,0xFF,0xE0,0xEF,0xFF,0xE0,0xEF,0xFF,0xA0,0xEF,0xFF,0xE4,0xFF,0xFF,0xE3,0xF7,0xFF,0xC3,0xF7,0xFF,0x82,0xEF,0xFF,
    0xA2,0xEF,0xFF,0xE5,0xF7,0xFF,0x87,0xE7,0xFF,0xAC,0xEF,0xFF,0x60,0x63,0xFF,0x60,0x00,0xFF,0x80,0x10,0xFF,0x00,0x00,0xFF,0x00,0x00,0xFF,0x00,0x00,0xFF,0x20,0x00,0xFF,0x01,0x00,0xFF,
    0x01,0x00,0xFF,0x02,0x00,0xFF,0x00,0x00,0xFF,0x00,0x00,0xFF,0x20,0x00,0xFF,0x20,0x00,0xFF,0x20,0x00,0xFF,0x00,0x00,0xFF,0x00,0x00,0xFF,0x00,0x00,0xFF,0x00,0x00,0xFF,0x00,0x00,0xFF,
    0x00,0x00,0xFF,0x00,0x00,0xFF,0x00,0x00,0xFF,0x00,0x00,0xFF,0x00,0x00,0xFF,0x00,0x00,0xFF,0x00,0x00,0xFF,0x00,0x00,0xFF,0x61,0x08,0xFF,0x00,0x00,0xFF,0x00,0x00,0xFF,0x86,0x31,0xFF,
    0x7D,0xEF,0xFF,0xBE,0xF7,0xFF,0xFB,0xDE,0xFF,0x28,0x42,0xFF,0xFF,0xFF,0xFF,0xBE,0xF7,0xFF,0xBE,0xF7,0xFF,0xFF,0xFF,0xFF,0x3C,0xE7,0xFF,0xDF,0xFF,0xFF,0xBE,0xF7,0xFF,0xBE,0xF7,0xFF,
    0xBE,0xF7,0xFF,0xBE,0xF7,0xFF,0xBE,0xF7,0xFF,0xBE,0xF7,0xFF,0xBE,0xF7,0xFF,0xBE,0xF7,0xFF,0xBE,0xF7,0xFF,0xBE,0xF7,0xFF,0xBE,0xF7,0xFF,0xBE,0xF7,0xFF,0xBE,0xF7,0xFF,0x9E,0xF7,0xFF,
    0x9E,0xF7,0xFF,0x9E,0xF7,0xFF,0xFF,0xFF,0xFF,0xBE,0xF7,0xFF,0x7D,0xEF,0xFF,0xDF,0xFF,0xFF,0xFF,0xFF,0xFF,0xA2,0x10,0xFF,0xBA,0xD6,0xFF,0x5D,0xEF,0xFF,0xFF,0xFF,0xFF,0x9E,0xF7,0xFF,
    0xBE,0xF7,0xFF,0xDF,0xFF,0xFF,0xBE,0xF7,0xFF,0x9E,0xF7,0xFF,0x9E,0xF7,0xFF,0xDF,0xFF,0xFF,0xBE,0xF7,0xFF,0xBE,0xF7,0xFF,0xBE,0xF7,0xFF,0xBE,0xF7,0xFF,0xBE,0xF7,0xFF,0xBE,0xF7,0xFF,
    0xBE,0xF7,0xFF,0xBE,0xF7,0xFF,0xBE,0xF7,0xFF,0xBE,0xF7,0xFF,0xDF,0xFF,0xFF,0x9E,0xF7,0xFF,0x7D,0xEF,0xFF,0x9E,0xF7,0xFF,0x9E,0xF7,0xFF,0xBE,0xF7,0xFF,0x9E,0xF7,0xFF,0xFF,0xFF,0xFF,
    0xFF,0xFF,0xFF,0xBE,0xF7,0xFF,0x9E,0xF7,0xFF,0xFF,0xFF,0xFF,0x9E,0xF7,0xFF,0x9E,0xF7,0xFF,0xFF,0xFF,0xFF,0x04,0x21,0xFF,0x00,0x00,0xFF,0x00,0x00,0xFF,0x00,0x00,0xFF,0xFF,0xFF,0xFF,
    0xFF,0xFF,0xFF,0xBE,0xF7,0xFF,0xFF,0xFF,0xFF,0xFF,0xFF,0xFF,0xFF,0xFF,0xFF,0xFF,0xFF,0xFF,0xFF,0xFF,0xFF,0xFF,0xFF,0xFF,0xFF,0xFF,0xFF,0xFF,0xFF,0xFF,0xFF,0xFF,0xFF,0xFF,0xFF,0xFF,
    0x9E,0xF7,0xFF,0xFF,0xFF,0xFF,0xDF,0xFF,0xFF,0xBF,0xFF,0xFF,0xFF,0xFF,0xFF,0xDF,0xFF,0xFF,0xBF,0xFF,0xFF,0x7F,0xFF,0xFF,0x7F,0xFF,0xFF,0xF5,0x9B,0xFF,0xAD,0x51,0xFF,0x8D,0x51,0xFF,
    0x10,0x6A,0xFF,0x2C,0x49,0xFF,0x4C,0x49,0xFF,0x10,0x6A,0xFF,0xAF,0x59,0xFF,0x90,0x61,0xFF,0x90,0x61,0xFF,0x90,0x61,0xFF,0x90,0x61,0xFF,0x90,0x61,0xFF,0x90,0x61,0xFF,0x90,0x61,0xFF,
    0x90,0x61,0xFF,0x90,0x61,0xFF,0x90,0x61,0xFF,0x90,0x61,0xFF,0x90,0x61,0xFF,0x90,0x61,0xFF,0x90,0x61,0xFF,0x90,0x61,0xFF,0xB2,0x61,0xFF,0x50,0x59,0xFF,0xF0,0x69,0xFF,0x4B,0x49,0xFF,
    0x2C,0x62,0xFF,0x4B,0x5A,0xFF,0x4E,0x7B,0xFF,0xDF,0xFF,0xFF,0x5F,0xFF,0xFF,0xBF,0xFF,0xFF,0x5F,0xFF,0xFF,0xAD,0x51,0xFF,0x8E,0x59,0xFF,0xF1,0x69,0xFF,0x2E,0x51,0xFF,0xB1,0x61,0xFF,
    0x90,0x61,0xFF,0x90,0x61,0xFF,0x90,0x61,0xFF,0x90,0x61,0xFF,0x90,0x61,0xFF,0x90,0x61,0xFF,0x90,0x61,0xFF,0x90,0x61,0xFF,0x90,0x61,0xFF,0x90,0x61,0xFF,0x90,0x61,0xFF,0x90,0x61,0xFF,
    0x90,0x61,0xFF,0x90,0x61,0xFF,0x90,0x61,0xFF,0x8F,0x61,0xFF,0xAF,0x61,0xFF,0xEF,0x61,0xFF,0xEE,0x61,0xFF,0x2E,0x62,0xFF,0xAA,0x51,0xFF,0x2B,0x5A,0xFF,0x5F,0xFF,0xFF,0xBF,0xFF,0xFF,
    0x7F,0xFF,0xFF,0x5F,0xFF,0xFF,0x2F,0x62,0xFF,0x0F,0x62,0xFF,0x8E,0x59,0xFF,0x4D,0x51,0xFF,0xAE,0x61,0xFF,0x8E,0x61,0xFF,0x8F,0x61,0xFF,0x90,0x61,0xFF,0x90,0x61,0xFF,0x90,0x61,0xFF,
    0x90,0x61,0xFF,0x90,0x61,0xFF,0x90,0x61,0xFF,0x90,0x61,0xFF,0xB0,0x61,0xFF,0x90,0x61,0xFF,0x8F,0x61,0xFF,0x90,0x61,0xFF,0xB0,0x61,0xFF,0xB0,0x61,0xFF,0xAF,0x61,0xFF,0x8F,0x59,0xFF,
    0x6E,0x59,0xFF,0xAE,0x59,0xFF,0xAD,0x51,0xFF,0xCC,0x51,0xFF,0x8A,0x41,0xFF,0x9F,0xFF,0xFF,0x5F,0xFF,0xFF,0x5F,0xFF,0xFF,0x0E,0x62,0xFF,0xCE,0x61,0xFF,0xAF,0x61,0xFF,0xAF,0x61,0xFF,
    0x90,0x61,0xFF,0x8F,0x61,0xFF,0x8F,0x61,0xFF,0xAF,0x61,0xFF,0xAE,0x61,0xFF,0xCE,0x61,0xFF,0xCE,0x61,0xFF,0xAD,0x51,0xFF,0xED,0x59,0xFF,0x5D,0xDE,0xFF,0xDF,0xFF,0xFF,0xDF,0xFF,0xFF,
    0xFF,0xFF,0xFF,0xFF,0xFF,0xFF,0xFF,0xFF,0xFF,0x9F,0xF7,0xFF,0xBF,0xFF,0xFF,0x93,0x8B,0xFF,0x8C,0x51,0xFF,0xAE,0x59,0xFF,0xD0,0x61,0xFF,0x6F,0x59,0xFF,0xAF,0x59,0xFF,0xCF,0x59,0xFF,
    0x0E,0x5A,0xFF,0x0D,0x5A,0xFF,0x2C,0x52,0xFF,0xFA,0xCD,0xFF,0xDF,0xFF,0xFF,0xBF,0xFF,0xFF,0xBF,0xFF,0xFF,0xDF,0xFF,0xFF,0x9F,0xFF,0xFF,0xBF,0xFF,0xFF,0x58,0xC5,0xFF,0x4E,0x62,0xFF,
    0xAE,0x59,0xFF,0x8F,0x59,0xFF,0xAF,0x59,0xFF,0xD0,0x61,0xFF,0xD0,0x61,0xFF,0xB0,0x61,0xFF,0xB0,0x61,0xFF,0xD0,0x61,0xFF,0x8F,0x59,0xFF,0x90,0x59,0xFF,0x90,0x59,0xFF,0x90,0x59,0xFF,
    0x90,0x59,0xFF,0x90,0x59,0xFF,0x90,0x59,0xFF,0x90,0x61,0xFF,0x91,0x69,0xFF,0xB2,0x69,0xFF,0x70,0x61,0xFF,0xD1,0x61,0xFF,0xAF,0x59,0xFF,0x0F,0x5A,0xFF,0xED,0x51,0xFF,0x8E,0x62,0xFF,
    0x5D,0xDE,0xFF,0xBF,0xFF,0xFF,0xBF,0xFF,0xFF,0xFF,0xF6,0xFF,0xCC,0x59,0xFF,0x2F,0x6A,0xFF,0xCF,0x69,0xFF,0xD0,0x61,0xFF,0xAF,0x61,0xFF,0x90,0x61,0xFF,0x90,0x61,0xFF,0x90,0x61,0xFF,
    0x90,0x61,0xFF,0x90,0x61,0xFF,0x90,0x61,0xFF,0x90,0x61,0xFF,0x90,0x61,0xFF,0x90,0x61,0xFF,0x90,0x61,0xFF,0x90,0x61,0xFF,0x90,0x61,0xFF,0x90,0x61,0xFF,0x90,0x61,0xFF,0xB0,0x61,0xFF,
    0x90,0x59,0xFF,0x6F,0x51,0xFF,0x6F,0x59,0xFF,0x90,0x61,0xFF,0xB0,0x61,0xFF,0x6F,0x59,0xFF,0xAE,0x59,0xFF,0x2F,0x62,0xFF,0xAC,0x49,0xFF,0x92,0x83,0xFF,0xBF,0xFF,0xFF,0x7F,0xFF,0xFF,
    0xDC,0xD5,0xFF,0x6F,0x6A,0xFF,0xCF,0x61,0xFF,0x8F,0x61,0xFF,0xAF,0x61,0xFF,0x90,0x61,0xFF,0x90,0x61,0xFF,0x90,0x61,0xFF,0x90,0x61,0xFF,0x90,0x61,0xFF,0x90,0x61,0xFF,0x90,0x61,0xFF,
    0x90,0x61,0xFF,0x90,0x61,0xFF,0x90,0x61,0xFF,0x90,0x61,0xFF,0x90,0x61,0xFF,0x90,0x61,0xFF,0x90,0x61,0xFF,0xB0,0x61,0xFF,0xB0,0x61,0xFF,0xAF,0x59,0xFF,0xB0,0x61,0xFF,0xD0,0x61,0xFF,
    0x8F,0x59,0xFF,0x8E,0x51,0xFF,0xEF,0x61,0xFF,0xB0,0x72,0xFF,0x5F,0xFF,0xFF,0xBF,0xFF,0xFF,0xDF,0xFF,0xFF,0xFF,0xFF,0xFF,0xFF,0xFF,0xFF,0xFF,0xFF,0xFF,0xFF,0xFF,0xFF,0xBE,0xF7,0xFF,
    0xFF,0xFF,0xFF,0xBE,0xF7,0xFF,0xFF,0xFF,0xFF,0xFF,0xFF,0xFF,0x41,0x08,0xFF,0x41,0x08,0xFF,0x00,0x00,0xFF,0x20,0x00,0xFF,0x41,0x08,0xFF,0x00,0x00,0xFF,0x20,0x00,0xFF,0x00,0x00,0xFF,
    0xAA,0x52,0xFF,0xFF,0xFF,0xFF,0xDF,0xFF,0xFF,0xBE,0xF7,0xFF,0xDF,0xFF,0xFF,0x9D,0xF7,0xFF,0xBE,0xF7,0xFF,0xDF,0xFF,0xFF,0x7E,0xEF,0xFF,0x3D,0xEF,0xFF,0x9F,0xF7,0xFF,0xDF,0xFF,0xFF,
    0xBF,0xF7,0xFF,0x7D,0xEF,0xFF,0xDE,0xFF,0xFF,0xDE,0xFF,0xFF,0x9D,0xEF,0xFF,0xFE,0xFF,0xFF,0xE6,0x39,0xFF,0x60,0x08,0xFF,0xCD,0xEF,0xFF,0xA6,0xE7,0xFF,0xE4,0xEF,0xFF,0xC0,0xE7,0xFF,
    0xE0,0xEF,0xFF,0xE2,0xFF,0xFF,0xE2,0xF7,0xFF,0x61,0xE7,0xFF,0xE4,0xF7,0xFF,0xE6,0xF7,0xFF,0x27,0xDF,0xFF,0xAD,0xEF,0xFF,0xE7,0x94,0xFF,0x80,0x08,0xFF,0x80,0x08,0xFF,0x20,0x00,0xFF,
    0x00,0x00,0xFF,0x00,0x00,0xFF,0x00,0x00,0xFF,0x20,0x00,0xFF,0x01,0x00,0xFF,0x01,0x00,0xFF,0x01,0x00,0xFF,0x01,0x00,0xFF,0x00,0x00,0xFF,0x20,0x00,0xFF,0x20,0x00,0xFF,0x20,0x00,0xFF,
    0x00,0x00,0xFF,0x00,0x00,0xFF,0x00,0x00,0xFF,0x00,0x00,0xFF,0x00,0x00,0xFF,0x00,0x00,0xFF,0x00,0x00,0xFF,0x00,0x00,0xFF,0x00,0x00,0xFF,0x00,0x00,0xFF,0x00,0x00,0xFF,0x00,0x00,0xFF,
    0x00,0x00,0xFF,0x00,0x00,0xFF,0x00,0x00,0xFF,0x00,0x00,0xFF,0x41,0x08,0xFF,0x20,0x00,0xFF,0xBA,0xD6,0xFF,0xDF,0xFF,0xFF,0xAE,0x73,0xFF,0x7D,0xEF,0xFF,0x7D,0xEF,0xFF,0x9E,0xF7,0xFF,
    0x7D,0xEF,0xFF,0xDF,0xFF,0xFF,0xFF,0xFF,0xFF,0x5D,0xEF,0xFF,0xBE,0xF7,0xFF,0xBE,0xF7,0xFF,0xBE,0xF7,0xFF,0xBE,0xF7,0xFF,0xBE,0xF7,0xFF,0xBE,0xF7,0xFF,0xBE,0xF7,0xFF,0xBE,0xF7,0xFF,
    0xBE,0xF7,0xFF,0xBE,0xF7,0xFF,0xBE,0xF7,0xFF,0xBE,0xF7,0xFF,0x9E,0xF7,0xFF,0x9E,0xF7,0xFF,0x9E,0xF7,0xFF,0x9E,0xF7,0xFF,0xBE,0xF7,0xFF,0x7D,0xEF,0xFF,0xDF,0xFF,0xFF,0xDF,0xFF,0xFF,
    0x7D,0xEF,0xFF,0x7D,0xEF,0xFF,0x82,0x10,0xFF,0xBE,0xF7,0xFF,0x7D,0xEF,0xFF,0x3C,0xE7,0xFF,0xDF,0xFF,0xFF,0x9E,0xF7,0xFF,0x9E,0xF7,0xFF,0xFF,0xFF,0xFF,0xBE,0xF7,0xFF,0x7D,0xEF,0xFF,
    0xBE,0xF7,0xFF,0xBE,0xF7,0xFF,0xBE,0xF7,0xFF,0xBE,0xF7,0xFF,0xBE,0xF7,0xFF,0xBE,0xF7,0xFF,0xBE,0xF7,0xFF,0xBE,0xF7,0xFF,0x7D,0xEF,0xFF,0xBE,0xF7,0xFF,0xDF,0xFF,0xFF,0xFF,0xFF,0xFF,
    0xBE,0xF7,0xFF,0xBE,0xF7,0xFF,0xDF,0xFF,0xFF,0x9E,0xF7,0xFF,0xBE,0xF7,0xFF,0x7D,0xEF,0xFF,0x5D,0xEF,0xFF,0xBE,0xF7,0xFF,0xBE,0xF7,0xFF,0xFF,0xFF,0xFF,0x1C,0xE7,0xFF,0xDF,0xFF,0xFF,
    0x4D,0x6B,0xFF,0x00,0x00,0xFF,0x20,0x00,0xFF,0x20,0x00,0xFF,0x18,0xC6,0xFF,0xDF,0xFF,0xFF,0xDF,0xFF,0xFF,0xDF,0xFF,0xFF,0xFF,0xFF,0xFF,0xFF,0xFF,0xFF,0xFF,0xFF,0xFF,0xFF,0xFF,0xFF,
    0xFF,0xFF,0xFF,0xFF,0xFF,0xFF,0xFF,0xFF,0xFF,0xFF,0xFF,0xFF,0xFF,0xFF,0xFF,0xFF,0xFF,0xFF,0xFF,0xFF,0xFF,0xFF,0xFF,0xFF,0xFF,0xFF,0xFF,0xBF,0xFF,0xFF,0xDF,0xFF,0xFF,0x5F,0xFF,0xFF,
    0x5F,0xFF,0xFF,0x9F,0xFF,0xFF,0x2F,0x62,0xFF,0xEF,0x61,0xFF,0xCF,0x61,0xFF,0x6E,0x51,0xFF,0xD0,0x61,0xFF,0xD0,0x69,0xFF,0xF0,0x69,0xFF,0x6F,0x59,0xFF,0x71,0x61,0xFF,0x71,0x61,0xFF,
    0x71,0x61,0xFF,0x71,0x61,0xFF,0x71,0x61,0xFF,0x71,0x61,0xFF,0x71,0x61,0xFF,0x71,0x61,0xFF,0x71,0x61,0xFF,0x71,0x61,0xFF,0x71,0x61,0xFF,0x71,0x61,0xFF,0x71,0x61,0xFF,0x71,0x61,0xFF,
    0x71,0x61,0xFF,0x72,0x61,0xFF,0x93,0x69,0xFF,0xD3,0x69,0xFF,0x4F,0x51,0xFF,0x30,0x6A,0xFF,0xAB,0x51,0xFF,0x6D,0x62,0xFF,0xBF,0xFF,0xFF,0x3E,0xF7,0xFF,0xBF,0xFF,0xFF,0xDF,0xF6,0xFF,
    0x30,0x6A,0xFF,0xD0,0x61,0xFF,0x91,0x61,0xFF,0xD3,0x71,0xFF,0x51,0x61,0xFF,0x31,0x61,0xFF,0x71,0x61,0xFF,0x71,0x61,0xFF,0x71,0x61,0xFF,0x71,0x61,0xFF,0x71,0x61,0xFF,0x71,0x61,0xFF,
    0x71,0x61,0xFF,0x71,0x61,0xFF,0x71,0x61,0xFF,0x71,0x61,0xFF,0x71,0x61,0xFF,0x71,0x61,0xFF,0x71,0x61,0xFF,0x71,0x61,0xFF,0x71,0x61,0xFF,0x71,0x61,0xFF,0xB1,0x69,0xFF,0xAF,0x61,0xFF,
    0x2C,0x51,0xFF,0x8C,0x51,0xFF,0x0C,0x62,0xFF,0x1F,0xFF,0xFF,0x7F,0xFF,0xFF,0x7F,0xFF,0xFF,0x9F,0xFF,0xFF,0x8C,0x49,0xFF,0xCF,0x59,0xFF,0x8F,0x59,0xFF,0xB0,0x61,0xFF,0x8F,0x61,0xFF,
    0xB0,0x69,0xFF,0x90,0x69,0xFF,0x71,0x61,0xFF,0x72,0x61,0xFF,0x72,0x61,0xFF,0x71,0x61,0xFF,0x71,0x61,0xFF,0x71,0x61,0xFF,0x71,0x61,0xFF,0x71,0x61,0xFF,0x71,0x61,0xFF,0x71,0x61,0xFF,
    0x71,0x61,0xFF,0x71,0x61,0xFF,0x71,0x61,0xFF,0x71,0x61,0xFF,0x71,0x61,0xFF,0x70,0x61,0xFF,0xF1,0x69,0xFF,0xAE,0x59,0xFF,0xCE,0x59,0xFF,0xED,0x59,0xFF,0x1C,0xDE,0xFF,0x5F,0xFF,0xFF,
    0x7F,0xFF,0xFF,0x9B,0xD5,0xFF,0xAD,0x59,0xFF,0x6E,0x59,0xFF,0x6F,0x61,0xFF,0x70,0x61,0xFF,0x71,0x61,0xFF,0x71,0x61,0xFF,0x91,0x69,0xFF,0x90,0x69,0xFF,0xB0,0x69,0xFF,0x8F,0x61,0xFF,
    0xAF,0x61,0xFF,0xAE,0x59,0xFF,0x6C,0x51,0xFF,0x35,0x9C,0xFF,0x5F,0xFF,0xFF,0xDF,0xFF,0xFF,0x9E,0xF7,0xFF,0xFF,0xFF,0xFF,0xDF,0xFF,0xFF,0xDF,0xFF,0xFF,0x9F,0xFF,0xFF,0xAD,0x51,0xFF,
    0x10,0x6A,0xFF,0xB0,0x61,0xFF,0x71,0x61,0xFF,0xB2,0x69,0xFF,0xB0,0x61,0xFF,0x6E,0x51,0xFF,0x6D,0x51,0xFF,0x2E,0x5A,0xFF,0x6A,0x41,0xFF,0xBF,0xFF,0xFF,0x9F,0xFF,0xFF,0xDF,0xFF,0xFF,
    0xBF,0xFF,0xFF,0xBF,0xFF,0xFF,0x1F,0xFF,0xFF,0xAC,0x51,0xFF,0xED,0x59,0xFF,0xCE,0x59,0xFF,0xB0,0x61,0xFF,0x91,0x69,0xFF,0xB2,0x69,0xFF,0x91,0x69,0xFF,0x71,0x61,0xFF,0x50,0x59,0xFF,
    0x71,0x61,0xFF,0xB2,0x69,0xFF,0x71,0x61,0xFF,0x71,0x61,0xFF,0x71,0x61,0xFF,0x71,0x61,0xFF,0x71,0x61,0xFF,0x71,0x61,0xFF,0x71,0x61,0xFF,0x71,0x61,0xFF,0x52,0x69,0xFF,0x31,0x61,0xFF,
    0x51,0x61,0xFF,0x91,0x61,0xFF,0xB0,0x59,0xFF,0x10,0x5A,0xFF,0x8C,0x49,0xFF,0x97,0xA4,0xFF,0x7F,0xFF,0xFF,0x1F,0xF7,0xFF,0x7F,0xFF,0xFF,0x1A,0xBD,0xFF,0xAE,0x59,0xFF,0x4E,0x59,0xFF,
    0x70,0x61,0xFF,0x0F,0x59,0xFF,0x71,0x61,0xFF,0x71,0x61,0xFF,0x71,0x61,0xFF,0x71,0x61,0xFF,0x71,0x61,0xFF,0x71,0x61,0xFF,0x71,0x61,0xFF,0x71,0x61,0xFF,0x71,0x61,0xFF,0x71,0x61,0xFF,
    0x71,0x61,0xFF,0x71,0x61,0xFF,0x71,0x61,0xFF,0x71,0x61,0xFF,0x71,0x61,0xFF,0x71,0x61,0xFF,0xD3,0x69,0xFF,0x51,0x59,0xFF,0x72,0x61,0xFF,0xB3,0x69,0xFF,0x71,0x61,0xFF,0x70,0x61,0xFF,
    0xB0,0x61,0xFF,0x8D,0x51,0xFF,0x6F,0x62,0xFF,0x7F,0xFF,0xFF,0x9F,0xFF,0xFF,0x3F,0xFF,0xFF,0x70,0x6A,0xFF,0x8E,0x59,0xFF,0xEE,0x50,0xFF,0xD2,0x71,0xFF,0x71,0x61,0xFF,0x71,0x61,0xFF,
    0x71,0x61,0xFF,0x71,0x61,0xFF,0x71,0x61,0xFF,0x71,0x61,0xFF,0x71,0x61,0xFF,0x71,0x61,0xFF,0x71,0x61,0xFF,0x71,0x61,0xFF,0x71,0x61,0xFF,0x71,0x61,0xFF,0x71,0x61,0xFF,0x71,0x61,0xFF,
    0x71,0x61,0xFF,0x71,0x61,0xFF,0xB1,0x61,0xFF,0x6F,0x59,0xFF,0x50,0x59,0xFF,0x91,0x61,0xFF,0xD2,0x69,0xFF,0xD1,0x61,0xFF,0x8F,0x59,0xFF,0x8D,0x51,0xFF,0x31,0x83,0xFF,0x5F,0xFF,0xFF,
    0x7E,0xFF,0xFF,0xDF,0xFF,0xFF,0xBE,0xF7,0xFF,0xDE,0xF7,0xFF,0xFF,0xFF,0xFF,0xFF,0xFF,0xFF,0xFF,0xFF,0xFF,0xFF,0xFF,0xFF,0xDF,0xFF,0xFF,0x4D,0x6B,0xFF,0x00,0x00,0xFF,0x00,0x00,0xFF,
    0xA2,0x10,0xFF,0x00,0x00,0xFF,0x00,0x00,0xFF,0x20,0x00,0xFF,0x00,0x00,0xFF,0x82,0x10,0xFF,0x00,0x00,0xFF,0x82,0x10,0xFF,0x3C,0xE7,0xFF,0x7D,0xEF,0xFF,0xDF,0xFF,0xFF,0x7D,0xEF,0xFF,
    0x9E,0xF7,0xFF,0xDF,0xFF,0xFF,0x9E,0xF7,0xFF,0xDF,0xFF,0xFF,0x7E,0xF7,0xFF,0xBF,0xF7,0xFF,0xBF,0xF7,0xFF,0x9E,0xF7,0xFF,0xDF,0xFF,0xFF,0xDE,0xFF,0xFF,0x9D,0xF7,0xFF,0xBD,0xF7,0xFF,
    0x00,0x00,0xFF,0x20,0x21,0xFF,0x8C,0xE7,0xFF,0xE6,0xF7,0xFF,0xE2,0xEF,0xFF,0xE1,0xEF,0xFF,0xE1,0xEF,0xFF,0xE3,0xFF,0xFF,0x82,0xE7,0xFF,0xE7,0xFF,0xFF,0xE8,0xF7,0xFF,0x08,0xDF,0xFF,
    0xEC,0xDE,0xFF,0x80,0x10,0xFF,0x80,0x08,0xFF,0x60,0x08,0xFF,0x00,0x00,0xFF,0xA2,0x10,0xFF,0x01,0x00,0xFF,0x21,0x00,0xFF,0x21,0x00,0xFF,0x00,0x00,0xFF,0x01,0x00,0xFF,0x01,0x00,0xFF,
    0x02,0x00,0xFF,0x01,0x00,0xFF,0x00,0x00,0xFF,0x00,0x00,0xFF,0x00,0x00,0xFF,0x00,0x00,0xFF,0x00,0x00,0xFF,0x00,0x00,0xFF,0x00,0x00,0xFF,0x00,0x00,0xFF,0x00,0x00,0xFF,0x00,0x00,0xFF,
    0x00,0x00,0xFF,0x00,0x00,0xFF,0x00,0x00,0xFF,0x00,0x00,0xFF,0x00,0x00,0xFF,0x00,0x00,0xFF,0x00,0x00,0xFF,0x41,0x08,0xFF,0x00,0x00,0xFF,0x00,0x00,0xFF,0x00,0x00,0xFF,0x00,0x00,0xFF,
    0x82,0x10,0xFF,0x30,0x84,0xFF,0x7D,0xEF,0xFF,0xBE,0xF7,0xFF,0x9E,0xF7,0xFF,0xFF,0xFF,0xFF,0xFF,0xFF,0xFF,0x1C,0xE7,0xFF,0xBE,0xF7,0xFF,0xDF,0xFF,0xFF,0xBE,0xF7,0xFF,0xBE,0xF7,0xFF,
    0xBE,0xF7,0xFF,0xBE,0xF7,0xFF,0xBE,0xF7,0xFF,0xBE,0xF7,0xFF,0xBE,0xF7,0xFF,0xBE,0xF7,0xFF,0xBE,0xF7,0xFF,0xBE,0xF7,0xFF,0xBE,0xF7,0xFF,0xBE,0xF7,0xFF,0xBE,0xF7,0xFF,0xBE,0xF7,0xFF,
    0xBE,0xF7,0xFF,0xBE,0xF7,0xFF,0xBE,0xF7,0xFF,0xDF,0xFF,0xFF,0xFF,0xFF,0xFF,0x9E,0xF7,0xFF,0x9E,0xF7,0xFF,0xDF,0xFF,0xFF,0xBE,0xF7,0xFF,0x24,0x21,0xFF,0xFF,0xFF,0xFF,0xBE,0xF7,0xFF,
    0xBE,0xF7,0xFF,0x9E,0xF7,0xFF,0xBE,0xF7,0xFF,0x9E,0xF7,0xFF,0x5D,0xEF,0xFF,0xFF,0xFF,0xFF,0xBE,0xF7,0xFF,0xBE,0xF7,0xFF,0xBE,0xF7,0xFF,0xBE,0xF7,0xFF,0xBE,0xF7,0xFF,0xBE,0xF7,0xFF,
    0xBE,0xF7,0xFF,0xBE,0xF7,0xFF,0xDF,0xFF,0xFF,0xBE,0xF7,0xFF,0x9E,0xF7,0xFF,0xBE,0xF7,0xFF,0x9E,0xF7,0xFF,0x9E,0xF7,0xFF,0xDF,0xFF,0xFF,0x7D,0xEF,0xFF,0xDF,0xFF,0xFF,0xFF,0xFF,0xFF,
    0xFF,0xFF,0xFF,0x7D,0xEF,0xFF,0xFF,0xFF,0xFF,0x7D,0xEF,0xFF,0x9E,0xF7,0xFF,0xEF,0x7B,0xFF,0x00,0x00,0xFF,0xA2,0x10,0xFF,0x20,0x00,0xFF,0xAA,0x52,0xFF,0xFF,0xFF,0xFF,0xDF,0xFF,0xFF,
    0xFF,0xFF,0xFF,0x9E,0xF7,0xFF,0xFF,0xFF,0xFF,0xFF,0xFF,0xFF,0xFF,0xFF,0xFF,0xFF,0xFF,0xFF,0xFF,0xFF,0xFF,0xFF,0xFF,0xFF,0xFF,0xFF,0xFF,0xFF,0xFF,0xFF,0xFF,0xFF,0xFF,0xFF,0xFF,0xFF,
    0xFF,0xFF,0xFF,0x9D,0xF7,0xFF,0xFF,0xFF,0xFF,0xFF,0xFF,0xFF,0x7F,0xFF,0xFF,0xBF,0xFF,0xFF,0x9F,0xFF,0xFF,0xEE,0x61,0xFF,0xCF,0x61,0xFF,0x8F,0x61,0xFF,0x90,0x61,0xFF,0x2F,0x59,0xFF,
    0x91,0x69,0xFF,0x91,0x69,0xFF,0x91,0x69,0xFF,0x50,0x61,0xFF,0x92,0x69,0xFF,0x92,0x69,0xFF,0x92,0x69,0xFF,0x92,0x69,0xFF,0x92,0x69,0xFF,0x92,0x69,0xFF,0x92,0x69,0xFF,0x92,0x69,0xFF,
    0x92,0x69,0xFF,0x92,0x69,0xFF,0x92,0x69,0xFF,0x92,0x69,0xFF,0x92,0x69,0xFF,0x92,0x69,0xFF,0x92,0x69,0xFF,0x92,0x69,0xFF,0x52,0x59,0xFF,0x51,0x59,0xFF,0xF1,0x69,0xFF,0x8D,0x59,0xFF,
    0x0D,0x5A,0xFF,0x1F,0xFF,0xFF,0x3F,0xFF,0xFF,0xBF,0xFF,0xFF,0x7F,0xFF,0xFF,0x50,0x6A,0xFF,0x6E,0x51,0xFF,0xB1,0x61,0xFF,0x50,0x59,0xFF,0xF0,0x50,0xFF,0xB4,0x71,0xFF,0x72,0x69,0xFF,
    0x72,0x69,0xFF,0x72,0x69,0xFF,0x72,0x69,0xFF,0x72,0x69,0xFF,0x72,0x69,0xFF,0x72,0x69,0xFF,0x72,0x69,0xFF,0x72,0x69,0xFF,0x72,0x69,0xFF,0x72,0x69,0xFF,0x72,0x69,0xFF,0x72,0x69,0xFF,
    0x72,0x69,0xFF,0x72,0x69,0xFF,0x72,0x69,0xFF,0x72,0x69,0xFF,0x50,0x59,0xFF,0xF1,0x69,0xFF,0xAE,0x59,0xFF,0xEE,0x61,0xFF,0x18,0xBD,0xFF,0x3F,0xFF,0xFF,0x1F,0xFF,0xFF,0x9F,0xFF,0xFF,
    0x8F,0x6A,0xFF,0x30,0x62,0xFF,0x6E,0x51,0xFF,0xB0,0x61,0xFF,0x90,0x61,0xFF,0xB1,0x71,0xFF,0x0E,0x61,0xFF,0x71,0x69,0xFF,0x72,0x69,0xFF,0x73,0x69,0xFF,0x73,0x69,0xFF,0x73,0x69,0xFF,
    0x73,0x69,0xFF,0x72,0x69,0xFF,0x72,0x69,0xFF,0x92,0x69,0xFF,0x72,0x69,0xFF,0x72,0x69,0xFF,0x92,0x69,0xFF,0x92,0x69,0xFF,0x71,0x69,0xFF,0x71,0x69,0xFF,0x71,0x69,0xFF,0x91,0x69,0xFF,
    0x90,0x61,0xFF,0x6D,0x51,0xFF,0x2F,0x62,0xFF,0x32,0x83,0xFF,0x9F,0xFF,0xFF,0x5F,0xFF,0xFF,0x9F,0xFF,0xFF,0x4E,0x6A,0xFF,0xCF,0x61,0xFF,0xB0,0x61,0xFF,0x91,0x69,0xFF,0x72,0x69,0xFF,
    0x72,0x69,0xFF,0x52,0x69,0xFF,0x51,0x69,0xFF,0x71,0x69,0xFF,0x71,0x69,0xFF,0x50,0x61,0xFF,0x91,0x61,0xFF,0xF1,0x69,0xFF,0xCF,0x61,0xFF,0x90,0x6A,0xFF,0x9F,0xFF,0xFF,0xDF,0xFF,0xFF,
    0xFF,0xFF,0xFF,0xBE,0xF7,0xFF,0xFF,0xFF,0xFF,0xDF,0xFF,0xFF,0x9B,0xCD,0xFF,0xCF,0x61,0xFF,0x90,0x61,0xFF,0x51,0x61,0xFF,0x72,0x69,0xFF,0x72,0x69,0xFF,0x91,0x69,0xFF,0x8F,0x61,0xFF,
    0xAE,0x59,0xFF,0x2F,0x62,0xFF,0x10,0x7B,0xFF,0x9F,0xFF,0xFF,0x9F,0xFF,0xFF,0x9F,0xFF,0xFF,0x3F,0xFF,0xFF,0x9B,0xD5,0xFF,0xEE,0x61,0xFF,0xAE,0x59,0xFF,0xF0,0x69,0xFF,0x4F,0x59,0xFF,
    0x71,0x61,0xFF,0x51,0x61,0xFF,0x51,0x61,0xFF,0x72,0x61,0xFF,0x92,0x69,0xFF,0x92,0x69,0xFF,0x72,0x61,0xFF,0x51,0x61,0xFF,0x92,0x69,0xFF,0x92,0x69,0xFF,0x92,0x69,0xFF,0x92,0x69,0xFF,
    0x92,0x69,0xFF,0x92,0x69,0xFF,0x92,0x69,0xFF,0x92,0x69,0xFF,0x52,0x69,0xFF,0x73,0x69,0xFF,0x72,0x61,0xFF,0x13,0x72,0xFF,0x4E,0x51,0xFF,0xCE,0x59,0xFF,0xB4,0x8B,0xFF,0x9F,0xFF,0xFF,
    0xBF,0xFF,0xFF,0xBF,0xFF,0xFF,0x5F,0xFF,0xFF,0xCE,0x59,0xFF,0xD0,0x61,0xFF,0x91,0x61,0xFF,0x72,0x69,0xFF,0x93,0x71,0xFF,0x72,0x69,0xFF,0x72,0x69,0xFF,0x72,0x69,0xFF,0x72,0x69,0xFF,
    0x72,0x69,0xFF,0x72,0x69,0xFF,0x72,0x69,0xFF,0x72,0x69,0xFF,0x72,0x69,0xFF,0x72,0x69,0xFF,0x72,0x69,0xFF,0x72,0x69,0xFF,0x72,0x69,0xFF,0x72,0x69,0xFF,0x72,0x69,0xFF,0x92,0x69,0xFF,
    0x51,0x61,0xFF,0x72,0x61,0xFF,0x52,0x61,0xFF,0x52,0x61,0xFF,0x71,0x69,0xFF,0x70,0x61,0xFF,0x8F,0x59,0xFF,0xEE,0x59,0xFF,0x1F,0xF7,0xFF,0x9F,0xFF,0xFF,0x7F,0xFF,0xFF,0xBF,0xFF,0xFF,
    0xCE,0x59,0xFF,0xB0,0x61,0xFF,0xF3,0x79,0xFF,0x11,0x61,0xFF,0x72,0x69,0xFF,0x72,0x69,0xFF,0x72,0x69,0xFF,0x72,0x69,0xFF,0x72,0x69,0xFF,0x72,0x69,0xFF,0x72,0x69,0xFF,0x72,0x69,0xFF,
    0x72,0x69,0xFF,0x72,0x69,0xFF,0x72,0x69,0xFF,0x72,0x69,0xFF,0x72,0x69,0xFF,0x72,0x69,0xFF,0x72,0x69,0xFF,0x92,0x69,0xFF,0xB1,0x69,0xFF,0xB1,0x69,0xFF,0x71,0x69,0xFF,0x31,0x61,0xFF,
    0x31,0x61,0xFF,0x72,0x61,0xFF,0xB1,0x69,0xFF,0xD0,0x61,0xFF,0xCD,0x61,0xFF,0x3D,0xE6,0xFF,0xDF,0xFF,0xFF,0xDF,0xFF,0xFF,0xFF,0xFF,0xFF,0xBE,0xF7,0xFF,0xFF,0xFF,0xFF,0xFF,0xFF,0xFF,
    0xBE,0xF7,0xFF,0xFF,0xFF,0xFF,0xFF,0xFF,0xFF,0x28,0x42,0xFF,0x00,0x00,0xFF,0x00,0x00,0xFF,0xCF,0x7B,0xFF,0xCB,0x5A,0xFF,0x82,0x10,0xFF,0x00,0x00,0xFF,0x20,0x00,0xFF,0x00,0x00,0xFF,
    0x20,0x00,0xFF,0x00,0x00,0xFF,0x41,0x08,0xFF,0xF3,0x9C,0xFF,0xBE,0xF7,0xFF,0x9E,0xF7,0xFF,0x5D,0xEF,0xFF,0xDF,0xFF,0xFF,0xBF,0xF7,0xFF,0xFF,0xFF,0xFF,0x3D,0xE7,0xFF,0xDF,0xFF,0xFF,
    0xBE,0xF7,0xFF,0xBE,0xF7,0xFF,0x9E,0xF7,0xFF,0x9D,0xF7,0xFF,0xDD,0xFF,0xFF,0xBD,0xF7,0xFF,0x40,0x00,0xFF,0x25,0x63,0xFF,0x6A,0xE7,0xFF,0xE6,0xF7,0xFF,0xA0,0xE7,0xFF,0xE1,0xEF,0xFF,
    0xE2,0xEF,0xFF,0x83,0xE7,0xFF,0x68,0xE7,0xFF,0xEE,0xFF,0xFF,0x6B,0xCE,0xFF,0x80,0x31,0xFF,0x80,0x10,0xFF,0x40,0x08,0xFF,0x40,0x08,0xFF,0x00,0x00,0xFF,0x00,0x00,0xFF,0x00,0x00,0xFF,
    0x00,0x00,0xFF,0x00,0x00,0xFF,0x00,0x00,0xFF,0x00,0x00,0xFF,0x00,0x00,0xFF,0x02,0x00,0xFF,0x03,0x00,0xFF,0x02,0x00,0xFF,0x00,0x00,0xFF,0x00,0x00,0xFF,0x00,0x00,0xFF,0x00,0x00,0xFF,
    0x01,0x00,0xFF,0x00,0x00,0xFF,0x00,0x00,0xFF,0x00,0x00,0xFF,0x00,0x00,0xFF,0x00,0x00,0xFF,0x00,0x00,0xFF,0x00,0x00,0xFF,0x00,0x00,0xFF,0x00,0x00,0xFF,0x00,0x00,0xFF,0x00,0x00,0xFF,
    0x00,0x00,0xFF,0x00,0x00,0xFF,0x41,0x08,0xFF,0x00,0x00,0xFF,0x00,0x00,0xFF,0x00,0x00,0xFF,0x20,0x00,0xFF,0x9A,0xD6,0xFF,0x9E,0xF7,0xFF,0xFF,0xFF,0xFF,0xBE,0xF7,0xFF,0xBE,0xF7,0xFF,
    0x9E,0xF7,0xFF,0xFF,0xFF,0xFF,0x7D,0xEF,0xFF,0xBE,0xF7,0xFF,0xBE,0xF7,0xFF,0xBE,0xF7,0xFF,0xBE,0xF7,0xFF,0xBE,0xF7,0xFF,0xBE,0xF7,0xFF,0xBE,0xF7,0xFF,0xBE,0xF7,0xFF,0xBE,0xF7,0xFF,
    0xBE,0xF7,0xFF,0xBE,0xF7,0xFF,0xBE,0xF7,0xFF,0xBE,0xF7,0xFF,0xBE,0xF7,0xFF,0xBE,0xF7,0xFF,0xBE,0xF7,0xFF,0xDF,0xFF,0xFF,0x5D,0xEF,0xFF,0xFF,0xFF,0xFF,0x5D,0xEF,0xFF,0x3C,0xE7,0xFF,
    0xFF,0xFF,0xFF,0x7D,0xEF,0xFF,0x7D,0xEF,0xFF,0x1C,0xE7,0xFF,0xD7,0xBD,0xFF,0xDF,0xFF,0xFF,0xDF,0xFF,0xFF,0x7D,0xEF,0xFF,0xDF,0xFF,0xFF,0xBE,0xF7,0xFF,0x9E,0xF7,0xFF,0x9E,0xF7,0xFF,
    0xBE,0xF7,0xFF,0xBE,0xF7,0xFF,0xBE,0xF7,0xFF,0xBE,0xF7,0xFF,0xBE,0xF7,0xFF,0xBE,0xF7,0xFF,0xBE,0xF7,0xFF,0xBE,0xF7,0xFF,0x9E,0xF7,0xFF,0x9E,0xF7,0xFF,0xBE,0xF7,0xFF,0xDF,0xFF,0xFF,
    0xDF,0xFF,0xFF,0xBE,0xF7,0xFF,0xDF,0xFF,0xFF,0xBE,0xF7,0xFF,0x5D,0xEF,0xFF,0x7D,0xEF,0xFF,0xBE,0xF7,0xFF,0xDF,0xFF,0xFF,0x7D,0xEF,0xFF,0xDF,0xFF,0xFF,0x24,0x21,0xFF,0x00,0x00,0xFF,
    0x00,0x00,0xFF,0x00,0x00,0xFF,0xC3,0x18,0xFF,0xFF,0xFF,0xFF,0xDF,0xFF,0xFF,0xFF,0xFF,0xFF,0x7D,0xEF,0xFF,0xFF,0xFF,0xFF,0xFF,0xFF,0xFF,0xFF,0xFF,0xFF,0xFF,0xFF,0xFF,0xFF,0xFF,0xFF,
    0xFF,0xFF,0xFF,0xFF,0xFF,0xFF,0xFF,0xFF,0xFF,0xFF,0xFF,0xFF,0xFF,0xFF,0xFF,0xFF,0xFF,0xFF,0xFE,0xFF,0xFF,0xFF,0xFF,0xFF,0xFF,0xFF,0xFF,0xDF,0xFF,0xFF,0xBF,0xFF,0xFF,0x9F,0xFF,0xFF,
    0x94,0x93,0xFF,0xEF,0x61,0xFF,0x6F,0x61,0xFF,0x70,0x61,0xFF,0xB2,0x69,0xFF,0x72,0x69,0xFF,0x72,0x69,0xFF,0x10,0x61,0xFF,0x51,0x69,0xFF,0x71,0x69,0xFF,0x51,0x69,0xFF,0x51,0x61,0xFF,
    0x51,0x61,0xFF,0x51,0x61,0xFF,0x51,0x61,0xFF,0x51,0x61,0xFF,0x51,0x61,0xFF,0x51,0x61,0xFF,0x72,0x69,0xFF,0x72,0x69,0xFF,0x72,0x69,0xFF,0x72,0x69,0xFF,0x72,0x69,0xFF,0x72,0x69,0xFF,
    0x72,0x69,0xFF,0x71,0x61,0xFF,0x92,0x61,0xFF,0xD1,0x69,0xFF,0x8F,0x59,0xFF,0x0E,0x62,0xFF,0x3F,0xFF,0xFF,0xBF,0xFF,0xFF,0x5F,0xFF,0xFF,0x9F,0xFF,0xFF,0xB0,0x6A,0xFF,0xCE,0x59,0xFF,
    0xF1,0x61,0xFF,0xB1,0x61,0xFF,0xD3,0x69,0xFF,0x93,0x69,0xFF,0x72,0x69,0xFF,0x31,0x69,0xFF,0x52,0x69,0xFF,0x52,0x61,0xFF,0x52,0x61,0xFF,0x52,0x61,0xFF,0x52,0x61,0xFF,0x52,0x61,0xFF,
    0x52,0x61,0xFF,0x52,0x61,0xFF,0x52,0x61,0xFF,0x52,0x61,0xFF,0x52,0x61,0xFF,0x52,0x61,0xFF,0x52,0x61,0xFF,0x52,0x61,0xFF,0x52,0x61,0xFF,0x51,0x61,0xFF,0x50,0x61,0xFF,0xB1,0x61,0xFF,
    0x10,0x6A,0xFF,0xB0,0x72,0xFF,0xFF,0xFE,0xFF,0xBF,0xFF,0xFF,0x9F,0xFF,0xFF,0x31,0x7B,0xFF,0x2A,0x41,0xFF,0x30,0x62,0xFF,0xB0,0x61,0xFF,0xD1,0x69,0xFF,0x30,0x59,0xFF,0x71,0x69,0xFF,
    0xF3,0x79,0xFF,0x10,0x61,0xFF,0x52,0x69,0xFF,0x52,0x69,0xFF,0x52,0x69,0xFF,0x52,0x69,0xFF,0x52,0x69,0xFF,0x52,0x69,0xFF,0x51,0x69,0xFF,0x51,0x69,0xFF,0x31,0x61,0xFF,0x51,0x61,0xFF,
    0x51,0x69,0xFF,0x51,0x69,0xFF,0x51,0x61,0xFF,0x50,0x61,0xFF,0x50,0x61,0xFF,0x70,0x61,0xFF,0xAF,0x61,0xFF,0x8D,0x51,0xFF,0x2E,0x62,0xFF,0x9F,0xFF,0xFF,0xBF,0xFF,0xFF,0x9F,0xFF,0xFF,
    0x3F,0xFF,0xFF,0xCC,0x51,0xFF,0xAE,0x59,0xFF,0x90,0x61,0xFF,0x71,0x61,0xFF,0x52,0x61,0xFF,0x31,0x69,0xFF,0x32,0x69,0xFF,0x31,0x69,0xFF,0x31,0x69,0xFF,0x32,0x69,0xFF,0x52,0x69,0xFF,
    0x31,0x61,0xFF,0x70,0x61,0xFF,0xAF,0x61,0xFF,0x8D,0x51,0xFF,0x7F,0xFF,0xFF,0x9F,0xFF,0xFF,0xFF,0xFF,0xFF,0xDF,0xFF,0xFF,0xFF,0xFF,0xFF,0x7F,0xFF,0xFF,0xD1,0x72,0xFF,0xAF,0x61,0xFF,
    0x30,0x59,0xFF,0x93,0x71,0xFF,0x32,0x61,0xFF,0x11,0x61,0xFF,0x71,0x69,0xFF,0xB1,0x69,0xFF,0xAF,0x61,0xFF,0xAD,0x59,0xFF,0x3E,0xE6,0xFF,0x7F,0xFF,0xFF,0x7F,0xFF,0xFF,0x9F,0xFF,0xFF,
    0x5A,0xC5,0xFF,0x0F,0x62,0xFF,0xAF,0x59,0xFF,0x12,0x72,0xFF,0xCE,0x48,0xFF,0xD3,0x71,0xFF,0x92,0x69,0xFF,0x92,0x69,0xFF,0x92,0x69,0xFF,0x72,0x61,0xFF,0x51,0x61,0xFF,0x51,0x61,0xFF,
    0x71,0x61,0xFF,0xB2,0x69,0xFF,0x71,0x61,0xFF,0x71,0x61,0xFF,0x71,0x61,0xFF,0x71,0x61,0xFF,0x71,0x61,0xFF,0x71,0x61,0xFF,0x71,0x61,0xFF,0x51,0x61,0xFF,0x52,0x69,0xFF,0x72,0x69,0xFF,
    0xD2,0x71,0xFF,0x0D,0x49,0xFF,0xEF,0x61,0xFF,0xB0,0x6A,0xFF,0x9F,0xFF,0xFF,0xDF,0xFF,0xFF,0x5F,0xF7,0xFF,0xBF,0xFF,0xFF,0x1F,0xFF,0xFF,0x0E,0x62,0xFF,0x8F,0x61,0xFF,0x51,0x61,0xFF,
    0x32,0x61,0xFF,0x94,0x71,0xFF,0x52,0x69,0xFF,0x52,0x69,0xFF,0x52,0x69,0xFF,0x52,0x69,0xFF,0x52,0x69,0xFF,0x52,0x69,0xFF,0x52,0x69,0xFF,0x52,0x69,0xFF,0x52,0x61,0xFF,0x52,0x61,0xFF,
    0x52,0x61,0xFF,0x52,0x61,0xFF,0x52,0x61,0xFF,0x52,0x61,0xFF,0x52,0x61,0xFF,0x51,0x61,0xFF,0x71,0x61,0xFF,0xB2,0x69,0xFF,0x51,0x61,0xFF,0x91,0x69,0xFF,0xD2,0x71,0xFF,0x2E,0x51,0xFF,
    0x71,0x72,0xFF,0xFD,0xD5,0xFF,0x7F,0xFF,0xFF,0xBF,0xFF,0xFF,0xDF,0xFF,0xFF,0x18,0xB5,0xFF,0xCE,0x59,0xFF,0x70,0x61,0xFF,0x11,0x61,0xFF,0x94,0x79,0xFF,0x52,0x69,0xFF,0x52,0x69,0xFF,
    0x52,0x69,0xFF,0x52,0x69,0xFF,0x52,0x69,0xFF,0x52,0x69,0xFF,0x52,0x69,0xFF,0x52,0x69,0xFF,0x52,0x69,0xFF,0x52,0x69,0xFF,0x52,0x69,0xFF,0x52,0x69,0xFF,0x52,0x69,0xFF,0x52,0x69,0xFF,
    0x52,0x69,0xFF,0x51,0x69,0xFF,0x0F,0x61,0xFF,0x50,0x69,0xFF,0x71,0x69,0xFF,0x32,0x69,0xFF,0x32,0x69,0xFF,0x72,0x69,0xFF,0x91,0x69,0xFF,0x70,0x61,0xFF,0x8D,0x59,0xFF,0xAF,0x72,0xFF,
    0x3F,0xFF,0xFF,0x9F,0xFF,0xFF,0xFF,0xFF,0xFF,0xFF,0xFF,0xFF,0xFF,0xFF,0xFF,0xDF,0xF7,0xFF,0xFF,0xFF,0xFF,0xDF,0xFF,0xFF,0xDF,0xFF,0xFF,0x6D,0x6B,0xFF,0x61,0x08,0xFF,0x00,0x00,0xFF,
    0x49,0x4A,0xFF,0xDF,0xFF,0xFF,0x7D,0xEF,0xFF,0x9E,0xF7,0xFF,0xD3,0x9C,0xFF,0x45,0x29,0xFF,0x20,0x00,0xFF,0x00,0x00,0xFF,0x00,0x00,0xFF,0x41,0x08,0xFF,0x45,0x29,0xFF,0xFF,0xFF,0xFF,
    0xFF,0xFF,0xFF,0x7D,0xEF,0xFF,0xBF,0xF7,0xFF,0x9E,0xF7,0xFF,0xDF,0xFF,0xFF,0x7E,0xEF,0xFF,0x9E,0xF7,0xFF,0xDF,0xFF,0xFF,0x9D,0xF7,0xFF,0x9D,0xF7,0xFF,0xFE,0xFF,0xFF,0x9C,0xF7,0xFF,
    0xA0,0x10,0xFF,0x25,0x5B,0xFF,0xCD,0xF7,0xFF,0x65,0xE7,0xFF,0xE5,0xEF,0xFF,0xE5,0xF7,0xFF,0xC7,0xEF,0xFF,0xEB,0xF7,0xFF,0x2E,0xE7,0xFF,0x40,0x21,0xFF,0x60,0x08,0xFF,0x80,0x10,0xFF,
    0x00,0x00,0xFF,0x00,0x00,0xFF,0x20,0x00,0xFF,0x41,0x00,0xFF,0x20,0x00,0xFF,0x00,0x00,0xFF,0x00,0x00,0xFF,0x00,0x00,0xFF,0x20,0x00,0xFF,0x20,0x00,0xFF,0x01,0x00,0xFF,0x02,0x00,0xFF,
    0x02,0x00,0xFF,0x01,0x00,0xFF,0x00,0x00,0xFF,0x00,0x00,0xFF,0x00,0x00,0xFF,0x00,0x00,0xFF,0x01,0x00,0xFF,0x01,0x00,0xFF,0x00,0x00,0xFF,0x00,0x00,0xFF,0x00,0x00,0xFF,0x00,0x00,0xFF,
    0x00,0x00,0xFF,0x00,0x00,0xFF,0x00,0x00,0xFF,0x00,0x00,0xFF,0x00,0x00,0xFF,0x00,0x00,0xFF,0x20,0x00,0xFF,0x00,0x00,0xFF,0x00,0x00,0xFF,0x00,0x00,0xFF,0x82,0x10,0xFF,0x00,0x00,0xFF,
    0x00,0x00,0xFF,0x65,0x29,0xFF,0x9E,0xF7,0xFF,0x3C,0xE7,0xFF,0xBE,0xF7,0xFF,0x5D,0xEF,0xFF,0xDF,0xFF,0xFF,0x7D,0xEF,0xFF,0xFF,0xFF,0xFF,0xBE,0xF7,0xFF,0xBE,0xF7,0xFF,0xBE,0xF7,0xFF,
    0xBE,0xF7,0xFF,0xBE,0xF7,0xFF,0xBE,0xF7,0xFF,0xBE,0xF7,0xFF,0xBE,0xF7,0xFF,0xBE,0xF7,0xFF,0xBE,0xF7,0xFF,0xBE,0xF7,0xFF,0xBE,0xF7,0xFF,0xBE,0xF7,0xFF,0xBE,0xF7,0xFF,0xBE,0xF7,0xFF,
    0xBE,0xF7,0xFF,0xBE,0xF7,0xFF,0xFF,0xFF,0xFF,0x7D,0xEF,0xFF,0xFF,0xFF,0xFF,0x7D,0xEF,0xFF,0xFF,0xFF,0xFF,0xBE,0xF7,0xFF,0x9E,0xF7,0xFF,0x5D,0xEF,0xFF,0x30,0x84,0xFF,0x5D,0xEF,0xFF,
    0xDF,0xFF,0xFF,0x7D,0xEF,0xFF,0xBE,0xF7,0xFF,0xBE,0xF7,0xFF,0xDF,0xFF,0xFF,0x9E,0xF7,0xFF,0xBE,0xF7,0xFF,0xBE,0xF7,0xFF,0xBE,0xF7,0xFF,0xBE,0xF7,0xFF,0xBE,0xF7,0xFF,0xBE,0xF7,0xFF,
    0xBE,0xF7,0xFF,0xBE,0xF7,0xFF,0xBE,0xF7,0xFF,0xBE,0xF7,0xFF,0xDF,0xFF,0xFF,0x9E,0xF7,0xFF,0x9E,0xF7,0xFF,0x9E,0xF7,0xFF,0x5D,0xEF,0xFF,0xFF,0xFF,0xFF,0xFF,0xFF,0xFF,0x9E,0xF7,0xFF,
    0x9E,0xF7,0xFF,0x71,0x8C,0xFF,0x00,0x00,0xFF,0x00,0x00,0xFF,0x61,0x08,0xFF,0x00,0x00,0xFF,0x20,0x00,0xFF,0xE3,0x18,0xFF,0xFF,0xFF,0xFF,0xFF,0xFF,0xFF,0xDF,0xFF,0xFF,0xFF,0xFF,0xFF,
    0xFF,0xFF,0xFF,0x9E,0xF7,0xFF,0xFF,0xFF,0xFF,0xFF,0xFF,0xFF,0xFF,0xFF,0xFF,0xFF,0xFF,0xFF,0xFF,0xFF,0xFF,0xFF,0xFF,0xFF,0xFF,0xFF,0xFF,0xFF,0xFF,0xFF,0xFF,0xFF,0xFF,0xFF,0xFF,0xFF,
    0xDD,0xF7,0xFF,0xFE,0xFF,0xFF,0xFF,0xFF,0xFF,0xDF,0xFF,0xFF,0xDF,0xFF,0xFF,0x3F,0xFF,0xFF,0xCE,0x61,0xFF,0x6E,0x59,0xFF,0xD2,0x69,0xFF,0x31,0x61,0xFF,0x52,0x69,0xFF,0x53,0x69,0xFF,
    0x94,0x71,0xFF,0xF1,0x60,0xFF,0x32,0x69,0xFF,0x92,0x71,0xFF,0x71,0x69,0xFF,0x71,0x69,0xFF,0x71,0x69,0xFF,0x71,0x69,0xFF,0x71,0x69,0xFF,0x71,0x69,0xFF,0x71,0x69,0xFF,0x71,0x69,0xFF,
    0x91,0x69,0xFF,0x91,0x69,0xFF,0x91,0x69,0xFF,0x91,0x69,0xFF,0x91,0x69,0xFF,0x91,0x69,0xFF,0x91,0x69,0xFF,0x91,0x69,0xFF,0x90,0x61,0xFF,0xCF,0x61,0xFF,0x6C,0x51,0xFF,0x7E,0xEE,0xFF,
    0x9F,0xFF,0xFF,0x7F,0xFF,0xFF,0x9F,0xFF,0xFF,0x13,0x94,0xFF,0xAC,0x49,0xFF,0x0F,0x5A,0xFF,0x6F,0x51,0xFF,0x4F,0x59,0xFF,0x70,0x61,0xFF,0x0F,0x59,0xFF,0x71,0x69,0xFF,0x91,0x71,0xFF,
    0x71,0x69,0xFF,0x71,0x69,0xFF,0x71,0x69,0xFF,0x71,0x69,0xFF,0x71,0x69,0xFF,0x71,0x69,0xFF,0x71,0x69,0xFF,0x71,0x69,0xFF,0x71,0x69,0xFF,0x71,0x69,0xFF,0x71,0x69,0xFF,0x71,0x69,0xFF,
    0x71,0x69,0xFF,0x71,0x69,0xFF,0x71,0x69,0xFF,0x91,0x69,0xFF,0x71,0x61,0xFF,0xB1,0x61,0xFF,0x10,0x6A,0xFF,0x9F,0xFF,0xFF,0x9F,0xFF,0xFF,0xFE,0xF6,0xFF,0x99,0xC5,0xFF,0x2D,0x5A,0xFF,
    0x4F,0x62,0xFF,0xEF,0x59,0xFF,0x6F,0x51,0xFF,0x70,0x61,0xFF,0x71,0x61,0xFF,0x51,0x69,0xFF,0x31,0x69,0xFF,0x31,0x69,0xFF,0x72,0x69,0xFF,0x72,0x69,0xFF,0x72,0x69,0xFF,0x72,0x69,0xFF,
    0x71,0x69,0xFF,0x71,0x69,0xFF,0x71,0x69,0xFF,0x71,0x69,0xFF,0x71,0x69,0xFF,0x70,0x69,0xFF,0x90,0x69,0xFF,0x90,0x69,0xFF,0x70,0x69,0xFF,0x90,0x69,0xFF,0x90,0x69,0xFF,0xB0,0x69,0xFF,
    0x4D,0x51,0xFF,0xF2,0x7A,0xFF,0x1F,0xFF,0xFF,0xBF,0xFF,0xFF,0xBF,0xFF,0xFF,0x7F,0xFF,0xFF,0x17,0xBD,0xFF,0xEC,0x59,0xFF,0xAE,0x59,0xFF,0xB0,0x61,0xFF,0x92,0x69,0xFF,0x72,0x69,0xFF,
    0x52,0x69,0xFF,0x73,0x71,0xFF,0x72,0x71,0xFF,0x72,0x71,0xFF,0x33,0x69,0xFF,0x74,0x71,0xFF,0x53,0x69,0xFF,0x71,0x61,0xFF,0xD1,0x69,0xFF,0xCE,0x59,0xFF,0x9F,0xFF,0xFF,0xDF,0xFF,0xFF,
    0x7D,0xF7,0xFF,0xFF,0xFF,0xFF,0xDF,0xFF,0xFF,0xFE,0xF6,0xFF,0xEE,0x61,0xFF,0x4F,0x59,0xFF,0x93,0x69,0xFF,0x54,0x69,0xFF,0x54,0x71,0xFF,0x73,0x71,0xFF,0x92,0x69,0xFF,0xB1,0x69,0xFF,
    0x6E,0x59,0xFF,0xEE,0x61,0xFF,0x7F,0xFF,0xFF,0x9F,0xFF,0xFF,0x9F,0xFF,0xFF,0x3D,0xE6,0xFF,0x6C,0x51,0xFF,0xAF,0x59,0xFF,0x90,0x61,0xFF,0x31,0x59,0xFF,0x73,0x61,0xFF,0x73,0x69,0xFF,
    0x71,0x69,0xFF,0x71,0x69,0xFF,0x70,0x69,0xFF,0x91,0x69,0xFF,0xB1,0x69,0xFF,0x91,0x69,0xFF,0x70,0x61,0xFF,0x2F,0x61,0xFF,0x90,0x69,0xFF,0x90,0x69,0xFF,0x90,0x69,0xFF,0x90,0x69,0xFF,
    0x90,0x69,0xFF,0x90,0x69,0xFF,0x90,0x69,0xFF,0x90,0x69,0xFF,0x70,0x69,0xFF,0x70,0x69,0xFF,0x6F,0x61,0xFF,0xEF,0x61,0xFF,0xB0,0x72,0xFF,0x5F,0xFF,0xFF,0x9F,0xFF,0xFF,0xBF,0xFF,0xFF,
    0xDF,0xFF,0xFF,0x3E,0xF7,0xFF,0xF3,0x93,0xFF,0x2E,0x62,0xFF,0x8E,0x59,0xFF,0xD2,0x71,0xFF,0x52,0x69,0xFF,0xF1,0x60,0xFF,0x72,0x69,0xFF,0x71,0x69,0xFF,0x71,0x69,0xFF,0x71,0x69,0xFF,
    0x71,0x69,0xFF,0x71,0x69,0xFF,0x71,0x69,0xFF,0x71,0x69,0xFF,0x71,0x69,0xFF,0x71,0x69,0xFF,0x71,0x69,0xFF,0x71,0x69,0xFF,0x71,0x69,0xFF,0x71,0x69,0xFF,0x71,0x69,0xFF,0x71,0x69,0xFF,
    0xB1,0x69,0xFF,0x90,0x69,0xFF,0x4F,0x61,0xFF,0x6F,0x69,0xFF,0x6E,0x61,0xFF,0xAE,0x61,0xFF,0x36,0xA4,0xFF,0xBF,0xFF,0xFF,0xDF,0xFF,0xFF,0xFF,0xFF,0xFF,0x9F,0xF7,0xFF,0x2C,0x52,0xFF,
    0x4C,0x49,0xFF,0xF1,0x71,0xFF,0x31,0x69,0xFF,0xD0,0x60,0xFF,0x72,0x71,0xFF,0x91,0x69,0xFF,0x91,0x69,0xFF,0x91,0x69,0xFF,0x91,0x69,0xFF,0x91,0x69,0xFF,0x91,0x69,0xFF,0x91,0x69,0xFF,
    0x71,0x69,0xFF,0x71,0x69,0xFF,0x71,0x69,0xFF,0x71,0x69,0xFF,0x71,0x69,0xFF,0x71,0x69,0xFF,0x71,0x69,0xFF,0x71,0x69,0xFF,0x90,0x71,0xFF,0x70,0x71,0xFF,0x51,0x71,0xFF,0x52,0x69,0xFF,
    0x53,0x69,0xFF,0x53,0x69,0xFF,0x72,0x69,0xFF,0x50,0x61,0xFF,0xF0,0x69,0xFF,0xCD,0x59,0xFF,0xBF,0xFF,0xFF,0xDF,0xFF,0xFF,0xDF,0xFF,0xFF,0xBF,0xF7,0xFF,0xFF,0xFF,0xFF,0xFF,0xFF,0xFF,
    0xFF,0xFF,0xFF,0xFF,0xFF,0xFF,0xFF,0xFF,0xFF,0xFB,0xDE,0xFF,0x20,0x00,0xFF,0x61,0x08,0xFF,0x00,0x00,0xFF,0xFF,0xFF,0xFF,0xFF,0xFF,0xFF,0x7D,0xEF,0xFF,0xBE,0xF7,0xFF,0x9E,0xF7,0xFF,
    0x9E,0xF7,0xFF,0x71,0x8C,0xFF,0xA2,0x10,0xFF,0x00,0x00,0xFF,0x00,0x00,0xFF,0x00,0x00,0xFF,0x59,0xCE,0xFF,0xFF,0xFF,0xFF,0x5E,0xEF,0xFF,0xBF,0xF7,0xFF,0x5E,0xEF,0xFF,0xFF,0xFF,0xFF,
    0x7E,0xEF,0xFF,0xBE,0xF7,0xFF,0xBE,0xF7,0xFF,0xDE,0xFF,0xFF,0xBD,0xF7,0xFF,0x9C,0xF7,0xFF,0x40,0x08,0xFF,0x40,0x21,0xFF,0xEC,0xDE,0xFF,0xEC,0xF7,0xFF,0x49,0xE7,0xFF,0x4B,0xE7,0xFF,
    0x70,0xEF,0xFF,0xA1,0x5A,0xFF,0x80,0x10,0xFF,0x60,0x10,0xFF,0x00,0x00,0xFF,0x40,0x08,0xFF,0x40,0x08,0xFF,0x00,0x00,0xFF,0x21,0x00,0xFF,0x01,0x00,0xFF,0x01,0x00,0xFF,0x01,0x00,0xFF,
    0x01,0x00,0xFF,0x21,0x00,0xFF,0x20,0x00,0xFF,0x40,0x00,0xFF,0x20,0x00,0xFF,0x00,0x00,0xFF,0x00,0x00,0xFF,0x00,0x00,0xFF,0x00,0x00,0xFF,0x00,0x00,0xFF,0x00,0x00,0xFF,0x00,0x00,0xFF,
    0x01,0x00,0xFF,0x01,0x00,0xFF,0x00,0x00,0xFF,0x00,0x00,0xFF,0x00,0x00,0xFF,0x00,0x00,0xFF,0x00,0x00,0xFF,0x00,0x00,0xFF,0x00,0x00,0xFF,0x00,0x00,0xFF,0x00,0x00,0xFF,0x00,0x00,0xFF,
    0x00,0x00,0xFF,0x61,0x08,0xFF,0x00,0x00,0xFF,0x82,0x10,0xFF,0x00,0x00,0xFF,0x00,0x00,0xFF,0x61,0x08,0xFF,0x00,0x00,0xFF,0xDF,0xFF,0xFF,0xDF,0xFF,0xFF,0xFF,0xFF,0xFF,0x7D,0xEF,0xFF,
    0x9E,0xF7,0xFF,0xDF,0xFF,0xFF,0x9E,0xF7,0xFF,0xBE,0xF7,0xFF,0xBE,0xF7,0xFF,0xBE,0xF7,0xFF,0xBE,0xF7,0xFF,0xBE,0xF7,0xFF,0xBE,0xF7,0xFF,0xBE,0xF7,0xFF,0xBE,0xF7,0xFF,0xBE,0xF7,0xFF,
    0xBE,0xF7,0xFF,0xBE,0xF7,0xFF,0xBE,0xF7,0xFF,0xBE,0xF7,0xFF,0xBE,0xF7,0xFF,0xBE,0xF7,0xFF,0x9E,0xF7,0xFF,0x9E,0xF7,0xFF,0x7D,0xEF,0xFF,0xFF,0xFF,0xFF,0x3C,0xE7,0xFF,0xDF,0xFF,0xFF,
    0xBE,0xF7,0xFF,0x7D,0xEF,0xFF,0xFF,0xFF,0xFF,0xDF,0xFF,0xFF,0x5D,0xEF,0xFF,0x7D,0xEF,0xFF,0x9E,0xF7,0xFF,0xFF,0xFF,0xFF,0xBE,0xF7,0xFF,0x3C,0xE7,0xFF,0x7D,0xEF,0xFF,0xFF,0xFF,0xFF,
    0xBE,0xF7,0xFF,0xBE,0xF7,0xFF,0xBE,0xF7,0xFF,0xBE,0xF7,0xFF,0xBE,0xF7,0xFF,0xBE,0xF7,0xFF,0xBE,0xF7,0xFF,0xBE,0xF7,0xFF,0xDF,0xFF,0xFF,0x9E,0xF7,0xFF,0xBE,0xF7,0xFF,0x5D,0xEF,0xFF,
    0xFF,0xFF,0xFF,0xFF,0xFF,0xFF,0x3C,0xE7,0xFF,0xFF,0xFF,0xFF,0x71,0x8C,0xFF,0x04,0x21,0xFF,0x00,0x00,0xFF,0x41,0x08,0xFF,0x00,0x00,0xFF,0x41,0x08,0xFF,0x00,0x00,0xFF,0x20,0x00,0xFF,
    0xCB,0x5A,0xFF,0xDF,0xFF,0xFF,0xDF,0xFF,0xFF,0xFF,0xFF,0xFF,0xFF,0xFF,0xFF,0xFF,0xFF,0xFF,0x9E,0xF7,0xFF,0xFF,0xFF,0xFF,0xFF,0xFF,0xFF,0xFF,0xFF,0xFF,0xFF,0xFF,0xFF,0xFF,0xFF,0xFF,
    0xFF,0xFF,0xFF,0xFF,0xFF,0xFF,0xFF,0xFF,0xFF,0xFF,0xFF,0xFF,0xFF,0xFF,0xFF,0xFF,0xFF,0xFF,0xFE,0xFF,0xFF,0xFE,0xFF,0xFF,0x9D,0xFF,0xFF,0xDF,0xFF,0xFF,0x9F,0xFF,0xFF,0x4E,0x6A,0xFF,
    0xAF,0x61,0xFF,0x90,0x61,0xFF,0x30,0x61,0xFF,0x52,0x69,0xFF,0x73,0x71,0xFF,0x12,0x61,0xFF,0x33,0x69,0xFF,0x32,0x69,0xFF,0x72,0x71,0xFF,0x50,0x69,0xFF,0x8F,0x61,0xFF,0x8F,0x61,0xFF,
    0x8F,0x61,0xFF,0x8F,0x61,0xFF,0x8F,0x61,0xFF,0x8F,0x61,0xFF,0x8F,0x61,0xFF,0x8F,0x61,0xFF,0x8F,0x61,0xFF,0x8F,0x61,0xFF,0x8F,0x61,0xFF,0x8F,0x61,0xFF,0x8F,0x61,0xFF,0x8E,0x61,0xFF,
    0x8E,0x61,0xFF,0xAE,0x61,0xFF,0x8D,0x51,0xFF,0x0E,0x62,0xFF,0xBF,0xF6,0xFF,0x7F,0xFF,0xFF,0xBF,0xFF,0xFF,0xBF,0xFF,0xFF,0x7C,0xDE,0xFF,0x0B,0x4A,0xFF,0x4D,0x5A,0xFF,0xCC,0x49,0xFF,
    0x2F,0x62,0xFF,0xAE,0x59,0xFF,0xF0,0x69,0xFF,0x8F,0x61,0xFF,0xAF,0x69,0xFF,0x6F,0x61,0xFF,0x70,0x69,0xFF,0x51,0x69,0xFF,0x51,0x69,0xFF,0x51,0x69,0xFF,0x51,0x69,0xFF,0x51,0x69,0xFF,
    0x51,0x69,0xFF,0x71,0x69,0xFF,0x90,0x69,0xFF,0x90,0x69,0xFF,0x90,0x61,0xFF,0x8F,0x61,0xFF,0xAF,0x61,0xFF,0xAF,0x61,0xFF,0x8F,0x61,0xFF,0xAF,0x61,0xFF,0xAF,0x59,0xFF,0x71,0x6A,0xFF,
    0xFF,0xFE,0xFF,0x9F,0xFF,0xFF,0x5F,0xFF,0xFF,0x5F,0xFF,0xFF,0x0B,0x52,0xFF,0xEB,0x51,0xFF,0xAC,0x49,0xFF,0xCE,0x51,0xFF,0xEF,0x61,0xFF,0xF0,0x69,0xFF,0x2E,0x51,0xFF,0xD1,0x69,0xFF,
    0x71,0x69,0xFF,0x71,0x69,0xFF,0x71,0x69,0xFF,0x71,0x69,0xFF,0x71,0x69,0xFF,0x51,0x69,0xFF,0x51,0x69,0xFF,0x51,0x69,0xFF,0x71,0x69,0xFF,0x70,0x69,0xFF,0x90,0x69,0xFF,0x8F,0x61,0xFF,
    0x8E,0x61,0xFF,0xAE,0x61,0xFF,0xAE,0x61,0xFF,0xAE,0x69,0xFF,0xAE,0x61,0xFF,0xAD,0x61,0xFF,0x0E,0x62,0xFF,0x3F,0xFF,0xFF,0x7F,0xFF,0xFF,0xBF,0xFF,0xFF,0x9F,0xFF,0xFF,0x9F,0xFF,0xFF,
    0x0D,0x62,0xFF,0xCD,0x59,0xFF,0x8E,0x59,0xFF,0x90,0x61,0xFF,0x72,0x69,0xFF,0x52,0x69,0xFF,0x33,0x69,0xFF,0x53,0x69,0xFF,0x52,0x69,0xFF,0x52,0x69,0xFF,0x12,0x61,0xFF,0x53,0x69,0xFF,
    0x53,0x69,0xFF,0x52,0x69,0xFF,0x90,0x61,0xFF,0xAE,0x59,0xFF,0xDF,0xF6,0xFF,0x9F,0xFF,0xFF,0xFF,0xFF,0xFF,0xBE,0xFF,0xFF,0x9F,0xFF,0xFF,0x59,0xC5,0xFF,0xCE,0x61,0xFF,0x2F,0x59,0xFF,
    0x93,0x71,0xFF,0x13,0x69,0xFF,0x33,0x69,0xFF,0x74,0x71,0xFF,0x31,0x61,0xFF,0x70,0x61,0xFF,0xCE,0x61,0xFF,0xB4,0x9B,0xFF,0xFF,0xFE,0xFF,0x9F,0xFF,0xFF,0x1F,0xFF,0xFF,0xCD,0x61,0xFF,
    0xF0,0x69,0xFF,0x70,0x61,0xFF,0x71,0x61,0xFF,0x52,0x61,0xFF,0x94,0x71,0xFF,0x73,0x69,0xFF,0x51,0x61,0xFF,0x90,0x69,0xFF,0x90,0x69,0xFF,0x8F,0x61,0xFF,0x6F,0x61,0xFF,0x8E,0x61,0xFF,
    0xAF,0x61,0xFF,0xCF,0x69,0xFF,0x8E,0x61,0xFF,0x8E,0x61,0xFF,0x8F,0x61,0xFF,0x8E,0x61,0xFF,0x8E,0x61,0xFF,0x8E,0x61,0xFF,0x8E,0x61,0xFF,0x8E,0x61,0xFF,0xEF,0x69,0xFF,0x4C,0x51,0xFF,
    0x0E,0x62,0xFF,0x6F,0x6A,0xFF,0x5F,0xFF,0xFF,0xDF,0xFF,0xFF,0xFF,0xFF,0xFF,0xFF,0xFF,0xFF,0xBF,0xFF,0xFF,0x7F,0xFF,0xFF,0x2D,0x62,0xFF,0xCD,0x59,0xFF,0x4E,0x59,0xFF,0x91,0x69,0xFF,
    0x52,0x69,0xFF,0xB3,0x71,0xFF,0x51,0x69,0xFF,0x71,0x69,0xFF,0x70,0x69,0xFF,0x90,0x61,0xFF,0x8F,0x61,0xFF,0x8F,0x61,0xFF,0x8F,0x61,0xFF,0x8F,0x61,0xFF,0x8F,0x61,0xFF,0x8F,0x61,0xFF,
    0x8F,0x61,0xFF,0x8F,0x61,0xFF,0x8F,0x61,0xFF,0x8F,0x61,0xFF,0x8F,0x61,0xFF,0x8F,0x61,0xFF,0x6E,0x61,0xFF,0x6D,0x59,0xFF,0xEF,0x69,0xFF,0x8D,0x61,0xFF,0x8C,0x59,0xFF,0xD7,0xBC,0xFF,
    0xBF,0xFF,0xFF,0x9F,0xFF,0xFF,0xDF,0xFF,0xFF,0xFF,0xFF,0xFF,0x5F,0xF7,0xFF,0xCC,0x51,0xFF,0x50,0x6A,0xFF,0x2E,0x59,0xFF,0x72,0x71,0xFF,0x72,0x71,0xFF,0x51,0x69,0xFF,0x50,0x61,0xFF,
    0x70,0x61,0xFF,0x70,0x61,0xFF,0x6F,0x61,0xFF,0x8F,0x61,0xFF,0x8E,0x61,0xFF,0x8E,0x61,0xFF,0x8E,0x61,0xFF,0x8E,0x61,0xFF,0x8E,0x61,0xFF,0x8F,0x61,0xFF,0x8F,0x61,0xFF,0x8F,0x61,0xFF,
    0x8F,0x61,0xFF,0x8E,0x61,0xFF,0x6E,0x69,0xFF,0x4F,0x69,0xFF,0x50,0x71,0xFF,0x72,0x71,0xFF,0x53,0x71,0xFF,0x32,0x69,0xFF,0x52,0x69,0xFF,0xB2,0x71,0xFF,0x6E,0x61,0xFF,0xED,0x61,0xFF,
    0x3F,0xFF,0xFF,0x9F,0xFF,0xFF,0xFF,0xFF,0xFF,0xFF,0xFF,0xFF,0xFF,0xF7,0xFF,0xFF,0xF7,0xFF,0xFF,0xFF,0xFF,0xFF,0xFF,0xFF,0xFF,0xFF,0xFF,0xFF,0xFF,0xFF,0x00,0x00,0xFF,0x00,0x00,0xFF,
    0x61,0x08,0xFF,0x10,0x84,0xFF,0xBE,0xF7,0xFF,0x9E,0xF7,0xFF,0xDF,0xFF,0xFF,0xFF,0xFF,0xFF,0x5D,0xEF,0xFF,0xDF,0xFF,0xFF,0x7D,0xEF,0xFF,0x3C,0xE7,0xFF,0xAA,0x52,0xFF,0x20,0x00,0xFF,
    0x00,0x00,0xFF,0x8E,0x73,0xFF,0xFF,0xFF,0xFF,0x7E,0xEF,0xFF,0xFF,0xFF,0xFF,0x5D,0xEF,0xFF,0xBF,0xF7,0xFF,0xBE,0xF7,0xFF,0x9E,0xF7,0xFF,0xFE,0xFF,0xFF,0x7C,0xEF,0xFF,0xFE,0xFF,0xFF,
    0x80,0x08,0xFF,0x80,0x08,0xFF,0x2A,0xA5,0xFF,0x30,0xEF,0xFF,0xEB,0xC5,0xFF,0xA0,0x52,0xFF,0x60,0x10,0xFF,0x00,0x00,0xFF,0x80,0x10,0xFF,0x00,0x00,0xFF,0x60,0x08,0xFF,0x00,0x00,0xFF,
    0x00,0x00,0xFF,0x40,0x00,0xFF,0x00,0x00,0xFF,0x00,0x00,0xFF,0x00,0x00,0xFF,0x00,0x00,0xFF,0x00,0x00,0xFF,0x00,0x00,0xFF,0x00,0x00,0xFF,0x20,0x00,0xFF,0x00,0x00,0xFF,0x00,0x00,0xFF,
    0x00,0x00,0xFF,0x40,0x08,0xFF,0x20,0x00,0xFF,0x20,0x00,0xFF,0x00,0x00,0xFF,0x00,0x00,0xFF,0x01,0x00,0xFF,0x01,0x00,0xFF,0x00,0x00,0xFF,0x00,0x00,0xFF,0x00,0x00,0xFF,0x00,0x00,0xFF,
    0x00,0x00,0xFF,0x00,0x00,0xFF,0x00,0x00,0xFF,0x00,0x00,0xFF,0x00,0x00,0xFF,0x00,0x00,0xFF,0x00,0x00,0xFF,0x00,0x00,0xFF,0x00,0x00,0xFF,0x40,0x00,0xFF,0x00,0x00,0xFF,0x40,0x00,0xFF,
    0x00,0x00,0xFF,0x00,0x00,0xFF,0xD7,0xBD,0xFF,0xDF,0xFF,0xFF,0x5D,0xEF,0xFF,0xDF,0xFF,0xFF,0x9E,0xF7,0xFF,0xFF,0xFF,0xFF,0x9E,0xF7,0xFF,0xDF,0xFF,0xFF,0xBE,0xF7,0xFF,0xBE,0xF7,0xFF,
    0xBE,0xF7,0xFF,0xBE,0xF7,0xFF,0xBE,0xF7,0xFF,0xBE,0xF7,0xFF,0xBE,0xF7,0xFF,0xBE,0xF7,0xFF,0xBE,0xF7,0xFF,0xBE,0xF7,0xFF,0xBE,0xF7,0xFF,0xBE,0xF7,0xFF,0xBE,0xF7,0xFF,0xBE,0xF7,0xFF,
    0xBE,0xF7,0xFF,0xBE,0xF7,0xFF,0xDF,0xFF,0xFF,0x5D,0xEF,0xFF,0xFF,0xFF,0xFF,0x9E,0xF7,0xFF,0x9E,0xF7,0xFF,0xFF,0xFF,0xFF,0x7D,0xEF,0xFF,0x9E,0xF7,0xFF,0xFF,0xFF,0xFF,0x5D,0xEF,0xFF,
    0xDF,0xFF,0xFF,0x9E,0xF7,0xFF,0x7D,0xEF,0xFF,0xFF,0xFF,0xFF,0xFF,0xFF,0xFF,0x1C,0xE7,0xFF,0xBE,0xF7,0xFF,0xBE,0xF7,0xFF,0xBE,0xF7,0xFF,0xBE,0xF7,0xFF,0xBE,0xF7,0xFF,0xBE,0xF7,0xFF,
    0xBE,0xF7,0xFF,0xBE,0xF7,0xFF,0xBE,0xF7,0xFF,0x7D,0xEF,0xFF,0xFF,0xFF,0xFF,0x9E,0xF7,0xFF,0x9E,0xF7,0xFF,0xB6,0xB5,0xFF,0x04,0x21,0xFF,0x00,0x00,0xFF,0x20,0x00,0xFF,0x00,0x00,0xFF,
    0x00,0x00,0xFF,0x00,0x00,0xFF,0x00,0x00,0xFF,0x82,0x10,0xFF,0xC3,0x18,0xFF,0x1C,0xE7,0xFF,0xFF,0xFF,0xFF,0xFF,0xFF,0xFF,0xDF,0xFF,0xFF,0xFF,0xFF,0xFF,0xFF,0xFF,0xFF,0xDF,0xFF,0xFF,
    0xFF,0xFF,0xFF,0xFF,0xFF,0xFF,0xFF,0xFF,0xFF,0xFF,0xFF,0xFF,0xFF,0xFF,0xFF,0xFF,0xFF,0xFF,0xFF,0xFF,0xFF,0xFF,0xFF,0xFF,0xFF,0xFF,0xFF,0xFF,0xFF,0xFF,0xFF,0xFF,0xFF,0xFF,0xFF,0xFF,
    0xFE,0xFF,0xFF,0xFD,0xFF,0xFF,0xFE,0xFF,0xFF,0xDF,0xFF,0xFF,0x3F,0xFF,0xFF,0x6D,0x59,0xFF,0x91,0x69,0xFF,0x72,0x71,0xFF,0x72,0x71,0xFF,0x52,0x69,0xFF,0x32,0x69,0xFF,0x52,0x69,0xFF,
    0x73,0x71,0xFF,0x31,0x69,0xFF,0x90,0x69,0xFF,0xB3,0x82,0xFF,0x33,0x8B,0xFF,0x52,0x83,0xFF,0x32,0x83,0xFF,0x52,0x83,0xFF,0x52,0x83,0xFF,0x52,0x83,0xFF,0x52,0x83,0xFF,0x52,0x8B,0xFF,
    0x53,0x93,0xFF,0x32,0x8B,0xFF,0x32,0x8B,0xFF,0xD0,0x82,0xFF,0x52,0x8B,0xFF,0xB3,0x9B,0xFF,0x10,0x83,0xFF,0x71,0x8B,0xFF,0x70,0x83,0xFF,0xDE,0xEE,0xFF,0x3F,0xF7,0xFF,0xDF,0xFF,0xFF,
    0xDF,0xFF,0xFF,0x9F,0xFF,0xFF,0xB5,0x9C,0xFF,0x32,0x8C,0xFF,0x54,0x94,0xFF,0x74,0x94,0xFF,0x34,0x94,0xFF,0x14,0x94,0xFF,0xB3,0x93,0xFF,0x15,0xA4,0xFF,0xF5,0xA3,0xFF,0xB6,0xA3,0xFF,
    0x4F,0x61,0xFF,0x72,0x69,0xFF,0x32,0x69,0xFF,0x12,0x61,0xFF,0x74,0x71,0xFF,0x74,0x71,0xFF,0x52,0x69,0xFF,0x71,0x61,0xFF,0x6F,0x59,0xFF,0xAE,0x59,0xFF,0x16,0xA4,0xFF,0x35,0xA4,0xFF,
    0xF4,0x9B,0xFF,0x14,0x9C,0xFF,0xF4,0x9B,0xFF,0x35,0x9C,0xFF,0xB7,0xA4,0xFF,0xBF,0xFF,0xFF,0x7F,0xFF,0xFF,0xDF,0xFF,0xFF,0x7F,0xFF,0xFF,0xB5,0xAC,0xFF,0x75,0xA4,0xFF,0xF4,0x93,0xFF,
    0xF4,0x93,0xFF,0x15,0x94,0xFF,0x55,0xA4,0xFF,0xD4,0x93,0xFF,0x16,0xA4,0xFF,0x75,0x93,0xFF,0x3A,0xAC,0xFF,0x4F,0x59,0xFF,0x70,0x61,0xFF,0x50,0x61,0xFF,0x31,0x69,0xFF,0x11,0x61,0xFF,
    0x52,0x71,0xFF,0x73,0x71,0xFF,0x71,0x69,0xFF,0x70,0x61,0xFF,0x4D,0x51,0xFF,0x98,0xB4,0xFF,0xB3,0x93,0xFF,0x54,0xA4,0xFF,0x34,0x9C,0xFF,0x54,0xA4,0xFF,0x91,0x93,0xFF,0xB6,0xAC,0xFF,
    0x9F,0xFF,0xFF,0xBF,0xFF,0xFF,0xBF,0xFF,0xFF,0xDF,0xFF,0xFF,0x9F,0xFF,0xFF,0xFF,0xFE,0xFF,0xCF,0x61,0xFF,0x6F,0x61,0xFF,0xB0,0x69,0xFF,0x91,0x69,0xFF,0x31,0x61,0xFF,0x32,0x61,0xFF,
    0x54,0x69,0xFF,0x54,0x69,0xFF,0x73,0x71,0xFF,0x51,0x61,0xFF,0x51,0x61,0xFF,0x72,0x69,0xFF,0x52,0x61,0xFF,0x92,0x69,0xFF,0xB2,0x69,0xFF,0xAF,0x61,0xFF,0x56,0xAC,0xFF,0xBF,0xFF,0xFF,
    0x9F,0xFF,0xFF,0xDF,0xFF,0xFF,0x9F,0xFF,0xFF,0xED,0x59,0xFF,0x10,0x6A,0xFF,0xB1,0x71,0xFF,0xD0,0x58,0xFF,0x74,0x79,0xFF,0x53,0x71,0xFF,0x73,0x71,0xFF,0x70,0x69,0xFF,0xAF,0x61,0xFF,
    0x2E,0x6A,0xFF,0xDF,0xFE,0xFF,0x3F,0xFF,0xFF,0x5F,0xFF,0xFF,0x0E,0x6A,0xFF,0xCF,0x69,0xFF,0x70,0x61,0xFF,0x30,0x61,0xFF,0x72,0x69,0xFF,0x72,0x69,0xFF,0x52,0x61,0xFF,0x51,0x61,0xFF,
    0xB1,0x71,0xFF,0x0E,0x59,0xFF,0x8F,0x61,0xFF,0xEE,0x69,0xFF,0x73,0x93,0xFF,0xB3,0x93,0xFF,0x35,0x9C,0xFF,0x14,0x9C,0xFF,0x15,0x9C,0xFF,0x35,0xA4,0xFF,0x16,0xA4,0xFF,0x16,0xA4,0xFF,
    0xF5,0xA3,0xFF,0xF5,0xA3,0xFF,0xF4,0xA3,0xFF,0x14,0x9C,0xFF,0x54,0xA4,0xFF,0x54,0x9C,0xFF,0x54,0x9C,0xFF,0xDF,0xFF,0xFF,0x9E,0xF7,0xFF,0xBE,0xFF,0xFF,0xFF,0xFF,0xFF,0xBE,0xFF,0xFF,
    0xDF,0xFF,0xFF,0x7E,0xEE,0xFF,0x30,0x6A,0xFF,0x50,0x59,0xFF,0x71,0x69,0xFF,0x92,0x69,0xFF,0x0F,0x59,0xFF,0x71,0x69,0xFF,0x31,0x61,0xFF,0x51,0x61,0xFF,0x70,0x59,0xFF,0x10,0x6A,0xFF,
    0x95,0x93,0xFF,0x36,0xA4,0xFF,0x35,0x9C,0xFF,0xB3,0x8B,0xFF,0x35,0xA4,0xFF,0xF6,0x9B,0xFF,0xF6,0x9B,0xFF,0xD6,0xA3,0xFF,0x17,0xAC,0xFF,0xB5,0x9B,0xFF,0x37,0xAC,0xFF,0xB4,0x9B,0xFF,
    0xD4,0x9B,0xFF,0x35,0xAC,0xFF,0xF3,0x9B,0xFF,0x54,0xA4,0xFF,0x7B,0xDE,0xFF,0xBF,0xFF,0xFF,0xBF,0xFF,0xFF,0xBF,0xFF,0xFF,0xDF,0xFF,0xFF,0x1F,0xF7,0xFF,0x16,0x9C,0xFF,0xF0,0x61,0xFF,
    0x90,0x61,0xFF,0x50,0x61,0xFF,0x51,0x61,0xFF,0x72,0x69,0xFF,0x51,0x69,0xFF,0x30,0x61,0xFF,0x12,0x7A,0xFF,0x4E,0x59,0xFF,0x54,0x93,0xFF,0x19,0xC5,0xFF,0xB7,0xB4,0xFF,0xD7,0xB4,0xFF,
    0xF7,0xB4,0xFF,0xF7,0xB4,0xFF,0xD6,0xAC,0xFF,0x96,0xAC,0xFF,0xD7,0xAC,0xFF,0x58,0xBD,0xFF,0xF7,0xAC,0xFF,0xD4,0x93,0xFF,0x6C,0x59,0xFF,0x11,0x7A,0xFF,0x70,0x69,0xFF,0x31,0x69,0xFF,
    0x93,0x71,0xFF,0x33,0x69,0xFF,0x53,0x69,0xFF,0x71,0x69,0xFF,0xB0,0x69,0xFF,0x8D,0x59,0xFF,0x1F,0xFF,0xFF,0xDF,0xFF,0xFF,0xDF,0xFF,0xFF,0xFF,0xFF,0xFF,0xFF,0xF7,0xFF,0xFF,0xF7,0xFF,
    0xFF,0xFF,0xFF,0xFF,0xFF,0xFF,0xFF,0xFF,0xFF,0xBE,0xF7,0xFF,0x34,0xA5,0xFF,0x00,0x00,0xFF,0x00,0x00,0xFF,0x20,0x00,0xFF,0x5D,0xEF,0xFF,0xBE,0xF7,0xFF,0xFF,0xFF,0xFF,0x9E,0xF7,0xFF,
    0x5D,0xEF,0xFF,0xDF,0xFF,0xFF,0xBE,0xF7,0xFF,0xDF,0xFF,0xFF,0xBE,0xF7,0xFF,0x9E,0xF7,0xFF,0x9A,0xD6,0xFF,0xA6,0x31,0xFF,0x00,0x00,0xFF,0x7E,0xEF,0xFF,0xBF,0xF7,0xFF,0xDF,0xFF,0xFF,
    0xDF,0xFF,0xFF,0xDF,0xFF,0xFF,0xBE,0xF7,0xFF,0x7D,0xEF,0xFF,0xFF,0xFF,0xFF,0xFE,0xFF,0xFF,0x99,0xD6,0xFF,0x00,0x00,0xFF,0x20,0x08,0xFF,0x40,0x10,0xFF,0x80,0x10,0xFF,0x40,0x08,0xFF,
    0xE0,0x18,0xFF,0xF8,0xDE,0xFF,0x40,0x00,0xFF,0x40,0x00,0xFF,0x20,0x00,0xFF,0x40,0x00,0xFF,0x40,0x00,0xFF,0x40,0x00,0xFF,0x20,0x00,0xFF,0x20,0x00,0xFF,0x20,0x00,0xFF,0x40,0x00,0xFF,
    0x40,0x00,0xFF,0x40,0x00,0xFF,0x60,0x08,0xFF,0x60,0x08,0xFF,0x60,0x08,0xFF,0x40,0x08,0xFF,0x20,0x00,0xFF,0x20,0x00,0xFF,0x20,0x00,0xFF,0x40,0x00,0xFF,0x20,0x00,0xFF,0x00,0x00,0xFF,
    0x00,0x00,0xFF,0x00,0x00,0xFF,0x00,0x00,0xFF,0x00,0x00,0xFF,0x41,0x00,0xFF,0x01,0x00,0xFF,0x00,0x00,0xFF,0x00,0x00,0xFF,0x40,0x00,0xFF,0x20,0x00,0xFF,0x01,0x00,0xFF,0x01,0x00,0xFF,
    0x01,0x00,0xFF,0x00,0x00,0xFF,0x40,0x00,0xFF,0x00,0x00,0xFF,0x00,0x00,0xFF,0x00,0x00,0xFF,0x01,0x00,0xFF,0x22,0x00,0xFF,0xCB,0x5A,0xFF,0x9E,0xF7,0xFF,0xDF,0xFF,0xFF,0xDF,0xFF,0xFF,
    0xDF,0xFF,0xFF,0x7D,0xEF,0xFF,0x9E,0xF7,0xFF,0xDF,0xFF,0xFF,0xBE,0xF7,0xFF,0xBE,0xF7,0xFF,0xBE,0xF7,0xFF,0xBE,0xF7,0xFF,0xBE,0xF7,0xFF,0xBE,0xF7,0xFF,0xBE,0xF7,0xFF,0xBE,0xF7,0xFF,
    0xBE,0xF7,0xFF,0xBE,0xF7,0xFF,0xBE,0xF7,0xFF,0xBE,0xF7,0xFF,0xBE,0xF7,0xFF,0xBE,0xF7,0xFF,0xBE,0xF7,0xFF,0xBE,0xF7,0xFF,0xBE,0xF7,0xFF,0xBE,0xF7,0xFF,0xBE,0xF7,0xFF,0xBE,0xF7,0xFF,
    0xBE,0xF7,0xFF,0xBE,0xF7,0xFF,0xBE,0xF7,0xFF,0x9E,0xF7,0xFF,0x9E,0xF7,0xFF,0xFF,0xFF,0xFF,0x9E,0xF7,0xFF,0x9E,0xF7,0xFF,0x9E,0xF7,0xFF,0x9E,0xF7,0xFF,0xDF,0xFF,0xFF,0xBE,0xF7,0xFF,
    0xDF,0xFF,0xFF,0xBE,0xF7,0xFF,0x9E,0xF7,0xFF,0xBE,0xF7,0xFF,0xBE,0xF7,0xFF,0x9E,0xF7,0xFF,0x9E,0xF7,0xFF,0xDF,0xFF,0xFF,0xFF,0xFF,0xFF,0x7D,0xEF,0xFF,0x1C,0xE7,0xFF,0x8A,0x52,0xFF,
    0x20,0x00,0xFF,0x00,0x00,0xFF,0x20,0x00,0xFF,0x00,0x00,0xFF,0x00,0x00,0xFF,0x00,0x00,0xFF,0x00,0x00,0xFF,0xE3,0x18,0xFF,0x75,0xAD,0xFF,0x9E,0xF7,0xFF,0xFF,0xFF,0xFF,0xFF,0xFF,0xFF,
    0xFF,0xFF,0xFF,0xFF,0xFF,0xFF,0xFF,0xFF,0xFF,0xFF,0xFF,0xFF,0xFF,0xFF,0xFF,0xFF,0xFF,0xFF,0xFF,0xFF,0xFF,0xFF,0xFF,0xFF,0xFF,0xFF,0xFF,0xFF,0xFF,0xFF,0xFF,0xFF,0xFF,0xFF,0xFF,0xFF,
    0xFF,0xFF,0xFF,0xFF,0xFF,0xFF,0xFF,0xFF,0xFF,0xFF,0xFF,0xFF,0xFF,0xFF,0xFF,0xFF,0xFF,0xFF,0xFF,0xFF,0xFF,0xDD,0xFF,0xFF,0xDE,0xFF,0xFF,0x5E,0xFF,0xFF,0x98,0xB4,0xFF,0xF1,0x69,0xFF,
    0x31,0x61,0xFF,0x32,0x69,0xFF,0x11,0x69,0xFF,0x31,0x69,0xFF,0x32,0x69,0xFF,0x52,0x69,0xFF,0xF5,0x79,0xFF,0x30,0x59,0xFF,0xF0,0x71,0xFF,0xFF,0xFE,0xFF,0x7F,0xFF,0xFF,0x9F,0xFF,0xFF,
    0xBF,0xFF,0xFF,0xBF,0xFF,0xFF,0xBF,0xFF,0xFF,0xBF,0xFF,0xFF,0xBF,0xFF,0xFF,0xBF,0xFF,0xFF,0x3F,0xFF,0xFF,0x9F,0xFF,0xFF,0x9F,0xFF,0xFF,0x9F,0xFF,0xFF,0xFE,0xFE,0xFF,0x5F,0xFF,0xFF,
    0xDF,0xFF,0xFF,0x5E,0xF7,0xFF,0x9F,0xF7,0xFF,0xFF,0xFF,0xFF,0xBF,0xFF,0xFF,0xDF,0xFF,0xFF,0xBF,0xFF,0xFF,0xDF,0xFF,0xFF,0x7F,0xF7,0xFF,0xFF,0xFF,0xFF,0xDF,0xFF,0xFF,0x7E,0xEF,0xFF,
    0xBF,0xF7,0xFF,0xDF,0xFF,0xFF,0x5F,0xFF,0xFF,0x7F,0xFF,0xFF,0x3F,0xFF,0xFF,0x9C,0xDD,0xFF,0x90,0x61,0xFF,0x72,0x69,0xFF,0x52,0x69,0xFF,0x53,0x69,0xFF,0x74,0x71,0xFF,0x54,0x71,0xFF,
    0x52,0x69,0xFF,0x91,0x61,0xFF,0xAF,0x61,0xFF,0x90,0x72,0xFF,0x3F,0xFF,0xFF,0xBF,0xFF,0xFF,0xDF,0xFF,0xFF,0xBF,0xFF,0xFF,0x9F,0xFF,0xFF,0x9F,0xFF,0xFF,0x9F,0xF7,0xFF,0xFF,0xFF,0xFF,
    0x9E,0xF7,0xFF,0xBE,0xFF,0xFF,0xFF,0xFF,0xFF,0x9F,0xFF,0xFF,0xBF,0xFF,0xFF,0xBF,0xFF,0xFF,0xBF,0xFF,0xFF,0x7F,0xFF,0xFF,0x9F,0xFF,0xFF,0x9F,0xFF,0xFF,0xBF,0xFF,0xFF,0x9F,0xFF,0xFF,
    0x7F,0xEE,0xFF,0xB0,0x59,0xFF,0xB1,0x69,0xFF,0x70,0x69,0xFF,0x71,0x69,0xFF,0x73,0x71,0xFF,0x53,0x71,0xFF,0x12,0x69,0xFF,0x30,0x61,0xFF,0xD1,0x69,0xFF,0x30,0x6A,0xFF,0x1F,0xFF,0xFF,
    0xDF,0xFF,0xFF,0xBF,0xFF,0xFF,0x7E,0xF7,0xFF,0xDF,0xFF,0xFF,0x9F,0xFF,0xFF,0x9F,0xFF,0xFF,0xDF,0xFF,0xFF,0xFF,0xFF,0xFF,0xFF,0xFF,0xFF,0xDF,0xFF,0xFF,0x9F,0xFF,0xFF,0x95,0x9B,0xFF,
    0x90,0x69,0xFF,0x71,0x69,0xFF,0x91,0x71,0xFF,0x51,0x69,0xFF,0x52,0x69,0xFF,0x94,0x71,0xFF,0x55,0x69,0xFF,0x54,0x69,0xFF,0x52,0x61,0xFF,0xB3,0x71,0xFF,0x71,0x69,0xFF,0x71,0x61,0xFF,
    0x52,0x61,0xFF,0x72,0x61,0xFF,0x71,0x61,0xFF,0x6F,0x59,0xFF,0x32,0x83,0xFF,0x5F,0xFF,0xFF,0xDF,0xFF,0xFF,0xBF,0xFF,0xFF,0x5F,0xFF,0xFF,0xED,0x59,0xFF,0x8F,0x61,0xFF,0x50,0x61,0xFF,
    0x31,0x69,0xFF,0x32,0x71,0xFF,0x94,0x79,0xFF,0xF0,0x60,0xFF,0xD1,0x69,0xFF,0x6D,0x59,0xFF,0xCC,0x59,0xFF,0x5F,0xFF,0xFF,0x9F,0xFF,0xFF,0xFD,0xE5,0xFF,0xCF,0x69,0xFF,0x90,0x69,0xFF,
    0x71,0x69,0xFF,0x72,0x71,0xFF,0x72,0x71,0xFF,0x72,0x69,0xFF,0x71,0x61,0xFF,0x91,0x69,0xFF,0x4F,0x59,0xFF,0xCF,0x69,0xFF,0x95,0x9B,0xFF,0x1F,0xFF,0xFF,0xBF,0xFF,0xFF,0xDF,0xFF,0xFF,
    0x7F,0xFF,0xFF,0xDF,0xFF,0xFF,0x9F,0xFF,0xFF,0x9F,0xFF,0xFF,0x9F,0xFF,0xFF,0x7F,0xFF,0xFF,0x7F,0xFF,0xFF,0x7F,0xFF,0xFF,0x9F,0xFF,0xFF,0x9F,0xFF,0xFF,0x7F,0xFF,0xFF,0x9F,0xFF,0xFF,
    0xDF,0xFF,0xFF,0xFF,0xFF,0xFF,0xFF,0xFF,0xFF,0xFF,0xFF,0xFF,0xFF,0xFF,0xFF,0x7E,0xFF,0xFF,0x5F,0xFF,0xFF,0x12,0x83,0xFF,0x4F,0x59,0xFF,0xB3,0x69,0xFF,0x31,0x61,0xFF,0x31,0x61,0xFF,
    0x90,0x69,0xFF,0x4F,0x61,0xFF,0x30,0x59,0xFF,0xF3,0x71,0xFF,0xD0,0x61,0xFF,0xFA,0xBC,0xFF,0x7F,0xFF,0xFF,0xBF,0xFF,0xFF,0x5E,0xF7,0xFF,0xDF,0xFF,0xFF,0xDF,0xFF,0xFF,0x5F,0xFF,0xFF,
    0x5F,0xFF,0xFF,0x9F,0xFF,0xFF,0x9F,0xFF,0xFF,0x7F,0xFF,0xFF,0x5F,0xFF,0xFF,0xBF,0xFF,0xFF,0x9F,0xFF,0xFF,0x9F,0xFF,0xFF,0x7F,0xFF,0xFF,0x9F,0xFF,0xFF,0xDE,0xFF,0xFF,0xBE,0xFF,0xFF,
    0xBE,0xFF,0xFF,0xDF,0xFF,0xFF,0xBF,0xFF,0xFF,0x9F,0xFF,0xFF,0x10,0x62,0xFF,0x0E,0x51,0xFF,0x50,0x61,0xFF,0xB2,0x69,0xFF,0x72,0x69,0xFF,0x31,0x61,0xFF,0x71,0x69,0xFF,0x71,0x69,0xFF,
    0x2E,0x59,0xFF,0xAE,0x59,0xFF,0xBF,0xF6,0xFF,0x9F,0xFF,0xFF,0x1F,0xF7,0xFF,0xDF,0xFF,0xFF,0xDF,0xFF,0xFF,0x7F,0xFF,0xFF,0xBF,0xFF,0xFF,0xDF,0xFF,0xFF,0xBF,0xFF,0xFF,0x3F,0xF7,0xFF,
    0x5F,0xF7,0xFF,0x7F,0xFF,0xFF,0xAD,0x61,0xFF,0xB0,0x69,0xFF,0x2F,0x61,0xFF,0x51,0x69,0xFF,0x94,0x71,0xFF,0x33,0x69,0xFF,0x33,0x69,0xFF,0x72,0x69,0xFF,0x6F,0x61,0xFF,0x0F,0x6A,0xFF,
    0xFF,0xFE,0xFF,0xDF,0xFF,0xFF,0xDF,0xFF,0xFF,0xDF,0xF7,0xFF,0xFF,0xF7,0xFF,0xFF,0xF7,0xFF,0xFF,0xFF,0xFF,0xBE,0xF7,0xFF,0xDF,0xFF,0xFF,0xFF,0xFF,0xFF,0xBE,0xF7,0xFF,0x41,0x08,0xFF,
    0xC3,0x18,0xFF,0x00,0x00,0xFF,0x20,0x00,0xFF,0xDF,0xFF,0xFF,0x7D,0xEF,0xFF,0xFF,0xFF,0xFF,0xDF,0xFF,0xFF,0xBE,0xF7,0xFF,0x9E,0xF7,0xFF,0xDF,0xFF,0xFF,0xBE,0xF7,0xFF,0xDF,0xFF,0xFF,
    0x7D,0xEF,0xFF,0x3C,0xE7,0xFF,0xFF,0xFF,0xFF,0x92,0x94,0xFF,0x18,0xC6,0xFF,0x9E,0xF7,0xFF,0xFF,0xFF,0xFF,0x7D,0xEF,0xFF,0x7D,0xEF,0xFF,0xFF,0xFF,0xFF,0x7D,0xEF,0xFF,0x5D,0xEF,0xFF,
    0xFF,0xFF,0xFF,0xFF,0xFF,0xFF,0xD3,0xA4,0xFF,0x2C,0x6B,0xFF,0xCF,0x83,0xFF,0x1B,0xE7,0xFF,0xFE,0xFF,0xFF,0xC4,0x31,0xFF,0x20,0x00,0xFF,0xC0,0x08,0xFF,0xA0,0x08,0xFF,0xA0,0x08,0xFF,
    0xA0,0x00,0xFF,0xA0,0x08,0xFF,0x00,0x11,0xFF,0xC0,0x29,0xFF,0xA1,0x4A,0xFF,0x43,0x63,0xFF,0xC4,0x73,0xFF,0xC4,0x73,0xFF,0xC3,0x73,0xFF,0xA2,0x6B,0xFF,0x41,0x63,0xFF,0xC0,0x52,0xFF,
    0x40,0x42,0xFF,0xE0,0x39,0xFF,0x00,0x19,0xFF,0x80,0x08,0xFF,0x20,0x00,0xFF,0x40,0x00,0xFF,0x40,0x00,0xFF,0x20,0x00,0xFF,0x00,0x00,0xFF,0x20,0x00,0xFF,0x00,0x00,0xFF,0x20,0x00,0xFF,
    0x40,0x08,0xFF,0x00,0x00,0xFF,0x00,0x00,0xFF,0x01,0x00,0xFF,0x02,0x00,0xFF,0x02,0x00,0xFF,0x01,0x00,0xFF,0x00,0x00,0xFF,0x00,0x00,0xFF,0xA0,0x08,0xFF,0x00,0x00,0xFF,0x03,0x19,0xFF,
    0x93,0x94,0xFF,0xD8,0xBD,0xFF,0x56,0xAD,0xFF,0xDF,0xFF,0xFF,0x9E,0xF7,0xFF,0xBE,0xF7,0xFF,0xBE,0xF7,0xFF,0xBE,0xF7,0xFF,0xDF,0xFF,0xFF,0x9E,0xF7,0xFF,0xBE,0xF7,0xFF,0xBE,0xF7,0xFF,
    0xBE,0xF7,0xFF,0xBE,0xF7,0xFF,0xBE,0xF7,0xFF,0xBE,0xF7,0xFF,0xBE,0xF7,0xFF,0xBE,0xF7,0xFF,0xBE,0xF7,0xFF,0xBE,0xF7,0xFF,0xBE,0xF7,0xFF,0xBE,0xF7,0xFF,0xBE,0xF7,0xFF,0xBE,0xF7,0xFF,
    0xBE,0xF7,0xFF,0xBE,0xF7,0xFF,0xBE,0xF7,0xFF,0xBE,0xF7,0xFF,0xBE,0xF7,0xFF,0xBE,0xF7,0xFF,0xBE,0xF7,0xFF,0xBE,0xF7,0xFF,0xBE,0xF7,0xFF,0xBE,0xF7,0xFF,0x9E,0xF7,0xFF,0xBE,0xF7,0xFF,
    0x9E,0xF7,0xFF,0xFF,0xFF,0xFF,0x9E,0xF7,0xFF,0xDF,0xFF,0xFF,0x9E,0xF7,0xFF,0xBE,0xF7,0xFF,0xBE,0xF7,0xFF,0x7D,0xEF,0xFF,0x9E,0xF7,0xFF,0xFF,0xFF,0xFF,0xFF,0xFF,0xFF,0x9E,0xF7,0xFF,
    0x9E,0xF7,0xFF,0x9E,0xF7,0xFF,0x30,0x84,0xFF,0x20,0x00,0xFF,0x41,0x08,0xFF,0x00,0x00,0xFF,0x00,0x00,0xFF,0x82,0x10,0xFF,0x00,0x00,0xFF,0x00,0x00,0xFF,0x82,0x10,0xFF,0xF3,0x9C,0xFF,
    0xFF,0xFF,0xFF,0xDF,0xFF,0xFF,0xDF,0xFF,0xFF,0xBE,0xF7,0xFF,0xFF,0xFF,0xFF,0xBE,0xF7,0xFF,0xFF,0xFF,0xFF,0xFF,0xFF,0xFF,0xFF,0xFF,0xFF,0xFF,0xFF,0xFF,0xFF,0xFF,0xFF,0xFF,0xFF,0xFF,
    0xFF,0xFF,0xFF,0xFF,0xFF,0xFF,0xFF,0xFF,0xFF,0xFF,0xFF,0xFF,0xFF,0xFF,0xFF,0xFF,0xFF,0xFF,0xFF,0xFF,0xFF,0xFF,0xFF,0xFF,0xFF,0xFF,0xFF,0xFF,0xFF,0xFF,0xFF,0xFF,0xFF,0xFF,0xFF,0xFF,
    0xFF,0xFF,0xFF,0xFF,0xFF,0xFF,0xFF,0xFF,0xFF,0x9F,0xFF,0xFF,0x54,0x83,0xFF,0x4F,0x51,0xFF,0x93,0x61,0xFF,0x53,0x61,0xFF,0x72,0x69,0xFF,0x72,0x69,0xFF,0x72,0x69,0xFF,0x72,0x69,0xFF,
    0x8F,0x48,0xFF,0xB2,0x69,0xFF,0x1D,0xD5,0xFF,0x1F,0xFF,0xFF,0x9F,0xFF,0xFF,0xBF,0xFF,0xFF,0xDF,0xFF,0xFF,0xDF,0xFF,0xFF,0xBF,0xFF,0xFF,0xBF,0xFF,0xFF,0xBF,0xFF,0xFF,0xDF,0xFF,0xFF,
    0xBF,0xFF,0xFF,0xBF,0xFF,0xFF,0x9F,0xFF,0xFF,0x7F,0xFF,0xFF,0xBF,0xFF,0xFF,0xDF,0xFF,0xFF,0x9F,0xF7,0xFF,0xFF,0xFF,0xFF,0xFF,0xFF,0xFF,0x9E,0xF7,0xFF,0xFF,0xFF,0xFF,0xFF,0xFF,0xFF,
    0xFF,0xFF,0xFF,0x9F,0xFF,0xFF,0xFF,0xFF,0xFF,0xFF,0xFF,0xFF,0xFF,0xFF,0xFF,0xFF,0xFF,0xFF,0xDF,0xFF,0xFF,0xDF,0xFF,0xFF,0x7F,0xFF,0xFF,0x7F,0xFF,0xFF,0x7F,0xFF,0xFF,0x90,0x7A,0xFF,
    0xB0,0x69,0xFF,0x51,0x69,0xFF,0x52,0x69,0xFF,0x53,0x69,0xFF,0x33,0x69,0xFF,0x32,0x69,0xFF,0x72,0x69,0xFF,0x90,0x61,0xFF,0xCF,0x61,0xFF,0xB8,0xB4,0xFF,0xBF,0xFF,0xFF,0xBF,0xFF,0xFF,
    0xBF,0xFF,0xFF,0x9F,0xFF,0xFF,0xDF,0xFF,0xFF,0xFF,0xFF,0xFF,0xFF,0xFF,0xFF,0xFF,0xFF,0xFF,0xFE,0xFF,0xFF,0xDD,0xFF,0xFF,0xFE,0xFF,0xFF,0xFF,0xFF,0xFF,0x9F,0xFF,0xFF,0xBF,0xFF,0xFF,
    0xBF,0xFF,0xFF,0xDF,0xFF,0xFF,0xFF,0xFF,0xFF,0x9F,0xFF,0xFF,0x5F,0xFF,0xFF,0x3F,0xFF,0xFF,0x54,0x8B,0xFF,0xD0,0x61,0xFF,0x90,0x61,0xFF,0x50,0x61,0xFF,0x72,0x71,0xFF,0x73,0x71,0xFF,
    0x32,0x69,0xFF,0x52,0x69,0xFF,0x50,0x61,0xFF,0xD0,0x69,0xFF,0xF6,0x9B,0xFF,0x3F,0xFF,0xFF,0xDF,0xFF,0xFF,0xDF,0xFF,0xFF,0xDF,0xFF,0xFF,0xDF,0xFF,0xFF,0xDF,0xFF,0xFF,0x9F,0xFF,0xFF,
    0xDF,0xF7,0xFF,0xFF,0xFF,0xFF,0xDF,0xFF,0xFF,0x9F,0xFF,0xFF,0x9F,0xFF,0xFF,0x8D,0x59,0xFF,0xB1,0x69,0xFF,0x30,0x61,0xFF,0x91,0x69,0xFF,0x51,0x69,0xFF,0x52,0x69,0xFF,0x94,0x71,0xFF,
    0x33,0x61,0xFF,0x74,0x69,0xFF,0xF0,0x58,0xFF,0x92,0x69,0xFF,0x92,0x69,0xFF,0x51,0x61,0xFF,0x52,0x69,0xFF,0x52,0x69,0xFF,0x51,0x61,0xFF,0x6F,0x59,0xFF,0x0F,0x62,0xFF,0x3F,0xFF,0xFF,
    0xBF,0xFF,0xFF,0x3F,0xFF,0xFF,0x76,0xA4,0xFF,0xAD,0x51,0xFF,0xD0,0x69,0xFF,0x71,0x69,0xFF,0x93,0x79,0xFF,0x53,0x79,0xFF,0x12,0x69,0xFF,0x72,0x69,0xFF,0x90,0x69,0xFF,0xAE,0x59,0xFF,
    0x56,0xAC,0xFF,0x7F,0xFF,0xFF,0x3F,0xFF,0xFF,0x2E,0x6A,0xFF,0xAE,0x61,0xFF,0x4F,0x61,0xFF,0x51,0x69,0xFF,0x73,0x71,0xFF,0x52,0x69,0xFF,0x31,0x61,0xFF,0x91,0x69,0xFF,0xB0,0x69,0xFF,
    0xEF,0x61,0xFF,0x32,0x83,0xFF,0x3F,0xFF,0xFF,0xDF,0xFF,0xFF,0x3E,0xEF,0xFF,0xFF,0xFF,0xFF,0xFF,0xFF,0xFF,0x9F,0xF7,0xFF,0xDF,0xFF,0xFF,0xBF,0xFF,0xFF,0x9F,0xFF,0xFF,0x9F,0xFF,0xFF,
    0x9F,0xFF,0xFF,0x9F,0xFF,0xFF,0x9F,0xFF,0xFF,0x9F,0xFF,0xFF,0xBF,0xFF,0xFF,0x7F,0xFF,0xFF,0xDF,0xFF,0xFF,0x3F,0xF7,0xFF,0xDF,0xFF,0xFF,0xBF,0xFF,0xFF,0xDF,0xFF,0xFF,0xDF,0xFF,0xFF,
    0x9F,0xFF,0xFF,0xAD,0x59,0xFF,0x70,0x59,0xFF,0xD4,0x71,0xFF,0x32,0x61,0xFF,0x32,0x69,0xFF,0xD2,0x79,0xFF,0x90,0x69,0xFF,0x4E,0x59,0xFF,0xEF,0x61,0xFF,0x6B,0x49,0xFF,0x3F,0xFF,0xFF,
    0xDF,0xFF,0xFF,0xDF,0xFF,0xFF,0xFF,0xFF,0xFF,0x9E,0xFF,0xFF,0x9F,0xFF,0xFF,0xDF,0xFF,0xFF,0x7F,0xFF,0xFF,0xBF,0xFF,0xFF,0x9F,0xFF,0xFF,0x9F,0xFF,0xFF,0xDF,0xFF,0xFF,0xBF,0xFF,0xFF,
    0x7F,0xFF,0xFF,0x5F,0xFF,0xFF,0xDF,0xFF,0xFF,0xFF,0xFF,0xFF,0xDE,0xFF,0xFF,0xBD,0xF7,0xFF,0xFF,0xFF,0xFF,0xDF,0xFF,0xFF,0x9F,0xFF,0xFF,0x7F,0xEE,0xFF,0x8E,0x59,0xFF,0x70,0x59,0xFF,
    0x91,0x69,0xFF,0x92,0x69,0xFF,0xB3,0x71,0xFF,0x72,0x69,0xFF,0x71,0x69,0xFF,0xD2,0x71,0xFF,0xB0,0x61,0xFF,0x51,0x72,0xFF,0x5F,0xFF,0xFF,0x1F,0xFF,0xFF,0xBF,0xFF,0xFF,0x7F,0xFF,0xFF,
    0x9F,0xFF,0xFF,0x7F,0xFF,0xFF,0x7F,0xFF,0xFF,0x7F,0xFF,0xFF,0x9F,0xFF,0xFF,0xBF,0xFF,0xFF,0xBF,0xFF,0xFF,0x5F,0xFF,0xFF,0x4D,0x59,0xFF,0x70,0x69,0xFF,0x31,0x69,0xFF,0x31,0x69,0xFF,
    0x33,0x69,0xFF,0x53,0x69,0xFF,0x94,0x71,0xFF,0x71,0x69,0xFF,0xAF,0x61,0xFF,0xCD,0x59,0xFF,0x3F,0xFF,0xFF,0x9F,0xFF,0xFF,0xFF,0xFF,0xFF,0xFF,0xFF,0xFF,0xFF,0xF7,0xFF,0xFF,0xFF,0xFF,
    0xFF,0xFF,0xFF,0xFF,0xFF,0xFF,0xFF,0xFF,0xFF,0xFF,0xFF,0xFF,0xFF,0xFF,0xFF,0xFB,0xDE,0xFF,0x00,0x00,0xFF,0x20,0x00,0xFF,0x00,0x00,0xFF,0xC3,0x18,0xFF,0x7D,0xEF,0xFF,0xBE,0xF7,0xFF,
    0xBE,0xF7,0xFF,0xFF,0xFF,0xFF,0xDB,0xDE,0xFF,0xD7,0xBD,0xFF,0x75,0xAD,0xFF,0x7D,0xEF,0xFF,0xFF,0xFF,0xFF,0xDF,0xFF,0xFF,0xFF,0xFF,0xFF,0xBE,0xF7,0xFF,0xFF,0xFF,0xFF,0xBE,0xF7,0xFF,
    0x7D,0xEF,0xFF,0xBE,0xF7,0xFF,0xFF,0xFF,0xFF,0xDF,0xFF,0xFF,0x3C,0xE7,0xFF,0xFF,0xFF,0xFF,0x5D,0xEF,0xFF,0x7D,0xEF,0xFF,0xDE,0xFF,0xFF,0xFF,0xFF,0xFF,0xBF,0xFF,0xFF,0x9F,0xF7,0xFF,
    0xEF,0x7B,0xFF,0x00,0x00,0xFF,0x40,0x00,0xFF,0xC0,0x52,0xFF,0x6B,0xBE,0xFF,0xEB,0xCE,0xFF,0x8D,0xE7,0xFF,0xED,0xEF,0xFF,0xEC,0xF7,0xFF,0xEB,0xEF,0xFF,0xC9,0xEF,0xFF,0xC9,0xEF,0xFF,
    0xA8,0xE7,0xFF,0xA9,0xE7,0xFF,0xC8,0xEF,0xFF,0xC8,0xEF,0xFF,0xE8,0xEF,0xFF,0xE9,0xEF,0xFF,0xCA,0xEF,0xFF,0xAC,0xEF,0xFF,0x2C,0xDF,0xFF,0x03,0x7C,0xFF,0xE0,0x18,0xFF,0x20,0x00,0xFF,
    0x20,0x00,0xFF,0x60,0x08,0xFF,0x40,0x08,0xFF,0x40,0x08,0xFF,0x40,0x00,0xFF,0x20,0x00,0xFF,0x20,0x00,0xFF,0x40,0x00,0xFF,0x21,0x00,0xFF,0x01,0x00,0xFF,0x02,0x00,0xFF,0x02,0x00,0xFF,
    0x01,0x00,0xFF,0x00,0x00,0xFF,0x20,0x00,0xFF,0x20,0x00,0xFF,0x60,0x00,0xFF,0xAD,0x73,0xFF,0xDF,0xF7,0xFF,0xBF,0xF7,0xFF,0xBE,0xF7,0xFF,0xDF,0xFF,0xFF,0x7D,0xEF,0xFF,0xBE,0xF7,0xFF,
    0x9E,0xF7,0xFF,0xBE,0xF7,0xFF,0xDF,0xFF,0xFF,0x9E,0xF7,0xFF,0xBE,0xF7,0xFF,0xBE,0xF7,0xFF,0xBE,0xF7,0xFF,0xBE,0xF7,0xFF,0xBE,0xF7,0xFF,0xBE,0xF7,0xFF,0xBE,0xF7,0xFF,0xBE,0xF7,0xFF,
    0xBE,0xF7,0xFF,0xBE,0xF7,0xFF,0xBE,0xF7,0xFF,0xBE,0xF7,0xFF,0xBE,0xF7,0xFF,0xBE,0xF7,0xFF,0xBE,0xF7,0xFF,0xBE,0xF7,0xFF,0xBE,0xF7,0xFF,0xBE,0xF7,0xFF,0xBE,0xF7,0xFF,0xBE,0xF7,0xFF,
    0xBE,0xF7,0xFF,0xBE,0xF7,0xFF,0xBE,0xF7,0xFF,0xBE,0xF7,0xFF,0x5D,0xEF,0xFF,0xFF,0xFF,0xFF,0x3C,0xE7,0xFF,0x9E,0xF7,0xFF,0xBE,0xF7,0xFF,0xBE,0xF7,0xFF,0x7D,0xEF,0xFF,0xDF,0xFF,0xFF,
    0x3C,0xE7,0xFF,0xFF,0xFF,0xFF,0xDF,0xFF,0xFF,0x7D,0xEF,0xFF,0x1C,0xE7,0xFF,0x10,0x84,0xFF,0xE3,0x18,0xFF,0x41,0x08,0xFF,0x00,0x00,0xFF,0x00,0x00,0xFF,0x00,0x00,0xFF,0x00,0x00,0xFF,
    0x20,0x00,0xFF,0x00,0x00,0xFF,0x6D,0x6B,0xFF,0xFF,0xFF,0xFF,0xDF,0xFF,0xFF,0xDF,0xFF,0xFF,0xBE,0xF7,0xFF,0xFF,0xFF,0xFF,0xFF,0xFF,0xFF,0xFF,0xFF,0xFF,0xFF,0xFF,0xFF,0xFF,0xFF,0xFF,
    0xFF,0xFF,0xFF,0xFF,0xFF,0xFF,0xFF,0xFF,0xFF,0xFF,0xFF,0xFF,0xFF,0xFF,0xFF,0xFF,0xFF,0xFF,0xFF,0xFF,0xFF,0xFF,0xFF,0xFF,0xFF,0xFF,0xFF,0xFF,0xFF,0xFF,0xFF,0xFF,0xFF,0xFF,0xFF,0xFF,
    0xFF,0xFF,0xFF,0xFF,0xFF,0xFF,0xFF,0xFF,0xFF,0xFF,0xFF,0xFF,0xFF,0xFF,0xFF,0xFF,0xFF,0xFF,0xFF,0xF7,0xFF,0xFF,0xFF,0xFF,0xFF,0xFF,0xFF,0x9F,0xFF,0xFF,0x74,0x83,0xFF,0x6F,0x51,0xFF,
    0x92,0x61,0xFF,0x72,0x61,0xFF,0x92,0x69,0xFF,0x51,0x61,0xFF,0xB2,0x71,0xFF,0x72,0x69,0xFF,0xD3,0x69,0xFF,0x0F,0x51,0xFF,0xD0,0x61,0xFF,0x9F,0xFE,0xFF,0x5F,0xFF,0xFF,0x7F,0xFF,0xFF,
    0x9F,0xFF,0xFF,0x9F,0xFF,0xFF,0x9F,0xFF,0xFF,0x9F,0xFF,0xFF,0x9F,0xFF,0xFF,0x9F,0xFF,0xFF,0x7F,0xFF,0xFF,0x5F,0xFF,0xFF,0x7F,0xFF,0xFF,0xBF,0xFF,0xFF,0xDF,0xFF,0xFF,0xBF,0xFF,0xFF,
    0xDF,0xFF,0xFF,0xBF,0xF7,0xFF,0xDF,0xFF,0xFF,0x7D,0xF7,0xFF,0xFF,0xFF,0xFF,0xDF,0xFF,0xFF,0xFF,0xFF,0xFF,0xBF,0xF7,0xFF,0xFF,0xFF,0xFF,0x9E,0xEF,0xFF,0xBE,0xF7,0xFF,0xFF,0xFF,0xFF,
    0xBF,0xF7,0xFF,0xBF,0xFF,0xFF,0xDF,0xFF,0xFF,0x9F,0xFF,0xFF,0x7F,0xFF,0xFF,0x6C,0x59,0xFF,0xB0,0x69,0xFF,0x51,0x69,0xFF,0x52,0x69,0xFF,0x32,0x69,0xFF,0xF1,0x60,0xFF,0x52,0x69,0xFF,
    0xB2,0x71,0xFF,0x8F,0x61,0xFF,0xAD,0x59,0xFF,0x7F,0xFF,0xFF,0x9F,0xFF,0xFF,0xDF,0xFF,0xFF,0xDF,0xFF,0xFF,0xDF,0xFF,0xFF,0xBF,0xFF,0xFF,0xDF,0xFF,0xFF,0xFF,0xFF,0xFF,0xFE,0xFF,0xFF,
    0xFE,0xFF,0xFF,0xFD,0xFF,0xFF,0xDC,0xFF,0xFF,0xFD,0xFF,0xFF,0xBE,0xFF,0xFF,0xFF,0xFF,0xFF,0xFF,0xFF,0xFF,0xDF,0xFF,0xFF,0xFF,0xFF,0xFF,0xDF,0xFF,0xFF,0xDF,0xFF,0xFF,0x9F,0xFF,0xFF,
    0x4C,0x49,0xFF,0xF0,0x69,0xFF,0x70,0x61,0xFF,0x51,0x61,0xFF,0x52,0x69,0xFF,0x32,0x69,0xFF,0x32,0x69,0xFF,0xB3,0x79,0xFF,0x50,0x61,0xFF,0x8E,0x59,0xFF,0x3F,0xFF,0xFF,0xBF,0xFF,0xFF,
    0x9F,0xFF,0xFF,0xDF,0xFF,0xFF,0xFF,0xFF,0xFF,0xDF,0xFF,0xFF,0xDF,0xFF,0xFF,0xFF,0xFF,0xFF,0xFF,0xFF,0xFF,0xBF,0xF7,0xFF,0xFF,0xFF,0xFF,0x9F,0xFF,0xFF,0xFC,0xDD,0xFF,0xCF,0x69,0xFF,
    0xF2,0x71,0xFF,0x51,0x61,0xFF,0x71,0x69,0xFF,0x71,0x69,0xFF,0x52,0x69,0xFF,0x53,0x69,0xFF,0x33,0x69,0xFF,0x73,0x69,0xFF,0x51,0x69,0xFF,0x50,0x61,0xFF,0x91,0x69,0xFF,0x31,0x61,0xFF,
    0x73,0x69,0xFF,0x72,0x69,0xFF,0x72,0x61,0xFF,0xB1,0x69,0xFF,0xAE,0x59,0xFF,0x7F,0xFF,0xFF,0x9F,0xFF,0xFF,0xBF,0xFF,0xFF,0xED,0x59,0xFF,0x8E,0x59,0xFF,0xD1,0x69,0xFF,0x72,0x69,0xFF,
    0x32,0x69,0xFF,0x12,0x69,0xFF,0x32,0x69,0xFF,0xF3,0x79,0xFF,0x6F,0x61,0xFF,0x8D,0x59,0xFF,0x3F,0xFF,0xFF,0x9F,0xFF,0xFF,0x7E,0xEE,0xFF,0xAD,0x59,0xFF,0xAF,0x61,0xFF,0x70,0x61,0xFF,
    0x52,0x69,0xFF,0x52,0x69,0xFF,0x11,0x61,0xFF,0x31,0x61,0xFF,0x91,0x69,0xFF,0xAF,0x61,0xFF,0x0E,0x5A,0xFF,0x7F,0xFF,0xFF,0xDF,0xFF,0xFF,0xBF,0xFF,0xFF,0xDF,0xFF,0xFF,0xFF,0xFF,0xFF,
    0xFF,0xFF,0xFF,0xFF,0xFF,0xFF,0xDF,0xFF,0xFF,0xBF,0xFF,0xFF,0x7F,0xFF,0xFF,0x7F,0xFF,0xFF,0x7F,0xFF,0xFF,0x9F,0xFF,0xFF,0x7F,0xFF,0xFF,0x7F,0xFF,0xFF,0x9F,0xFF,0xFF,0x7F,0xFF,0xFF,
    0x5F,0xFF,0xFF,0xBF,0xFF,0xFF,0x9F,0xFF,0xFF,0xDF,0xFF,0xFF,0x9F,0xFF,0xFF,0xBF,0xFF,0xFF,0xDB,0xD5,0xFF,0xEF,0x61,0xFF,0x91,0x61,0xFF,0x32,0x59,0xFF,0x73,0x69,0xFF,0x53,0x69,0xFF,
    0x31,0x69,0xFF,0x70,0x69,0xFF,0x10,0x6A,0xFF,0x0A,0x41,0xFF,0xF0,0x7A,0xFF,0xBF,0xFF,0xFF,0xDF,0xFF,0xFF,0x7F,0xFF,0xFF,0x9F,0xFF,0xFF,0xBF,0xFF,0xFF,0xBF,0xFF,0xFF,0xFE,0xF6,0xFF,
    0xBF,0xFF,0xFF,0x9F,0xFF,0xFF,0xBF,0xFF,0xFF,0x9F,0xFF,0xFF,0x9F,0xF7,0xFF,0xDF,0xFF,0xFF,0xBF,0xFF,0xFF,0xDF,0xFF,0xFF,0xDF,0xFF,0xFF,0xBE,0xFF,0xFF,0xDE,0xFF,0xFF,0xFF,0xFF,0xFF,
    0xFF,0xFF,0xFF,0x3E,0xF7,0xFF,0x9F,0xFF,0xFF,0x12,0x83,0xFF,0xF0,0x69,0xFF,0xD1,0x69,0xFF,0x71,0x61,0xFF,0xF0,0x58,0xFF,0x52,0x69,0xFF,0x72,0x69,0xFF,0x50,0x61,0xFF,0x4F,0x59,0xFF,
    0xB0,0x61,0xFF,0xF7,0xA3,0xFF,0x7F,0xFF,0xFF,0x7F,0xFF,0xFF,0x9F,0xFF,0xFF,0x5F,0xFF,0xFF,0x3F,0xFF,0xFF,0x9F,0xFF,0xFF,0x9F,0xFF,0xFF,0x3F,0xFF,0xFF,0x3F,0xFF,0xFF,0x7F,0xFF,0xFF,
    0x5F,0xEE,0xFF,0x79,0xB4,0xFF,0x90,0x69,0xFF,0x92,0x71,0xFF,0x93,0x71,0xFF,0x53,0x71,0xFF,0xF2,0x60,0xFF,0x12,0x61,0xFF,0x52,0x69,0xFF,0x70,0x61,0xFF,0xD0,0x69,0xFF,0x4B,0x49,0xFF,
    0xBF,0xFF,0xFF,0x7F,0xFF,0xFF,0xFF,0xFF,0xFF,0xFF,0xFF,0xFF,0xFF,0xFF,0xFF,0xFF,0xFF,0xFF,0xFF,0xFF,0xFF,0xFF,0xFF,0xFF,0xFF,0xFF,0xFF,0xDF,0xFF,0xFF,0xFF,0xFF,0xFF,0xFF,0xFF,0xFF,
    0x75,0xAD,0xFF,0x20,0x00,0xFF,0x00,0x00,0xFF,0x00,0x00,0xFF,0xC3,0x18,0xFF,0xDF,0xFF,0xFF,0x7D,0xEF,0xFF,0xDF,0xFF,0xFF,0xFF,0xFF,0xFF,0xBE,0xF7,0xFF,0xFF,0xFF,0xFF,0x65,0x29,0xFF,
    0xD3,0x9C,0xFF,0xBE,0xF7,0xFF,0x5D,0xEF,0xFF,0x9E,0xF7,0xFF,0x7D,0xEF,0xFF,0xFF,0xFF,0xFF,0xFF,0xFF,0xFF,0x5D,0xEF,0xFF,0xBE,0xF7,0xFF,0xBE,0xF7,0xFF,0xFF,0xFF,0xFF,0xFF,0xFF,0xFF,
    0x9E,0xF7,0xFF,0xFF,0xFF,0xFF,0xBD,0xF7,0xFF,0x5C,0xEF,0xFF,0x7E,0xF7,0xFF,0x5E,0xEF,0xFF,0x20,0x08,0xFF,0x60,0x08,0xFF,0xE5,0x7B,0xFF,0x6E,0xE7,0xFF,0xEB,0xF7,0xFF,0xE8,0xF7,0xFF,
    0xE7,0xEF,0xFF,0xC5,0xEF,0xFF,0xA4,0xE7,0xFF,0xA3,0xE7,0xFF,0xE2,0xEF,0xFF,0xE3,0xF7,0xFF,0xE4,0xF7,0xFF,0xE4,0xEF,0xFF,0xE3,0xEF,0xFF,0xE2,0xEF,0xFF,0xC1,0xEF,0xFF,0xC2,0xEF,0xFF,
    0xC3,0xEF,0xFF,0xC5,0xEF,0xFF,0xA8,0xEF,0xFF,0x8B,0xEF,0xFF,0x8E,0xEF,0xFF,0x30,0xE7,0xFF,0x6B,0xAD,0xFF,0xC2,0x5A,0xFF,0xE0,0x20,0xFF,0x60,0x08,0xFF,0x80,0x08,0xFF,0x60,0x00,0xFF,
    0x20,0x00,0xFF,0x20,0x00,0xFF,0x00,0x00,0xFF,0x00,0x00,0xFF,0x22,0x08,0xFF,0x01,0x00,0xFF,0x00,0x00,0xFF,0x61,0x08,0xFF,0x00,0x00,0xFF,0x80,0x08,0xFF,0x60,0x00,0xFF,0x00,0x00,0xFF,
    0xBE,0xF7,0xFF,0x9E,0xEF,0xFF,0xFF,0xFF,0xFF,0x9E,0xF7,0xFF,0xBE,0xF7,0xFF,0xBE,0xF7,0xFF,0x9E,0xF7,0xFF,0xBE,0xF7,0xFF,0xBE,0xF7,0xFF,0xDF,0xFF,0xFF,0xBE,0xF7,0xFF,0xBE,0xF7,0xFF,
    0xBE,0xF7,0xFF,0xBE,0xF7,0xFF,0xBE,0xF7,0xFF,0xBE,0xF7,0xFF,0xBE,0xF7,0xFF,0xBE,0xF7,0xFF,0xBE,0xF7,0xFF,0xBE,0xF7,0xFF,0xBE,0xF7,0xFF,0xBE,0xF7,0xFF,0xBE,0xF7,0xFF,0xBE,0xF7,0xFF,
    0xBE,0xF7,0xFF,0xBE,0xF7,0xFF,0xBE,0xF7,0xFF,0xBE,0xF7,0xFF,0xBE,0xF7,0xFF,0xBE,0xF7,0xFF,0xBE,0xF7,0xFF,0xBE,0xF7,0xFF,0xBE,0xF7,0xFF,0xBE,0xF7,0xFF,0xBE,0xF7,0xFF,0x5D,0xEF,0xFF,
    0xFF,0xFF,0xFF,0xDF,0xFF,0xFF,0xBE,0xF7,0xFF,0xFF,0xFF,0xFF,0x5D,0xEF,0xFF,0xDF,0xFF,0xFF,0xFF,0xFF,0xFF,0x59,0xCE,0xFF,0x28,0x42,0xFF,0x00,0x00,0xFF,0xA2,0x10,0xFF,0x41,0x08,0xFF,
    0x00,0x00,0xFF,0x00,0x00,0xFF,0x00,0x00,0xFF,0x82,0x10,0xFF,0x00,0x00,0xFF,0xC3,0x18,0xFF,0x59,0xCE,0xFF,0xDF,0xFF,0xFF,0xDF,0xFF,0xFF,0xFF,0xFF,0xFF,0xFF,0xFF,0xFF,0xFF,0xFF,0xFF,
    0xDF,0xFF,0xFF,0xFF,0xFF,0xFF,0xBE,0xF7,0xFF,0xFF,0xFF,0xFF,0xDF,0xFF,0xFF,0xDF,0xFF,0xFF,0xFF,0xFF,0xFF,0xFF,0xFF,0xFF,0xFF,0xFF,0xFF,0xFF,0xFF,0xFF,0xFF,0xFF,0xFF,0xFF,0xFF,0xFF,
    0xFF,0xFF,0xFF,0xFF,0xFF,0xFF,0xFF,0xFF,0xFF,0xFF,0xFF,0xFF,0xFF,0xFF,0xFF,0xFF,0xFF,0xFF,0xFF,0xFF,0xFF,0xFF,0xFF,0xFF,0xFF,0xFF,0xFF,0xFF,0xFF,0xFF,0xFF,0xFF,0xFF,0xFF,0xFF,0xFF,
    0xFF,0xF7,0xFF,0xFF,0xFF,0xFF,0xFF,0xFF,0xFF,0x9F,0xFF,0xFF,0xF9,0xB4,0xFF,0x72,0x6A,0xFF,0x91,0x59,0xFF,0x91,0x61,0xFF,0x50,0x61,0xFF,0x70,0x69,0xFF,0x10,0x61,0xFF,0x92,0x69,0xFF,
    0xB2,0x69,0xFF,0x70,0x61,0xFF,0xD0,0x69,0xFF,0xAE,0x61,0xFF,0xCE,0x61,0xFF,0xCE,0x59,0xFF,0xCD,0x59,0xFF,0xCD,0x59,0xFF,0xED,0x59,0xFF,0xEE,0x59,0xFF,0xEE,0x51,0xFF,0xCE,0x51,0xFF,
    0xCE,0x59,0xFF,0xCE,0x51,0xFF,0x30,0x62,0xFF,0xEE,0x51,0xFF,0x5A,0xBD,0xFF,0xDF,0xFF,0xFF,0xDF,0xFF,0xFF,0xFF,0xFF,0xFF,0xFF,0xFF,0xFF,0xFF,0xFF,0xFF,0xFF,0xFF,0xFF,0xBE,0xFF,0xFF,
    0xFF,0xFF,0xFF,0xFF,0xFF,0xFF,0xFF,0xFF,0xFF,0xFF,0xFF,0xFF,0xFE,0xFF,0xFF,0xFF,0xFF,0xFF,0xDF,0xFF,0xFF,0xFF,0xFF,0xFF,0xBF,0xFF,0xFF,0x5F,0xFF,0xFF,0xD7,0xBC,0xFF,0xAD,0x61,0xFF,
    0x90,0x69,0xFF,0x51,0x69,0xFF,0x72,0x71,0xFF,0x52,0x69,0xFF,0x11,0x61,0xFF,0x92,0x71,0xFF,0xD1,0x71,0xFF,0x6E,0x59,0xFF,0xD1,0x7A,0xFF,0xBF,0xFF,0xFF,0x5E,0xF7,0xFF,0xDF,0xFF,0xFF,
    0xFF,0xFF,0xFF,0xFF,0xFF,0xFF,0xDE,0xFF,0xFF,0xFF,0xFF,0xFF,0xDE,0xF7,0xFF,0xBD,0xF7,0xFF,0xDD,0xF7,0xFF,0xFD,0xFF,0xFF,0xDC,0xFF,0xFF,0xFD,0xFF,0xFF,0xFE,0xFF,0xFF,0xFE,0xFF,0xFF,
    0xFF,0xFF,0xFF,0x7C,0xEF,0xFF,0xFF,0xFF,0xFF,0xDF,0xFF,0xFF,0xBF,0xFF,0xFF,0x3D,0xE6,0xFF,0xCE,0x59,0xFF,0x4F,0x59,0xFF,0x92,0x69,0xFF,0x72,0x69,0xFF,0x52,0x69,0xFF,0x32,0x69,0xFF,
    0x31,0x61,0xFF,0xD2,0x71,0xFF,0x4F,0x59,0xFF,0x71,0x72,0xFF,0x9F,0xFF,0xFF,0xDF,0xFF,0xFF,0xFF,0xFF,0xFF,0xDF,0xFF,0xFF,0xFF,0xFF,0xFF,0xDF,0xFF,0xFF,0xFF,0xFF,0xFF,0xFF,0xFF,0xFF,
    0xFF,0xFF,0xFF,0xFF,0xFF,0xFF,0xFF,0xFF,0xFF,0xBF,0xFF,0xFF,0xF1,0x82,0xFF,0xAF,0x61,0xFF,0x70,0x61,0xFF,0x92,0x69,0xFF,0x51,0x69,0xFF,0x72,0x71,0xFF,0x52,0x69,0xFF,0x52,0x69,0xFF,
    0x93,0x69,0xFF,0x31,0x61,0xFF,0xD2,0x71,0xFF,0x90,0x69,0xFF,0x91,0x69,0xFF,0x31,0x61,0xFF,0x73,0x71,0xFF,0x53,0x69,0xFF,0x52,0x69,0xFF,0xD2,0x69,0xFF,0x8E,0x59,0xFF,0xFF,0xFE,0xFF,
    0x3F,0xFF,0xFF,0xBF,0xF6,0xFF,0xAD,0x59,0xFF,0x8F,0x59,0xFF,0x50,0x61,0xFF,0x93,0x71,0xFF,0x12,0x69,0xFF,0x53,0x71,0xFF,0x11,0x61,0xFF,0x0F,0x59,0xFF,0x8F,0x61,0xFF,0x2F,0x6A,0xFF,
    0x5F,0xFF,0xFF,0x3F,0xFF,0xFF,0x52,0x8B,0xFF,0xEE,0x61,0xFF,0xB0,0x61,0xFF,0x91,0x69,0xFF,0x72,0x71,0xFF,0x52,0x69,0xFF,0x52,0x69,0xFF,0x72,0x69,0xFF,0x90,0x69,0xFF,0x6D,0x59,0xFF,
    0x18,0xB5,0xFF,0xDF,0xFF,0xFF,0xFF,0xFF,0xFF,0x9E,0xF7,0xFF,0xFF,0xFF,0xFF,0xFF,0xFF,0xFF,0x7E,0xF7,0xFF,0x7F,0xFF,0xFF,0x4D,0x5A,0xFF,0x0D,0x5A,0xFF,0xED,0x59,0xFF,0xCD,0x51,0xFF,
    0xCD,0x59,0xFF,0xED,0x59,0xFF,0xEC,0x51,0xFF,0xCC,0x51,0xFF,0x8D,0x51,0xFF,0xCE,0x61,0xFF,0x8C,0x49,0xFF,0x0D,0x52,0xFF,0xCB,0x49,0xFF,0xBD,0xE6,0xFF,0x9F,0xFF,0xFF,0xBF,0xFF,0xFF,
    0xB0,0x72,0xFF,0xD0,0x61,0xFF,0x51,0x61,0xFF,0x11,0x59,0xFF,0xB5,0x79,0xFF,0x74,0x71,0xFF,0xD0,0x60,0xFF,0x71,0x69,0xFF,0x8F,0x61,0xFF,0xAE,0x59,0xFF,0x3F,0xEE,0xFF,0x3F,0xFF,0xFF,
    0x7F,0xFF,0xFF,0x4E,0x62,0xFF,0xAB,0x51,0xFF,0x0D,0x5A,0xFF,0x6C,0x49,0xFF,0x0F,0x62,0xFF,0xAE,0x59,0xFF,0xAD,0x51,0xFF,0x0E,0x5A,0xFF,0x2D,0x52,0xFF,0xCB,0x41,0xFF,0x0A,0x4A,0xFF,
    0x4B,0x52,0xFF,0x97,0xBD,0xFF,0xDF,0xFF,0xFF,0xFF,0xFF,0xFF,0xDE,0xFF,0xFF,0xDE,0xF7,0xFF,0xDF,0xFF,0xFF,0xDF,0xFF,0xFF,0x9F,0xFF,0xFF,0x4C,0x49,0xFF,0xAF,0x61,0xFF,0x70,0x61,0xFF,
    0x71,0x69,0xFF,0x11,0x61,0xFF,0x72,0x69,0xFF,0x51,0x61,0xFF,0xD2,0x71,0xFF,0x4F,0x59,0xFF,0xAF,0x61,0xFF,0x3F,0xFF,0xFF,0x3F,0xFF,0xFF,0xDD,0xDD,0xFF,0x4B,0x49,0xFF,0xEE,0x59,0xFF,
    0xEE,0x61,0xFF,0xAE,0x59,0xFF,0x8E,0x59,0xFF,0x6E,0x59,0xFF,0x6E,0x59,0xFF,0xAF,0x61,0xFF,0xD0,0x69,0xFF,0x8F,0x61,0xFF,0x71,0x71,0xFF,0xF1,0x60,0xFF,0x32,0x69,0xFF,0x94,0x79,0xFF,
    0x74,0x71,0xFF,0x52,0x69,0xFF,0x51,0x61,0xFF,0xB1,0x69,0xFF,0x6D,0x59,0xFF,0x31,0x83,0xFF,0xBF,0xFF,0xFF,0x9F,0xFF,0xFF,0xFF,0xFF,0xFF,0xFF,0xFF,0xFF,0xFF,0xFF,0xFF,0xFF,0xFF,0xFF,
    0xFF,0xFF,0xFF,0xBE,0xF7,0xFF,0xDF,0xFF,0xFF,0xFF,0xFF,0xFF,0xBE,0xF7,0xFF,0xFF,0xFF,0xFF,0xFF,0xFF,0xFF,0x92,0x94,0xFF,0x41,0x08,0xFF,0x41,0x08,0xFF,0x00,0x00,0xFF,0x20,0x00,0xFF,
    0xBA,0xD6,0xFF,0x3C,0xE7,0xFF,0xDF,0xFF,0xFF,0xBE,0xF7,0xFF,0x5D,0xEF,0xFF,0xFF,0xFF,0xFF,0x75,0xAD,0xFF,0x20,0x00,0xFF,0xF3,0x9C,0xFF,0xFF,0xFF,0xFF,0x9E,0xF7,0xFF,0x9E,0xF7,0xFF,
    0xDF,0xFF,0xFF,0xBE,0xF7,0xFF,0x9E,0xF7,0xFF,0xBE,0xF7,0xFF,0xBE,0xF7,0xFF,0x7D,0xEF,0xFF,0x9E,0xF7,0xFF,0xBE,0xF7,0xFF,0x9D,0xEF,0xFF,0xFF,0xFF,0xFF,0xDF,0xFF,0xFF,0xA3,0x18,0xFF,
    0x00,0x00,0xFF,0x80,0x31,0xFF,0x70,0xEF,0xFF,0xAB,0xF7,0xFF,0x85,0xEF,0xFF,0xA3,0xEF,0xFF,0xA3,0xEF,0xFF,0xC2,0xF7,0xFF,0xC2,0xF7,0xFF,0xE2,0xF7,0xFF,0xE1,0xF7,0xFF,0xE1,0xF7,0xFF,
    0xC1,0xE7,0xFF,0xC1,0xEF,0xFF,0xE1,0xEF,0xFF,0xE1,0xF7,0xFF,0xE1,0xF7,0xFF,0xE1,0xF7,0xFF,0xE1,0xF7,0xFF,0xE2,0xF7,0xFF,0xC4,0xF7,0xFF,0x84,0xEF,0xFF,0x86,0xEF,0xFF,0x88,0xEF,0xFF,
    0x89,0xEF,0xFF,0x89,0xEF,0xFF,0x8A,0xEF,0xFF,0xCC,0xF7,0xFF,0xAA,0xCE,0xFF,0xC1,0x73,0xFF,0x00,0x19,0xFF,0x80,0x10,0xFF,0x60,0x10,0xFF,0x00,0x00,0xFF,0x20,0x00,0xFF,0x00,0x00,0xFF,
    0x00,0x00,0xFF,0x00,0x00,0xFF,0x00,0x00,0xFF,0x40,0x00,0xFF,0x00,0x00,0xFF,0x00,0x00,0xFF,0x3C,0xE7,0xFF,0x9D,0xEF,0xFF,0x7D,0xEF,0xFF,0x9E,0xF7,0xFF,0xDF,0xFF,0xFF,0x9E,0xF7,0xFF,
    0xBE,0xF7,0xFF,0xBE,0xF7,0xFF,0x7D,0xEF,0xFF,0xFF,0xFF,0xFF,0xBE,0xF7,0xFF,0xBE,0xF7,0xFF,0xBE,0xF7,0xFF,0xBE,0xF7,0xFF,0xBE,0xF7,0xFF,0xBE,0xF7,0xFF,0xBE,0xF7,0xFF,0xBE,0xF7,0xFF,
    0xBE,0xF7,0xFF,0xBE,0xF7,0xFF,0xBE,0xF7,0xFF,0xBE,0xF7,0xFF,0xBE,0xF7,0xFF,0xBE,0xF7,0xFF,0xBE,0xF7,0xFF,0xBE,0xF7,0xFF,0xBE,0xF7,0xFF,0xBE,0xF7,0xFF,0xBE,0xF7,0xFF,0xBE,0xF7,0xFF,
    0xBE,0xF7,0xFF,0xBE,0xF7,0xFF,0xBE,0xF7,0xFF,0xBE,0xF7,0xFF,0xDF,0xFF,0xFF,0xDF,0xFF,0xFF,0xBE,0xF7,0xFF,0x5D,0xEF,0xFF,0x9E,0xF7,0xFF,0x7D,0xEF,0xFF,0x3C,0xE7,0xFF,0x49,0x4A,0xFF,
    0x00,0x00,0xFF,0x00,0x00,0xFF,0x20,0x00,0xFF,0x00,0x00,0xFF,0x00,0x00,0xFF,0x00,0x00,0xFF,0x61,0x08,0xFF,0x20,0x00,0xFF,0x00,0x00,0xFF,0x00,0x00,0xFF,0x00,0x00,0xFF,0x00,0x00,0xFF,
    0x00,0x00,0xFF,0x00,0x00,0xFF,0x92,0x94,0xFF,0xDF,0xFF,0xFF,0xBE,0xF7,0xFF,0xFF,0xFF,0xFF,0xFF,0xFF,0xFF,0xFF,0xFF,0xFF,0x9E,0xF7,0xFF,0xFF,0xFF,0xFF,0xFF,0xFF,0xFF,0xBE,0xF7,0xFF,
    0xFF,0xFF,0xFF,0xFF,0xFF,0xFF,0xFF,0xFF,0xFF,0xFF,0xFF,0xFF,0xFF,0xFF,0xFF,0xFF,0xFF,0xFF,0xFF,0xFF,0xFF,0xFF,0xFF,0xFF,0xFF,0xFF,0xFF,0xFF,0xFF,0xFF,0xFF,0xFF,0xFF,0xFF,0xFF,0xFF,
    0xFF,0xFF,0xFF,0xFF,0xFF,0xFF,0xFF,0xFF,0xFF,0xFF,0xFF,0xFF,0xFF,0xFF,0xFF,0xFF,0xFF,0xFF,0xFF,0xFF,0xFF,0xFF,0xFF,0xFF,0xDF,0xFF,0xFF,0xBF,0xFF,0xFF,0x5F,0xFF,0xFF,0x4C,0x49,0xFF,
    0xD0,0x69,0xFF,0xB1,0x69,0xFF,0x50,0x61,0xFF,0x0F,0x61,0xFF,0xF3,0x79,0xFF,0x71,0x69,0xFF,0x11,0x61,0xFF,0x71,0x69,0xFF,0xEE,0x50,0xFF,0x90,0x69,0xFF,0x70,0x61,0xFF,0x70,0x61,0xFF,
    0x70,0x61,0xFF,0x90,0x61,0xFF,0xB0,0x61,0xFF,0xB0,0x61,0xFF,0x8F,0x59,0xFF,0x6F,0x59,0xFF,0xD1,0x61,0xFF,0xD0,0x61,0xFF,0x8F,0x59,0xFF,0xCF,0x59,0xFF,0xAE,0x51,0xFF,0xD1,0x6A,0xFF,
    0x7F,0xFF,0xFF,0x9F,0xF7,0xFF,0xDF,0xFF,0xFF,0xFF,0xFF,0xFF,0xDF,0xFF,0xFF,0xFF,0xFF,0xFF,0xFF,0xFF,0xFF,0xFF,0xFF,0xFF,0xBE,0xF7,0xFF,0xFF,0xFF,0xFF,0xFF,0xFF,0xFF,0xDE,0xF7,0xFF,
    0xBE,0xF7,0xFF,0xFF,0xFF,0xFF,0x5F,0xFF,0xFF,0xBF,0xFF,0xFF,0x2D,0x6A,0xFF,0x8D,0x59,0xFF,0x4F,0x61,0xFF,0x51,0x69,0xFF,0x72,0x71,0xFF,0x52,0x69,0xFF,0x51,0x69,0xFF,0x91,0x69,0xFF,
    0xAF,0x69,0xFF,0x6D,0x51,0xFF,0x3E,0xE6,0xFF,0x9F,0xFF,0xFF,0xDF,0xFF,0xFF,0xDF,0xFF,0xFF,0xFF,0xFF,0xFF,0xDE,0xFF,0xFF,0xDE,0xFF,0xFF,0xFF,0xFF,0xFF,0xFF,0xFF,0xFF,0xFF,0xFF,0xFF,
    0xFE,0xFF,0xFF,0xFE,0xFF,0xFF,0xFD,0xFF,0xFF,0xFD,0xFF,0xFF,0xFE,0xFF,0xFF,0xDD,0xF7,0xFF,0xFE,0xFF,0xFF,0xFE,0xFF,0xFF,0xFF,0xFF,0xFF,0x9F,0xFF,0xFF,0x7F,0xFF,0xFF,0x90,0x72,0xFF,
    0xF0,0x61,0xFF,0xB0,0x69,0xFF,0x92,0x71,0xFF,0x52,0x69,0xFF,0x52,0x69,0xFF,0x72,0x69,0xFF,0x51,0x61,0xFF,0x90,0x61,0xFF,0xAF,0x61,0xFF,0xFA,0xBC,0xFF,0x7F,0xFF,0xFF,0xBF,0xFF,0xFF,
    0xFF,0xFF,0xFF,0xFF,0xFF,0xFF,0xFF,0xFF,0xFF,0xFF,0xF7,0xFF,0xFF,0xFF,0xFF,0xFF,0xFF,0xFF,0xDF,0xF7,0xFF,0xFF,0xFF,0xFF,0x9F,0xFF,0xFF,0x7F,0xFF,0xFF,0xAD,0x59,0xFF,0x6F,0x61,0xFF,
    0x30,0x61,0xFF,0x52,0x61,0xFF,0x52,0x69,0xFF,0x52,0x69,0xFF,0x31,0x61,0xFF,0x72,0x69,0xFF,0x72,0x69,0xFF,0x30,0x59,0xFF,0x6F,0x61,0xFF,0x6F,0x61,0xFF,0x91,0x71,0xFF,0x31,0x69,0xFF,
    0x73,0x71,0xFF,0x53,0x69,0xFF,0x52,0x61,0xFF,0x91,0x69,0xFF,0x8E,0x59,0xFF,0x3B,0xCD,0xFF,0x7F,0xFF,0xFF,0x32,0x8B,0xFF,0xAE,0x59,0xFF,0xB0,0x61,0xFF,0x71,0x69,0xFF,0x73,0x71,0xFF,
    0x12,0x69,0xFF,0x94,0x79,0xFF,0xB2,0x71,0xFF,0x4F,0x61,0xFF,0xCF,0x69,0xFF,0x7C,0xD5,0xFF,0x9F,0xFF,0xFF,0x5F,0xFF,0xFF,0xED,0x59,0xFF,0x8E,0x59,0xFF,0x4F,0x59,0xFF,0x92,0x69,0xFF,
    0x52,0x69,0xFF,0x32,0x69,0xFF,0x72,0x71,0xFF,0x92,0x71,0xFF,0x70,0x61,0xFF,0x8D,0x59,0xFF,0xBF,0xFF,0xFF,0xBF,0xFF,0xFF,0xFF,0xFF,0xFF,0xFF,0xFF,0xFF,0xFF,0xFF,0xFF,0x3E,0xEF,0xFF,
    0xDF,0xFF,0xFF,0x30,0x7B,0xFF,0x0E,0x5A,0xFF,0xCE,0x59,0xFF,0xAF,0x59,0xFF,0xAF,0x61,0xFF,0xAF,0x61,0xFF,0xAF,0x61,0xFF,0xCF,0x59,0xFF,0xCF,0x59,0xFF,0x8F,0x61,0xFF,0xAF,0x61,0xFF,
    0x10,0x6A,0xFF,0xEE,0x59,0xFF,0xEC,0x51,0xFF,0xBF,0xFF,0xFF,0xBF,0xFF,0xFF,0x3F,0xFF,0xFF,0xAD,0x51,0xFF,0xD0,0x61,0xFF,0x51,0x61,0xFF,0x94,0x71,0xFF,0x74,0x71,0xFF,0x53,0x71,0xFF,
    0x12,0x69,0xFF,0x92,0x79,0xFF,0x90,0x69,0xFF,0x6E,0x59,0xFF,0x3F,0xFF,0xFF,0xDF,0xFE,0xFF,0x10,0x6A,0xFF,0x6D,0x51,0xFF,0x51,0x72,0xFF,0x6F,0x59,0xFF,0x90,0x61,0xFF,0xB1,0x61,0xFF,
    0x90,0x61,0xFF,0x11,0x6A,0xFF,0x0C,0x41,0xFF,0x0F,0x5A,0xFF,0xCC,0x49,0xFF,0x8E,0x5A,0xFF,0x7B,0xD6,0xFF,0xDF,0xFF,0xFF,0xFF,0xFF,0xFF,0xFE,0xFF,0xFF,0xFF,0xFF,0xFF,0xFF,0xFF,0xFF,
    0xBF,0xFF,0xFF,0xDF,0xFF,0xFF,0xBC,0xD5,0xFF,0xEF,0x61,0xFF,0x6F,0x59,0xFF,0x71,0x61,0xFF,0x92,0x69,0xFF,0x92,0x71,0xFF,0x72,0x71,0xFF,0x51,0x69,0xFF,0x50,0x61,0xFF,0x91,0x69,0xFF,
    0x11,0x72,0xFF,0xFF,0xFE,0xFF,0xBE,0xDD,0xFF,0x6D,0x51,0xFF,0x10,0x6A,0xFF,0x4D,0x51,0xFF,0x6E,0x61,0xFF,0x4E,0x59,0xFF,0x90,0x69,0xFF,0xD1,0x71,0xFF,0x90,0x69,0xFF,0x4F,0x61,0xFF,
    0x6F,0x61,0xFF,0x70,0x61,0xFF,0x10,0x69,0xFF,0x11,0x69,0xFF,0x32,0x69,0xFF,0x12,0x61,0xFF,0x52,0x69,0xFF,0xB3,0x71,0xFF,0x70,0x61,0xFF,0x6E,0x51,0xFF,0x0E,0x62,0xFF,0xBE,0xEE,0xFF,
    0x9F,0xFF,0xFF,0xDF,0xFF,0xFF,0xDF,0xFF,0xFF,0xFF,0xFF,0xFF,0xFF,0xFF,0xFF,0xFF,0xFF,0xFF,0xFF,0xFF,0xFF,0xFF,0xFF,0xFF,0xFF,0xFF,0xFF,0xDF,0xFF,0xFF,0xFF,0xFF,0xFF,0xFF,0xFF,0xFF,
    0xDF,0xFF,0xFF,0xFF,0xFF,0xFF,0x92,0x94,0xFF,0x00,0x00,0xFF,0x20,0x00,0xFF,0x00,0x00,0xFF,0x41,0x08,0xFF,0x8E,0x73,0xFF,0xDF,0xFF,0xFF,0x9E,0xF7,0xFF,0xFF,0xFF,0xFF,0x1C,0xE7,0xFF,
    0x9E,0xF7,0xFF,0xFF,0xFF,0xFF,0x92,0x94,0xFF,0x41,0x08,0xFF,0x2C,0x63,0xFF,0x5D,0xEF,0xFF,0xBE,0xF7,0xFF,0xBE,0xF7,0xFF,0x9A,0xD6,0xFF,0x9E,0xF7,0xFF,0xBE,0xF7,0xFF,0xBE,0xF7,0xFF,
    0xDF,0xFF,0xFF,0xDF,0xFF,0xFF,0xDE,0xF7,0xFF,0x9D,0xEF,0xFF,0x55,0xAD,0xFF,0x00,0x00,0xFF,0x80,0x10,0xFF,0xD2,0xFF,0xFF,0x4A,0xE7,0xFF,0x85,0xEF,0xFF,0xE3,0xFF,0xFF,0xE1,0xF7,0xFF,
    0xC1,0xF7,0xFF,0xC1,0xF7,0xFF,0xE1,0xF7,0xFF,0xE1,0xF7,0xFF,0xE0,0xF7,0xFF,0xE0,0xF7,0xFF,0xE1,0xF7,0xFF,0xE1,0xEF,0xFF,0xE0,0xF7,0xFF,0xE0,0xEF,0xFF,0xE0,0xEF,0xFF,0xE0,0xEF,0xFF,
    0xC0,0xEF,0xFF,0xC0,0xEF,0xFF,0xE1,0xF7,0xFF,0xE2,0xF7,0xFF,0xE3,0xFF,0xFF,0xE4,0xFF,0xFF,0xE4,0xFF,0xFF,0xE4,0xFF,0xFF,0xC3,0xF7,0xFF,0x84,0xEF,0xFF,0xA8,0xEF,0xFF,0xAB,0xEF,0xFF,
    0x8D,0xE7,0xFF,0xCD,0xD6,0xFF,0x05,0x7C,0xFF,0x00,0x21,0xFF,0x60,0x08,0xFF,0x20,0x00,0xFF,0x60,0x08,0xFF,0x00,0x00,0xFF,0x81,0x10,0xFF,0x41,0x08,0xFF,0x00,0x00,0xFF,0x00,0x00,0xFF,
    0x48,0x42,0xFF,0xFF,0xFF,0xFF,0x7D,0xEF,0xFF,0xDF,0xFF,0xFF,0xDF,0xFF,0xFF,0x5D,0xEF,0xFF,0xFF,0xFF,0xFF,0xBE,0xF7,0xFF,0x7D,0xEF,0xFF,0xDF,0xFF,0xFF,0xBE,0xF7,0xFF,0xBE,0xF7,0xFF,
    0xBE,0xF7,0xFF,0xBE,0xF7,0xFF,0xBE,0xF7,0xFF,0xBE,0xF7,0xFF,0xBE,0xF7,0xFF,0xBE,0xF7,0xFF,0xBE,0xF7,0xFF,0xBE,0xF7,0xFF,0xBE,0xF7,0xFF,0xBE,0xF7,0xFF,0xBE,0xF7,0xFF,0xBE,0xF7,0xFF,
    0xBE,0xF7,0xFF,0xBE,0xF7,0xFF,0xBE,0xF7,0xFF,0xBE,0xF7,0xFF,0xBE,0xF7,0xFF,0xBE,0xF7,0xFF,0xBE,0xF7,0xFF,0xBE,0xF7,0xFF,0xBE,0xF7,0xFF,0xBE,0xF7,0xFF,0xBE,0xF7,0xFF,0x9E,0xF7,0xFF,
    0xBE,0xF7,0xFF,0xFF,0xFF,0xFF,0x79,0xCE,0xFF,0xC3,0x18,0xFF,0x82,0x10,0xFF,0x00,0x00,0xFF,0x61,0x08,0xFF,0x00,0x00,0xFF,0x20,0x00,0xFF,0x20,0x00,0xFF,0x00,0x00,0xFF,0x00,0x00,0xFF,
    0x20,0x00,0xFF,0x00,0x00,0xFF,0x41,0x08,0xFF,0x00,0x00,0xFF,0x20,0x00,0xFF,0x00,0x00,0xFF,0x00,0x00,0xFF,0x00,0x00,0xFF,0x00,0x00,0xFF,0x5D,0xEF,0xFF,0xFF,0xFF,0xFF,0xDF,0xFF,0xFF,
    0xBE,0xF7,0xFF,0xFF,0xFF,0xFF,0xFF,0xFF,0xFF,0xFF,0xFF,0xFF,0xDF,0xFF,0xFF,0xFF,0xFF,0xFF,0xFF,0xFF,0xFF,0xFF,0xFF,0xFF,0xFF,0xFF,0xFF,0xFF,0xFF,0xFF,0xFF,0xFF,0xFF,0xFF,0xFF,0xFF,
    0xFF,0xFF,0xFF,0xFF,0xFF,0xFF,0xFF,0xFF,0xFF,0xFF,0xFF,0xFF,0xFF,0xFF,0xFF,0xFF,0xFF,0xFF,0xFF,0xFF,0xFF,0xFF,0xFF,0xFF,0xFF,0xFF,0xFF,0xFF,0xFF,0xFF,0xFF,0xFF,0xFF,0xFF,0xFF,0xFF,
    0xFE,0xFF,0xFF,0xFF,0xFF,0xFF,0xBE,0xFF,0xFF,0xBF,0xFF,0xFF,0xBF,0xFF,0xFF,0x0E,0x6A,0xFF,0xAE,0x61,0xFF,0x6F,0x61,0xFF,0xB1,0x71,0xFF,0xB2,0x79,0xFF,0x10,0x61,0xFF,0xF1,0x60,0xFF,
    0x73,0x71,0xFF,0x53,0x71,0xFF,0x52,0x69,0xFF,0x93,0x71,0xFF,0x52,0x69,0xFF,0x52,0x69,0xFF,0x72,0x69,0xFF,0x72,0x69,0xFF,0x71,0x69,0xFF,0x71,0x69,0xFF,0x71,0x61,0xFF,0x71,0x61,0xFF,
    0x92,0x69,0xFF,0x30,0x61,0xFF,0xB1,0x69,0xFF,0xB0,0x69,0xFF,0x6E,0x59,0xFF,0xCD,0x59,0xFF,0xB4,0x93,0xFF,0x7F,0xFF,0xFF,0xFF,0xFF,0xFF,0xDE,0xFF,0xFF,0xDE,0xFF,0xFF,0xFF,0xFF,0xFF,
    0xFF,0xFF,0xFF,0xDE,0xFF,0xFF,0xFE,0xFF,0xFF,0xFF,0xFF,0xFF,0xFE,0xFF,0xFF,0xDE,0xF7,0xFF,0xDF,0xFF,0xFF,0xDF,0xFF,0xFF,0x9F,0xFF,0xFF,0x5F,0xFF,0xFF,0x0E,0x62,0xFF,0xCF,0x69,0xFF,
    0x4F,0x61,0xFF,0x51,0x69,0xFF,0x51,0x69,0xFF,0x51,0x69,0xFF,0x71,0x69,0xFF,0x4F,0x61,0xFF,0x8E,0x61,0xFF,0x2F,0x6A,0xFF,0x7F,0xFF,0xFF,0x3E,0xF7,0xFF,0xFF,0xFF,0xFF,0xFF,0xFF,0xFF,
    0xFF,0xFF,0xFF,0xFF,0xFF,0xFF,0xDE,0xFF,0xFF,0xFF,0xFF,0xFF,0xFF,0xFF,0xFF,0xFF,0xFF,0xFF,0xDE,0xFF,0xFF,0xDE,0xFF,0xFF,0xBD,0xF7,0xFF,0xBD,0xF7,0xFF,0xFF,0xFF,0xFF,0xFF,0xFF,0xFF,
    0xFF,0xFF,0xFF,0xFF,0xFF,0xFF,0xFF,0xFF,0xFF,0xDF,0xFF,0xFF,0x7F,0xFF,0xFF,0x8E,0x51,0xFF,0x90,0x61,0xFF,0x51,0x61,0xFF,0x52,0x69,0xFF,0x52,0x69,0xFF,0x31,0x69,0xFF,0x92,0x69,0xFF,
    0x70,0x61,0xFF,0x8F,0x61,0xFF,0x30,0x6A,0xFF,0x1F,0xFF,0xFF,0xBF,0xFF,0xFF,0xDF,0xFF,0xFF,0xDF,0xFF,0xFF,0xFF,0xFF,0xFF,0xFF,0xFF,0xFF,0xFF,0xFF,0xFF,0xDF,0xF7,0xFF,0xFF,0xF7,0xFF,
    0xFF,0xFF,0xFF,0xFF,0xFF,0xFF,0x9F,0xFF,0xFF,0xBA,0xCD,0xFF,0x0F,0x62,0xFF,0xF1,0x71,0xFF,0xB2,0x71,0xFF,0x52,0x69,0xFF,0x52,0x69,0xFF,0x52,0x61,0xFF,0x51,0x61,0xFF,0x71,0x61,0xFF,
    0x70,0x61,0xFF,0xD5,0x8A,0xFF,0x8F,0x61,0xFF,0x4E,0x61,0xFF,0x91,0x71,0xFF,0x51,0x69,0xFF,0x52,0x69,0xFF,0x53,0x69,0xFF,0x52,0x61,0xFF,0x51,0x61,0xFF,0x8F,0x61,0xFF,0x14,0x8B,0xFF,
    0x5F,0xFF,0xFF,0x6D,0x59,0xFF,0x8F,0x61,0xFF,0x91,0x69,0xFF,0x72,0x69,0xFF,0x12,0x61,0xFF,0xF2,0x60,0xFF,0x11,0x69,0xFF,0x71,0x69,0xFF,0x8F,0x61,0xFF,0x6D,0x51,0xFF,0xFF,0xFE,0xFF,
    0x9F,0xFF,0xFF,0x1F,0xFF,0xFF,0x2F,0x62,0xFF,0xAE,0x59,0xFF,0x2F,0x59,0xFF,0x72,0x69,0xFF,0x32,0x69,0xFF,0x12,0x69,0xFF,0x93,0x71,0xFF,0x50,0x69,0xFF,0x6F,0x61,0xFF,0x91,0x7A,0xFF,
    0xFF,0xF6,0xFF,0xBF,0xFF,0xFF,0xDF,0xFF,0xFF,0xBF,0xFF,0xFF,0x9F,0xFF,0xFF,0xBF,0xFF,0xFF,0x56,0xA4,0xFF,0x4C,0x51,0xFF,0x8F,0x61,0xFF,0x70,0x61,0xFF,0x71,0x69,0xFF,0x72,0x69,0xFF,
    0x51,0x69,0xFF,0x71,0x69,0xFF,0x91,0x61,0xFF,0x90,0x61,0xFF,0xB2,0x69,0xFF,0x70,0x61,0xFF,0x6E,0x59,0xFF,0xAE,0x59,0xFF,0x36,0xA4,0xFF,0x7F,0xFF,0xFF,0x7F,0xFF,0xFF,0x19,0xBD,0xFF,
    0xCE,0x59,0xFF,0xB0,0x61,0xFF,0x72,0x61,0xFF,0x73,0x69,0xFF,0xF2,0x60,0xFF,0x12,0x69,0xFF,0x12,0x71,0xFF,0x52,0x71,0xFF,0x50,0x69,0xFF,0xF6,0x92,0xFF,0x9F,0xFE,0xFF,0x12,0x7A,0xFF,
    0x4F,0x59,0xFF,0x91,0x69,0xFF,0x10,0x59,0xFF,0x72,0x69,0xFF,0x93,0x71,0xFF,0x31,0x61,0xFF,0x72,0x69,0xFF,0xEF,0x50,0xFF,0x31,0x6A,0xFF,0x50,0x62,0xFF,0x2A,0x39,0xFF,0x9E,0xE6,0xFF,
    0xDF,0xFF,0xFF,0xFF,0xFF,0xFF,0xFE,0xFF,0xFF,0xDD,0xF7,0xFF,0xFF,0xFF,0xFF,0xFF,0xFF,0xFF,0xBF,0xFF,0xFF,0x9F,0xFF,0xFF,0xD1,0x72,0xFF,0xF0,0x61,0xFF,0x70,0x61,0xFF,0x71,0x69,0xFF,
    0x52,0x69,0xFF,0x52,0x69,0xFF,0x11,0x61,0xFF,0x51,0x69,0xFF,0xB2,0x71,0xFF,0x91,0x69,0xFF,0x1F,0xDD,0xFF,0x9F,0xE5,0xFF,0x8F,0x59,0xFF,0xF0,0x69,0xFF,0x0E,0x51,0xFF,0xF1,0x71,0xFF,
    0xB1,0x69,0xFF,0x71,0x69,0xFF,0x71,0x69,0xFF,0x51,0x69,0xFF,0x30,0x61,0xFF,0x70,0x69,0xFF,0x90,0x69,0xFF,0x50,0x61,0xFF,0x72,0x71,0xFF,0xB3,0x79,0xFF,0xB3,0x79,0xFF,0x10,0x59,0xFF,
    0x30,0x59,0xFF,0x90,0x61,0xFF,0x8E,0x59,0xFF,0x0F,0x62,0xFF,0xD8,0xB4,0xFF,0xDF,0xFF,0xFF,0xBF,0xFF,0xFF,0xFF,0xFF,0xFF,0xFF,0xFF,0xFF,0xFF,0xFF,0xFF,0xFF,0xFF,0xFF,0xFF,0xFF,0xFF,
    0xFF,0xFF,0xFF,0x5D,0xEF,0xFF,0xFF,0xFF,0xFF,0xFF,0xFF,0xFF,0x9E,0xF7,0xFF,0xFF,0xFF,0xFF,0xBE,0xF7,0xFF,0xBE,0xF7,0xFF,0xFF,0xFF,0xFF,0x3C,0xE7,0xFF,0x00,0x00,0xFF,0x00,0x00,0xFF,
    0x00,0x00,0xFF,0x00,0x00,0xFF,0x00,0x00,0xFF,0x18,0xC6,0xFF,0xBE,0xF7,0xFF,0xFF,0xFF,0xFF,0xBE,0xF7,0xFF,0x9E,0xF7,0xFF,0xFF,0xFF,0xFF,0x7D,0xEF,0xFF,0x34,0xA5,0xFF,0x20,0x00,0xFF,
    0x82,0x10,0xFF,0xF3,0x9C,0xFF,0xDB,0xDE,0xFF,0x5D,0xEF,0xFF,0x7D,0xEF,0xFF,0xBE,0xF7,0xFF,0xDF,0xFF,0xFF,0x9E,0xF7,0xFF,0x5E,0xE7,0xFF,0xFF,0xFF,0xFF,0x20,0x00,0xFF,0xA0,0x08,0xFF,
    0x88,0xAD,0xFF,0x28,0xDF,0xFF,0xE6,0xFF,0xFF,0x80,0xEF,0xFF,0xC0,0xF7,0xFF,0xC0,0xF7,0xFF,0xE1,0xF7,0xFF,0xE1,0xF7,0xFF,0xE2,0xF7,0xFF,0xE1,0xF7,0xFF,0xE0,0xF7,0xFF,0xE0,0xEF,0xFF,
    0xE0,0xF7,0xFF,0xE0,0xEF,0xFF,0xE0,0xEF,0xFF,0xE0,0xEF,0xFF,0xC1,0xEF,0xFF,0xE2,0xF7,0xFF,0xE2,0xFF,0xFF,0xE3,0xFF,0xFF,0xE2,0xF7,0xFF,0xC1,0xF7,0xFF,0x80,0xEF,0xFF,0x80,0xEF,0xFF,
    0x81,0xEF,0xFF,0xC2,0xF7,0xFF,0xE2,0xFF,0xFF,0xE3,0xFF,0xFF,0xA4,0xE7,0xFF,0xE7,0xF7,0xFF,0xA8,0xEF,0xFF,0x89,0xEF,0xFF,0xAC,0xEF,0xFF,0x6D,0xEF,0xFF,0x87,0xAD,0xFF,0x80,0x29,0xFF,
    0x40,0x00,0xFF,0x80,0x10,0xFF,0x00,0x00,0xFF,0x01,0x00,0xFF,0x01,0x00,0xFF,0x42,0x08,0xFF,0xC3,0x10,0xFF,0x7D,0xEF,0xFF,0xBE,0xF7,0xFF,0xDF,0xFF,0xFF,0xBE,0xF7,0xFF,0x7D,0xEF,0xFF,
    0xFF,0xFF,0xFF,0x9E,0xF7,0xFF,0xBE,0xF7,0xFF,0xBE,0xF7,0xFF,0xBE,0xF7,0xFF,0xBE,0xF7,0xFF,0xBE,0xF7,0xFF,0xBE,0xF7,0xFF,0xBE,0xF7,0xFF,0xBE,0xF7,0xFF,0xBE,0xF7,0xFF,0xBE,0xF7,0xFF,
    0xBE,0xF7,0xFF,0xBE,0xF7,0xFF,0xBE,0xF7,0xFF,0xBE,0xF7,0xFF,0xBE,0xF7,0xFF,0xBE,0xF7,0xFF,0xBE,0xF7,0xFF,0xBE,0xF7,0xFF,0xBE,0xF7,0xFF,0xBE,0xF7,0xFF,0xBE,0xF7,0xFF,0xBE,0xF7,0xFF,
    0xBE,0xF7,0xFF,0xBE,0xF7,0xFF,0xBE,0xF7,0xFF,0xBE,0xF7,0xFF,0xFF,0xFF,0xFF,0x5D,0xEF,0xFF,0xDB,0xDE,0xFF,0xC3,0x18,0xFF,0x00,0x00,0xFF,0x20,0x00,0xFF,0x00,0x00,0xFF,0x00,0x00,0xFF,
    0x00,0x00,0xFF,0x00,0x00,0xFF,0x00,0x00,0xFF,0x00,0x00,0xFF,0x20,0x00,0xFF,0x00,0x00,0xFF,0x00,0x00,0xFF,0x61,0x08,0xFF,0x00,0x00,0xFF,0x00,0x00,0xFF,0x20,0x00,0xFF,0xC3,0x18,0xFF,
    0x00,0x00,0xFF,0xA2,0x10,0xFF,0x41,0x08,0xFF,0x2C,0x63,0xFF,0xFF,0xFF,0xFF,0xFF,0xFF,0xFF,0xFF,0xFF,0xFF,0xFF,0xFF,0xFF,0xDF,0xFF,0xFF,0xFF,0xFF,0xFF,0xFF,0xFF,0xFF,0xFF,0xFF,0xFF,
    0xFF,0xFF,0xFF,0xFF,0xFF,0xFF,0xFF,0xFF,0xFF,0xFF,0xFF,0xFF,0xFF,0xFF,0xFF,0xFF,0xFF,0xFF,0xFF,0xFF,0xFF,0xFF,0xFF,0xFF,0xFF,0xFF,0xFF,0xFF,0xFF,0xFF,0xFF,0xFF,0xFF,0xFF,0xFF,0xFF,
    0xFF,0xFF,0xFF,0xFF,0xFF,0xFF,0xFF,0xFF,0xFF,0xFF,0xFF,0xFF,0xFF,0xFF,0xFF,0xFF,0xFF,0xFF,0xFE,0xFF,0xFF,0xBD,0xFF,0xFF,0xFF,0xFF,0xFF,0xDF,0xFF,0xFF,0x3F,0xFF,0xFF,0x1F,0xFF,0xFF,
    0x8D,0x59,0xFF,0xAF,0x69,0xFF,0x4F,0x69,0xFF,0x30,0x61,0xFF,0x93,0x79,0xFF,0x53,0x71,0xFF,0x13,0x69,0xFF,0x54,0x71,0xFF,0x33,0x69,0xFF,0x13,0x69,0xFF,0x32,0x69,0xFF,0x32,0x69,0xFF,
    0x52,0x69,0xFF,0x72,0x69,0xFF,0x52,0x69,0xFF,0x31,0x69,0xFF,0x31,0x69,0xFF,0x51,0x69,0xFF,0x31,0x69,0xFF,0x10,0x69,0xFF,0x92,0x79,0xFF,0x4F,0x69,0xFF,0x6E,0x61,0xFF,0x0F,0x72,0xFF,
    0x6C,0x59,0xFF,0x5F,0xFF,0xFF,0xBF,0xFF,0xFF,0xBE,0xF7,0xFF,0xFF,0xFF,0xFF,0xFF,0xFF,0xFF,0xFF,0xFF,0xFF,0xFE,0xFF,0xFF,0xFF,0xFF,0xFF,0xFE,0xFF,0xFF,0xFE,0xF7,0xFF,0xFF,0xFF,0xFF,
    0xDF,0xFF,0xFF,0xDF,0xFF,0xFF,0x9F,0xFF,0xFF,0xF5,0x9B,0xFF,0x8D,0x59,0xFF,0x6F,0x61,0xFF,0x71,0x69,0xFF,0x72,0x71,0xFF,0x51,0x69,0xFF,0x71,0x69,0xFF,0x91,0x71,0xFF,0x6F,0x61,0xFF,
    0xEF,0x69,0xFF,0x32,0x8B,0xFF,0x9F,0xFF,0xFF,0xDF,0xFF,0xFF,0xBF,0xFF,0xFF,0xFF,0xFF,0xFF,0xDE,0xF7,0xFF,0xFF,0xFF,0xFF,0xFE,0xFF,0xFF,0xFF,0xFF,0xFF,0xFF,0xFF,0xFF,0xFF,0xFF,0xFF,
    0xFF,0xFF,0xFF,0xFF,0xFF,0xFF,0xFF,0xFF,0xFF,0xFF,0xFF,0xFF,0xFE,0xF7,0xFF,0xFF,0xF7,0xFF,0xFF,0xFF,0xFF,0xBF,0xF7,0xFF,0xDF,0xFF,0xFF,0xBF,0xFF,0xFF,0xDA,0xBC,0xFF,0x8F,0x59,0xFF,
    0xB1,0x69,0xFF,0x31,0x61,0xFF,0x31,0x69,0xFF,0x93,0x71,0xFF,0x52,0x69,0xFF,0x71,0x69,0xFF,0x6F,0x61,0xFF,0xCF,0x61,0xFF,0x6F,0x6A,0xFF,0x9F,0xFF,0xFF,0x7F,0xFF,0xFF,0xFF,0xFF,0xFF,
    0xFF,0xFF,0xFF,0xFE,0xFF,0xFF,0xDE,0xF7,0xFF,0xFF,0xFF,0xFF,0xFF,0xF7,0xFF,0xFF,0xFF,0xFF,0xFF,0xFF,0xFF,0x9E,0xF7,0xFF,0xDF,0xFF,0xFF,0xD0,0x72,0xFF,0x4D,0x51,0xFF,0x50,0x61,0xFF,
    0x72,0x69,0xFF,0x73,0x69,0xFF,0x52,0x69,0xFF,0x72,0x69,0xFF,0x92,0x69,0xFF,0x70,0x61,0xFF,0xB0,0x69,0xFF,0x5E,0xDD,0xFF,0xB2,0x82,0xFF,0xAF,0x69,0xFF,0x70,0x69,0xFF,0x31,0x69,0xFF,
    0x32,0x69,0xFF,0x73,0x71,0xFF,0x73,0x69,0xFF,0x71,0x61,0xFF,0xB1,0x69,0xFF,0xAF,0x61,0xFF,0x5D,0xDD,0xFF,0xAF,0x69,0xFF,0x91,0x69,0xFF,0x51,0x61,0xFF,0x32,0x61,0xFF,0x33,0x69,0xFF,
    0xD5,0x81,0xFF,0x31,0x69,0xFF,0x4F,0x59,0xFF,0xCF,0x61,0xFF,0xF2,0x82,0xFF,0x7F,0xFF,0xFF,0x9F,0xFF,0xFF,0xFF,0xF6,0xFF,0xAC,0x51,0xFF,0xCF,0x59,0xFF,0x71,0x61,0xFF,0xB3,0x71,0xFF,
    0x33,0x69,0xFF,0x32,0x69,0xFF,0x93,0x71,0xFF,0x30,0x61,0xFF,0xB0,0x69,0xFF,0xD6,0xA3,0xFF,0x9F,0xFF,0xFF,0xDF,0xFF,0xFF,0xBF,0xFF,0xFF,0x7F,0xFF,0xFF,0xBF,0xFF,0xFF,0x7A,0xCD,0xFF,
    0x6C,0x51,0xFF,0xCF,0x61,0xFF,0x70,0x69,0xFF,0x72,0x71,0xFF,0x73,0x71,0xFF,0x53,0x71,0xFF,0x33,0x71,0xFF,0x32,0x69,0xFF,0x52,0x69,0xFF,0x52,0x69,0xFF,0x71,0x69,0xFF,0xD2,0x71,0xFF,
    0x2D,0x51,0xFF,0x0F,0x6A,0xFF,0x3F,0xFF,0xFF,0x5F,0xFF,0xFF,0x9F,0xFF,0xFF,0x0E,0x5A,0xFF,0x8E,0x51,0xFF,0x70,0x59,0xFF,0xB3,0x69,0xFF,0x52,0x69,0xFF,0x53,0x71,0xFF,0x73,0x79,0xFF,
    0x32,0x71,0xFF,0x31,0x71,0xFF,0x50,0x69,0xFF,0x3F,0xFE,0xFF,0x90,0x69,0xFF,0x91,0x69,0xFF,0x91,0x69,0xFF,0x51,0x69,0xFF,0x93,0x71,0xFF,0x32,0x69,0xFF,0x32,0x69,0xFF,0x11,0x61,0xFF,
    0x52,0x69,0xFF,0xF2,0x71,0xFF,0x2D,0x51,0xFF,0x6C,0x49,0xFF,0x9F,0xFF,0xFF,0x7F,0xFF,0xFF,0x9F,0xF7,0xFF,0xDE,0xF7,0xFF,0xFF,0xFF,0xFF,0xFF,0xFF,0xFF,0xFE,0xF7,0xFF,0xFF,0xFF,0xFF,
    0xDF,0xFF,0xFF,0x5F,0xFF,0xFF,0x8D,0x51,0xFF,0x4E,0x59,0xFF,0xB1,0x69,0xFF,0x51,0x61,0xFF,0x51,0x69,0xFF,0x72,0x71,0xFF,0x51,0x69,0xFF,0xD3,0x79,0xFF,0x71,0x69,0xFF,0x10,0x61,0xFF,
    0xBF,0xED,0xFF,0xB1,0x69,0xFF,0x70,0x61,0xFF,0x90,0x61,0xFF,0x91,0x69,0xFF,0x71,0x69,0xFF,0x51,0x69,0xFF,0x10,0x61,0xFF,0x51,0x69,0xFF,0x92,0x71,0xFF,0x71,0x71,0xFF,0x71,0x69,0xFF,
    0x91,0x69,0xFF,0xB1,0x69,0xFF,0x70,0x69,0xFF,0x0F,0x61,0xFF,0x70,0x61,0xFF,0xB1,0x69,0xFF,0xD0,0x61,0xFF,0x6E,0x51,0xFF,0x4F,0x62,0xFF,0x19,0xB5,0xFF,0xDF,0xFF,0xFF,0x7F,0xF7,0xFF,
    0xDF,0xFF,0xFF,0xFF,0xFF,0xFF,0xFF,0xFF,0xFF,0xFF,0xFF,0xFF,0xFF,0xFF,0xFF,0xDF,0xFF,0xFF,0xDF,0xFF,0xFF,0xFF,0xFF,0xFF,0xDF,0xFF,0xFF,0xDF,0xFF,0xFF,0xFF,0xFF,0xFF,0xDF,0xFF,0xFF,
    0xFF,0xFF,0xFF,0xFF,0xFF,0xFF,0xDF,0xFF,0xFF,0xDF,0xFF,0xFF,0xFF,0xFF,0xFF,0xE3,0x18,0xFF,0x41,0x08,0xFF,0x00,0x00,0xFF,0x00,0x00,0xFF,0x41,0x08,0xFF,0xE3,0x18,0xFF,0xDB,0xDE,0xFF,
    0x9E,0xF7,0xFF,0xBE,0xF7,0xFF,0x7D,0xEF,0xFF,0x9E,0xF7,0xFF,0x7D,0xEF,0xFF,0xFF,0xFF,0xFF,0x3C,0xE7,0xFF,0xEF,0x7B,0xFF,0x00,0x00,0xFF,0x00,0x00,0xFF,0x96,0xB5,0xFF,0x5D,0xEF,0xFF,
    0xBE,0xF7,0xFF,0xDF,0xFF,0xFF,0xBF,0xF7,0xFF,0xB6,0xB5,0xFF,0x80,0x08,0xFF,0x00,0x11,0xFF,0xCB,0xEF,0xFF,0xC5,0xEF,0xFF,0xE2,0xF7,0xFF,0xE0,0xF7,0xFF,0xE1,0xF7,0xFF,0xE2,0xF7,0xFF,
    0xC3,0xF7,0xFF,0xC4,0xF7,0xFF,0xC4,0xEF,0xFF,0xC3,0xEF,0xFF,0xE3,0xEF,0xFF,0xE3,0xEF,0xFF,0xC3,0xEF,0xFF,0xC4,0xEF,0xFF,0xC5,0xEF,0xFF,0xC6,0xF7,0xFF,0xC6,0xF7,0xFF,0xA5,0xEF,0xFF,
    0x84,0xEF,0xFF,0x83,0xEF,0xFF,0xC3,0xF7,0xFF,0xE2,0xF7,0xFF,0xE1,0xFF,0xFF,0xE1,0xFF,0xFF,0xE1,0xFF,0xFF,0xC0,0xF7,0xFF,0xC1,0xF7,0xFF,0xE2,0xF7,0xFF,0xE2,0xF7,0xFF,0xE3,0xEF,0xFF,
    0xA3,0xEF,0xFF,0xE6,0xF7,0xFF,0xA6,0xEF,0xFF,0x66,0xE7,0xFF,0xEB,0xFF,0xFF,0x4B,0xE7,0xFF,0x89,0xAD,0xFF,0x80,0x10,0xFF,0x20,0x08,0xFF,0x61,0x10,0xFF,0x01,0x00,0xFF,0x01,0x00,0xFF,
    0x20,0x00,0xFF,0xBE,0xF7,0xFF,0xBE,0xF7,0xFF,0x9E,0xF7,0xFF,0xBE,0xF7,0xFF,0x9E,0xF7,0xFF,0xDF,0xFF,0xFF,0x5D,0xEF,0xFF,0xDF,0xFF,0xFF,0xBE,0xF7,0xFF,0xBE,0xF7,0xFF,0xBE,0xF7,0xFF,
    0xBE,0xF7,0xFF,0xBE,0xF7,0xFF,0xBE,0xF7,0xFF,0xBE,0xF7,0xFF,0xBE,0xF7,0xFF,0xBE,0xF7,0xFF,0xBE,0xF7,0xFF,0xBE,0xF7,0xFF,0xBE,0xF7,0xFF,0xBE,0xF7,0xFF,0xBE,0xF7,0xFF,0xBE,0xF7,0xFF,
    0xBE,0xF7,0xFF,0xBE,0xF7,0xFF,0x9E,0xF7,0xFF,0xBE,0xF7,0xFF,0xBE,0xF7,0xFF,0xBE,0xF7,0xFF,0xBE,0xF7,0xFF,0xBE,0xF7,0xFF,0xBE,0xF7,0xFF,0xBE,0xF7,0xFF,0x3C,0xE7,0xFF,0xA6,0x31,0xFF,
    0x20,0x00,0xFF,0x00,0x00,0xFF,0x20,0x00,0xFF,0x00,0x00,0xFF,0x41,0x08,0xFF,0x00,0x00,0xFF,0x00,0x00,0xFF,0x00,0x00,0xFF,0xA6,0x31,0xFF,0x51,0x8C,0xFF,0xF7,0xBD,0xFF,0xFB,0xDE,0xFF,
    0x9E,0xF7,0xFF,0xBE,0xF7,0xFF,0x7D,0xEF,0xFF,0xFF,0xFF,0xFF,0xDF,0xFF,0xFF,0x9E,0xF7,0xFF,0xAE,0x73,0xFF,0x00,0x00,0xFF,0x00,0x00,0xFF,0x6D,0x6B,0xFF,0xBE,0xF7,0xFF,0xFF,0xFF,0xFF,
    0xFF,0xFF,0xFF,0xDF,0xFF,0xFF,0xFF,0xFF,0xFF,0xFF,0xFF,0xFF,0xFF,0xFF,0xFF,0xFF,0xFF,0xFF,0xFF,0xFF,0xFF,0xFF,0xFF,0xFF,0xFF,0xFF,0xFF,0xFF,0xFF,0xFF,0xFF,0xFF,0xFF,0xFF,0xFF,0xFF,
    0xFF,0xFF,0xFF,0xFF,0xFF,0xFF,0xFF,0xFF,0xFF,0xFF,0xFF,0xFF,0xFF,0xFF,0xFF,0xFF,0xFF,0xFF,0xFF,0xFF,0xFF,0xFF,0xFF,0xFF,0xFF,0xFF,0xFF,0xFF,0xFF,0xFF,0xFF,0xFF,0xFF,0xFF,0xFF,0xFF,
    0xFE,0xFF,0xFF,0xFE,0xFF,0xFF,0xDF,0xFF,0xFF,0xBF,0xFF,0xFF,0x9F,0xFF,0xFF,0x9F,0xFF,0xFF,0xD5,0xA3,0xFF,0xCF,0x69,0xFF,0x90,0x69,0xFF,0x71,0x69,0xFF,0x71,0x69,0xFF,0x52,0x69,0xFF,
    0x52,0x69,0xFF,0x74,0x69,0xFF,0x94,0x71,0xFF,0x33,0x61,0xFF,0x52,0x61,0xFF,0x51,0x61,0xFF,0x71,0x69,0xFF,0x71,0x69,0xFF,0x51,0x69,0xFF,0x92,0x71,0xFF,0x93,0x71,0xFF,0x31,0x69,0xFF,
    0x52,0x71,0xFF,0x32,0x71,0xFF,0x52,0x71,0xFF,0x71,0x71,0xFF,0x2F,0x69,0xFF,0x4E,0x61,0xFF,0xF0,0x71,0xFF,0xF1,0x82,0xFF,0xBF,0xFF,0xFF,0xFF,0xFF,0xFF,0xFF,0xFF,0xFF,0xFF,0xFF,0xFF,
    0xFF,0xFF,0xFF,0xFF,0xFF,0xFF,0xFF,0xFF,0xFF,0xFF,0xFF,0xFF,0xFF,0xFF,0xFF,0xFF,0xFF,0xFF,0xDF,0xFF,0xFF,0xBF,0xFF,0xFF,0x9F,0xFF,0xFF,0x8C,0x51,0xFF,0x6E,0x59,0xFF,0xD1,0x71,0xFF,
    0x51,0x69,0xFF,0x93,0x71,0xFF,0x11,0x61,0xFF,0x71,0x69,0xFF,0x70,0x69,0xFF,0x8F,0x61,0xFF,0x6D,0x51,0xFF,0x1F,0xFF,0xFF,0x9F,0xFF,0xFF,0xBF,0xFF,0xFF,0xFF,0xFF,0xFF,0xFF,0xFF,0xFF,
    0xFF,0xFF,0xFF,0xFF,0xFF,0xFF,0xFF,0xFF,0xFF,0xFF,0xFF,0xFF,0xDF,0xFF,0xFF,0xFF,0xFF,0xFF,0xFF,0xFF,0xFF,0xDF,0xFF,0xFF,0xFF,0xFF,0xFF,0xFF,0xFF,0xFF,0xFF,0xFF,0xFF,0xFF,0xFF,0xFF,
    0xFF,0xFF,0xFF,0xBF,0xF7,0xFF,0x9F,0xFF,0xFF,0xBF,0xFF,0xFF,0x51,0x6A,0xFF,0xB0,0x61,0xFF,0xB2,0x69,0xFF,0x51,0x69,0xFF,0x52,0x69,0xFF,0x31,0x69,0xFF,0x92,0x71,0xFF,0x4F,0x61,0xFF,
    0xD0,0x69,0xFF,0xCE,0x61,0xFF,0xFC,0xDD,0xFF,0x7F,0xFF,0xFF,0xDF,0xFF,0xFF,0xFF,0xFF,0xFF,0xFE,0xFF,0xFF,0xFE,0xFF,0xFF,0xFE,0xF7,0xFF,0xFF,0xF7,0xFF,0xFF,0xF7,0xFF,0xDE,0xF7,0xFF,
    0xFF,0xFF,0xFF,0xDF,0xFF,0xFF,0x9F,0xFF,0xFF,0xCD,0x59,0xFF,0x8F,0x59,0xFF,0x71,0x61,0xFF,0x11,0x59,0xFF,0x73,0x69,0xFF,0x93,0x71,0xFF,0x52,0x61,0xFF,0x91,0x61,0xFF,0x4F,0x59,0xFF,
    0xAF,0x61,0xFF,0x5F,0xFF,0xFF,0x78,0xB4,0xFF,0xCF,0x69,0xFF,0x4F,0x69,0xFF,0x51,0x69,0xFF,0x72,0x69,0xFF,0x73,0x69,0xFF,0x52,0x69,0xFF,0x51,0x61,0xFF,0x70,0x61,0xFF,0x8F,0x61,0xFF,
    0x52,0x82,0xFF,0xD1,0x71,0xFF,0x51,0x61,0xFF,0x52,0x69,0xFF,0x53,0x69,0xFF,0x32,0x69,0xFF,0x32,0x69,0xFF,0x71,0x69,0xFF,0xAF,0x61,0xFF,0xCE,0x61,0xFF,0x5E,0xE6,0xFF,0x7F,0xFF,0xFF,
    0x5F,0xFF,0xFF,0x3F,0xFF,0xFF,0xAC,0x51,0xFF,0xF0,0x61,0xFF,0x91,0x69,0xFF,0x32,0x61,0xFF,0x53,0x69,0xFF,0x53,0x69,0xFF,0x52,0x69,0xFF,0x71,0x69,0xFF,0xD0,0x71,0xFF,0xF3,0x8A,0xFF,
    0x9F,0xFF,0xFF,0x9F,0xFF,0xFF,0xDF,0xFF,0xFF,0x7F,0xFF,0xFF,0x5F,0xFF,0xFF,0xEC,0x59,0xFF,0xCE,0x61,0xFF,0xAF,0x61,0xFF,0xB2,0x71,0xFF,0x11,0x69,0xFF,0x33,0x71,0xFF,0x34,0x71,0xFF,
    0xF3,0x68,0xFF,0x33,0x69,0xFF,0x33,0x69,0xFF,0x73,0x71,0xFF,0xB3,0x71,0xFF,0x50,0x61,0xFF,0xAF,0x61,0xFF,0x2F,0x6A,0xFF,0x7F,0xFF,0xFF,0x9F,0xFF,0xFF,0x1F,0xFF,0xFF,0x0E,0x62,0xFF,
    0xAF,0x59,0xFF,0xD1,0x69,0xFF,0x51,0x61,0xFF,0x72,0x71,0xFF,0xF0,0x60,0xFF,0x93,0x79,0xFF,0x11,0x69,0xFF,0x92,0x79,0xFF,0x90,0x69,0xFF,0x90,0x61,0xFF,0x70,0x61,0xFF,0x70,0x61,0xFF,
    0x71,0x61,0xFF,0x71,0x69,0xFF,0x51,0x61,0xFF,0x31,0x61,0xFF,0x52,0x69,0xFF,0x92,0x71,0xFF,0x91,0x69,0xFF,0xD0,0x69,0xFF,0xCE,0x59,0xFF,0xDF,0xFE,0xFF,0x9F,0xFF,0xFF,0xDF,0xFF,0xFF,
    0x9E,0xF7,0xFF,0xFF,0xFF,0xFF,0xFE,0xF7,0xFF,0xBD,0xF7,0xFF,0xFF,0xFF,0xFF,0xBF,0xFF,0xFF,0xDF,0xFF,0xFF,0xF9,0xBC,0xFF,0xAE,0x59,0xFF,0x4F,0x59,0xFF,0x92,0x69,0xFF,0xB3,0x79,0xFF,
    0x11,0x61,0xFF,0x92,0x71,0xFF,0x31,0x69,0xFF,0x10,0x61,0xFF,0x71,0x69,0xFF,0xD3,0x79,0xFF,0x92,0x71,0xFF,0xCF,0x58,0xFF,0x91,0x69,0xFF,0x50,0x61,0xFF,0xD3,0x71,0xFF,0x31,0x69,0xFF,
    0x52,0x69,0xFF,0x11,0x61,0xFF,0x72,0x71,0xFF,0x11,0x61,0xFF,0x30,0x61,0xFF,0xB1,0x69,0xFF,0x6F,0x61,0xFF,0x6F,0x59,0xFF,0xD0,0x69,0xFF,0x6E,0x61,0xFF,0xAF,0x61,0xFF,0xCF,0x61,0xFF,
    0xCD,0x59,0xFF,0x8F,0x6A,0xFF,0x1F,0xEF,0xFF,0xBF,0xFF,0xFF,0xDF,0xFF,0xFF,0xFF,0xFF,0xFF,0xFF,0xFF,0xFF,0xFF,0xFF,0xFF,0xFF,0xFF,0xFF,0xFF,0xFF,0xFF,0xFF,0xFF,0xFF,0xFF,0xFF,0xFF,
    0xFF,0xFF,0xFF,0xFF,0xFF,0xFF,0xFF,0xFF,0xFF,0xFF,0xFF,0xFF,0xFF,0xFF,0xFF,0xFF,0xFF,0xFF,0xFF,0xFF,0xFF,0xFF,0xFF,0xFF,0xBE,0xF7,0xFF,0xFF,0xFF,0xFF,0xFF,0xFF,0xFF,0xBE,0xF7,0xFF,
    0x34,0xA5,0xFF,0x00,0x00,0xFF,0x00,0x00,0xFF,0x20,0x00,0xFF,0x00,0x00,0xFF,0x20,0x00,0xFF,0x04,0x21,0xFF,0x9A,0xD6,0xFF,0xBE,0xF7,0xFF,0xFF,0xFF,0xFF,0x5D,0xEF,0xFF,0xFF,0xFF,0xFF,
    0xBE,0xF7,0xFF,0x5D,0xEF,0xFF,0xDF,0xFF,0xFF,0xBE,0xF7,0xFF,0x7D,0xEF,0xFF,0xF7,0xBD,0xFF,0xB2,0x94,0xFF,0xDB,0xDE,0xFF,0x5D,0xEF,0xFF,0x01,0x19,0xFF,0xA0,0x08,0xFF,0x65,0xA5,0xFF,
    0xA7,0xE7,0xFF,0xE4,0xEF,0xFF,0xA0,0xE7,0xFF,0xE3,0xFF,0xFF,0xC4,0xF7,0xFF,0xA5,0xEF,0xFF,0x87,0xEF,0xFF,0xC9,0xF7,0xFF,0xC9,0xEF,0xFF,0x89,0xE7,0xFF,0xA8,0xE7,0xFF,0xAA,0xE7,0xFF,
    0x8C,0xE7,0xFF,0x6C,0xE7,0xFF,0x4D,0xE7,0xFF,0x6D,0xEF,0xFF,0x6D,0xEF,0xFF,0x4B,0xE7,0xFF,0x8A,0xEF,0xFF,0xE9,0xFF,0xFF,0xA4,0xEF,0xFF,0xE3,0xF7,0xFF,0xE1,0xF7,0xFF,0xC0,0xEF,0xFF,
    0xC0,0xEF,0xFF,0xE1,0xFF,0xFF,0xC0,0xF7,0xFF,0xE1,0xF7,0xFF,0xE1,0xF7,0xFF,0xE1,0xF7,0xFF,0xE1,0xF7,0xFF,0xE2,0xF7,0xFF,0xE2,0xEF,0xFF,0xC3,0xEF,0xFF,0xC4,0xEF,0xFF,0xA6,0xEF,0xFF,
    0x8B,0xEF,0xFF,0x90,0xEF,0xFF,0x20,0x21,0xFF,0x00,0x00,0xFF,0x20,0x08,0xFF,0x00,0x00,0xFF,0x82,0x10,0xFF,0x3C,0xE7,0xFF,0xBE,0xF7,0xFF,0xBE,0xF7,0xFF,0xBE,0xF7,0xFF,0xBE,0xF7,0xFF,
    0xBE,0xF7,0xFF,0xBE,0xF7,0xFF,0xBE,0xF7,0xFF,0xBE,0xF7,0xFF,0xBE,0xF7,0xFF,0xBE,0xF7,0xFF,0xBE,0xF7,0xFF,0xBE,0xF7,0xFF,0xBE,0xF7,0xFF,0xBE,0xF7,0xFF,0xBE,0xF7,0xFF,0xBE,0xF7,0xFF,
    0xBE,0xF7,0xFF,0xBE,0xF7,0xFF,0xBE,0xF7,0xFF,0xBE,0xF7,0xFF,0xBE,0xF7,0xFF,0xBE,0xF7,0xFF,0x9E,0xF7,0xFF,0x9E,0xF7,0xFF,0x7D,0xEF,0xFF,0xFF,0xFF,0xFF,0xBE,0xF7,0xFF,0xDF,0xFF,0xFF,
    0x9E,0xF7,0xFF,0x9E,0xF7,0xFF,0x9E,0xF7,0xFF,0x69,0x4A,0xFF,0x61,0x08,0xFF,0x00,0x00,0xFF,0x00,0x00,0xFF,0x20,0x00,0xFF,0x00,0x00,0xFF,0x00,0x00,0xFF,0x08,0x42,0xFF,0xD7,0xBD,0xFF,
    0x9E,0xF7,0xFF,0x7D,0xEF,0xFF,0xBE,0xF7,0xFF,0xBE,0xF7,0xFF,0x9E,0xF7,0xFF,0xBE,0xF7,0xFF,0xBE,0xF7,0xFF,0xBE,0xF7,0xFF,0xDF,0xFF,0xFF,0xFF,0xFF,0xFF,0x7D,0xEF,0xFF,0x9E,0xF7,0xFF,
    0x20,0x00,0xFF,0x41,0x08,0xFF,0x00,0x00,0xFF,0x59,0xCE,0xFF,0xFF,0xFF,0xFF,0xFF,0xFF,0xFF,0xFF,0xFF,0xFF,0xFF,0xFF,0xFF,0xFF,0xFF,0xFF,0xFF,0xFF,0xFF,0xFF,0xFF,0xFF,0xFF,0xFF,0xFF,
    0xFF,0xFF,0xFF,0xFF,0xFF,0xFF,0xFF,0xFF,0xFF,0xFF,0xFF,0xFF,0xFF,0xFF,0xFF,0xFF,0xFF,0xFF,0xFF,0xFF,0xFF,0xFF,0xFF,0xFF,0xFF,0xFF,0xFF,0xFF,0xFF,0xFF,0xFF,0xFF,0xFF,0xFF,0xFF,0xFF,
    0xFF,0xFF,0xFF,0xFF,0xFF,0xFF,0xFF,0xFF,0xFF,0xFF,0xFF,0xFF,0xFF,0xFF,0xFF,0xFF,0xFF,0xFF,0xBD,0xEF,0xFF,0xFF,0xFF,0xFF,0xFF,0xFF,0xFF,0x7F,0xF7,0xFF,0xDF,0xFF,0xFF,0x3F,0xFF,0xFF,
    0x5F,0xFF,0xFF,0xF9,0xBC,0xFF,0x10,0x6A,0xFF,0x4E,0x59,0xFF,0x4F,0x59,0xFF,0xB1,0x61,0xFF,0x91,0x61,0xFF,0x30,0x59,0xFF,0x51,0x59,0xFF,0xB2,0x69,0xFF,0xD1,0x69,0xFF,0x90,0x61,0xFF,
    0x90,0x61,0xFF,0x6F,0x59,0xFF,0x6F,0x61,0xFF,0xB1,0x69,0xFF,0x30,0x61,0xFF,0x31,0x69,0xFF,0x73,0x79,0xFF,0x32,0x71,0xFF,0x32,0x71,0xFF,0x52,0x71,0xFF,0x51,0x71,0xFF,0x50,0x69,0xFF,
    0x90,0x69,0xFF,0xEF,0x69,0xFF,0x9F,0xFF,0xFF,0xFF,0xFF,0xFF,0xFF,0xFF,0xFF,0xFF,0xFF,0xFF,0xFF,0xFF,0xFF,0xFF,0xFF,0xFF,0xFF,0xF7,0xFF,0xFF,0xFF,0xFF,0xFF,0xFF,0xFF,0xDF,0xFF,0xFF,
    0xFF,0xFF,0xFF,0xBF,0xFF,0xFF,0x5F,0xE6,0xFF,0x10,0x6A,0xFF,0xF1,0x71,0xFF,0x50,0x61,0xFF,0x52,0x69,0xFF,0x32,0x69,0xFF,0x73,0x71,0xFF,0x92,0x71,0xFF,0x4F,0x59,0xFF,0xCF,0x69,0xFF,
    0x2F,0x6A,0xFF,0x3F,0xFF,0xFF,0xBF,0xFF,0xFF,0xDF,0xFF,0xFF,0xFF,0xFF,0xFF,0xFF,0xFF,0xFF,0xFF,0xFF,0xFF,0xFF,0xFF,0xFF,0xFF,0xFF,0xFF,0xFF,0xFF,0xFF,0xFF,0xFF,0xFF,0xFF,0xFF,0xFF,
    0xFF,0xFF,0xFF,0xFF,0xFF,0xFF,0xDF,0xFF,0xFF,0xDF,0xFF,0xFF,0xFF,0xFF,0xFF,0xFF,0xFF,0xFF,0xFF,0xFF,0xFF,0xFF,0xFF,0xFF,0xDF,0xFF,0xFF,0x1F,0xFF,0xFF,0x10,0x62,0xFF,0x0E,0x51,0xFF,
    0x50,0x61,0xFF,0x51,0x69,0xFF,0x93,0x79,0xFF,0x52,0x71,0xFF,0x50,0x69,0xFF,0x6F,0x61,0xFF,0xF0,0x69,0xFF,0xCD,0x59,0xFF,0x3F,0xFF,0xFF,0xBF,0xFF,0xFF,0xDF,0xFF,0xFF,0x9E,0xFF,0xFF,
    0xFF,0xFF,0xFF,0xFF,0xFF,0xFF,0xBD,0xEF,0xFF,0xFF,0xFF,0xFF,0x9D,0xE7,0xFF,0xFF,0xFF,0xFF,0xDF,0xFF,0xFF,0xDF,0xFF,0xFF,0xB7,0xAC,0xFF,0xAE,0x59,0xFF,0xD1,0x69,0xFF,0xB2,0x71,0xFF,
    0x52,0x69,0xFF,0x72,0x71,0xFF,0x52,0x69,0xFF,0x72,0x69,0xFF,0x90,0x61,0xFF,0xAF,0x61,0xFF,0xD2,0x82,0xFF,0xFF,0xFE,0xFF,0x9F,0xFE,0xFF,0xCF,0x69,0xFF,0x70,0x69,0xFF,0x51,0x69,0xFF,
    0x52,0x69,0xFF,0x53,0x69,0xFF,0x72,0x69,0xFF,0x72,0x69,0xFF,0x70,0x69,0xFF,0x70,0x61,0xFF,0x90,0x69,0xFF,0x50,0x69,0xFF,0x31,0x69,0xFF,0x52,0x69,0xFF,0x73,0x71,0xFF,0x53,0x69,0xFF,
    0x72,0x69,0xFF,0x91,0x69,0xFF,0x6D,0x51,0xFF,0x0D,0x62,0xFF,0x3F,0xFF,0xFF,0xBF,0xFF,0xFF,0x7F,0xFF,0xFF,0x1F,0xF7,0xFF,0xCD,0x51,0xFF,0x8E,0x51,0xFF,0x91,0x61,0xFF,0x52,0x61,0xFF,
    0x33,0x69,0xFF,0x33,0x69,0xFF,0x52,0x69,0xFF,0x51,0x69,0xFF,0x6F,0x61,0xFF,0x50,0x72,0xFF,0x5F,0xFF,0xFF,0xBF,0xFF,0xFF,0xBF,0xFF,0xFF,0xBF,0xFF,0xFF,0x0B,0x52,0xFF,0xEC,0x59,0xFF,
    0xCD,0x59,0xFF,0x8E,0x59,0xFF,0x0F,0x59,0xFF,0x93,0x71,0xFF,0x32,0x69,0xFF,0x13,0x69,0xFF,0x95,0x79,0xFF,0x74,0x71,0xFF,0x94,0x71,0xFF,0x11,0x61,0xFF,0x10,0x59,0xFF,0xB0,0x69,0xFF,
    0xCF,0x61,0xFF,0x9C,0xDD,0xFF,0x9F,0xFF,0xFF,0x5F,0xFF,0xFF,0xD5,0x9B,0xFF,0xAE,0x59,0xFF,0xD1,0x61,0xFF,0x50,0x61,0xFF,0x30,0x61,0xFF,0x92,0x71,0xFF,0x52,0x71,0xFF,0x51,0x71,0xFF,
    0x31,0x69,0xFF,0x30,0x69,0xFF,0xD0,0x69,0xFF,0xCF,0x61,0xFF,0xD0,0x61,0xFF,0xB0,0x61,0xFF,0xD0,0x61,0xFF,0xB1,0x61,0xFF,0x91,0x69,0xFF,0x91,0x69,0xFF,0x91,0x69,0xFF,0x90,0x61,0xFF,
    0xAF,0x61,0xFF,0x8D,0x59,0xFF,0x1F,0xFF,0xFF,0x9F,0xFF,0xFF,0xDF,0xFF,0xFF,0xDF,0xFF,0xFF,0xFF,0xFF,0xFF,0x7D,0xEF,0xFF,0xFF,0xFF,0xFF,0xFF,0xFF,0xFF,0xFF,0xFF,0xFF,0x5F,0xF7,0xFF,
    0x5F,0xFF,0xFF,0x4F,0x6A,0xFF,0xD0,0x69,0xFF,0x91,0x69,0xFF,0x51,0x61,0xFF,0x52,0x69,0xFF,0x31,0x69,0xFF,0x72,0x69,0xFF,0x51,0x69,0xFF,0x71,0x69,0xFF,0x91,0x71,0xFF,0x51,0x69,0xFF,
    0xEF,0x58,0xFF,0xB2,0x71,0xFF,0xB2,0x71,0xFF,0x92,0x71,0xFF,0xCF,0x58,0xFF,0x72,0x71,0xFF,0x32,0x69,0xFF,0xB4,0x79,0xFF,0x32,0x69,0xFF,0x51,0x69,0xFF,0xD2,0x71,0xFF,0x4F,0x59,0xFF,
    0x2D,0x51,0xFF,0x30,0x6A,0xFF,0xCE,0x61,0xFF,0x8C,0x59,0xFF,0xAC,0x59,0xFF,0xB4,0x93,0xFF,0xFF,0xF6,0xFF,0x7F,0xFF,0xFF,0xDF,0xFF,0xFF,0xDF,0xFF,0xFF,0xFF,0xFF,0xFF,0xFF,0xF7,0xFF,
    0xFF,0xFF,0xFF,0xFF,0xFF,0xFF,0xFF,0xFF,0xFF,0xFF,0xFF,0xFF,0xFF,0xFF,0xFF,0xFF,0xFF,0xFF,0xFF,0xFF,0xFF,0xFF,0xFF,0xFF,0xFF,0xFF,0xFF,0xFF,0xFF,0xFF,0xFF,0xFF,0xFF,0xFF,0xFF,0xFF,
    0xFF,0xFF,0xFF,0xFF,0xFF,0xFF,0xFF,0xFF,0xFF,0x3C,0xE7,0xFF,0xFF,0xFF,0xFF,0xFF,0xFF,0xFF,0xFF,0xFF,0xFF,0xFF,0xFF,0xFF,0x28,0x42,0xFF,0x00,0x00,0xFF,0x41,0x08,0xFF,0x00,0x00,0xFF,
    0x00,0x00,0xFF,0x20,0x00,0xFF,0x20,0x00,0xFF,0x75,0xAD,0xFF,0x7D,0xEF,0xFF,0x7D,0xEF,0xFF,0x9E,0xF7,0xFF,0xDF,0xFF,0xFF,0xFF,0xFF,0xFF,0x3C,0xE7,0xFF,0xBE,0xF7,0xFF,0xFF,0xFF,0xFF,
    0x7D,0xEF,0xFF,0x9E,0xF7,0xFF,0xFF,0xFF,0xFF,0x00,0x00,0xFF,0x80,0x08,0xFF,0x6D,0xE7,0xFF,0xA8,0xE7,0xFF,0xE7,0xF7,0xFF,0x65,0xE7,0xFF,0xC8,0xF7,0xFF,0xCB,0xF7,0xFF,0x6C,0xEF,0xFF,
    0x2D,0xE7,0xFF,0xCC,0xD6,0xFF,0xC9,0xAD,0xFF,0x43,0x7C,0xFF,0xC0,0x4A,0xFF,0xE0,0x31,0xFF,0x40,0x21,0xFF,0xE0,0x18,0xFF,0xC0,0x18,0xFF,0xC0,0x18,0xFF,0x00,0x21,0xFF,0x60,0x29,0xFF,
    0x20,0x42,0xFF,0xE0,0x52,0xFF,0xC0,0xAD,0xFF,0x83,0xE7,0xFF,0xA1,0xE7,0xFF,0xE2,0xFF,0xFF,0xE0,0xF7,0xFF,0xC0,0xEF,0xFF,0xE2,0xFF,0xFF,0xE1,0xF7,0xFF,0xE0,0xF7,0xFF,0xE0,0xF7,0xFF,
    0xE0,0xF7,0xFF,0xE0,0xF7,0xFF,0xE0,0xF7,0xFF,0xE1,0xF7,0xFF,0xE2,0xF7,0xFF,0xE3,0xEF,0xFF,0xE8,0xFF,0xFF,0x29,0xDF,0xFF,0xB1,0xF7,0xFF,0x40,0x29,0xFF,0x40,0x08,0xFF,0x60,0x10,0xFF,
    0x00,0x00,0xFF,0xD7,0xBD,0xFF,0xBE,0xF7,0xFF,0xBE,0xF7,0xFF,0xBE,0xF7,0xFF,0xBE,0xF7,0xFF,0xBE,0xF7,0xFF,0xBE,0xF7,0xFF,0xBE,0xF7,0xFF,0xBE,0xF7,0xFF,0xBE,0xF7,0xFF,0xBE,0xF7,0xFF,
    0xBE,0xF7,0xFF,0xBE,0xF7,0xFF,0xBE,0xF7,0xFF,0xBE,0xF7,0xFF,0xBE,0xF7,0xFF,0xBE,0xF7,0xFF,0xBE,0xF7,0xFF,0xBE,0xF7,0xFF,0xBE,0xF7,0xFF,0xBE,0xF7,0xFF,0xBE,0xF7,0xFF,0xBE,0xF7,0xFF,
    0xBE,0xF7,0xFF,0x9E,0xF7,0xFF,0xFF,0xFF,0xFF,0x5D,0xEF,0xFF,0x5D,0xEF,0xFF,0xFF,0xFF,0xFF,0x7D,0xEF,0xFF,0x51,0x8C,0xFF,0x00,0x00,0xFF,0x41,0x08,0xFF,0x00,0x00,0xFF,0x00,0x00,0xFF,
    0x45,0x29,0xFF,0x51,0x8C,0xFF,0x3C,0xE7,0xFF,0xFF,0xFF,0xFF,0x9E,0xF7,0xFF,0x7D,0xEF,0xFF,0xFF,0xFF,0xFF,0xFF,0xFF,0xFF,0xBE,0xF7,0xFF,0x5D,0xEF,0xFF,0xBE,0xF7,0xFF,0xDF,0xFF,0xFF,
    0x9E,0xF7,0xFF,0x9E,0xF7,0xFF,0x9E,0xF7,0xFF,0x9E,0xF7,0xFF,0xFF,0xFF,0xFF,0xBA,0xD6,0xFF,0x20,0x00,0xFF,0x00,0x00,0xFF,0x82,0x10,0xFF,0x7D,0xEF,0xFF,0xFF,0xFF,0xFF,0xFF,0xFF,0xFF,
    0xFF,0xFF,0xFF,0xFF,0xFF,0xFF,0xFF,0xFF,0xFF,0xFF,0xFF,0xFF,0xFF,0xFF,0xFF,0xFF,0xFF,0xFF,0xFF,0xFF,0xFF,0xFF,0xFF,0xFF,0xFF,0xFF,0xFF,0xFF,0xFF,0xFF,0xFF,0xFF,0xFF,0xFF,0xFF,0xFF,
    0xFF,0xFF,0xFF,0xFF,0xFF,0xFF,0xFF,0xFF,0xFF,0xFF,0xFF,0xFF,0xFF,0xFF,0xFF,0xFF,0xFF,0xFF,0xFF,0xFF,0xFF,0xFF,0xFF,0xFF,0xFF,0xFF,0xFF,0xFF,0xFF,0xFF,0xFF,0xFF,0xFF,0xFF,0xFF,0xFF,
    0xFE,0xF7,0xFF,0xFF,0xF7,0xFF,0xBE,0xEF,0xFF,0xFF,0xFF,0xFF,0xDF,0xFF,0xFF,0xFF,0xFF,0xFF,0xDF,0xFF,0xFF,0x3F,0xF7,0xFF,0xDF,0xEE,0xFF,0x16,0x9C,0xFF,0x0E,0x5A,0xFF,0xED,0x59,0xFF,
    0x4E,0x6A,0xFF,0x4F,0x6A,0xFF,0x0F,0x62,0xFF,0xCE,0x59,0xFF,0xCD,0x59,0xFF,0xED,0x59,0xFF,0x2F,0x62,0xFF,0x0E,0x5A,0xFF,0xCE,0x59,0xFF,0x31,0x72,0xFF,0x4F,0x59,0xFF,0xF3,0x71,0xFF,
    0x93,0x71,0xFF,0x52,0x69,0xFF,0x32,0x69,0xFF,0x32,0x69,0xFF,0x53,0x69,0xFF,0x72,0x69,0xFF,0x71,0x61,0xFF,0x8F,0x59,0xFF,0x5F,0xFF,0xFF,0xFF,0xFF,0xFF,0xFF,0xFF,0xFF,0xDF,0xFF,0xFF,
    0xFF,0xFF,0xFF,0xFF,0xFF,0xFF,0xFF,0xFF,0xFF,0xDE,0xF7,0xFF,0xFF,0xFF,0xFF,0xDF,0xFF,0xFF,0xDF,0xFF,0xFF,0x5F,0xFF,0xFF,0x33,0x83,0xFF,0x6E,0x59,0xFF,0x91,0x69,0xFF,0x72,0x69,0xFF,
    0x53,0x69,0xFF,0xF1,0x60,0xFF,0xB3,0x71,0xFF,0x91,0x69,0xFF,0x8F,0x61,0xFF,0xAE,0x61,0xFF,0x77,0xAC,0xFF,0x9F,0xFF,0xFF,0xBF,0xFF,0xFF,0xFF,0xFF,0xFF,0xFF,0xFF,0xFF,0xFF,0xFF,0xFF,
    0xFF,0xFF,0xFF,0xFF,0xFF,0xFF,0xFF,0xFF,0xFF,0xFF,0xFF,0xFF,0xFE,0xFF,0xFF,0xDD,0xF7,0xFF,0xBE,0xF7,0xFF,0xDF,0xFF,0xFF,0xDF,0xFF,0xFF,0xFF,0xFF,0xFF,0xFF,0xFF,0xFF,0xDE,0xFF,0xFF,
    0xDF,0xFF,0xFF,0x9F,0xFF,0xFF,0x7F,0xFF,0xFF,0x57,0xA4,0xFF,0xF0,0x61,0xFF,0xB0,0x61,0xFF,0xD1,0x71,0xFF,0x51,0x69,0xFF,0xF0,0x60,0xFF,0x51,0x69,0xFF,0xB1,0x71,0xFF,0xB0,0x69,0xFF,
    0x8E,0x59,0xFF,0x12,0x83,0xFF,0x9F,0xFF,0xFF,0xBF,0xFF,0xFF,0xDF,0xFF,0xFF,0xBF,0xFF,0xFF,0xBE,0xFF,0xFF,0x9D,0xF7,0xFF,0xFF,0xFF,0xFF,0xFF,0xFF,0xFF,0xFF,0xFF,0xFF,0xFF,0xFF,0xFF,
    0xDF,0xFF,0xFF,0xBF,0xFF,0xFF,0x2F,0x62,0xFF,0x8F,0x59,0xFF,0x50,0x61,0xFF,0x71,0x69,0xFF,0x52,0x69,0xFF,0x31,0x69,0xFF,0x72,0x69,0xFF,0x30,0x59,0xFF,0xB0,0x61,0xFF,0x30,0x72,0xFF,
    0x1D,0xE6,0xFF,0x5F,0xFF,0xFF,0x9F,0xFF,0xFF,0x6C,0x51,0xFF,0x90,0x69,0xFF,0x51,0x69,0xFF,0x52,0x69,0xFF,0x52,0x69,0xFF,0x73,0x69,0xFF,0x72,0x69,0xFF,0x71,0x69,0xFF,0x50,0x61,0xFF,
    0x50,0x69,0xFF,0x51,0x69,0xFF,0x52,0x71,0xFF,0x53,0x69,0xFF,0x53,0x69,0xFF,0x52,0x69,0xFF,0x51,0x69,0xFF,0x70,0x61,0xFF,0xAD,0x59,0xFF,0xD3,0x93,0xFF,0x9F,0xFF,0xFF,0xDF,0xFF,0xFF,
    0xBF,0xFF,0xFF,0x7F,0xFF,0xFF,0xED,0x51,0xFF,0xEF,0x61,0xFF,0x91,0x61,0xFF,0x52,0x61,0xFF,0x53,0x69,0xFF,0x33,0x69,0xFF,0x53,0x71,0xFF,0x71,0x69,0xFF,0x2F,0x61,0xFF,0xAE,0x61,0xFF,
    0x7E,0xE6,0xFF,0x9F,0xFF,0xFF,0x9F,0xFF,0xFF,0x73,0x9C,0xFF,0x8C,0x62,0xFF,0x2C,0x52,0xFF,0x0D,0x5A,0xFF,0xEF,0x61,0xFF,0x52,0x72,0xFF,0x70,0x61,0xFF,0x72,0x69,0xFF,0x32,0x69,0xFF,
    0x52,0x69,0xFF,0xF0,0x58,0xFF,0x92,0x69,0xFF,0x71,0x69,0xFF,0x90,0x61,0xFF,0xF0,0x69,0xFF,0x4C,0x51,0xFF,0x3F,0xFF,0xFF,0x5F,0xFF,0xFF,0x9F,0xFF,0xFF,0xCE,0x59,0xFF,0xD0,0x61,0xFF,
    0x70,0x61,0xFF,0x91,0x61,0xFF,0x92,0x71,0xFF,0x51,0x69,0xFF,0x30,0x61,0xFF,0x30,0x69,0xFF,0xB2,0x79,0xFF,0x90,0x69,0xFF,0xAD,0x59,0xFF,0xCD,0x51,0xFF,0xCD,0x51,0xFF,0xCE,0x51,0xFF,
    0xAE,0x51,0xFF,0xAE,0x51,0xFF,0xAE,0x59,0xFF,0xAE,0x59,0xFF,0x30,0x6A,0xFF,0x2B,0x49,0xFF,0x2E,0x6A,0xFF,0x9F,0xFF,0xFF,0x5F,0xFF,0xFF,0x9F,0xFF,0xFF,0xDF,0xFF,0xFF,0xBE,0xF7,0xFF,
    0xFF,0xFF,0xFF,0xFF,0xFF,0xFF,0xFF,0xFF,0xFF,0xDF,0xFF,0xFF,0xDF,0xFF,0xFF,0xBF,0xFF,0xFF,0x7F,0xFF,0xFF,0x6D,0x51,0xFF,0x6F,0x61,0xFF,0x91,0x69,0xFF,0x31,0x69,0xFF,0x31,0x69,0xFF,
    0x93,0x71,0xFF,0x31,0x61,0xFF,0x50,0x61,0xFF,0x91,0x69,0xFF,0x70,0x69,0xFF,0xB1,0x71,0xFF,0xB1,0x69,0xFF,0x70,0x69,0xFF,0x50,0x61,0xFF,0xCF,0x50,0xFF,0x14,0x82,0xFF,0x11,0x61,0xFF,
    0xF1,0x60,0xFF,0xB4,0x79,0xFF,0xF1,0x60,0xFF,0x10,0x61,0xFF,0xD2,0x71,0xFF,0x53,0x7A,0xFF,0xB7,0x9B,0xFF,0x99,0xB4,0xFF,0x7F,0xEE,0xFF,0x9F,0xFF,0xFF,0x9F,0xFF,0xFF,0x5F,0xFF,0xFF,
    0xDF,0xFF,0xFF,0xFF,0xFF,0xFF,0x9E,0xEF,0xFF,0xFF,0xFF,0xFF,0xFF,0xF7,0xFF,0xFF,0xF7,0xFF,0xFF,0xF7,0xFF,0xFF,0xFF,0xFF,0xFF,0xFF,0xFF,0xFF,0xFF,0xFF,0xFF,0xFF,0xFF,0xFF,0xFF,0xFF,
    0xFF,0xFF,0xFF,0xFF,0xFF,0xFF,0xFF,0xFF,0xFF,0xFF,0xFF,0xFF,0xFF,0xFF,0xFF,0xFF,0xFF,0xFF,0xFF,0xFF,0xFF,0xFF,0xFF,0xFF,0xBE,0xF7,0xFF,0xFF,0xFF,0xFF,0xFF,0xFF,0xFF,0xFF,0xFF,0xFF,
    0xBE,0xF7,0xFF,0xFF,0xFF,0xFF,0xFF,0xFF,0xFF,0x7D,0xEF,0xFF,0x45,0x29,0xFF,0x20,0x00,0xFF,0x00,0x00,0xFF,0x61,0x08,0xFF,0x00,0x00,0xFF,0x00,0x00,0xFF,0x00,0x00,0xFF,0x28,0x42,0xFF,
    0xFB,0xDE,0xFF,0x5D,0xEF,0xFF,0xDF,0xFF,0xFF,0xFF,0xFF,0xFF,0xBE,0xF7,0xFF,0x9E,0xF7,0xFF,0xBE,0xF7,0xFF,0xDF,0xFF,0xFF,0x55,0xAD,0xFF,0x00,0x00,0xFF,0xA0,0x31,0xFF,0xF3,0xF7,0xFF,
    0x4D,0xDF,0xFF,0xEE,0xF7,0xFF,0x2E,0xE7,0xFF,0xA2,0x73,0xFF,0x60,0x29,0xFF,0xE0,0x20,0xFF,0x80,0x10,0xFF,0x60,0x08,0xFF,0x60,0x00,0xFF,0x40,0x00,0xFF,0x40,0x00,0xFF,0x40,0x00,0xFF,
    0x60,0x08,0xFF,0x20,0x00,0xFF,0x00,0x00,0xFF,0x00,0x00,0xFF,0x00,0x00,0xFF,0x20,0x00,0xFF,0x80,0x10,0xFF,0x20,0x19,0xFF,0x2B,0xDF,0xFF,0xA9,0xEF,0xFF,0xE6,0xF7,0xFF,0xE3,0xEF,0xFF,
    0xE1,0xEF,0xFF,0xE0,0xEF,0xFF,0xE2,0xF7,0xFF,0xC0,0xEF,0xFF,0xE0,0xF7,0xFF,0xE0,0xF7,0xFF,0xE0,0xF7,0xFF,0xE1,0xF7,0xFF,0xE1,0xF7,0xFF,0xE1,0xF7,0xFF,0xE0,0xF7,0xFF,0xE1,0xF7,0xFF,
    0xC2,0xEF,0xFF,0x64,0xDF,0xFF,0xCB,0xEF,0xFF,0x6F,0xE7,0xFF,0x40,0x00,0xFF,0x60,0x08,0xFF,0x00,0x00,0xFF,0xB3,0x9C,0xFF,0xBE,0xF7,0xFF,0xBE,0xF7,0xFF,0xBE,0xF7,0xFF,0xBE,0xF7,0xFF,
    0xBE,0xF7,0xFF,0xBE,0xF7,0xFF,0xBE,0xF7,0xFF,0xBE,0xF7,0xFF,0xBE,0xF7,0xFF,0xBE,0xF7,0xFF,0xBE,0xF7,0xFF,0xBE,0xF7,0xFF,0xBE,0xF7,0xFF,0xBE,0xF7,0xFF,0xBE,0xF7,0xFF,0xBE,0xF7,0xFF,
    0xBE,0xF7,0xFF,0xBE,0xF7,0xFF,0xBE,0xF7,0xFF,0xBE,0xF7,0xFF,0xBE,0xF7,0xFF,0xBE,0xF7,0xFF,0xBE,0xF7,0xFF,0xBE,0xF7,0xFF,0x5D,0xEF,0xFF,0xDF,0xFF,0xFF,0xFF,0xFF,0xFF,0x34,0xA5,0xFF,
    0x61,0x08,0xFF,0x20,0x00,0xFF,0x20,0x00,0xFF,0xEB,0x5A,0xFF,0x3C,0xE7,0xFF,0x9E,0xF7,0xFF,0xBE,0xF7,0xFF,0xBE,0xF7,0xFF,0x9E,0xF7,0xFF,0xBE,0xF7,0xFF,0xDF,0xFF,0xFF,0xDF,0xFF,0xFF,
    0x9E,0xF7,0xFF,0x9E,0xF7,0xFF,0x9E,0xF7,0xFF,0xDF,0xFF,0xFF,0xFF,0xFF,0xFF,0x9E,0xF7,0xFF,0x7D,0xEF,0xFF,0x9E,0xF7,0xFF,0xDF,0xFF,0xFF,0x3C,0xE7,0xFF,0x7D,0xEF,0xFF,0x04,0x21,0xFF,
    0x00,0x00,0xFF,0x00,0x00,0xFF,0xE7,0x39,0xFF,0xFF,0xFF,0xFF,0xFF,0xFF,0xFF,0xFF,0xFF,0xFF,0xFF,0xFF,0xFF,0xFF,0xFF,0xFF,0xFF,0xFF,0xFF,0xFF,0xFF,0xFF,0xFF,0xFF,0xFF,0xFF,0xFF,0xFF,
    0xFF,0xFF,0xFF,0xFF,0xFF,0xFF,0xFF,0xFF,0xFF,0xFF,0xFF,0xFF,0xFF,0xFF,0xFF,0xFF,0xFF,0xFF,0xFF,0xFF,0xFF,0xFF,0xFF,0xFF,0xFF,0xFF,0xFF,0xFF,0xFF,0xFF,0xFF,0xFF,0xFF,0xFF,0xFF,0xFF,
    0xFF,0xFF,0xFF,0xFF,0xFF,0xFF,0xFF,0xFF,0xFF,0xFF,0xFF,0xFF,0xFF,0xFF,0xFF,0xFF,0xFF,0xFF,0xFE,0xF7,0xFF,0xFF,0xF7,0xFF,0xFF,0xFF,0xFF,0xFF,0xFF,0xFF,0x9E,0xEF,0xFF,0xFF,0xFF,0xFF,
    0xFF,0xFF,0xFF,0xBF,0xFF,0xFF,0x9F,0xFF,0xFF,0x9F,0xFF,0xFF,0xBF,0xFF,0xFF,0xDF,0xFF,0xFF,0x9F,0xFF,0xFF,0x7F,0xFF,0xFF,0x9F,0xFF,0xFF,0x9F,0xFF,0xFF,0xBF,0xFF,0xFF,0x7F,0xFF,0xFF,
    0x5F,0xFF,0xFF,0x7F,0xFF,0xFF,0x7F,0xFF,0xFF,0x1F,0xFF,0xFF,0xD3,0x82,0xFF,0x4F,0x59,0xFF,0x51,0x61,0xFF,0x72,0x69,0xFF,0x52,0x69,0xFF,0x52,0x69,0xFF,0x52,0x61,0xFF,0x72,0x61,0xFF,
    0x92,0x61,0xFF,0xD0,0x59,0xFF,0xFF,0xEE,0xFF,0xBF,0xFF,0xFF,0xFF,0xFF,0xFF,0xDF,0xFF,0xFF,0xFF,0xFF,0xFF,0xFF,0xFF,0xFF,0xFF,0xFF,0xFF,0xFF,0xFF,0xFF,0xFF,0xFF,0xFF,0xFF,0xFF,0xFF,
    0xDF,0xFF,0xFF,0x9F,0xFF,0xFF,0x0F,0x62,0xFF,0x90,0x61,0xFF,0x10,0x59,0xFF,0x52,0x69,0xFF,0x53,0x69,0xFF,0x32,0x61,0xFF,0x72,0x69,0xFF,0x50,0x61,0xFF,0xD0,0x69,0xFF,0x8D,0x59,0xFF,
    0x1F,0xFF,0xFF,0xBF,0xFF,0xFF,0xDF,0xFF,0xFF,0xFF,0xFF,0xFF,0xFF,0xFF,0xFF,0xFF,0xFF,0xFF,0xFF,0xFF,0xFF,0xFF,0xFF,0xFF,0xFF,0xFF,0xFF,0xFF,0xFF,0xFF,0xFE,0xFF,0xFF,0xFE,0xFF,0xFF,
    0xFF,0xFF,0xFF,0xFF,0xFF,0xFF,0xDF,0xFF,0xFF,0xBF,0xFF,0xFF,0xDF,0xFF,0xFF,0xFF,0xFF,0xFF,0xDF,0xFF,0xFF,0x9F,0xFF,0xFF,0xBF,0xFF,0xFF,0xCD,0x59,0xFF,0x2D,0x51,0xFF,0x4E,0x59,0xFF,
    0x70,0x69,0xFF,0x50,0x71,0xFF,0x92,0x79,0xFF,0x31,0x69,0xFF,0x71,0x69,0xFF,0x4F,0x59,0xFF,0xCF,0x61,0xFF,0xDF,0xF6,0xFF,0xBF,0xFF,0xFF,0x5F,0xFF,0xFF,0x3F,0xFF,0xFF,0xDF,0xFF,0xFF,
    0xDF,0xFF,0xFF,0xDF,0xFF,0xFF,0xFF,0xFF,0xFF,0x9E,0xF7,0xFF,0xFF,0xFF,0xFF,0x5E,0xEF,0xFF,0xBF,0xFF,0xFF,0xDF,0xF6,0xFF,0xCF,0x59,0xFF,0xD1,0x69,0xFF,0x31,0x61,0xFF,0x52,0x69,0xFF,
    0x93,0x71,0xFF,0x52,0x69,0xFF,0xB3,0x71,0xFF,0x50,0x61,0xFF,0x8E,0x59,0xFF,0xAD,0x59,0xFF,0x7F,0xFF,0xFF,0x5F,0xFF,0xFF,0x9F,0xFF,0xFF,0xCD,0x59,0xFF,0x8F,0x69,0xFF,0x71,0x69,0xFF,
    0x52,0x69,0xFF,0x52,0x69,0xFF,0x72,0x69,0xFF,0x72,0x69,0xFF,0x71,0x69,0xFF,0x50,0x69,0xFF,0x71,0x69,0xFF,0x72,0x71,0xFF,0x52,0x71,0xFF,0x33,0x69,0xFF,0x32,0x69,0xFF,0x52,0x69,0xFF,
    0x51,0x61,0xFF,0x6F,0x59,0xFF,0x0E,0x62,0xFF,0xBE,0xEE,0xFF,0xBF,0xFF,0xFF,0xBF,0xFF,0xFF,0x9F,0xFF,0xFF,0x9F,0xFF,0xFF,0xAB,0x49,0xFF,0xCE,0x59,0xFF,0x90,0x61,0xFF,0x72,0x69,0xFF,
    0x53,0x71,0xFF,0x13,0x69,0xFF,0x73,0x71,0xFF,0x92,0x71,0xFF,0x4F,0x61,0xFF,0x8E,0x61,0xFF,0x8B,0x49,0xFF,0x9F,0xFF,0xFF,0xBF,0xFF,0xFF,0xDF,0xFF,0xFF,0xBF,0xFF,0xFF,0xDF,0xFF,0xFF,
    0x9F,0xFF,0xFF,0x5F,0xFF,0xFF,0xDF,0xFE,0xFF,0x70,0x61,0xFF,0x91,0x61,0xFF,0x92,0x69,0xFF,0x72,0x69,0xFF,0x51,0x61,0xFF,0x71,0x61,0xFF,0x50,0x61,0xFF,0x90,0x61,0xFF,0xCF,0x61,0xFF,
    0x32,0x8B,0xFF,0x7F,0xFF,0xFF,0x7F,0xFF,0xFF,0x9F,0xF6,0xFF,0x8D,0x59,0xFF,0x90,0x59,0xFF,0x71,0x61,0xFF,0x52,0x69,0xFF,0x72,0x71,0xFF,0x51,0x69,0xFF,0x71,0x69,0xFF,0x91,0x71,0xFF,
    0x0F,0x61,0xFF,0xD0,0x69,0xFF,0x5F,0xFF,0xFF,0x9F,0xFF,0xFF,0x9F,0xFF,0xFF,0x9F,0xFF,0xFF,0x9F,0xFF,0xFF,0x7F,0xFF,0xFF,0x7F,0xFF,0xFF,0x9F,0xFF,0xFF,0x7F,0xFF,0xFF,0xBF,0xFF,0xFF,
    0x1F,0xFF,0xFF,0xDF,0xFF,0xFF,0xDF,0xFF,0xFF,0xBE,0xF7,0xFF,0xFF,0xFF,0xFF,0xFF,0xFF,0xFF,0xBE,0xF7,0xFF,0xDF,0xFF,0xFF,0xBF,0xFF,0xFF,0xDF,0xFF,0xFF,0xDF,0xFF,0xFF,0x7F,0xFF,0xFF,
    0x36,0xA4,0xFF,0xCF,0x61,0xFF,0x4F,0x61,0xFF,0x72,0x69,0xFF,0x72,0x71,0xFF,0x32,0x69,0xFF,0x93,0x71,0xFF,0x10,0x61,0xFF,0x91,0x69,0xFF,0x90,0x61,0xFF,0x32,0x7A,0xFF,0xF0,0x69,0xFF,
    0x8F,0x61,0xFF,0x8F,0x61,0xFF,0x4F,0x59,0xFF,0x13,0x7A,0xFF,0x10,0x61,0xFF,0x72,0x69,0xFF,0xB4,0x79,0xFF,0xD0,0x60,0xFF,0x73,0x71,0xFF,0x14,0x7A,0xFF,0x2F,0x59,0xFF,0x36,0x93,0xFF,
    0xFF,0xFE,0xFF,0x7F,0xFF,0xFF,0x5F,0xFF,0xFF,0xBF,0xFF,0xFF,0xBF,0xFF,0xFF,0xBF,0xFF,0xFF,0x9F,0xF7,0xFF,0xFF,0xFF,0xFF,0xFF,0xFF,0xFF,0xBE,0xF7,0xFF,0xFF,0xF7,0xFF,0xFF,0xF7,0xFF,
    0xFF,0xF7,0xFF,0xFF,0xFF,0xFF,0xFF,0xFF,0xFF,0xFF,0xFF,0xFF,0xFF,0xFF,0xFF,0xFF,0xFF,0xFF,0xFF,0xFF,0xFF,0xFF,0xFF,0xFF,0xFF,0xFF,0xFF,0xFF,0xFF,0xFF,0xFF,0xFF,0xFF,0xFF,0xFF,0xFF,
    0xFF,0xFF,0xFF,0xFF,0xFF,0xFF,0xFF,0xFF,0xFF,0xFF,0xFF,0xFF,0xFF,0xFF,0xFF,0xDF,0xFF,0xFF,0xFF,0xFF,0xFF,0x7D,0xEF,0xFF,0xFF,0xFF,0xFF,0xBE,0xF7,0xFF,0xFF,0xFF,0xFF,0x7D,0xEF,0xFF,
    0x49,0x4A,0xFF,0x00,0x00,0xFF,0x20,0x00,0xFF,0x20,0x00,0xFF,0x20,0x00,0xFF,0x41,0x08,0xFF,0x00,0x00,0xFF,0x20,0x00,0xFF,0x69,0x4A,0xFF,0x59,0xCE,0xFF,0xFF,0xFF,0xFF,0x9E,0xF7,0xFF,
    0xBE,0xF7,0xFF,0x9E,0xF7,0xFF,0xA8,0x39,0xFF,0xA2,0x18,0xFF,0x6C,0x8C,0xFF,0x0C,0x9D,0xFF,0xA0,0x29,0xFF,0x40,0x00,0xFF,0x20,0x00,0xFF,0x60,0x08,0xFF,0x00,0x00,0xFF,0x00,0x00,0xFF,
    0x00,0x00,0xFF,0x40,0x00,0xFF,0x60,0x08,0xFF,0x40,0x00,0xFF,0x01,0x00,0xFF,0x01,0x00,0xFF,0x00,0x00,0xFF,0x00,0x00,0xFF,0x00,0x00,0xFF,0x01,0x00,0xFF,0x01,0x00,0xFF,0x00,0x00,0xFF,
    0x00,0x00,0xFF,0x40,0x00,0xFF,0xE4,0x73,0xFF,0xAF,0xEF,0xFF,0x69,0xDF,0xFF,0xE7,0xEF,0xFF,0xC4,0xEF,0xFF,0xE2,0xEF,0xFF,0xE2,0xEF,0xFF,0xE1,0xF7,0xFF,0xE0,0xF7,0xFF,0xE0,0xF7,0xFF,
    0xE1,0xF7,0xFF,0xE2,0xF7,0xFF,0xE1,0xF7,0xFF,0xE1,0xF7,0xFF,0xE0,0xEF,0xFF,0xE0,0xEF,0xFF,0xE1,0xF7,0xFF,0xE4,0xF7,0xFF,0xC7,0xEF,0xFF,0x4A,0xDF,0xFF,0xE0,0x52,0xFF,0x20,0x00,0xFF,
    0x20,0x08,0xFF,0x8E,0x73,0xFF,0xBE,0xF7,0xFF,0xBE,0xF7,0xFF,0xBE,0xF7,0xFF,0xBE,0xF7,0xFF,0xBE,0xF7,0xFF,0xBE,0xF7,0xFF,0xBE,0xF7,0xFF,0xBE,0xF7,0xFF,0xBE,0xF7,0xFF,0xBE,0xF7,0xFF,
    0xBE,0xF7,0xFF,0xBE,0xF7,0xFF,0xBE,0xF7,0xFF,0xBE,0xF7,0xFF,0xBE,0xF7,0xFF,0xBE,0xF7,0xFF,0xBE,0xF7,0xFF,0xBE,0xF7,0xFF,0xBE,0xF7,0xFF,0xBE,0xF7,0xFF,0xBE,0xF7,0xFF,0xBE,0xF7,0xFF,
    0xBE,0xF7,0xFF,0xBE,0xF7,0xFF,0xDF,0xFF,0xFF,0xBA,0xD6,0xFF,0x61,0x08,0xFF,0xE7,0x39,0xFF,0xD7,0xBD,0xFF,0x9E,0xF7,0xFF,0x9E,0xF7,0xFF,0x9E,0xF7,0xFF,0x9E,0xF7,0xFF,0x7D,0xEF,0xFF,
    0x9E,0xF7,0xFF,0xDF,0xFF,0xFF,0xBE,0xF7,0xFF,0xBE,0xF7,0xFF,0xBE,0xF7,0xFF,0x9E,0xF7,0xFF,0xFF,0xFF,0xFF,0x7D,0xEF,0xFF,0x9E,0xF7,0xFF,0xFF,0xFF,0xFF,0x9E,0xF7,0xFF,0x7D,0xEF,0xFF,
    0xFF,0xFF,0xFF,0xDF,0xFF,0xFF,0xDF,0xFF,0xFF,0xBE,0xF7,0xFF,0x34,0xA5,0xFF,0x00,0x00,0xFF,0x82,0x10,0xFF,0x00,0x00,0xFF,0x5D,0xEF,0xFF,0xFF,0xFF,0xFF,0xFF,0xFF,0xFF,0xFF,0xFF,0xFF,
    0xFF,0xFF,0xFF,0xFF,0xFF,0xFF,0xFF,0xFF,0xFF,0xFF,0xFF,0xFF,0xFF,0xFF,0xFF,0xFF,0xFF,0xFF,0xFF,0xFF,0xFF,0xFF,0xFF,0xFF,0xFF,0xFF,0xFF,0xFF,0xFF,0xFF,0xFF,0xFF,0xFF,0xFF,0xFF,0xFF,
    0xFF,0xFF,0xFF,0xFF,0xFF,0xFF,0xFF,0xFF,0xFF,0xFF,0xFF,0xFF,0xFF,0xFF,0xFF,0xFF,0xFF,0xFF,0xFF,0xFF,0xFF,0xFF,0xFF,0xFF,0xFF,0xFF,0xFF,0xFF,0xFF,0xFF,0xFF,0xFF,0xFF,0xFF,0xFF,0xFF,
    0xFD,0xF7,0xFF,0xFE,0xF7,0xFF,0x9E,0xEF,0xFF,0xFF,0xFF,0xFF,0xFF,0xFF,0xFF,0xDF,0xFF,0xFF,0xDF,0xFF,0xFF,0xBF,0xFF,0xFF,0xBF,0xFF,0xFF,0x9F,0xFF,0xFF,0xBF,0xFF,0xFF,0x9F,0xFF,0xFF,
    0xBE,0xFF,0xFF,0xFF,0xFF,0xFF,0xDF,0xFF,0xFF,0xBF,0xFF,0xFF,0xBF,0xFF,0xFF,0xDF,0xFF,0xFF,0xDF,0xFF,0xFF,0xBF,0xFF,0xFF,0x9F,0xFF,0xFF,0x5F,0xFF,0xFF,0x54,0x93,0xFF,0xCF,0x69,0xFF,
    0x6F,0x61,0xFF,0x70,0x69,0xFF,0x71,0x69,0xFF,0x51,0x69,0xFF,0x70,0x61,0xFF,0x90,0x61,0xFF,0xB0,0x61,0xFF,0xEE,0x59,0xFF,0xDE,0xEE,0xFF,0xBF,0xFF,0xFF,0xFF,0xFF,0xFF,0xDF,0xFF,0xFF,
    0xFF,0xFF,0xFF,0xFF,0xFF,0xFF,0xFF,0xFF,0xFF,0xFF,0xFF,0xFF,0xFF,0xFF,0xFF,0xDF,0xFF,0xFF,0xBF,0xFF,0xFF,0xBB,0xCD,0xFF,0xEF,0x61,0xFF,0xD1,0x69,0xFF,0x31,0x69,0xFF,0x52,0x69,0xFF,
    0x73,0x69,0xFF,0x53,0x69,0xFF,0x51,0x61,0xFF,0x70,0x61,0xFF,0x8E,0x61,0xFF,0xB0,0x7A,0xFF,0xBF,0xFF,0xFF,0x9F,0xFF,0xFF,0xFF,0xFF,0xFF,0xFF,0xFF,0xFF,0xFF,0xFF,0xFF,0xFF,0xFF,0xFF,
    0xFF,0xFF,0xFF,0xFF,0xFF,0xFF,0xFF,0xFF,0xFF,0xFF,0xFF,0xFF,0xDD,0xFF,0xFF,0xFE,0xFF,0xFF,0xFF,0xFF,0xFF,0xDF,0xFF,0xFF,0xDF,0xFF,0xFF,0xBF,0xFF,0xFF,0xBF,0xFF,0xFF,0x9F,0xFF,0xFF,
    0xBF,0xFF,0xFF,0x7F,0xFF,0xFF,0xBF,0xF6,0xFF,0xEF,0x61,0xFF,0xF1,0x69,0xFF,0xD1,0x71,0xFF,0x90,0x71,0xFF,0x30,0x69,0xFF,0x31,0x69,0xFF,0x31,0x69,0xFF,0xB2,0x71,0xFF,0x2E,0x51,0xFF,
    0x10,0x62,0xFF,0x9F,0xFF,0xFF,0x3F,0xFF,0xFF,0xBF,0xFF,0xFF,0xBF,0xFF,0xFF,0xBF,0xFF,0xFF,0x5F,0xFF,0xFF,0xDF,0xFF,0xFF,0x5E,0xFF,0xFF,0xDF,0xFF,0xFF,0xDF,0xFF,0xFF,0xDF,0xFF,0xFF,
    0x5F,0xFF,0xFF,0x16,0xA4,0xFF,0xB0,0x59,0xFF,0xB2,0x69,0xFF,0x52,0x69,0xFF,0x52,0x69,0xFF,0x72,0x71,0xFF,0x72,0x69,0xFF,0x30,0x61,0xFF,0xF2,0x71,0xFF,0xCF,0x61,0xFF,0x93,0x93,0xFF,
    0x7F,0xFF,0xFF,0x9F,0xFF,0xFF,0x7F,0xFF,0xFF,0xB0,0x72,0xFF,0x6F,0x69,0xFF,0x71,0x69,0xFF,0x72,0x69,0xFF,0x72,0x69,0xFF,0x72,0x61,0xFF,0x72,0x61,0xFF,0x71,0x69,0xFF,0x71,0x69,0xFF,
    0x51,0x69,0xFF,0x31,0x71,0xFF,0x32,0x71,0xFF,0x32,0x69,0xFF,0x53,0x69,0xFF,0x92,0x69,0xFF,0x91,0x69,0xFF,0xAE,0x59,0xFF,0x0D,0x5A,0xFF,0xBF,0xFF,0xFF,0xBF,0xFF,0xFF,0xFF,0xFF,0xFF,
    0xDF,0xFF,0xFF,0x9F,0xFF,0xFF,0xCF,0x72,0xFF,0xAD,0x51,0xFF,0x90,0x61,0xFF,0x72,0x69,0xFF,0x74,0x71,0xFF,0x13,0x69,0xFF,0x32,0x69,0xFF,0x92,0x71,0xFF,0x70,0x69,0xFF,0xB0,0x69,0xFF,
    0x30,0x6A,0xFF,0x6F,0x6A,0xFF,0x7F,0xFF,0xFF,0x9F,0xFF,0xFF,0x9F,0xFF,0xFF,0x5F,0xFF,0xFF,0x5F,0xFF,0xFF,0x5F,0xFF,0xFF,0xBF,0xFE,0xFF,0x6F,0x59,0xFF,0x70,0x61,0xFF,0x91,0x69,0xFF,
    0x92,0x69,0xFF,0x71,0x69,0xFF,0x91,0x69,0xFF,0x90,0x61,0xFF,0x8F,0x59,0xFF,0xCE,0x59,0xFF,0x9F,0xF6,0xFF,0x7F,0xFF,0xFF,0x9F,0xFF,0xFF,0x32,0x8B,0xFF,0xAE,0x59,0xFF,0xB1,0x61,0xFF,
    0x72,0x69,0xFF,0x32,0x61,0xFF,0x52,0x69,0xFF,0x92,0x71,0xFF,0x71,0x69,0xFF,0x70,0x69,0xFF,0x50,0x61,0xFF,0x5D,0xDD,0xFF,0x5F,0xFF,0xFF,0x9F,0xFF,0xFF,0xBF,0xFF,0xFF,0xBF,0xFF,0xFF,
    0x9F,0xFF,0xFF,0x9F,0xFF,0xFF,0xBF,0xFF,0xFF,0xBF,0xFF,0xFF,0x5F,0xFF,0xFF,0xBF,0xFF,0xFF,0xBF,0xFF,0xFF,0xBF,0xFF,0xFF,0x7E,0xFF,0xFF,0xFF,0xFF,0xFF,0xDE,0xFF,0xFF,0x9D,0xF7,0xFF,
    0xBF,0xFF,0xFF,0xFF,0xFF,0xFF,0xDF,0xFF,0xFF,0x7F,0xFF,0xFF,0x7F,0xFF,0xFF,0x9F,0xFF,0xFF,0x6C,0x51,0xFF,0xF1,0x71,0xFF,0xB2,0x71,0xFF,0x52,0x69,0xFF,0x73,0x71,0xFF,0x32,0x69,0xFF,
    0x72,0x69,0xFF,0x50,0x61,0xFF,0xD1,0x69,0xFF,0xAF,0x61,0xFF,0x1F,0xFF,0xFF,0x3F,0xFF,0xFF,0x33,0x83,0xFF,0xAE,0x59,0xFF,0x8F,0x59,0xFF,0xB0,0x61,0xFF,0x70,0x61,0xFF,0x51,0x69,0xFF,
    0x11,0x61,0xFF,0x52,0x71,0xFF,0x31,0x69,0xFF,0x10,0x59,0xFF,0x91,0x69,0xFF,0xD0,0x61,0xFF,0x96,0x93,0xFF,0x9F,0xFF,0xFF,0x9F,0xFF,0xFF,0x9F,0xFF,0xFF,0x7E,0xF7,0xFF,0xFF,0xFF,0xFF,
    0xDF,0xFF,0xFF,0xDE,0xFF,0xFF,0xFF,0xFF,0xFF,0xFF,0xFF,0xFF,0xFF,0xFF,0xFF,0xFF,0xFF,0xFF,0xFF,0xFF,0xFF,0xFF,0xFF,0xFF,0xFF,0xFF,0xFF,0xFF,0xFF,0xFF,0xFF,0xFF,0xFF,0xFF,0xFF,0xFF,
    0xFF,0xFF,0xFF,0xFF,0xFF,0xFF,0xFF,0xFF,0xFF,0xFF,0xFF,0xFF,0xFF,0xFF,0xFF,0xFF,0xFF,0xFF,0xFF,0xFF,0xFF,0xFF,0xFF,0xFF,0xDF,0xFF,0xFF,0xBE,0xF7,0xFF,0xFF,0xFF,0xFF,0xDF,0xFF,0xFF,
    0xDF,0xFF,0xFF,0xFF,0xFF,0xFF,0xDF,0xFF,0xFF,0xFF,0xFF,0xFF,0x7D,0xEF,0xFF,0xFF,0xFF,0xFF,0xFF,0xFF,0xFF,0xBE,0xF7,0xFF,0x71,0x8C,0xFF,0x00,0x00,0xFF,0x20,0x00,0xFF,0x00,0x00,0xFF,
    0x20,0x00,0xFF,0x00,0x00,0xFF,0x00,0x00,0xFF,0x41,0x08,0xFF,0x20,0x00,0xFF,0x86,0x31,0xFF,0x75,0xAD,0xFF,0xDF,0xFF,0xFF,0x23,0x08,0xFF,0x01,0x00,0xFF,0x00,0x00,0xFF,0xA0,0x10,0xFF,
    0x80,0x08,0xFF,0x20,0x00,0xFF,0x60,0x08,0xFF,0x41,0x08,0xFF,0x41,0x08,0xFF,0x21,0x00,0xFF,0x00,0x00,0xFF,0x00,0x00,0xFF,0x00,0x00,0xFF,0x00,0x00,0xFF,0x00,0x00,0xFF,0x21,0x00,0xFF,
    0x20,0x00,0xFF,0x20,0x00,0xFF,0x01,0x00,0xFF,0x01,0x00,0xFF,0x02,0x00,0xFF,0x02,0x00,0xFF,0x21,0x08,0xFF,0x60,0x08,0xFF,0x40,0x08,0xFF,0xC0,0x10,0xFF,0x0A,0xBE,0xFF,0xAC,0xE7,0xFF,
    0xC8,0xEF,0xFF,0x84,0xE7,0xFF,0xE3,0xEF,0xFF,0xE1,0xEF,0xFF,0xE1,0xF7,0xFF,0xE1,0xF7,0xFF,0xE2,0xF7,0xFF,0xE2,0xF7,0xFF,0xC2,0xF7,0xFF,0xC1,0xF7,0xFF,0xE1,0xF7,0xFF,0xE0,0xEF,0xFF,
    0xE2,0xFF,0xFF,0xC0,0xE7,0xFF,0xA3,0xE7,0xFF,0xEA,0xF7,0xFF,0x09,0xBE,0xFF,0xA0,0x08,0xFF,0x40,0x08,0xFF,0x0D,0x63,0xFF,0xBE,0xF7,0xFF,0xBE,0xF7,0xFF,0xBE,0xF7,0xFF,0xBE,0xF7,0xFF,
    0xBE,0xF7,0xFF,0xBE,0xF7,0xFF,0xBE,0xF7,0xFF,0xBE,0xF7,0xFF,0xBE,0xF7,0xFF,0xBE,0xF7,0xFF,0xBE,0xF7,0xFF,0xBE,0xF7,0xFF,0xBE,0xF7,0xFF,0xBE,0xF7,0xFF,0xBE,0xF7,0xFF,0xBE,0xF7,0xFF,
    0xBE,0xF7,0xFF,0xBE,0xF7,0xFF,0xBE,0xF7,0xFF,0xBE,0xF7,0xFF,0xBE,0xF7,0xFF,0xBE,0xF7,0xFF,0xBE,0xF7,0xFF,0xBE,0xF7,0xFF,0xF7,0xBD,0xFF,0x3C,0xE7,0xFF,0xFF,0xFF,0xFF,0xDF,0xFF,0xFF,
    0x7D,0xEF,0xFF,0xFF,0xFF,0xFF,0xBE,0xF7,0xFF,0xDF,0xFF,0xFF,0xDF,0xFF,0xFF,0xBE,0xF7,0xFF,0xDF,0xFF,0xFF,0xFF,0xFF,0xFF,0x9E,0xF7,0xFF,0x7D,0xEF,0xFF,0xBE,0xF7,0xFF,0xFF,0xFF,0xFF,
    0xBE,0xF7,0xFF,0xFF,0xFF,0xFF,0x9E,0xF7,0xFF,0x9E,0xF7,0xFF,0x9E,0xF7,0xFF,0xBE,0xF7,0xFF,0xDF,0xFF,0xFF,0x3C,0xE7,0xFF,0xBE,0xF7,0xFF,0x5D,0xEF,0xFF,0x00,0x00,0xFF,0x00,0x00,0xFF,
    0x00,0x00,0xFF,0x4D,0x6B,0xFF,0xDF,0xFF,0xFF,0xFF,0xFF,0xFF,0xFF,0xFF,0xFF,0xFF,0xFF,0xFF,0xFF,0xFF,0xFF,0xFF,0xFF,0xFF,0xFF,0xFF,0xFF,0xFF,0xFF,0xFF,0xFF,0xFF,0xFF,0xFF,0xFF,0xFF,
    0xFF,0xFF,0xFF,0xFF,0xFF,0xFF,0xFF,0xFF,0xFF,0xFF,0xFF,0xFF,0xFF,0xFF,0xFF,0xFF,0xFF,0xFF,0xFF,0xFF,0xFF,0xFF,0xFF,0xFF,0xFF,0xFF,0xFF,0xFF,0xFF,0xFF,0xFF,0xFF,0xFF,0xFF,0xFF,0xFF,
    0xFF,0xFF,0xFF,0xFF,0xFF,0xFF,0xFF,0xFF,0xFF,0xFF,0xFF,0xFF,0xFF,0xFF,0xFF,0xFF,0xFF,0xFF,0xFF,0xFF,0xFF,0xFF,0xFF,0xFF,0xDF,0xFF,0xFF,0x9F,0xFF,0xFF,0x7F,0xF7,0xFF,0xBF,0xFF,0xFF,
    0x5F,0xF7,0xFF,0xDF,0xFF,0xFF,0x9F,0xFF,0xFF,0x7F,0xFF,0xFF,0xBF,0xFF,0xFF,0xBF,0xFF,0xFF,0xBF,0xFF,0xFF,0x9F,0xFF,0xFF,0x9F,0xFF,0xFF,0x7F,0xFF,0xFF,0xBF,0xFF,0xFF,0x9F,0xFF,0xFF,
    0x5F,0xFF,0xFF,0x3F,0xFF,0xFF,0x3F,0xFF,0xFF,0xFF,0xFE,0xFF,0x75,0x9B,0xFF,0x6E,0x61,0xFF,0x90,0x69,0xFF,0x70,0x69,0xFF,0x51,0x69,0xFF,0x71,0x69,0xFF,0x91,0x69,0xFF,0xB0,0x61,0xFF,
    0x8F,0x59,0xFF,0xAD,0x51,0xFF,0x1F,0xF7,0xFF,0xDF,0xFF,0xFF,0xFF,0xFF,0xFF,0xDF,0xFF,0xFF,0xFF,0xFF,0xFF,0xFE,0xFF,0xFF,0xFE,0xFF,0xFF,0xFF,0xFF,0xFF,0xFF,0xFF,0xFF,0xFF,0xFF,0xFF,
    0x7F,0xFF,0xFF,0xF0,0x72,0xFF,0x8E,0x59,0xFF,0x2F,0x59,0xFF,0x93,0x71,0xFF,0x73,0x71,0xFF,0x53,0x69,0xFF,0x32,0x61,0xFF,0x71,0x61,0xFF,0xD1,0x69,0xFF,0x6D,0x59,0xFF,0x5A,0xCD,0xFF,
    0x9F,0xFF,0xFF,0xDF,0xFF,0xFF,0xFF,0xFF,0xFF,0xFF,0xFF,0xFF,0xFF,0xFF,0xFF,0xFF,0xFF,0xFF,0xFF,0xFF,0xFF,0xFF,0xFF,0xFF,0xFF,0xFF,0xFF,0xFF,0xFF,0xFF,0xFE,0xFF,0xFF,0xFF,0xFF,0xFF,
    0xFF,0xFF,0xFF,0x7F,0xFF,0xFF,0x7F,0xFF,0xFF,0x9F,0xFF,0xFF,0x7F,0xFF,0xFF,0x9F,0xFF,0xFF,0x5F,0xFF,0xFF,0xDF,0xFE,0xFF,0x75,0x93,0xFF,0x90,0x61,0xFF,0x50,0x59,0xFF,0x30,0x61,0xFF,
    0x70,0x69,0xFF,0x51,0x69,0xFF,0x73,0x79,0xFF,0x52,0x71,0xFF,0x92,0x69,0xFF,0xD1,0x69,0xFF,0xF8,0xA3,0xFF,0x5F,0xFF,0xFF,0x3F,0xFF,0xFF,0x5F,0xFF,0xFF,0x7F,0xFF,0xFF,0x1F,0xFF,0xFF,
    0x3F,0xFF,0xFF,0x9F,0xFF,0xFF,0x9F,0xFF,0xFF,0x3F,0xF7,0xFF,0xDF,0xFF,0xFF,0x9F,0xFF,0xFF,0x9F,0xFF,0xFF,0x2F,0x6A,0xFF,0x4F,0x59,0xFF,0x31,0x59,0xFF,0x52,0x69,0xFF,0x32,0x69,0xFF,
    0x31,0x69,0xFF,0x51,0x69,0xFF,0x10,0x59,0xFF,0xD1,0x69,0xFF,0x8D,0x51,0xFF,0x1F,0xFF,0xFF,0xBF,0xFF,0xFF,0xDF,0xFF,0xFF,0x9F,0xFF,0xFF,0x16,0x9C,0xFF,0x8F,0x61,0xFF,0x71,0x69,0xFF,
    0x72,0x69,0xFF,0x72,0x69,0xFF,0x52,0x61,0xFF,0x51,0x61,0xFF,0x71,0x69,0xFF,0x71,0x71,0xFF,0x31,0x69,0xFF,0x31,0x71,0xFF,0x12,0x71,0xFF,0x53,0x71,0xFF,0x73,0x71,0xFF,0x92,0x69,0xFF,
    0xB0,0x61,0xFF,0xAE,0x59,0xFF,0x55,0xA4,0xFF,0x9F,0xFF,0xFF,0x9F,0xFF,0xFF,0xDF,0xFF,0xFF,0xFF,0xFF,0xFF,0xBF,0xFF,0xFF,0x58,0xBD,0xFF,0xAC,0x51,0xFF,0x90,0x61,0xFF,0x72,0x69,0xFF,
    0x73,0x71,0xFF,0x13,0x69,0xFF,0x32,0x69,0xFF,0x72,0x69,0xFF,0x50,0x61,0xFF,0xB1,0x69,0xFF,0x8F,0x61,0xFF,0x0C,0x49,0xFF,0x50,0x72,0xFF,0x5F,0xFF,0xFF,0xDF,0xF6,0xFF,0x7F,0xFF,0xFF,
    0x7F,0xFF,0xFF,0x5F,0xFF,0xFF,0x51,0x72,0xFF,0x6F,0x59,0xFF,0x91,0x61,0xFF,0x51,0x61,0xFF,0x71,0x69,0xFF,0x10,0x61,0xFF,0x92,0x71,0xFF,0x90,0x69,0xFF,0xCF,0x61,0xFF,0x0E,0x5A,0xFF,
    0xBF,0xFF,0xFF,0x5F,0xFF,0xFF,0x7F,0xFF,0xFF,0x8B,0x51,0xFF,0xD0,0x61,0xFF,0x92,0x69,0xFF,0x73,0x69,0xFF,0x74,0x71,0xFF,0x53,0x69,0xFF,0x51,0x69,0xFF,0x0F,0x61,0xFF,0x90,0x69,0xFF,
    0xD1,0x71,0xFF,0x7F,0xFE,0xFF,0x5F,0xFF,0xFF,0x7F,0xFF,0xFF,0x9F,0xFF,0xFF,0x9F,0xFF,0xFF,0x9F,0xFF,0xFF,0x9F,0xFF,0xFF,0x9F,0xFF,0xFF,0x9F,0xFF,0xFF,0xBF,0xFF,0xFF,0x3F,0xFF,0xFF,
    0x9F,0xFF,0xFF,0xBF,0xFF,0xFF,0xBF,0xFF,0xFF,0x7F,0xFF,0xFF,0x5F,0xFF,0xFF,0xDF,0xFF,0xFF,0xDF,0xFF,0xFF,0xBF,0xFF,0xFF,0x3E,0xF7,0xFF,0xBF,0xFF,0xFF,0xBF,0xFF,0xFF,0x9F,0xF6,0xFF,
    0xCF,0x61,0xFF,0x4F,0x59,0xFF,0x92,0x71,0xFF,0x11,0x61,0xFF,0x32,0x69,0xFF,0x32,0x69,0xFF,0x92,0x71,0xFF,0x91,0x69,0xFF,0x6F,0x61,0xFF,0x10,0x6A,0xFF,0x3F,0xFF,0xFF,0x7F,0xFF,0xFF,
    0x1F,0xF7,0xFF,0xB4,0x93,0xFF,0xEE,0x59,0xFF,0x8E,0x59,0xFF,0x90,0x61,0xFF,0x10,0x59,0xFF,0x93,0x71,0xFF,0x72,0x71,0xFF,0x73,0x71,0xFF,0x51,0x69,0xFF,0xB1,0x69,0xFF,0x8F,0x59,0xFF,
    0xCF,0x59,0xFF,0x57,0xA4,0xFF,0x9F,0xFF,0xFF,0xDF,0xFF,0xFF,0x9E,0xF7,0xFF,0xFF,0xFF,0xFF,0xFF,0xFF,0xFF,0xFE,0xFF,0xFF,0xFF,0xFF,0xFF,0xFF,0xFF,0xFF,0xFF,0xFF,0xFF,0xFF,0xFF,0xFF,
    0xFF,0xFF,0xFF,0xFF,0xFF,0xFF,0xFF,0xFF,0xFF,0xFF,0xFF,0xFF,0xFF,0xFF,0xFF,0xFF,0xFF,0xFF,0xFF,0xFF,0xFF,0xFF,0xFF,0xFF,0xFF,0xFF,0xFF,0xFF,0xFF,0xFF,0xFF,0xFF,0xFF,0xFF,0xFF,0xFF,
    0xFF,0xFF,0xFF,0xFF,0xFF,0xFF,0xFF,0xFF,0xFF,0xFF,0xFF,0xFF,0xFF,0xFF,0xFF,0xFF,0xFF,0xFF,0xDF,0xFF,0xFF,0xFF,0xFF,0xFF,0xFF,0xFF,0xFF,0xFF,0xFF,0xFF,0xFF,0xFF,0xFF,0xDF,0xFF,0xFF,
    0xFF,0xFF,0xFF,0xFF,0xFF,0xFF,0xFF,0xFF,0xFF,0xFF,0xFF,0xFF,0xDB,0xDE,0xFF,0x8A,0x52,0xFF,0x00,0x00,0xFF,0x41,0x08,0xFF,0x00,0x00,0xFF,0x00,0x00,0xFF,0x00,0x00,0xFF,0x00,0x00,0xFF,
    0x20,0x00,0xFF,0x00,0x00,0xFF,0x02,0x00,0xFF,0x22,0x08,0xFF,0x62,0x08,0xFF,0x00,0x00,0xFF,0x00,0x00,0xFF,0x81,0x08,0xFF,0x00,0x00,0xFF,0x01,0x00,0xFF,0x01,0x00,0xFF,0x00,0x00,0xFF,
    0x20,0x00,0xFF,0x20,0x00,0xFF,0x20,0x00,0xFF,0x00,0x00,0xFF,0x00,0x00,0xFF,0x00,0x00,0xFF,0x00,0x00,0xFF,0x00,0x00,0xFF,0x00,0x00,0xFF,0x00,0x00,0xFF,0x01,0x00,0xFF,0x01,0x00,0xFF,
    0x01,0x00,0xFF,0x00,0x00,0xFF,0x00,0x00,0xFF,0x20,0x00,0xFF,0x60,0x08,0xFF,0xA0,0x29,0xFF,0xCD,0xEF,0xFF,0xEB,0xFF,0xFF,0xA5,0xE7,0xFF,0xC3,0xE7,0xFF,0xE2,0xEF,0xFF,0xE2,0xEF,0xFF,
    0xE2,0xF7,0xFF,0xE2,0xF7,0xFF,0xE2,0xF7,0xFF,0xE2,0xF7,0xFF,0xE2,0xF7,0xFF,0xE1,0xF7,0xFF,0xC0,0xEF,0xFF,0xA0,0xE7,0xFF,0xE5,0xF7,0xFF,0xE9,0xF7,0xFF,0x4D,0xE7,0xFF,0x80,0x08,0xFF,
    0x4B,0x6B,0xFF,0x31,0x84,0xFF,0xBE,0xF7,0xFF,0xBE,0xF7,0xFF,0xBE,0xF7,0xFF,0xBE,0xF7,0xFF,0xBE,0xF7,0xFF,0xBE,0xF7,0xFF,0xBE,0xF7,0xFF,0xBE,0xF7,0xFF,0xBE,0xF7,0xFF,0xBE,0xF7,0xFF,
    0xBE,0xF7,0xFF,0xBE,0xF7,0xFF,0xBE,0xF7,0xFF,0xBE,0xF7,0xFF,0xBE,0xF7,0xFF,0xBE,0xF7,0xFF,0xBE,0xF7,0xFF,0xBE,0xF7,0xFF,0xBE,0xF7,0xFF,0xBE,0xF7,0xFF,0xBE,0xF7,0xFF,0xBE,0xF7,0xFF,
    0xBE,0xF7,0xFF,0xBE,0xF7,0xFF,0xBE,0xF7,0xFF,0xDF,0xFF,0xFF,0x5D,0xEF,0xFF,0xDF,0xFF,0xFF,0x9E,0xF7,0xFF,0x3C,0xE7,0xFF,0xDF,0xFF,0xFF,0x7D,0xEF,0xFF,0xDF,0xFF,0xFF,0xBE,0xF7,0xFF,
    0x9E,0xF7,0xFF,0x9E,0xF7,0xFF,0xBE,0xF7,0xFF,0xDF,0xFF,0xFF,0xBE,0xF7,0xFF,0x9E,0xF7,0xFF,0x3C,0xE7,0xFF,0xFF,0xFF,0xFF,0x7D,0xEF,0xFF,0xBE,0xF7,0xFF,0xFF,0xFF,0xFF,0x7D,0xEF,0xFF,
    0x9E,0xF7,0xFF,0xFF,0xFF,0xFF,0xDF,0xFF,0xFF,0x61,0x08,0xFF,0x00,0x00,0xFF,0x00,0x00,0xFF,0x20,0x00,0xFF,0xFF,0xFF,0xFF,0xBE,0xF7,0xFF,0xDF,0xFF,0xFF,0xFF,0xFF,0xFF,0xFF,0xFF,0xFF,
    0xFF,0xFF,0xFF,0xFF,0xFF,0xFF,0xFF,0xFF,0xFF,0xFF,0xFF,0xFF,0xFF,0xFF,0xFF,0xFF,0xFF,0xFF,0xFF,0xFF,0xFF,0xFF,0xFF,0xFF,0xFF,0xFF,0xFF,0xFF,0xFF,0xFF,0xFF,0xFF,0xFF,0xFF,0xFF,0xFF,
    0xFF,0xFF,0xFF,0xFF,0xFF,0xFF,0xFF,0xFF,0xFF,0xFF,0xFF,0xFF,0xFF,0xFF,0xFF,0xFF,0xFF,0xFF,0xFF,0xFF,0xFF,0xFF,0xFF,0xFF,0xFF,0xFF,0xFF,0xFF,0xFF,0xFF,0xFF,0xFF,0xFF,0xFF,0xFF,0xFF,
    0x5E,0xFF,0xFF,0xBF,0xFF,0xFF,0x7F,0xFF,0xFF,0xD0,0x72,0xFF,0x2E,0x62,0xFF,0x4E,0x62,0xFF,0x4E,0x62,0xFF,0x2F,0x62,0xFF,0x31,0x62,0xFF,0xD0,0x59,0xFF,0x10,0x62,0xFF,0x50,0x6A,0xFF,
    0x2E,0x62,0xFF,0x0D,0x62,0xFF,0x0F,0x62,0xFF,0x30,0x6A,0xFF,0x0F,0x6A,0xFF,0x2F,0x6A,0xFF,0x50,0x72,0xFF,0x30,0x6A,0xFF,0x10,0x6A,0xFF,0x32,0x7A,0xFF,0x90,0x69,0xFF,0x71,0x69,0xFF,
    0x72,0x71,0xFF,0x52,0x69,0xFF,0x52,0x69,0xFF,0x72,0x69,0xFF,0x71,0x69,0xFF,0x70,0x61,0xFF,0x90,0x61,0xFF,0xEF,0x61,0xFF,0x7F,0xFF,0xFF,0xDF,0xFF,0xFF,0xFF,0xFF,0xFF,0xFF,0xFF,0xFF,
    0xFF,0xFF,0xFF,0xFE,0xFF,0xFF,0xDE,0xFF,0xFF,0xFE,0xFF,0xFF,0xDE,0xFF,0xFF,0xFF,0xFF,0xFF,0x3F,0xF7,0xFF,0x4E,0x62,0xFF,0xCF,0x69,0xFF,0x4F,0x61,0xFF,0x93,0x71,0xFF,0x32,0x69,0xFF,
    0x32,0x69,0xFF,0x52,0x61,0xFF,0x91,0x69,0xFF,0xD0,0x69,0xFF,0xEE,0x61,0xFF,0x5F,0xFF,0xFF,0x9F,0xFF,0xFF,0xFF,0xFF,0xFF,0xFF,0xFF,0xFF,0xFF,0xFF,0xFF,0xFF,0xFF,0xFF,0xFF,0xF7,0xFF,
    0xFF,0xFF,0xFF,0xFF,0xFF,0xFF,0xFF,0xFF,0xFF,0xFF,0xFF,0xFF,0xFF,0xFF,0xFF,0xFF,0xFF,0xFF,0xBE,0xE6,0xFF,0x36,0x94,0xFF,0xB0,0x6A,0xFF,0xED,0x59,0xFF,0xAC,0x51,0xFF,0x4E,0x6A,0xFF,
    0xED,0x61,0xFF,0x91,0x7A,0xFF,0x6F,0x59,0xFF,0xD2,0x71,0xFF,0x72,0x69,0xFF,0x52,0x69,0xFF,0x31,0x69,0xFF,0x93,0x79,0xFF,0x12,0x69,0xFF,0x32,0x69,0xFF,0x51,0x61,0xFF,0x70,0x61,0xFF,
    0xAF,0x59,0xFF,0xEF,0x59,0xFF,0x2F,0x62,0xFF,0x0E,0x5A,0xFF,0x0E,0x62,0xFF,0x4E,0x6A,0xFF,0x4E,0x6A,0xFF,0xEC,0x59,0xFF,0x4D,0x62,0xFF,0xCE,0x6A,0xFF,0x7F,0xFF,0xFF,0xBF,0xFF,0xFF,
    0x9F,0xEE,0xFF,0xEF,0x61,0xFF,0x71,0x61,0xFF,0x73,0x69,0xFF,0x53,0x69,0xFF,0x52,0x71,0xFF,0x72,0x71,0xFF,0x92,0x71,0xFF,0xB2,0x69,0xFF,0x6F,0x59,0xFF,0xEE,0x61,0xFF,0x9F,0xFF,0xFF,
    0x7F,0xFF,0xFF,0x9F,0xFF,0xFF,0x9F,0xFF,0xFF,0x1E,0xDE,0xFF,0x8F,0x61,0xFF,0x70,0x69,0xFF,0x72,0x69,0xFF,0x72,0x61,0xFF,0x72,0x61,0xFF,0x72,0x61,0xFF,0x71,0x69,0xFF,0x71,0x69,0xFF,
    0x72,0x71,0xFF,0x32,0x71,0xFF,0x33,0x71,0xFF,0x73,0x71,0xFF,0x73,0x71,0xFF,0x71,0x61,0xFF,0x8F,0x61,0xFF,0xCE,0x59,0xFF,0x5F,0xFF,0xFF,0xDF,0xFF,0xFF,0xFF,0xFF,0xFF,0xBE,0xFF,0xFF,
    0xFF,0xFF,0xFF,0xDF,0xFF,0xFF,0xDD,0xEE,0xFF,0xD1,0x7A,0xFF,0x8F,0x61,0xFF,0x51,0x69,0xFF,0x53,0x71,0xFF,0x33,0x69,0xFF,0x53,0x69,0xFF,0x52,0x69,0xFF,0x10,0x61,0xFF,0x71,0x69,0xFF,
    0x71,0x69,0xFF,0xD2,0x71,0xFF,0x90,0x61,0xFF,0xEC,0x48,0xFF,0xB2,0x7A,0xFF,0x8D,0x59,0xFF,0x91,0x72,0xFF,0xAE,0x59,0xFF,0x6F,0x59,0xFF,0xD2,0x71,0xFF,0x71,0x69,0xFF,0x31,0x69,0xFF,
    0x93,0x79,0xFF,0x52,0x71,0xFF,0x52,0x71,0xFF,0xEF,0x58,0xFF,0xAF,0x59,0xFF,0x15,0x94,0xFF,0x5F,0xFF,0xFF,0xBF,0xFF,0xFF,0xFB,0xDD,0xFF,0x2E,0x62,0xFF,0x8F,0x61,0xFF,0x10,0x59,0xFF,
    0x54,0x69,0xFF,0x75,0x71,0xFF,0xF2,0x60,0xFF,0x11,0x69,0xFF,0x91,0x69,0xFF,0xD1,0x71,0xFF,0x2F,0x59,0xFF,0x11,0x6A,0xFF,0xEF,0x69,0xFF,0xEE,0x61,0xFF,0x0F,0x62,0xFF,0x0F,0x62,0xFF,
    0x0F,0x62,0xFF,0x2F,0x62,0xFF,0x0F,0x62,0xFF,0x0E,0x62,0xFF,0x2F,0x6A,0xFF,0xEE,0x61,0xFF,0xEE,0x61,0xFF,0xCE,0x61,0xFF,0xAE,0x59,0xFF,0x72,0x72,0xFF,0x31,0x6A,0xFF,0xEE,0x59,0xFF,
    0x6D,0x62,0xFF,0xEA,0x49,0xFF,0x91,0x83,0xFF,0x5F,0xFF,0xFF,0x9F,0xFF,0xFF,0x53,0x8B,0xFF,0xD0,0x69,0xFF,0x70,0x61,0xFF,0x31,0x69,0xFF,0x11,0x69,0xFF,0x32,0x69,0xFF,0x52,0x69,0xFF,
    0xB3,0x71,0xFF,0x91,0x69,0xFF,0x4E,0x59,0xFF,0x37,0xAC,0xFF,0xBF,0xFF,0xFF,0xFF,0xFF,0xFF,0xDF,0xFF,0xFF,0x9F,0xFF,0xFF,0xD4,0x93,0xFF,0x8D,0x51,0xFF,0xD0,0x69,0xFF,0xB1,0x69,0xFF,
    0x31,0x69,0xFF,0x52,0x69,0xFF,0x11,0x69,0xFF,0x10,0x61,0xFF,0x91,0x69,0xFF,0xB0,0x61,0xFF,0x4D,0x51,0xFF,0xCD,0x51,0xFF,0x95,0xA4,0xFF,0x7F,0xF7,0xFF,0xFF,0xFF,0xFF,0xBF,0xFF,0xFF,
    0xDF,0xFF,0xFF,0xFF,0xFF,0xFF,0xBE,0xF7,0xFF,0xFF,0xFF,0xFF,0xDF,0xFF,0xFF,0xFF,0xFF,0xFF,0xFF,0xFF,0xFF,0xFF,0xFF,0xFF,0xFF,0xFF,0xFF,0xFF,0xFF,0xFF,0xFF,0xFF,0xFF,0xFF,0xFF,0xFF,
    0xFF,0xFF,0xFF,0xFF,0xFF,0xFF,0xFF,0xFF,0xFF,0xFF,0xFF,0xFF,0xFF,0xFF,0xFF,0xFF,0xFF,0xFF,0xFF,0xFF,0xFF,0xFF,0xFF,0xFF,0xFF,0xFF,0xFF,0x7D,0xEF,0xFF,0xFF,0xFF,0xFF,0xDF,0xFF,0xFF,
    0xFF,0xFF,0xFF,0xFF,0xFF,0xFF,0xDF,0xFF,0xFF,0xFF,0xFF,0xFF,0xFF,0xFF,0xFF,0xDF,0xFF,0xFF,0xFF,0xFF,0xFF,0xDF,0xFF,0xFF,0xDF,0xFF,0xFF,0xFF,0xFF,0xFF,0xFF,0xFF,0xFF,0xDF,0xFF,0xFF,
    0xFF,0xFF,0xFF,0xF7,0xBD,0xFF,0x28,0x42,0xFF,0x00,0x00,0xFF,0x00,0x00,0xFF,0x00,0x00,0xFF,0x00,0x00,0xFF,0x41,0x08,0xFF,0x00,0x00,0xFF,0x21,0x00,0xFF,0x00,0x00,0xFF,0x60,0x00,0xFF,
    0x40,0x00,0xFF,0x20,0x00,0xFF,0x20,0x00,0xFF,0x00,0x00,0xFF,0x00,0x00,0xFF,0x00,0x00,0xFF,0x00,0x00,0xFF,0x00,0x00,0xFF,0x00,0x00,0xFF,0x00,0x00,0xFF,0x00,0x00,0xFF,0x00,0x00,0xFF,
    0x00,0x00,0xFF,0x00,0x00,0xFF,0x00,0x00,0xFF,0x20,0x00,0xFF,0x40,0x00,0xFF,0x40,0x00,0xFF,0x21,0x00,0xFF,0x01,0x00,0xFF,0x01,0x00,0xFF,0x00,0x00,0xFF,0x40,0x08,0xFF,0x80,0x10,0xFF,
    0x40,0x00,0xFF,0xA7,0xAD,0xFF,0x8A,0xE7,0xFF,0xE9,0xF7,0xFF,0xC4,0xEF,0xFF,0xE2,0xEF,0xFF,0xE2,0xEF,0xFF,0xE1,0xF7,0xFF,0xE2,0xF7,0xFF,0xE2,0xF7,0xFF,0xE2,0xF7,0xFF,0xE2,0xF7,0xFF,
    0xE3,0xF7,0xFF,0xE3,0xF7,0xFF,0xC4,0xEF,0xFF,0x27,0xDF,0xFF,0x8F,0xEF,0xFF,0x40,0x00,0xFF,0x26,0x4A,0xFF,0xBF,0xFF,0xFF,0xBE,0xF7,0xFF,0xBE,0xF7,0xFF,0xBE,0xF7,0xFF,0xBE,0xF7,0xFF,
    0xBE,0xF7,0xFF,0xBE,0xF7,0xFF,0xBE,0xF7,0xFF,0xBE,0xF7,0xFF,0xBE,0xF7,0xFF,0xBE,0xF7,0xFF,0xBE,0xF7,0xFF,0xBE,0xF7,0xFF,0xBE,0xF7,0xFF,0xBE,0xF7,0xFF,0xBE,0xF7,0xFF,0xBE,0xF7,0xFF,
    0x9E,0xF7,0xFF,0xBE,0xF7,0xFF,0xBE,0xF7,0xFF,0xBE,0xF7,0xFF,0xBE,0xF7,0xFF,0xBE,0xF7,0xFF,0xBE,0xF7,0xFF,0xBE,0xF7,0xFF,0xBE,0xF7,0xFF,0xDF,0xFF,0xFF,0x7D,0xEF,0xFF,0xDF,0xFF,0xFF,
    0xFF,0xFF,0xFF,0xDF,0xFF,0xFF,0xBE,0xF7,0xFF,0xBE,0xF7,0xFF,0x5D,0xEF,0xFF,0xDF,0xFF,0xFF,0xDF,0xFF,0xFF,0x9E,0xF7,0xFF,0xBE,0xF7,0xFF,0x9E,0xF7,0xFF,0x9E,0xF7,0xFF,0xDF,0xFF,0xFF,
    0xDF,0xFF,0xFF,0xFF,0xFF,0xFF,0x7D,0xEF,0xFF,0xDF,0xFF,0xFF,0xDF,0xFF,0xFF,0x7D,0xEF,0xFF,0xDF,0xFF,0xFF,0x7D,0xEF,0xFF,0x24,0x21,0xFF,0x41,0x08,0xFF,0x00,0x00,0xFF,0x00,0x00,0xFF,
    0x7D,0xEF,0xFF,0x5D,0xEF,0xFF,0xFF,0xFF,0xFF,0xFF,0xFF,0xFF,0xFF,0xFF,0xFF,0xFF,0xFF,0xFF,0xFF,0xFF,0xFF,0xFF,0xFF,0xFF,0xFF,0xFF,0xFF,0xFF,0xFF,0xFF,0xFF,0xFF,0xFF,0xFF,0xFF,0xFF,
    0xFF,0xFF,0xFF,0xFF,0xFF,0xFF,0xFF,0xFF,0xFF,0xFF,0xFF,0xFF,0xFF,0xFF,0xFF,0xFF,0xFF,0xFF,0xFF,0xFF,0xFF,0xFF,0xFF,0xFF,0xFF,0xFF,0xFF,0xFF,0xFF,0xFF,0xFF,0xFF,0xFF,0xFF,0xFF,0xFF,
    0xFF,0xFF,0xFF,0xFF,0xFF,0xFF,0xFF,0xFF,0xFF,0xFF,0xFF,0xFF,0xFF,0xFF,0xFF,0xFF,0xFF,0xFF,0x9F,0xFF,0xFF,0x1F,0xFF,0xFF,0xF2,0x82,0xFF,0xEF,0x61,0xFF,0xAE,0x59,0xFF,0xCE,0x61,0xFF,
    0xAE,0x61,0xFF,0xB0,0x61,0xFF,0x91,0x61,0xFF,0x71,0x61,0xFF,0x91,0x61,0xFF,0xB0,0x61,0xFF,0xAF,0x61,0xFF,0xAF,0x61,0xFF,0xB1,0x69,0xFF,0x91,0x61,0xFF,0xB1,0x69,0xFF,0x50,0x61,0xFF,
    0x70,0x61,0xFF,0x91,0x69,0xFF,0x71,0x69,0xFF,0x31,0x61,0xFF,0x52,0x69,0xFF,0x52,0x69,0xFF,0x32,0x69,0xFF,0x32,0x69,0xFF,0x52,0x71,0xFF,0x72,0x71,0xFF,0x50,0x61,0xFF,0x4F,0x59,0xFF,
    0xF1,0x69,0xFF,0xD1,0x7A,0xFF,0xBF,0xFF,0xFF,0xDF,0xFF,0xFF,0xDF,0xFF,0xFF,0xDF,0xFF,0xFF,0xFF,0xFF,0xFF,0xFF,0xFF,0xFF,0xDE,0xFF,0xFF,0xFF,0xFF,0xFF,0xFF,0xFF,0xFF,0x9F,0xFF,0xFF,
    0x38,0xBD,0xFF,0xAD,0x59,0xFF,0x4E,0x59,0xFF,0xB1,0x71,0xFF,0x52,0x71,0xFF,0x53,0x71,0xFF,0x53,0x69,0xFF,0x93,0x69,0xFF,0x91,0x69,0xFF,0x6E,0x59,0xFF,0x90,0x72,0xFF,0x9F,0xFF,0xFF,
    0xDF,0xFF,0xFF,0xDF,0xFF,0xFF,0xFF,0xFF,0xFF,0xFE,0xFF,0xFF,0xFF,0xFF,0xFF,0xFF,0xFF,0xFF,0xFF,0xFF,0xFF,0xFF,0xFF,0xFF,0xDF,0xFF,0xFF,0xDF,0xFF,0xFF,0xDF,0xFF,0xFF,0x1F,0xEF,0xFF,
    0x15,0x94,0xFF,0x8D,0x49,0xFF,0x8E,0x51,0xFF,0xF0,0x61,0xFF,0xAE,0x59,0xFF,0xAE,0x61,0xFF,0xAE,0x61,0xFF,0x4E,0x59,0xFF,0xB2,0x69,0xFF,0x10,0x59,0xFF,0x72,0x69,0xFF,0xB4,0x79,0xFF,
    0xF0,0x60,0xFF,0x52,0x69,0xFF,0x73,0x71,0xFF,0x32,0x69,0xFF,0x52,0x69,0xFF,0xF3,0x71,0xFF,0x2F,0x51,0xFF,0xF1,0x61,0xFF,0x11,0x6A,0xFF,0xAF,0x59,0xFF,0x8E,0x59,0xFF,0xCE,0x61,0xFF,
    0x8D,0x59,0xFF,0x0D,0x62,0xFF,0xCC,0x51,0xFF,0x58,0xC5,0xFF,0xBF,0xFF,0xFF,0x7F,0xFF,0xFF,0x32,0x8B,0xFF,0x2D,0x51,0xFF,0x71,0x61,0xFF,0xD4,0x71,0xFF,0x12,0x69,0xFF,0x32,0x69,0xFF,
    0x72,0x71,0xFF,0x51,0x69,0xFF,0x4F,0x59,0xFF,0xEF,0x69,0xFF,0x97,0xB4,0xFF,0x5F,0xFF,0xFF,0xBF,0xFF,0xFF,0xDF,0xFF,0xFF,0xBF,0xFF,0xFF,0x5F,0xFF,0xFF,0xAF,0x69,0xFF,0x70,0x69,0xFF,
    0x51,0x61,0xFF,0x52,0x61,0xFF,0x72,0x69,0xFF,0x72,0x69,0xFF,0x72,0x69,0xFF,0x52,0x69,0xFF,0x72,0x71,0xFF,0x32,0x71,0xFF,0x32,0x69,0xFF,0x53,0x71,0xFF,0x72,0x69,0xFF,0x50,0x61,0xFF,
    0xAF,0x61,0xFF,0x4F,0x6A,0xFF,0x7F,0xFF,0xFF,0xBF,0xFF,0xFF,0xFF,0xFF,0xFF,0xFF,0xFF,0xFF,0xFF,0xFF,0xFF,0xFF,0xFF,0xFF,0xBF,0xFF,0xFF,0x9A,0xCD,0xFF,0xAE,0x59,0xFF,0x6F,0x61,0xFF,
    0x71,0x69,0xFF,0x52,0x69,0xFF,0x73,0x71,0xFF,0x72,0x69,0xFF,0x10,0x59,0xFF,0x51,0x69,0xFF,0x31,0x69,0xFF,0x72,0x71,0xFF,0x10,0x61,0xFF,0xB1,0x71,0xFF,0x8F,0x61,0xFF,0x4E,0x59,0xFF,
    0x8F,0x61,0xFF,0xB0,0x69,0xFF,0xB1,0x69,0xFF,0x10,0x61,0xFF,0x51,0x69,0xFF,0x52,0x71,0xFF,0x11,0x69,0xFF,0x51,0x71,0xFF,0x51,0x71,0xFF,0xB1,0x71,0xFF,0x2F,0x62,0xFF,0x5F,0xFF,0xFF,
    0x7F,0xFF,0xFF,0x5F,0xFF,0xFF,0x8F,0x72,0xFF,0x0F,0x62,0xFF,0x4F,0x59,0xFF,0x93,0x71,0xFF,0x33,0x69,0xFF,0x75,0x71,0xFF,0x13,0x69,0xFF,0x93,0x71,0xFF,0x71,0x69,0xFF,0x0F,0x59,0xFF,
    0xB1,0x69,0xFF,0x4F,0x61,0xFF,0x90,0x69,0xFF,0x90,0x61,0xFF,0x90,0x61,0xFF,0x90,0x61,0xFF,0xB0,0x61,0xFF,0xB1,0x61,0xFF,0xB0,0x61,0xFF,0x90,0x61,0xFF,0x4E,0x59,0xFF,0xD1,0x69,0xFF,
    0x90,0x61,0xFF,0xB1,0x69,0xFF,0x4F,0x59,0xFF,0x91,0x61,0xFF,0x50,0x59,0xFF,0xD0,0x59,0xFF,0xAB,0x49,0xFF,0x4C,0x5A,0xFF,0x5F,0xFF,0xFF,0x9F,0xFF,0xFF,0xFF,0xFE,0xFF,0xCF,0x61,0xFF,
    0x6F,0x61,0xFF,0x91,0x69,0xFF,0x52,0x69,0xFF,0x93,0x71,0xFF,0x73,0x71,0xFF,0x31,0x61,0xFF,0x91,0x69,0xFF,0x6F,0x61,0xFF,0xAF,0x61,0xFF,0x3F,0xFF,0xFF,0xBF,0xFF,0xFF,0xFF,0xFF,0xFF,
    0xFF,0xFF,0xFF,0x7F,0xF7,0xFF,0x9F,0xFF,0xFF,0x77,0xA4,0xFF,0x0F,0x62,0xFF,0x6F,0x59,0xFF,0x91,0x69,0xFF,0x51,0x69,0xFF,0x31,0x69,0xFF,0xD3,0x79,0xFF,0x71,0x69,0xFF,0x0F,0x59,0xFF,
    0xD1,0x69,0xFF,0xCF,0x61,0xFF,0x0D,0x5A,0xFF,0xF7,0xAC,0xFF,0x9F,0xFF,0xFF,0x9F,0xFF,0xFF,0xBF,0xFF,0xFF,0xDF,0xFF,0xFF,0x9E,0xF7,0xFF,0xFF,0xFF,0xFF,0xFF,0xFF,0xFF,0xFF,0xFF,0xFF,
    0xFF,0xFF,0xFF,0xFF,0xFF,0xFF,0xFF,0xFF,0xFF,0xFF,0xFF,0xFF,0xFF,0xFF,0xFF,0xFF,0xFF,0xFF,0xFF,0xFF,0xFF,0xFF,0xFF,0xFF,0xFF,0xFF,0xFF,0xFF,0xFF,0xFF,0xFF,0xFF,0xFF,0xFF,0xFF,0xFF,
    0xFF,0xFF,0xFF,0xFF,0xFF,0xFF,0xDF,0xFF,0xFF,0xFF,0xFF,0xFF,0xFF,0xFF,0xFF,0xFF,0xFF,0xFF,0xFF,0xFF,0xFF,0xFF,0xFF,0xFF,0xFF,0xFF,0xFF,0xDF,0xFF,0xFF,0xFF,0xFF,0xFF,0xDF,0xFF,0xFF,
    0xFF,0xFF,0xFF,0xFF,0xFF,0xFF,0xFF,0xFF,0xFF,0xFF,0xFF,0xFF,0xFF,0xFF,0xFF,0xFF,0xFF,0xFF,0x9E,0xF7,0xFF,0xFF,0xFF,0xFF,0xFF,0xFF,0xFF,0xFF,0xFF,0xFF,0x1B,0xE7,0xFF,0xEF,0x7B,0xFF,
    0xA2,0x10,0xFF,0x00,0x00,0xFF,0x00,0x00,0xFF,0x20,0x00,0xFF,0x40,0x00,0xFF,0x00,0x00,0xFF,0x60,0x08,0xFF,0x20,0x00,0xFF,0x20,0x00,0xFF,0x20,0x00,0xFF,0x20,0x00,0xFF,0x00,0x00,0xFF,
    0x00,0x00,0xFF,0x00,0x00,0xFF,0x00,0x00,0xFF,0x00,0x08,0xFF,0x00,0x00,0xFF,0x00,0x00,0xFF,0x01,0x00,0xFF,0x20,0x00,0xFF,0x00,0x00,0xFF,0x00,0x00,0xFF,0x00,0x00,0xFF,0x00,0x00,0xFF,
    0x00,0x00,0xFF,0x00,0x00,0xFF,0x01,0x00,0xFF,0x01,0x00,0xFF,0x00,0x00,0xFF,0x00,0x00,0xFF,0x60,0x08,0xFF,0xC0,0x10,0xFF,0x41,0x63,0xFF,0x2C,0xDF,0xFF,0xC9,0xEF,0xFF,0xE5,0xEF,0xFF,
    0xE3,0xEF,0xFF,0xE2,0xEF,0xFF,0xE1,0xEF,0xFF,0xE1,0xEF,0xFF,0xC3,0xEF,0xFF,0xA5,0xEF,0xFF,0x21,0xC6,0xFF,0xA8,0xEF,0xFF,0xAA,0xEF,0xFF,0x6C,0xE7,0xFF,0x91,0xEF,0xFF,0x60,0x08,0xFF,
    0xC5,0x39,0xFF,0x7E,0xEF,0xFF,0xBE,0xF7,0xFF,0xBE,0xF7,0xFF,0xBE,0xF7,0xFF,0xBE,0xF7,0xFF,0xBE,0xF7,0xFF,0xBE,0xF7,0xFF,0xBE,0xF7,0xFF,0xBE,0xF7,0xFF,0xBE,0xF7,0xFF,0xBE,0xF7,0xFF,
    0xBE,0xF7,0xFF,0xBE,0xF7,0xFF,0xBE,0xF7,0xFF,0xBE,0xF7,0xFF,0xBE,0xF7,0xFF,0xBE,0xF7,0xFF,0x9E,0xF7,0xFF,0x9E,0xF7,0xFF,0xBE,0xF7,0xFF,0xBE,0xF7,0xFF,0xBE,0xF7,0xFF,0xBE,0xF7,0xFF,
    0xBE,0xF7,0xFF,0xBE,0xF7,0xFF,0x9E,0xF7,0xFF,0xBE,0xF7,0xFF,0xBE,0xF7,0xFF,0xDF,0xFF,0xFF,0x7D,0xEF,0xFF,0xBE,0xF7,0xFF,0xDF,0xFF,0xFF,0xDF,0xFF,0xFF,0xDF,0xFF,0xFF,0xDF,0xFF,0xFF,
    0x7D,0xEF,0xFF,0x9E,0xF7,0xFF,0xDF,0xFF,0xFF,0x7D,0xEF,0xFF,0x3C,0xE7,0xFF,0xBE,0xF7,0xFF,0x7D,0xEF,0xFF,0x5D,0xEF,0xFF,0xBE,0xF7,0xFF,0xFF,0xFF,0xFF,0x3C,0xE7,0xFF,0xFF,0xFF,0xFF,
    0x7D,0xEF,0xFF,0xAA,0x52,0xFF,0x41,0x08,0xFF,0x00,0x00,0xFF,0x20,0x00,0xFF,0xF3,0x9C,0xFF,0xFF,0xFF,0xFF,0xFF,0xFF,0xFF,0xBE,0xF7,0xFF,0xFF,0xFF,0xFF,0xFF,0xFF,0xFF,0xFF,0xFF,0xFF,
    0xFF,0xFF,0xFF,0xFF,0xFF,0xFF,0xFF,0xFF,0xFF,0xFF,0xFF,0xFF,0xFF,0xFF,0xFF,0xFF,0xFF,0xFF,0xFF,0xFF,0xFF,0xFF,0xFF,0xFF,0xFF,0xFF,0xFF,0xFF,0xFF,0xFF,0xFF,0xFF,0xFF,0xFF,0xFF,0xFF,
    0xFF,0xFF,0xFF,0xFF,0xFF,0xFF,0xFF,0xFF,0xFF,0xFF,0xFF,0xFF,0xFF,0xFF,0xFF,0xFF,0xFF,0xFF,0xFF,0xFF,0xFF,0xFF,0xFF,0xFF,0xFF,0xFF,0xFF,0xFF,0xFF,0xFF,0xFF,0xFF,0xFF,0xFF,0xFF,0xFF,
    0x5F,0xFF,0xFF,0x38,0xB4,0xFF,0xF0,0x69,0xFF,0x6F,0x61,0xFF,0x4E,0x59,0xFF,0x2F,0x61,0xFF,0x90,0x69,0xFF,0x91,0x71,0xFF,0x51,0x69,0xFF,0x51,0x69,0xFF,0x51,0x69,0xFF,0x51,0x69,0xFF,
    0x70,0x69,0xFF,0x70,0x69,0xFF,0x71,0x69,0xFF,0x51,0x69,0xFF,0x52,0x69,0xFF,0x52,0x69,0xFF,0x52,0x69,0xFF,0x53,0x69,0xFF,0x53,0x69,0xFF,0x33,0x69,0xFF,0x33,0x69,0xFF,0x33,0x69,0xFF,
    0x94,0x79,0xFF,0x32,0x61,0xFF,0x72,0x69,0xFF,0xB2,0x69,0xFF,0x4F,0x51,0xFF,0xF0,0x61,0xFF,0xCF,0x59,0xFF,0x1F,0xFF,0xFF,0xBF,0xFF,0xFF,0xDF,0xFF,0xFF,0xFF,0xFF,0xFF,0xFF,0xFF,0xFF,
    0xFF,0xFF,0xFF,0xFF,0xFF,0xFF,0xDF,0xFF,0xFF,0xBF,0xFF,0xFF,0xBF,0xFF,0xFF,0x3F,0xFF,0xFF,0x50,0x6A,0xFF,0xAF,0x61,0xFF,0x2F,0x59,0xFF,0x93,0x71,0xFF,0x74,0x71,0xFF,0x33,0x69,0xFF,
    0x12,0x61,0xFF,0x72,0x61,0xFF,0xB1,0x69,0xFF,0xCF,0x61,0xFF,0x5E,0xE6,0xFF,0xBF,0xFF,0xFF,0xDF,0xFF,0xFF,0xDE,0xFF,0xFF,0xFF,0xFF,0xFF,0xFF,0xFF,0xFF,0xFF,0xFF,0xFF,0xFF,0xFF,0xFF,
    0xDF,0xFF,0xFF,0xFF,0xFF,0xFF,0xDF,0xFF,0xFF,0x7F,0xFF,0xFF,0x7F,0xFF,0xFF,0x75,0x93,0xFF,0x6D,0x51,0xFF,0xAF,0x61,0xFF,0x8F,0x61,0xFF,0x4F,0x61,0xFF,0xB1,0x71,0xFF,0xB1,0x71,0xFF,
    0x70,0x69,0xFF,0x70,0x69,0xFF,0x71,0x69,0xFF,0x71,0x69,0xFF,0x72,0x69,0xFF,0x72,0x69,0xFF,0x71,0x69,0xFF,0x72,0x69,0xFF,0x52,0x69,0xFF,0x52,0x69,0xFF,0x52,0x69,0xFF,0x32,0x69,0xFF,
    0x32,0x69,0xFF,0x31,0x69,0xFF,0x31,0x69,0xFF,0x51,0x61,0xFF,0xB2,0x71,0xFF,0x6F,0x61,0xFF,0x6E,0x59,0xFF,0xEF,0x61,0xFF,0x11,0x7B,0xFF,0xBF,0xFF,0xFF,0xBF,0xFF,0xFF,0x5F,0xFF,0xFF,
    0xAF,0x61,0xFF,0x71,0x69,0xFF,0x52,0x69,0xFF,0x53,0x69,0xFF,0x33,0x69,0xFF,0x53,0x69,0xFF,0x52,0x61,0xFF,0x70,0x61,0xFF,0xD0,0x69,0xFF,0xAD,0x59,0xFF,0x7F,0xFF,0xFF,0x7F,0xFF,0xFF,
    0xBF,0xFF,0xFF,0xFF,0xFF,0xFF,0xBF,0xF7,0xFF,0xBF,0xFF,0xFF,0x8E,0x59,0xFF,0xB1,0x71,0xFF,0x71,0x69,0xFF,0x72,0x69,0xFF,0x72,0x69,0xFF,0x33,0x69,0xFF,0x33,0x69,0xFF,0x53,0x69,0xFF,
    0x53,0x71,0xFF,0x53,0x69,0xFF,0x12,0x61,0xFF,0xD4,0x79,0xFF,0x71,0x61,0xFF,0x90,0x61,0xFF,0xF0,0x69,0xFF,0x1A,0xC5,0xFF,0x9F,0xFF,0xFF,0xDF,0xFF,0xFF,0xFF,0xFF,0xFF,0xDF,0xFF,0xFF,
    0xDF,0xFF,0xFF,0xFF,0xFF,0xFF,0xDF,0xFF,0xFF,0xBF,0xFF,0xFF,0x34,0x9C,0xFF,0xCD,0x59,0xFF,0xCF,0x61,0xFF,0xB0,0x61,0xFF,0x30,0x59,0xFF,0x52,0x69,0xFF,0xB4,0x79,0xFF,0x52,0x69,0xFF,
    0x72,0x69,0xFF,0x51,0x69,0xFF,0x51,0x69,0xFF,0x71,0x69,0xFF,0x71,0x69,0xFF,0x71,0x69,0xFF,0x71,0x69,0xFF,0x92,0x71,0xFF,0x71,0x69,0xFF,0x71,0x69,0xFF,0x72,0x71,0xFF,0x31,0x69,0xFF,
    0x91,0x71,0xFF,0x10,0x61,0xFF,0x70,0x69,0xFF,0x6E,0x61,0xFF,0x2D,0x62,0xFF,0xBF,0xFF,0xFF,0x7F,0xFF,0xFF,0x5F,0xFF,0xFF,0x6C,0x51,0xFF,0x8F,0x61,0xFF,0xB2,0x69,0xFF,0x73,0x71,0xFF,
    0x33,0x69,0xFF,0x33,0x69,0xFF,0x33,0x69,0xFF,0x32,0x69,0xFF,0x51,0x69,0xFF,0x50,0x69,0xFF,0x70,0x69,0xFF,0x70,0x69,0xFF,0x51,0x69,0xFF,0x51,0x69,0xFF,0x52,0x69,0xFF,0x52,0x69,0xFF,
    0x52,0x69,0xFF,0x52,0x69,0xFF,0x52,0x69,0xFF,0x52,0x69,0xFF,0x11,0x61,0xFF,0xD3,0x71,0xFF,0x51,0x61,0xFF,0x71,0x69,0xFF,0x91,0x69,0xFF,0x50,0x61,0xFF,0xD2,0x69,0xFF,0xAF,0x61,0xFF,
    0x2D,0x5A,0xFF,0x95,0xA4,0xFF,0x5F,0xFF,0xFF,0x7F,0xFF,0xFF,0xDE,0xE5,0xFF,0x6F,0x59,0xFF,0x92,0x69,0xFF,0x31,0x61,0xFF,0x93,0x71,0xFF,0x11,0x61,0xFF,0x72,0x69,0xFF,0xD2,0x71,0xFF,
    0x6F,0x61,0xFF,0xCF,0x61,0xFF,0x2F,0x6A,0xFF,0x7F,0xFF,0xFF,0xFF,0xFF,0xFF,0xDF,0xF7,0xFF,0xDF,0xFF,0xFF,0xDF,0xFF,0xFF,0xBF,0xFF,0xFF,0x9F,0xFF,0xFF,0x39,0xBD,0xFF,0xCD,0x59,0xFF,
    0x8E,0x59,0xFF,0xB0,0x61,0xFF,0x50,0x61,0xFF,0xB2,0x71,0xFF,0x52,0x69,0xFF,0x52,0x69,0xFF,0x94,0x71,0xFF,0x92,0x69,0xFF,0x70,0x61,0xFF,0x10,0x6A,0xFF,0xBA,0xBC,0xFF,0x3F,0xFF,0xFF,
    0x9F,0xFF,0xFF,0xBF,0xFF,0xFF,0x9F,0xFF,0xFF,0xFF,0xFF,0xFF,0xFF,0xFF,0xFF,0xFF,0xFF,0xFF,0xFF,0xFF,0xFF,0xFF,0xFF,0xFF,0xFF,0xFF,0xFF,0xFF,0xFF,0xFF,0xFF,0xFF,0xFF,0xFF,0xFF,0xFF,
    0xFF,0xFF,0xFF,0xFF,0xFF,0xFF,0xFF,0xFF,0xFF,0xFF,0xFF,0xFF,0xFF,0xFF,0xFF,0xFF,0xFF,0xFF,0xFF,0xFF,0xFF,0xFF,0xFF,0xFF,0xFF,0xFF,0xFF,0xFF,0xFF,0xFF,0xFF,0xFF,0xFF,0xFF,0xFF,0xFF,
    0xFF,0xFF,0xFF,0xFF,0xFF,0xFF,0xFF,0xFF,0xFF,0xFF,0xFF,0xFF,0xDF,0xFF,0xFF,0xDF,0xFF,0xFF,0xFF,0xFF,0xFF,0xFF,0xFF,0xFF,0xFF,0xFF,0xFF,0xFF,0xFF,0xFF,0xBE,0xF7,0xFF,0xFF,0xFF,0xFF,
    0xDF,0xFF,0xFF,0xDF,0xFF,0xFF,0xDF,0xFF,0xFF,0xFE,0xFF,0xFF,0xFE,0xFF,0xFF,0xFE,0xFF,0xFF,0xFE,0xFF,0xFF,0xFF,0xFF,0xFF,0xDB,0xE6,0xFF,0xAF,0x73,0xFF,0x82,0x10,0xFF,0x00,0x00,0xFF,
    0x61,0x08,0xFF,0x00,0x00,0xFF,0x00,0x00,0xFF,0x20,0x00,0xFF,0x00,0x00,0xFF,0x00,0x00,0xFF,0x00,0x00,0xFF,0x00,0x00,0xFF,0x00,0x00,0xFF,0x00,0x00,0xFF,0x00,0x00,0xFF,0x00,0x00,0xFF,
    0x00,0x00,0xFF,0x00,0x00,0xFF,0x00,0x00,0xFF,0x00,0x00,0xFF,0x00,0x00,0xFF,0x00,0x00,0xFF,0x00,0x00,0xFF,0x00,0x00,0xFF,0x00,0x00,0xFF,0x00,0x00,0xFF,0x00,0x00,0xFF,0x00,0x00,0xFF,
    0x00,0x00,0xFF,0x00,0x00,0xFF,0x80,0x10,0xFF,0x40,0x21,0xFF,0x6F,0xE7,0xFF,0xAA,0xE7,0xFF,0xE6,0xEF,0xFF,0xC2,0xE7,0xFF,0xA0,0xE7,0xFF,0xE2,0xEF,0xFF,0xA5,0xEF,0xFF,0x08,0xDF,0xFF,
    0xA0,0x18,0xFF,0xA0,0x18,0xFF,0xA0,0x5A,0xFF,0x73,0xEF,0xFF,0x13,0xDF,0xFF,0xA0,0x08,0xFF,0x28,0x42,0xFF,0x9F,0xF7,0xFF,0xFF,0xFF,0xFF,0x7D,0xEF,0xFF,0x7D,0xEF,0xFF,0xDF,0xFF,0xFF,
    0xDF,0xFF,0xFF,0x7D,0xEF,0xFF,0x7D,0xEF,0xFF,0xDF,0xFF,0xFF,0xFF,0xFF,0xFF,0xBE,0xF7,0xFF,0xBE,0xF7,0xFF,0xBE,0xF7,0xFF,0xBE,0xF7,0xFF,0xBE,0xF7,0xFF,0xDF,0xFF,0xFF,0xFF,0xFF,0xFF,
    0xBE,0xF7,0xFF,0xBE,0xF7,0xFF,0xBE,0xF7,0xFF,0xBE,0xF7,0xFF,0x5D,0xEF,0xFF,0xDF,0xFF,0xFF,0xBE,0xF7,0xFF,0xDF,0xFF,0xFF,0xDF,0xFF,0xFF,0xBE,0xF7,0xFF,0xBE,0xF7,0xFF,0xDF,0xFF,0xFF,
    0xBE,0xF7,0xFF,0x9E,0xF7,0xFF,0x9E,0xF7,0xFF,0xBE,0xF7,0xFF,0x9E,0xF7,0xFF,0xBE,0xF7,0xFF,0xBE,0xF7,0xFF,0x1C,0xE7,0xFF,0x10,0x84,0xFF,0x3C,0xE7,0xFF,0xDF,0xFF,0xFF,0x7D,0xEF,0xFF,
    0xFF,0xFF,0xFF,0x5D,0xEF,0xFF,0xDF,0xFF,0xFF,0x9E,0xF7,0xFF,0xDF,0xFF,0xFF,0x9E,0xF7,0xFF,0x2C,0x63,0xFF,0x00,0x00,0xFF,0x20,0x00,0xFF,0x00,0x00,0xFF,0xAA,0x52,0xFF,0xFF,0xFF,0xFF,
    0xFF,0xFF,0xFF,0xBE,0xF7,0xFF,0xDF,0xFF,0xFF,0xFF,0xFF,0xFF,0xFF,0xFF,0xFF,0xFF,0xFF,0xFF,0xFF,0xFF,0xFF,0xFF,0xFF,0xFF,0xFF,0xFF,0xFF,0xFF,0xFF,0xFF,0xFF,0xFF,0xFF,0xFF,0xFF,0xFF,
    0xFF,0xFF,0xFF,0xFF,0xFF,0xFF,0xFF,0xFF,0xFF,0xFF,0xFF,0xFF,0xFF,0xFF,0xFF,0xFF,0xFF,0xFF,0xFF,0xFF,0xFF,0xFF,0xFF,0xFF,0xFF,0xFF,0xFF,0xFF,0xFF,0xFF,0xFF,0xFF,0xFF,0xFF,0xFF,0xFF,
    0xFF,0xFF,0xFF,0xFF,0xFF,0xFF,0xFF,0xFF,0xFF,0xFF,0xFF,0xFF,0xFF,0xFF,0xFF,0xFF,0xFF,0xFF,0xFF,0xED,0xFF,0x52,0x7A,0xFF,0x0E,0x51,0xFF,0xF2,0x71,0xFF,0xB1,0x69,0xFF,0x91,0x69,0xFF,
    0x92,0x71,0xFF,0xF0,0x60,0xFF,0x52,0x71,0xFF,0x52,0x71,0xFF,0x52,0x71,0xFF,0x52,0x71,0xFF,0x52,0x71,0xFF,0x52,0x71,0xFF,0x71,0x71,0xFF,0x52,0x71,0xFF,0x52,0x69,0xFF,0x52,0x69,0xFF,
    0x53,0x69,0xFF,0x53,0x69,0xFF,0x53,0x69,0xFF,0x53,0x69,0xFF,0x53,0x69,0xFF,0x53,0x69,0xFF,0xF1,0x58,0xFF,0x93,0x71,0xFF,0x91,0x69,0xFF,0x2E,0x51,0xFF,0xF0,0x61,0xFF,0xCE,0x59,0xFF,
    0x74,0x8B,0xFF,0x3F,0xFF,0xFF,0xBF,0xFF,0xFF,0xDE,0xFF,0xFF,0xFF,0xFF,0xFF,0xFF,0xFF,0xFF,0xFF,0xFF,0xFF,0xFF,0xFF,0xFF,0xDF,0xFF,0xFF,0xBF,0xFF,0xFF,0x5F,0xFF,0xFF,0xDF,0xF6,0xFF,
    0x0F,0x6A,0xFF,0x8F,0x61,0xFF,0xB2,0x71,0xFF,0x32,0x69,0xFF,0x53,0x71,0xFF,0x12,0x69,0xFF,0x73,0x69,0xFF,0x92,0x69,0xFF,0x6F,0x59,0xFF,0x8D,0x51,0xFF,0x1F,0xFF,0xFF,0xBF,0xFF,0xFF,
    0xFF,0xFF,0xFF,0xFE,0xFF,0xFF,0xFF,0xFF,0xFF,0xBD,0xF7,0xFF,0xDE,0xFF,0xFF,0xFF,0xFF,0xFF,0xDF,0xFF,0xFF,0xDF,0xFF,0xFF,0x7F,0xFF,0xFF,0xBF,0xFF,0xFF,0x38,0xAC,0xFF,0x11,0x72,0xFF,
    0x6F,0x59,0xFF,0xF1,0x71,0xFF,0xB1,0x71,0xFF,0x71,0x69,0xFF,0x51,0x69,0xFF,0x10,0x61,0xFF,0x51,0x69,0xFF,0x51,0x69,0xFF,0x52,0x69,0xFF,0x52,0x69,0xFF,0x51,0x69,0xFF,0x51,0x69,0xFF,
    0x71,0x69,0xFF,0x71,0x69,0xFF,0x72,0x69,0xFF,0x72,0x69,0xFF,0x72,0x69,0xFF,0x72,0x69,0xFF,0x73,0x71,0xFF,0x52,0x71,0xFF,0x73,0x71,0xFF,0x72,0x71,0xFF,0x10,0x61,0xFF,0xD1,0x71,0xFF,
    0x8E,0x59,0xFF,0x0F,0x62,0xFF,0xFF,0xF6,0xFF,0xBF,0xFF,0xFF,0x7F,0xF7,0xFF,0x5D,0xDE,0xFF,0xAF,0x61,0xFF,0x71,0x69,0xFF,0x72,0x69,0xFF,0x53,0x69,0xFF,0x53,0x69,0xFF,0x73,0x61,0xFF,
    0x72,0x61,0xFF,0x90,0x61,0xFF,0x8D,0x59,0xFF,0xAF,0x72,0xFF,0x1F,0xFF,0xFF,0xDF,0xFF,0xFF,0xFF,0xFF,0xFF,0xFF,0xFF,0xFF,0xFF,0xFF,0xFF,0xDF,0xFF,0xFF,0x2F,0x6A,0xFF,0x8F,0x61,0xFF,
    0x70,0x69,0xFF,0x30,0x61,0xFF,0x31,0x61,0xFF,0x53,0x69,0xFF,0x74,0x71,0xFF,0x12,0x61,0xFF,0x53,0x69,0xFF,0x73,0x69,0xFF,0x51,0x61,0xFF,0x71,0x61,0xFF,0x4F,0x59,0xFF,0xAF,0x61,0xFF,
    0xAE,0x59,0xFF,0x7F,0xFF,0xFF,0xBF,0xFF,0xFF,0xFF,0xFF,0xFF,0xFF,0xFF,0xFF,0xFF,0xFF,0xFF,0xDF,0xFF,0xFF,0xFF,0xFF,0xFF,0xFF,0xFF,0xFF,0xDF,0xFF,0xFF,0x7F,0xFF,0xFF,0x74,0xA4,0xFF,
    0xED,0x59,0xFF,0x2C,0x49,0xFF,0x32,0x72,0xFF,0x91,0x69,0xFF,0xF0,0x58,0xFF,0x72,0x69,0xFF,0x92,0x69,0xFF,0x71,0x69,0xFF,0x71,0x69,0xFF,0x72,0x69,0xFF,0x72,0x69,0xFF,0x52,0x69,0xFF,
    0x52,0x69,0xFF,0x52,0x69,0xFF,0xF0,0x60,0xFF,0x72,0x71,0xFF,0x72,0x69,0xFF,0x51,0x69,0xFF,0xF2,0x79,0xFF,0x70,0x69,0xFF,0x0E,0x59,0xFF,0xCF,0x69,0xFF,0xBA,0xD5,0xFF,0x9F,0xFF,0xFF,
    0x5F,0xFF,0xFF,0x3A,0xCD,0xFF,0x10,0x6A,0xFF,0x6F,0x61,0xFF,0x10,0x59,0xFF,0x52,0x61,0xFF,0x53,0x69,0xFF,0x53,0x71,0xFF,0x53,0x71,0xFF,0x52,0x71,0xFF,0x72,0x71,0xFF,0x71,0x71,0xFF,
    0x70,0x71,0xFF,0x71,0x69,0xFF,0x71,0x69,0xFF,0x72,0x69,0xFF,0x52,0x69,0xFF,0x52,0x69,0xFF,0x52,0x69,0xFF,0x52,0x69,0xFF,0x53,0x69,0xFF,0x52,0x69,0xFF,0x73,0x71,0xFF,0x31,0x61,0xFF,
    0x72,0x69,0xFF,0x51,0x61,0xFF,0x71,0x61,0xFF,0x91,0x61,0xFF,0x2F,0x59,0xFF,0xEF,0x61,0xFF,0x10,0x73,0xFF,0x5F,0xFF,0xFF,0xBF,0xFF,0xFF,0x3F,0xFF,0xFF,0xF4,0x82,0xFF,0xD1,0x69,0xFF,
    0x50,0x61,0xFF,0x93,0x71,0xFF,0x72,0x69,0xFF,0x93,0x69,0xFF,0x50,0x61,0xFF,0x4F,0x59,0xFF,0xF0,0x69,0xFF,0x8D,0x51,0xFF,0x9B,0xD5,0xFF,0x7F,0xFF,0xFF,0xFF,0xFF,0xFF,0xFF,0xFF,0xFF,
    0xFF,0xFF,0xFF,0xFF,0xFF,0xFF,0xDF,0xFF,0xFF,0xDF,0xFF,0xFF,0x7F,0xFF,0xFF,0xFC,0xD5,0xFF,0xEE,0x59,0xFF,0xAE,0x59,0xFF,0xD0,0x69,0xFF,0x2F,0x59,0xFF,0x51,0x61,0xFF,0x32,0x69,0xFF,
    0xF2,0x60,0xFF,0x52,0x69,0xFF,0x0F,0x59,0xFF,0x8F,0x61,0xFF,0xD0,0x69,0xFF,0xB9,0xBC,0xFF,0x9F,0xFF,0xFF,0x9F,0xFF,0xFF,0xDF,0xFF,0xFF,0x9E,0xFF,0xFF,0xFF,0xFF,0xFF,0xFE,0xFF,0xFF,
    0xFE,0xFF,0xFF,0xFF,0xFF,0xFF,0xFF,0xFF,0xFF,0xFF,0xFF,0xFF,0xFF,0xFF,0xFF,0xFF,0xFF,0xFF,0xFF,0xFF,0xFF,0xFF,0xFF,0xFF,0xFF,0xFF,0xFF,0xFF,0xFF,0xFF,0xFF,0xFF,0xFF,0xFF,0xFF,0xFF,
    0xFF,0xFF,0xFF,0xFF,0xFF,0xFF,0xFF,0xFF,0xFF,0xFF,0xFF,0xFF,0xFF,0xFF,0xFF,0xFF,0xFF,0xFF,0xFF,0xFF,0xFF,0xFF,0xFF,0xFF,0xFF,0xFF,0xFF,0xFF,0xFF,0xFF,0xDF,0xFF,0xFF,0xBF,0xFF,0xFF,
    0xFF,0xFF,0xFF,0xFE,0xFF,0xFF,0x9C,0xF7,0xFF,0xFE,0xFF,0xFF,0xDF,0xFF,0xFF,0xDF,0xFF,0xFF,0xFF,0xFF,0xFF,0xFF,0xFF,0xFF,0xFF,0xFF,0xFF,0xFF,0xFF,0xFF,0xFE,0xFF,0xFF,0xFE,0xFF,0xFF,
    0xFE,0xFF,0xFF,0xFF,0xFF,0xFF,0xFF,0xFF,0xFF,0xFF,0xFF,0xFF,0xBF,0xF7,0xFF,0x00,0x00,0xFF,0x00,0x00,0xFF,0x00,0x00,0xFF,0x21,0x00,0xFF,0x01,0x00,0xFF,0x01,0x00,0xFF,0x01,0x00,0xFF,
    0x01,0x00,0xFF,0x01,0x00,0xFF,0x00,0x00,0xFF,0x00,0x00,0xFF,0x00,0x00,0xFF,0x00,0x00,0xFF,0x00,0x00,0xFF,0x00,0x00,0xFF,0x00,0x00,0xFF,0x00,0x00,0xFF,0x00,0x00,0xFF,0x00,0x00,0xFF,
    0x00,0x00,0xFF,0x00,0x00,0xFF,0x00,0x00,0xFF,0x00,0x00,0xFF,0x00,0x00,0xFF,0x21,0x00,0xFF,0x20,0x00,0xFF,0x00,0x00,0xFF,0x00,0x00,0xFF,0x60,0x08,0xFF,0xA0,0x08,0xFF,0x6E,0xE7,0xFF,
    0xA9,0xE7,0xFF,0xE6,0xEF,0xFF,0xE2,0xEF,0xFF,0xE4,0xF7,0xFF,0x66,0xE7,0xFF,0xE7,0xBD,0xFF,0x60,0x10,0xFF,0x00,0x08,0xFF,0xA0,0x18,0xFF,0xE0,0x20,0xFF,0x2A,0x84,0xFF,0x20,0x00,0xFF,
    0xD2,0x9C,0xFF,0x7E,0xEF,0xFF,0x7E,0xEF,0xFF,0xBE,0xF7,0xFF,0xDF,0xFF,0xFF,0xBE,0xF7,0xFF,0xBE,0xF7,0xFF,0xDF,0xFF,0xFF,0xDF,0xFF,0xFF,0x9E,0xF7,0xFF,0xBE,0xF7,0xFF,0x7D,0xEF,0xFF,
    0x9E,0xF7,0xFF,0xDF,0xFF,0xFF,0xDF,0xFF,0xFF,0x9E,0xF7,0xFF,0xBE,0xF7,0xFF,0xFF,0xFF,0xFF,0x5D,0xEF,0xFF,0xD3,0x9C,0xFF,0x9E,0xF7,0xFF,0xBE,0xF7,0xFF,0xBE,0xF7,0xFF,0xBE,0xF7,0xFF,
    0x9E,0xF7,0xFF,0x7D,0xEF,0xFF,0xBE,0xF7,0xFF,0xDF,0xFF,0xFF,0xBE,0xF7,0xFF,0x9E,0xF7,0xFF,0xBE,0xF7,0xFF,0xDF,0xFF,0xFF,0x9E,0xF7,0xFF,0x3C,0xE7,0xFF,0x14,0xA5,0xFF,0x86,0x31,0xFF,
    0x69,0x4A,0xFF,0x5D,0xEF,0xFF,0xBE,0xF7,0xFF,0xBE,0xF7,0xFF,0x9E,0xF7,0xFF,0xBE,0xF7,0xFF,0x9E,0xF7,0xFF,0xDF,0xFF,0xFF,0x7D,0xEF,0xFF,0x7D,0xEF,0xFF,0xFF,0xFF,0xFF,0xAA,0x52,0xFF,
    0x61,0x08,0xFF,0x00,0x00,0xFF,0x00,0x00,0xFF,0x86,0x31,0xFF,0xFF,0xFF,0xFF,0x7D,0xEF,0xFF,0xDF,0xFF,0xFF,0xFF,0xFF,0xFF,0xFF,0xFF,0xFF,0xFF,0xFF,0xFF,0xFF,0xFF,0xFF,0xFF,0xFF,0xFF,
    0xFF,0xFF,0xFF,0xFF,0xFF,0xFF,0xFF,0xFF,0xFF,0xFF,0xFF,0xFF,0xFF,0xFF,0xFF,0xFF,0xFF,0xFF,0xFF,0xFF,0xFF,0xFF,0xFF,0xFF,0xFF,0xFF,0xFF,0xFF,0xFF,0xFF,0xFF,0xFF,0xFF,0xFF,0xFF,0xFF,
    0xFF,0xFF,0xFF,0xFF,0xFF,0xFF,0xFF,0xFF,0xFF,0xFF,0xFF,0xFF,0xFF,0xFF,0xFF,0xFF,0xFF,0xFF,0xFF,0xFF,0xFF,0xFF,0xFF,0xFF,0xFF,0xFF,0xFF,0xFF,0xFF,0xFF,0xFF,0xFF,0xFF,0xFF,0xFF,0xFF,
    0xF1,0x69,0xFF,0x70,0x59,0xFF,0x70,0x59,0xFF,0x91,0x61,0xFF,0x51,0x61,0xFF,0x31,0x61,0xFF,0x72,0x69,0xFF,0xB4,0x71,0xFF,0x32,0x69,0xFF,0x32,0x69,0xFF,0x32,0x69,0xFF,0x32,0x69,0xFF,
    0x32,0x69,0xFF,0x32,0x69,0xFF,0x32,0x69,0xFF,0x52,0x61,0xFF,0x51,0x61,0xFF,0x71,0x61,0xFF,0x51,0x69,0xFF,0x51,0x69,0xFF,0x51,0x69,0xFF,0x52,0x69,0xFF,0x52,0x69,0xFF,0x51,0x61,0xFF,
    0x92,0x69,0xFF,0x70,0x61,0xFF,0x90,0x61,0xFF,0x10,0x6A,0xFF,0x6C,0x51,0xFF,0x2E,0x62,0xFF,0x7F,0xFF,0xFF,0xBF,0xFF,0xFF,0xDF,0xFF,0xFF,0xDF,0xFF,0xFF,0xFF,0xFF,0xFF,0xFF,0xFF,0xFF,
    0xFF,0xFF,0xFF,0xFF,0xFF,0xFF,0xDF,0xFF,0xFF,0xBF,0xFF,0xFF,0x7F,0xFF,0xFF,0xD7,0xB4,0xFF,0xAD,0x59,0xFF,0x8E,0x59,0xFF,0xF2,0x71,0xFF,0x30,0x61,0xFF,0x72,0x69,0xFF,0x52,0x69,0xFF,
    0x92,0x69,0xFF,0x70,0x61,0xFF,0xAF,0x61,0xFF,0xB5,0x93,0xFF,0x9F,0xFF,0xFF,0x9F,0xFF,0xFF,0xFF,0xFF,0xFF,0xFF,0xFF,0xFF,0xFF,0xFF,0xFF,0xFF,0xFF,0xFF,0xFF,0xFF,0xFF,0xDF,0xFF,0xFF,
    0xBF,0xFF,0xFF,0xDF,0xFF,0xFF,0x9F,0xFF,0xFF,0x1C,0xD6,0xFF,0xCF,0x59,0xFF,0x50,0x51,0xFF,0x70,0x59,0xFF,0x91,0x61,0xFF,0x71,0x61,0xFF,0x51,0x61,0xFF,0x52,0x69,0xFF,0x32,0x61,0xFF,
    0x52,0x69,0xFF,0x53,0x69,0xFF,0x53,0x69,0xFF,0x53,0x69,0xFF,0x73,0x69,0xFF,0x73,0x69,0xFF,0x73,0x61,0xFF,0x72,0x61,0xFF,0x71,0x61,0xFF,0x70,0x61,0xFF,0x70,0x61,0xFF,0x71,0x61,0xFF,
    0x51,0x69,0xFF,0x51,0x69,0xFF,0x70,0x69,0xFF,0x70,0x69,0xFF,0x4E,0x59,0xFF,0x4E,0x59,0xFF,0xEE,0x61,0xFF,0x1F,0xFF,0xFF,0xBF,0xFF,0xFF,0xBF,0xFF,0xFF,0x7F,0xF7,0xFF,0xEF,0x6A,0xFF,
    0xCE,0x61,0xFF,0x90,0x69,0xFF,0x91,0x69,0xFF,0x92,0x69,0xFF,0x92,0x69,0xFF,0x92,0x69,0xFF,0xB1,0x61,0xFF,0xB0,0x61,0xFF,0xCE,0x59,0xFF,0x7A,0xCD,0xFF,0x7F,0xFF,0xFF,0xDF,0xFF,0xFF,
    0xDF,0xFF,0xFF,0xBE,0xF7,0xFF,0xDF,0xF7,0xFF,0x9F,0xFF,0xFF,0x53,0x8B,0xFF,0x6E,0x59,0xFF,0xD0,0x69,0xFF,0xB0,0x69,0xFF,0x91,0x69,0xFF,0x51,0x61,0xFF,0x92,0x69,0xFF,0x72,0x69,0xFF,
    0x51,0x61,0xFF,0x91,0x61,0xFF,0xB1,0x69,0xFF,0xB0,0x61,0xFF,0xCF,0x61,0xFF,0xAE,0x59,0xFF,0x70,0x72,0xFF,0x3F,0xFF,0xFF,0xBF,0xFF,0xFF,0xFF,0xFF,0xFF,0xFF,0xFF,0xFF,0xFF,0xFF,0xFF,
    0xFF,0xFF,0xFF,0xFF,0xFF,0xFF,0xFF,0xFF,0xFF,0xDF,0xFF,0xFF,0xBF,0xFF,0xFF,0xBF,0xFF,0xFF,0x9A,0xCD,0xFF,0x4F,0x6A,0xFF,0xCF,0x61,0xFF,0x90,0x61,0xFF,0x91,0x69,0xFF,0x50,0x61,0xFF,
    0x70,0x61,0xFF,0x50,0x61,0xFF,0x51,0x61,0xFF,0x71,0x61,0xFF,0x72,0x69,0xFF,0x72,0x61,0xFF,0x72,0x69,0xFF,0x93,0x69,0xFF,0x92,0x69,0xFF,0x71,0x69,0xFF,0x92,0x69,0xFF,0x50,0x61,0xFF,
    0x0F,0x59,0xFF,0xD1,0x69,0xFF,0x90,0x61,0xFF,0xAE,0x61,0xFF,0x7F,0xFF,0xFF,0x7F,0xFF,0xFF,0x5F,0xFF,0xFF,0xEE,0x61,0xFF,0xAE,0x59,0xFF,0x90,0x59,0xFF,0x92,0x69,0xFF,0xD3,0x71,0xFF,
    0x52,0x69,0xFF,0x52,0x69,0xFF,0x52,0x69,0xFF,0x52,0x69,0xFF,0x51,0x69,0xFF,0x71,0x69,0xFF,0x70,0x69,0xFF,0x70,0x69,0xFF,0x70,0x61,0xFF,0x70,0x61,0xFF,0x71,0x61,0xFF,0x71,0x61,0xFF,
    0x71,0x61,0xFF,0x71,0x61,0xFF,0x51,0x69,0xFF,0x71,0x61,0xFF,0x71,0x69,0xFF,0x91,0x69,0xFF,0x70,0x61,0xFF,0x90,0x61,0xFF,0xF1,0x69,0xFF,0x8F,0x61,0xFF,0xCF,0x61,0xFF,0xD1,0x7A,0xFF,
    0x9F,0xFF,0xFF,0xDF,0xFF,0xFF,0x3F,0xFF,0xFF,0xDF,0xF6,0xFF,0xCE,0x59,0xFF,0xAF,0x61,0xFF,0x4F,0x59,0xFF,0x91,0x69,0xFF,0x71,0x61,0xFF,0x91,0x61,0xFF,0x70,0x61,0xFF,0xD0,0x69,0xFF,
    0xEF,0x61,0xFF,0x4B,0x49,0xFF,0x7F,0xFF,0xFF,0xBF,0xFF,0xFF,0xDF,0xFF,0xFF,0xDE,0xF7,0xFF,0xFF,0xFF,0xFF,0xFF,0xFF,0xFF,0xBF,0xF7,0xFF,0xBF,0xFF,0xFF,0xDF,0xFF,0xFF,0xBF,0xFF,0xFF,
    0x5D,0xE6,0xFF,0x2E,0x62,0xFF,0x6D,0x51,0xFF,0xD0,0x69,0xFF,0xD1,0x69,0xFF,0x50,0x61,0xFF,0x92,0x69,0xFF,0xB2,0x71,0xFF,0xD1,0x69,0xFF,0xAF,0x61,0xFF,0x8E,0x59,0xFF,0x0E,0x62,0xFF,
    0x5A,0xC5,0xFF,0x7F,0xFF,0xFF,0xDF,0xFF,0xFF,0x7E,0xF7,0xFF,0xFF,0xFF,0xFF,0xFF,0xFF,0xFF,0xFF,0xFF,0xFF,0xFF,0xFF,0xFF,0xFF,0xFF,0xFF,0xFF,0xFF,0xFF,0xFF,0xFF,0xFF,0xFF,0xFF,0xFF,
    0xFF,0xFF,0xFF,0xFF,0xFF,0xFF,0xFF,0xFF,0xFF,0xFF,0xFF,0xFF,0xFF,0xFF,0xFF,0xFF,0xFF,0xFF,0xFF,0xFF,0xFF,0xFF,0xFF,0xFF,0xFF,0xFF,0xFF,0xFF,0xFF,0xFF,0xFF,0xFF,0xFF,0xFF,0xFF,0xFF,
    0xFF,0xFF,0xFF,0xFF,0xFF,0xFF,0xFF,0xFF,0xFF,0xFF,0xFF,0xFF,0xFF,0xFF,0xFF,0xFF,0xFF,0xFF,0xBD,0xF7,0xFF,0xFD,0xFF,0xFF,0xFD,0xFF,0xFF,0xDD,0xF7,0xFF,0xFF,0xFF,0xFF,0xFF,0xFF,0xFF,
    0xDF,0xFF,0xFF,0xDF,0xFF,0xFF,0xFF,0xFF,0xFF,0xFF,0xFF,0xFF,0xFE,0xFF,0xFF,0xFF,0xFF,0xFF,0xDF,0xFF,0xFF,0xDF,0xFF,0xFF,0xDF,0xFF,0xFF,0xDF,0xFF,0xFF,0xBE,0xFF,0xFF,0x40,0x08,0xFF,
    0x00,0x00,0xFF,0x82,0x08,0xFF,0x00,0x00,0xFF,0x42,0x00,0xFF,0x01,0x00,0xFF,0x02,0x00,0xFF,0x02,0x00,0xFF,0x01,0x00,0xFF,0x00,0x00,0xFF,0x00,0x00,0xFF,0x00,0x00,0xFF,0x00,0x00,0xFF,
    0x00,0x00,0xFF,0x00,0x00,0xFF,0x00,0x00,0xFF,0x00,0x00,0xFF,0x00,0x00,0xFF,0x00,0x00,0xFF,0x00,0x00,0xFF,0x00,0x00,0xFF,0x00,0x00,0xFF,0x00,0x00,0xFF,0x00,0x00,0xFF,0x20,0x00,0xFF,
    0x21,0x00,0xFF,0x00,0x00,0xFF,0x00,0x00,0xFF,0x00,0x00,0xFF,0x60,0x08,0xFF,0x60,0x08,0xFF,0x6D,0xE7,0xFF,0xC8,0xE7,0xFF,0xC3,0xE7,0xFF,0x82,0xDF,0xFF,0xEA,0xF7,0xFF,0x60,0x6B,0xFF,
    0x00,0x08,0xFF,0x41,0x10,0xFF,0x00,0x00,0xFF,0x20,0x08,0xFF,0x60,0x08,0xFF,0xA0,0x08,0xFF,0x19,0xDF,0xFF,0xFE,0xFF,0xFF,0xBE,0xF7,0xFF,0xFF,0xFF,0xFF,0xDF,0xFF,0xFF,0x5D,0xEF,0xFF,
    0x5D,0xEF,0xFF,0xBE,0xF7,0xFF,0xDF,0xFF,0xFF,0x9E,0xF7,0xFF,0xBE,0xF7,0xFF,0xFF,0xFF,0xFF,0xFF,0xFF,0xFF,0x7D,0xEF,0xFF,0x9E,0xF7,0xFF,0xFF,0xFF,0xFF,0xBE,0xF7,0xFF,0x3C,0xE7,0xFF,
    0x24,0x21,0xFF,0xFF,0xFF,0xFF,0x9E,0xF7,0xFF,0x7D,0xEF,0xFF,0xDF,0xFF,0xFF,0x7D,0xEF,0xFF,0xFF,0xFF,0xFF,0xBE,0xF7,0xFF,0x9E,0xF7,0xFF,0x5D,0xEF,0xFF,0x9A,0xD6,0xFF,0xB2,0x94,0xFF,
    0x08,0x42,0xFF,0x20,0x00,0xFF,0x20,0x00,0xFF,0x24,0x21,0xFF,0xD7,0xBD,0xFF,0x5D,0xEF,0xFF,0x7D,0xEF,0xFF,0xFF,0xFF,0xFF,0xDF,0xFF,0xFF,0x3C,0xE7,0xFF,0xFF,0xFF,0xFF,0x7D,0xEF,0xFF,
    0xFF,0xFF,0xFF,0xBE,0xF7,0xFF,0xDF,0xFF,0xFF,0x9E,0xF7,0xFF,0xC7,0x39,0xFF,0x20,0x00,0xFF,0x00,0x00,0xFF,0x00,0x00,0xFF,0x65,0x29,0xFF,0xFF,0xFF,0xFF,0xBE,0xF7,0xFF,0xFF,0xFF,0xFF,
    0xFF,0xFF,0xFF,0xDF,0xFF,0xFF,0x9E,0xF7,0xFF,0xFF,0xFF,0xFF,0xFF,0xFF,0xFF,0xFF,0xFF,0xFF,0xFF,0xFF,0xFF,0xFF,0xFF,0xFF,0xFF,0xFF,0xFF,0xFF,0xFF,0xFF,0xFF,0xFF,0xFF,0xFF,0xFF,0xFF,
    0xFF,0xFF,0xFF,0xFF,0xFF,0xFF,0xFF,0xFF,0xFF,0xFF,0xFF,0xFF,0xFF,0xFF,0xFF,0xFF,0xFF,0xFF,0xFF,0xFF,0xFF,0xFF,0xFF,0xFF,0xFF,0xFF,0xFF,0xFF,0xFF,0xFF,0xFF,0xFF,0xFF,0xFF,0xFF,0xFF,
    0xFF,0xFF,0xFF,0xFF,0xFF,0xFF,0xFF,0xFF,0xFF,0xFF,0xFF,0xFF,0xFF,0xFF,0xFF,0xFF,0xFF,0xFF,0x2E,0x51,0xFF,0x12,0x6A,0xFF,0xD1,0x61,0xFF,0x4F,0x51,0xFF,0xB1,0x61,0xFF,0x92,0x61,0xFF,
    0x51,0x59,0xFF,0x72,0x61,0xFF,0x72,0x69,0xFF,0x72,0x69,0xFF,0x72,0x69,0xFF,0x72,0x61,0xFF,0x72,0x69,0xFF,0x72,0x61,0xFF,0x72,0x61,0xFF,0x91,0x61,0xFF,0xB0,0x61,0xFF,0xAF,0x61,0xFF,
    0xB0,0x61,0xFF,0xB0,0x61,0xFF,0x90,0x61,0xFF,0x90,0x69,0xFF,0x90,0x69,0xFF,0x90,0x61,0xFF,0x6F,0x59,0xFF,0x10,0x6A,0xFF,0x2C,0x49,0xFF,0xAD,0x51,0xFF,0x2E,0x62,0xFF,0x5F,0xFF,0xFF,
    0x7F,0xFF,0xFF,0x9F,0xFF,0xFF,0xDF,0xFF,0xFF,0xFF,0xFF,0xFF,0xFF,0xFF,0xFF,0xFF,0xFF,0xFF,0xFF,0xFF,0xFF,0xFF,0xFF,0xFF,0xDF,0xFF,0xFF,0xDF,0xFF,0xFF,0xBF,0xFF,0xFF,0xEB,0x51,0xFF,
    0x8B,0x49,0xFF,0x6D,0x51,0xFF,0x8F,0x59,0xFF,0x70,0x61,0xFF,0x91,0x61,0xFF,0xB1,0x69,0xFF,0x90,0x61,0xFF,0x2D,0x49,0xFF,0xEF,0x61,0xFF,0xFF,0xF6,0xFF,0xBF,0xFF,0xFF,0xDF,0xFF,0xFF,
    0xDF,0xFF,0xFF,0xFF,0xFF,0xFF,0xFF,0xFF,0xFF,0xFE,0xF7,0xFF,0xFF,0xFF,0xFF,0xDF,0xFF,0xFF,0xFF,0xFF,0xFF,0x3D,0xEF,0xFF,0xDF,0xFF,0xFF,0x2C,0x5A,0xFF,0xAE,0x51,0xFF,0xD1,0x59,0xFF,
    0xD1,0x61,0xFF,0x91,0x59,0xFF,0x91,0x59,0xFF,0x92,0x61,0xFF,0xB2,0x69,0xFF,0xD3,0x71,0xFF,0x51,0x61,0xFF,0x51,0x61,0xFF,0x51,0x61,0xFF,0x71,0x61,0xFF,0x71,0x61,0xFF,0x71,0x59,0xFF,
    0x71,0x59,0xFF,0x71,0x59,0xFF,0xB0,0x61,0xFF,0xAF,0x61,0xFF,0xAF,0x61,0xFF,0x8F,0x61,0xFF,0x8F,0x61,0xFF,0x8F,0x61,0xFF,0x8F,0x61,0xFF,0xAF,0x61,0xFF,0x0F,0x6A,0xFF,0xAD,0x59,0xFF,
    0xDF,0xFE,0xFF,0x9F,0xFF,0xFF,0x5F,0xFF,0xFF,0xDF,0xFF,0xFF,0xFF,0xFF,0xFF,0xC9,0x41,0xFF,0xAD,0x59,0xFF,0x8E,0x59,0xFF,0x8F,0x59,0xFF,0x90,0x59,0xFF,0x70,0x59,0xFF,0x90,0x59,0xFF,
    0x8F,0x59,0xFF,0xAE,0x59,0xFF,0xCC,0x59,0xFF,0x7F,0xFF,0xFF,0xDF,0xFF,0xFF,0xDF,0xFF,0xFF,0xFF,0xFF,0xFF,0xFF,0xFF,0xFF,0xFF,0xFF,0xFF,0xFF,0xFF,0xFF,0x9B,0xCD,0xFF,0x8D,0x59,0xFF,
    0xAE,0x59,0xFF,0xCF,0x61,0xFF,0xD0,0x61,0xFF,0x2E,0x51,0xFF,0x6F,0x61,0xFF,0x70,0x61,0xFF,0xB0,0x61,0xFF,0x8F,0x59,0xFF,0xAF,0x59,0xFF,0x6D,0x51,0xFF,0xCE,0x59,0xFF,0xCD,0x59,0xFF,
    0x3E,0xE6,0xFF,0xBF,0xFF,0xFF,0xBF,0xFF,0xFF,0xFF,0xFF,0xFF,0xFF,0xFF,0xFF,0xFF,0xFF,0xFF,0xFE,0xFF,0xFF,0xFE,0xFF,0xFF,0xFF,0xFF,0xFF,0xDE,0xFF,0xFF,0x9E,0xFF,0xFF,0xDF,0xFF,0xFF,
    0xBF,0xFF,0xFF,0xFF,0xF6,0xFF,0x77,0xAC,0xFF,0xCE,0x61,0xFF,0xCF,0x61,0xFF,0x8F,0x61,0xFF,0xF1,0x69,0xFF,0xD1,0x61,0xFF,0xB1,0x61,0xFF,0x91,0x61,0xFF,0x91,0x61,0xFF,0x70,0x61,0xFF,
    0x71,0x61,0xFF,0x91,0x69,0xFF,0x50,0x61,0xFF,0x0F,0x51,0xFF,0xB1,0x61,0xFF,0xD1,0x69,0xFF,0x4E,0x59,0xFF,0xD0,0x69,0xFF,0xAF,0x61,0xFF,0xF3,0x82,0xFF,0x7F,0xFF,0xFF,0xBF,0xFF,0xFF,
    0x5F,0xFF,0xFF,0x8C,0x49,0xFF,0xEF,0x61,0xFF,0xCF,0x61,0xFF,0x90,0x59,0xFF,0x0F,0x51,0xFF,0x92,0x61,0xFF,0x92,0x69,0xFF,0x92,0x69,0xFF,0x91,0x61,0xFF,0x91,0x61,0xFF,0x91,0x61,0xFF,
    0xB0,0x61,0xFF,0xB0,0x61,0xFF,0xAF,0x61,0xFF,0xAF,0x61,0xFF,0xAF,0x61,0xFF,0xAF,0x61,0xFF,0x90,0x61,0xFF,0x90,0x61,0xFF,0x90,0x61,0xFF,0x90,0x61,0xFF,0xB0,0x61,0xFF,0xAF,0x61,0xFF,
    0xD0,0x69,0xFF,0x4D,0x51,0xFF,0xCE,0x61,0xFF,0xAD,0x59,0xFF,0x91,0x72,0xFF,0x9F,0xFF,0xFF,0xDF,0xFF,0xFF,0x9F,0xFF,0xFF,0xBF,0xFF,0xFF,0x7A,0xC5,0xFF,0x0E,0x5A,0xFF,0x8E,0x51,0xFF,
    0x31,0x72,0xFF,0x4E,0x59,0xFF,0x90,0x61,0xFF,0x2E,0x51,0xFF,0x8E,0x59,0xFF,0x2F,0x6A,0xFF,0x6B,0x49,0xFF,0x10,0x7B,0xFF,0x5F,0xFF,0xFF,0xBF,0xFF,0xFF,0xFF,0xFF,0xFF,0xFE,0xF7,0xFF,
    0xFF,0xFF,0xFF,0xFF,0xFF,0xFF,0xDF,0xFF,0xFF,0xBF,0xFF,0xFF,0xBF,0xFF,0xFF,0x7F,0xFF,0xFF,0x7F,0xFF,0xFF,0xFF,0xFE,0xFF,0xCD,0x59,0xFF,0x6D,0x51,0xFF,0x6D,0x51,0xFF,0xD0,0x69,0xFF,
    0x90,0x61,0xFF,0x8F,0x61,0xFF,0xAF,0x61,0xFF,0xAE,0x61,0xFF,0x8C,0x51,0xFF,0xCC,0x59,0xFF,0xCB,0x51,0xFF,0xFA,0xD5,0xFF,0x5E,0xF7,0xFF,0xFF,0xFF,0xFF,0xFF,0xFF,0xFF,0xFF,0xFF,0xFF,
    0xFF,0xFF,0xFF,0xFF,0xFF,0xFF,0xFF,0xFF,0xFF,0xFF,0xFF,0xFF,0xFF,0xFF,0xFF,0xFF,0xFF,0xFF,0xFF,0xFF,0xFF,0xFF,0xFF,0xFF,0xFF,0xFF,0xFF,0xFF,0xFF,0xFF,0xFF,0xFF,0xFF,0xFF,0xFF,0xFF,
    0xFF,0xFF,0xFF,0xFF,0xFF,0xFF,0xFF,0xFF,0xFF,0xFF,0xFF,0xFF,0xFF,0xFF,0xFF,0xFF,0xFF,0xFF,0xFF,0xFF,0xFF,0xFF,0xFF,0xFF,0xFF,0xFF,0xFF,0xFF,0xFF,0xFF,0xFF,0xFF,0xFF,0xFE,0xFF,0xFF,
    0xFD,0xFF,0xFF,0xFD,0xFF,0xFF,0xFD,0xFF,0xFF,0xFE,0xFF,0xFF,0xFF,0xFF,0xFF,0x9F,0xF7,0xFF,0xDF,0xFF,0xFF,0xFF,0xFF,0xFF,0xFF,0xFF,0xFF,0xFF,0xFF,0xFF,0xFF,0xFF,0xFF,0xFF,0xFF,0xFF,
    0xFF,0xFF,0xFF,0xFF,0xFF,0xFF,0xFF,0xFF,0xFF,0xBF,0xF7,0xFF,0xFF,0xFF,0xFF,0x27,0x42,0xFF,0x00,0x00,0xFF,0x00,0x00,0xFF,0x00,0x00,0xFF,0x00,0x00,0xFF,0x01,0x00,0xFF,0x02,0x00,0xFF,
    0x02,0x00,0xFF,0x01,0x00,0xFF,0x00,0x00,0xFF,0x00,0x00,0xFF,0x00,0x00,0xFF,0x00,0x00,0xFF,0x00,0x00,0xFF,0x00,0x00,0xFF,0x00,0x00,0xFF,0x00,0x00,0xFF,0x00,0x00,0xFF,0x00,0x00,0xFF,
    0x00,0x00,0xFF,0x00,0x00,0xFF,0x20,0x00,0xFF,0x00,0x00,0xFF,0x00,0x00,0xFF,0x00,0x00,0xFF,0x00,0x00,0xFF,0x00,0x00,0xFF,0x00,0x00,0xFF,0x00,0x00,0xFF,0x00,0x00,0xFF,0xA0,0x10,0xFF,
    0xC0,0x10,0xFF,0x2A,0xD7,0xFF,0xE9,0xF7,0xFF,0xA7,0xE7,0xFF,0x4A,0xE7,0xFF,0x60,0x29,0xFF,0x00,0x08,0xFF,0xB4,0xA4,0xFF,0x73,0x9C,0xFF,0x00,0x00,0xFF,0x60,0x08,0xFF,0x20,0x00,0xFF,
    0x7A,0xE7,0xFF,0xDD,0xF7,0xFF,0x7D,0xEF,0xFF,0x7D,0xEF,0xFF,0x9E,0xF7,0xFF,0xDF,0xFF,0xFF,0xDF,0xFF,0xFF,0xBE,0xF7,0xFF,0x9E,0xF7,0xFF,0xBE,0xF7,0xFF,0x5D,0xEF,0xFF,0x9E,0xF7,0xFF,
    0xBE,0xF7,0xFF,0xBE,0xF7,0xFF,0xBE,0xF7,0xFF,0x9A,0xD6,0xFF,0x6D,0x6B,0xFF,0x41,0x08,0xFF,0x59,0xCE,0xFF,0xD7,0xBD,0xFF,0x55,0xAD,0xFF,0xCF,0x7B,0xFF,0xEB,0x5A,0xFF,0xA6,0x31,0xFF,
    0x00,0x00,0xFF,0x00,0x00,0xFF,0x41,0x08,0xFF,0x41,0x08,0xFF,0x00,0x00,0xFF,0x41,0x08,0xFF,0x8A,0x52,0xFF,0xF7,0xBD,0xFF,0x9E,0xF7,0xFF,0x9E,0xF7,0xFF,0xDF,0xFF,0xFF,0xFB,0xDE,0xFF,
    0xFF,0xFF,0xFF,0x9E,0xF7,0xFF,0x9E,0xF7,0xFF,0xDF,0xFF,0xFF,0x7D,0xEF,0xFF,0xDF,0xFF,0xFF,0xBE,0xF7,0xFF,0x9E,0xF7,0xFF,0xDF,0xFF,0xFF,0xA2,0x10,0xFF,0x61,0x08,0xFF,0x00,0x00,0xFF,
    0x00,0x00,0xFF,0xA6,0x31,0xFF,0xFF,0xFF,0xFF,0x7D,0xEF,0xFF,0xFF,0xFF,0xFF,0xDF,0xFF,0xFF,0xFF,0xFF,0xFF,0xFF,0xFF,0xFF,0xFF,0xFF,0xFF,0x3C,0xE7,0xFF,0xFF,0xFF,0xFF,0xFF,0xFF,0xFF,
    0xFF,0xFF,0xFF,0xFF,0xFF,0xFF,0xFF,0xFF,0xFF,0xFF,0xFF,0xFF,0xFF,0xFF,0xFF,0xFF,0xFF,0xFF,0xFF,0xFF,0xFF,0xFF,0xFF,0xFF,0xFF,0xFF,0xFF,0xFF,0xFF,0xFF,0xFF,0xFF,0xFF,0xFF,0xFF,0xFF,
    0xFF,0xFF,0xFF,0xFF,0xFF,0xFF,0xFF,0xFF,0xFF,0xFF,0xFF,0xFF,0xFF,0xFF,0xFF,0xFF,0xFF,0xFF,0xFF,0xFF,0xFF,0xFF,0xFF,0xFF,0xFF,0xFF,0xFF,0xFF,0xFF,0xFF,0xFF,0xFF,0xFF,0xFF,0xFF,0xFF,
    0x30,0x62,0xFF,0xAD,0x51,0xFF,0x8D,0x51,0xFF,0xCF,0x59,0xFF,0xCF,0x59,0xFF,0xCF,0x61,0xFF,0xAF,0x59,0xFF,0x4E,0x51,0xFF,0x8F,0x59,0xFF,0x8F,0x59,0xFF,0x8F,0x59,0xFF,0x8F,0x59,0xFF,
    0x8F,0x59,0xFF,0xAF,0x59,0xFF,0xAF,0x59,0xFF,0xAE,0x59,0xFF,0xAD,0x59,0xFF,0xCD,0x59,0xFF,0xAD,0x59,0xFF,0xAD,0x59,0xFF,0xAE,0x59,0xFF,0xAE,0x59,0xFF,0xAE,0x59,0xFF,0xAE,0x59,0xFF,
    0xCE,0x59,0xFF,0xED,0x59,0xFF,0x0D,0x5A,0xFF,0x51,0x83,0xFF,0x9F,0xFF,0xFF,0x9F,0xFF,0xFF,0x7F,0xFF,0xFF,0xFF,0xFF,0xFF,0xDF,0xFF,0xFF,0xFF,0xFF,0xFF,0xFF,0xFF,0xFF,0xFF,0xFF,0xFF,
    0xFF,0xFF,0xFF,0xFF,0xFF,0xFF,0xDF,0xFF,0xFF,0xDF,0xFF,0xFF,0x3E,0xF7,0xFF,0xEA,0x49,0xFF,0x8E,0x62,0xFF,0x0D,0x5A,0xFF,0xCD,0x59,0xFF,0xAE,0x59,0xFF,0x6E,0x59,0xFF,0x6E,0x59,0xFF,
    0xCF,0x61,0xFF,0xAD,0x51,0xFF,0x2E,0x62,0xFF,0x9F,0xFF,0xFF,0x5F,0xFF,0xFF,0xFF,0xFF,0xFF,0xFF,0xFF,0xFF,0xFF,0xFF,0xFF,0xFE,0xFF,0xFF,0xFF,0xFF,0xFF,0xDF,0xF7,0xFF,0xBE,0xF7,0xFF,
    0xBF,0xFF,0xFF,0xDF,0xFF,0xFF,0x6A,0x52,0xFF,0x0B,0x52,0xFF,0xCD,0x51,0xFF,0x0F,0x5A,0xFF,0xCF,0x51,0xFF,0xAE,0x51,0xFF,0xCF,0x59,0xFF,0xAF,0x59,0xFF,0x8F,0x59,0xFF,0xAF,0x59,0xFF,
    0xAF,0x61,0xFF,0xAF,0x61,0xFF,0xAF,0x61,0xFF,0xAF,0x61,0xFF,0xCF,0x61,0xFF,0xCF,0x59,0xFF,0xCF,0x59,0xFF,0xCF,0x59,0xFF,0xCE,0x59,0xFF,0xCE,0x61,0xFF,0xCE,0x59,0xFF,0xCD,0x59,0xFF,
    0xAD,0x59,0xFF,0xCD,0x59,0xFF,0xAD,0x59,0xFF,0xCC,0x59,0xFF,0xCC,0x51,0xFF,0x5D,0xE6,0xFF,0x9F,0xFF,0xFF,0x9F,0xFF,0xFF,0xDF,0xFF,0xFF,0xBF,0xFF,0xFF,0x36,0xAD,0xFF,0x8C,0x5A,0xFF,
    0x2C,0x5A,0xFF,0x0E,0x62,0xFF,0x0E,0x62,0xFF,0xEF,0x61,0xFF,0xD0,0x61,0xFF,0xCF,0x61,0xFF,0xEF,0x59,0xFF,0xEE,0x59,0xFF,0xF0,0x7A,0xFF,0x7F,0xFF,0xFF,0x9F,0xFF,0xFF,0xBF,0xFF,0xFF,
    0xBE,0xFF,0xFF,0xFF,0xFF,0xFF,0x9E,0xF7,0xFF,0xDF,0xFF,0xFF,0xBE,0xEE,0xFF,0x4E,0x62,0xFF,0xAC,0x51,0xFF,0xAC,0x51,0xFF,0x0E,0x62,0xFF,0xCD,0x59,0xFF,0xEE,0x61,0xFF,0xCE,0x59,0xFF,
    0xCE,0x61,0xFF,0xEE,0x59,0xFF,0x0E,0x62,0xFF,0x0D,0x5A,0xFF,0xEC,0x51,0xFF,0x2C,0x5A,0xFF,0x9F,0xFF,0xFF,0x5F,0xF7,0xFF,0xDF,0xFF,0xFF,0xFF,0xFF,0xFF,0xFF,0xFF,0xFF,0xFE,0xFF,0xFF,
    0xFE,0xFF,0xFF,0xFE,0xFF,0xFF,0xFE,0xFF,0xFF,0xFE,0xFF,0xFF,0xFF,0xFF,0xFF,0x7E,0xF7,0xFF,0xBF,0xFF,0xFF,0xBF,0xFF,0xFF,0xBF,0xFF,0xFF,0x9F,0xFF,0xFF,0x1F,0xFF,0xFF,0x57,0xAC,0xFF,
    0xEF,0x59,0xFF,0xCF,0x59,0xFF,0xAE,0x59,0xFF,0xAF,0x59,0xFF,0xAF,0x59,0xFF,0x8F,0x59,0xFF,0x8F,0x59,0xFF,0xAF,0x59,0xFF,0x11,0x6A,0xFF,0x11,0x6A,0xFF,0x8E,0x59,0xFF,0x8E,0x51,0xFF,
    0xEF,0x61,0xFF,0xAE,0x59,0xFF,0x0F,0x62,0xFF,0x7F,0xE6,0xFF,0x9F,0xFF,0xFF,0x5F,0xF7,0xFF,0xB6,0xA4,0xFF,0xCB,0x49,0xFF,0xED,0x59,0xFF,0xAE,0x51,0xFF,0xCF,0x59,0xFF,0x10,0x6A,0xFF,
    0x8F,0x59,0xFF,0x8F,0x59,0xFF,0x8F,0x59,0xFF,0xAF,0x59,0xFF,0xAF,0x59,0xFF,0xAF,0x59,0xFF,0xAE,0x59,0xFF,0xAE,0x59,0xFF,0xAD,0x59,0xFF,0xAD,0x59,0xFF,0xAD,0x59,0xFF,0xAD,0x59,0xFF,
    0xAD,0x59,0xFF,0xAD,0x59,0xFF,0xAD,0x59,0xFF,0xAD,0x59,0xFF,0x4C,0x49,0xFF,0xCD,0x59,0xFF,0xEE,0x61,0xFF,0x2E,0x62,0xFF,0x8B,0x49,0xFF,0xD3,0x93,0xFF,0x9F,0xFF,0xFF,0x7F,0xFF,0xFF,
    0x9F,0xF7,0xFF,0xFF,0xFF,0xFF,0x9F,0xFF,0xFF,0xAE,0x62,0xFF,0xCC,0x51,0xFF,0x6B,0x41,0xFF,0x0E,0x62,0xFF,0xEE,0x61,0xFF,0xEF,0x61,0xFF,0xAD,0x59,0xFF,0xED,0x59,0xFF,0x2E,0x62,0xFF,
    0x0C,0x5A,0xFF,0x3C,0xDE,0xFF,0xDF,0xFF,0xFF,0xDF,0xFF,0xFF,0xFF,0xFF,0xFF,0xFE,0xFF,0xFF,0xFE,0xFF,0xFF,0xFE,0xFF,0xFF,0xFF,0xFF,0xFF,0xFF,0xFF,0xFF,0xFF,0xFF,0xFF,0xBF,0xFF,0xFF,
    0xBF,0xFF,0xFF,0xBF,0xFF,0xFF,0x3F,0xFF,0xFF,0x0D,0x5A,0xFF,0x2E,0x62,0xFF,0x2F,0x62,0xFF,0x6C,0x51,0xFF,0xAD,0x59,0xFF,0xEE,0x61,0xFF,0xAC,0x51,0xFF,0x2E,0x62,0xFF,0xCB,0x51,0xFF,
    0x6C,0x5A,0xFF,0x6B,0x5A,0xFF,0x3A,0xCE,0xFF,0x7E,0xF7,0xFF,0xFF,0xFF,0xFF,0xFF,0xFF,0xFF,0xFF,0xFF,0xFF,0xFF,0xFF,0xFF,0xFF,0xFF,0xFF,0xFF,0xFF,0xFF,0xFF,0xFF,0xFF,0xFF,0xFF,0xFF,
    0xFF,0xFF,0xFF,0xFF,0xFF,0xFF,0xFF,0xFF,0xFF,0xFF,0xFF,0xFF,0xFF,0xFF,0xFF,0xFF,0xFF,0xFF,0xFF,0xFF,0xFF,0xFF,0xFF,0xFF,0xFF,0xFF,0xFF,0xFF,0xFF,0xFF,0xFF,0xFF,0xFF,0xFF,0xFF,0xFF,
    0xFF,0xFF,0xFF,0xFF,0xFF,0xFF,0xFF,0xFF,0xFF,0xFF,0xFF,0xFF,0xFF,0xFF,0xFF,0x9D,0xEF,0xFF,0xFE,0xFF,0xFF,0x7B,0xEF,0xFF,0xA8,0x52,0xFF,0xC6,0x39,0xFF,0x41,0x08,0xFF,0x62,0x08,0xFF,
    0x00,0x00,0xFF,0x20,0x00,0xFF,0x20,0x00,0xFF,0x20,0x00,0xFF,0x20,0x00,0xFF,0x21,0x00,0xFF,0x23,0x00,0xFF,0x43,0x08,0xFF,0xA4,0x18,0xFF,0x4A,0x4A,0xFF,0xAE,0x73,0xFF,0x4C,0x63,0xFF,
    0x00,0x00,0xFF,0x81,0x08,0xFF,0x61,0x08,0xFF,0x20,0x00,0xFF,0x01,0x00,0xFF,0x01,0x00,0xFF,0x01,0x00,0xFF,0x01,0x00,0xFF,0x00,0x00,0xFF,0x00,0x00,0xFF,0x00,0x00,0xFF,0x00,0x00,0xFF,
    0x00,0x00,0xFF,0x00,0x00,0xFF,0x00,0x00,0xFF,0x00,0x00,0xFF,0x00,0x00,0xFF,0x00,0x00,0xFF,0x00,0x00,0xFF,0x00,0x00,0xFF,0x00,0x00,0xFF,0x00,0x00,0xFF,0x00,0x00,0xFF,0x00,0x00,0xFF,
    0x00,0x00,0xFF,0x00,0x00,0xFF,0x00,0x00,0xFF,0x20,0x00,0xFF,0x00,0x00,0xFF,0x20,0x08,0xFF,0x40,0x00,0xFF,0x40,0x21,0xFF,0x2D,0xDF,0xFF,0x6D,0xE7,0xFF,0x91,0xEF,0xFF,0x60,0x08,0xFF,
    0x00,0x08,0xFF,0x5D,0xF7,0xFF,0x9F,0xF7,0xFF,0x5D,0xEF,0xFF,0x00,0x00,0xFF,0xE9,0x5A,0xFF,0xDD,0xF7,0xFF,0xBD,0xEF,0xFF,0xFF,0xFF,0xFF,0xDF,0xFF,0xFF,0xDF,0xFF,0xFF,0x7D,0xEF,0xFF,
    0xF7,0xBD,0xFF,0x4D,0x6B,0xFF,0x24,0x21,0xFF,0x20,0x00,0xFF,0x41,0x08,0xFF,0x20,0x00,0xFF,0x00,0x00,0xFF,0x20,0x00,0xFF,0x00,0x00,0xFF,0x00,0x00,0xFF,0x00,0x00,0xFF,0x41,0x08,0xFF,
    0x00,0x00,0xFF,0x61,0x08,0xFF,0x41,0x08,0xFF,0x00,0x00,0xFF,0x00,0x00,0xFF,0x00,0x00,0xFF,0x41,0x08,0xFF,0x65,0x29,0xFF,0xAE,0x73,0xFF,0x18,0xC6,0xFF,0xDF,0xFF,0xFF,0xBE,0xF7,0xFF,
    0x7D,0xEF,0xFF,0xDF,0xFF,0xFF,0xFF,0xFF,0xFF,0x9E,0xF7,0xFF,0x7D,0xEF,0xFF,0xFF,0xFF,0xFF,0x9E,0xF7,0xFF,0x3C,0xE7,0xFF,0xBE,0xF7,0xFF,0x9E,0xF7,0xFF,0xFF,0xFF,0xFF,0xBE,0xF7,0xFF,
    0xBE,0xF7,0xFF,0x1C,0xE7,0xFF,0x00,0x00,0xFF,0x00,0x00,0xFF,0x00,0x00,0xFF,0x00,0x00,0xFF,0x8A,0x52,0xFF,0xDF,0xFF,0xFF,0xFF,0xFF,0xFF,0xFF,0xFF,0xFF,0xFF,0xFF,0xFF,0xFF,0xFF,0xFF,
    0xDF,0xFF,0xFF,0x9E,0xF7,0xFF,0xFF,0xFF,0xFF,0xFF,0xFF,0xFF,0xFF,0xFF,0xFF,0xFF,0xFF,0xFF,0xFF,0xFF,0xFF,0xFF,0xFF,0xFF,0xFF,0xFF,0xFF,0xFF,0xFF,0xFF,0xFF,0xFF,0xFF,0xFF,0xFF,0xFF,
    0xFF,0xFF,0xFF,0xFF,0xFF,0xFF,0xFF,0xFF,0xFF,0xFF,0xFF,0xFF,0xFF,0xFF,0xFF,0xFF,0xFF,0xFF,0xFF,0xFF,0xFF,0xFF,0xFF,0xFF,0xFF,0xFF,0xFF,0xFF,0xFF,0xFF,0xFF,0xFF,0xFF,0xFF,0xFF,0xFF,
    0xFF,0xFF,0xFF,0xFF,0xFF,0xFF,0xFF,0xFF,0xFF,0xFF,0xFF,0xFF,0xFF,0xFF,0xFF,0xFF,0xFF,0xFF,0xFB,0xD5,0xFF,0x5D,0xE6,0xFF,0x7E,0xE6,0xFF,0x5D,0xE6,0xFF,0x3D,0xDE,0xFF,0x3E,0xE6,0xFF,
    0x3E,0xE6,0xFF,0x5F,0xEE,0xFF,0x3E,0xE6,0xFF,0x3E,0xE6,0xFF,0x3E,0xE6,0xFF,0x3E,0xE6,0xFF,0x3D,0xE6,0xFF,0x3D,0xE6,0xFF,0x3D,0xE6,0xFF,0x5D,0xE6,0xFF,0x3C,0xDE,0xFF,0x3C,0xDE,0xFF,
    0x3D,0xDE,0xFF,0x3D,0xDE,0xFF,0x3D,0xDE,0xFF,0x3D,0xDE,0xFF,0x3D,0xE6,0xFF,0x3D,0xDE,0xFF,0x5D,0xE6,0xFF,0x1C,0xDE,0xFF,0xBF,0xFF,0xFF,0xDF,0xFF,0xFF,0x9F,0xFF,0xFF,0xFF,0xFF,0xFF,
    0xFF,0xFF,0xFF,0xBE,0xF7,0xFF,0xFF,0xFF,0xFF,0xFF,0xFF,0xFF,0xFF,0xFF,0xFF,0xFF,0xFF,0xFF,0xFF,0xFF,0xFF,0xFF,0xFF,0xFF,0xFF,0xFF,0xFF,0xDF,0xFF,0xFF,0x5E,0xF7,0xFF,0x19,0xCE,0xFF,
    0x3B,0xD6,0xFF,0xFB,0xD5,0xFF,0x7E,0xE6,0xFF,0x3E,0xE6,0xFF,0x5F,0xEE,0xFF,0x5F,0xEE,0xFF,0x1D,0xDE,0xFF,0x9F,0xEE,0xFF,0x3C,0xDE,0xFF,0xDF,0xFF,0xFF,0xDF,0xFF,0xFF,0xFF,0xFF,0xFF,
    0x9E,0xF7,0xFF,0xDE,0xF7,0xFF,0xDE,0xF7,0xFF,0xFF,0xF7,0xFF,0xFF,0xFF,0xFF,0xFF,0xFF,0xFF,0xFF,0xFF,0xFF,0xBF,0xFF,0xFF,0x9A,0xDE,0xFF,0x5A,0xD6,0xFF,0x7D,0xDE,0xFF,0x5D,0xDE,0xFF,
    0x3D,0xD6,0xFF,0x3D,0xDE,0xFF,0x7E,0xE6,0xFF,0x5E,0xE6,0xFF,0x1D,0xDE,0xFF,0x1D,0xDE,0xFF,0x1D,0xE6,0xFF,0x1D,0xE6,0xFF,0x1D,0xDE,0xFF,0x1D,0xDE,0xFF,0x1D,0xDE,0xFF,0x1D,0xDE,0xFF,
    0x1D,0xDE,0xFF,0x1D,0xDE,0xFF,0x3D,0xE6,0xFF,0x3D,0xE6,0xFF,0x3D,0xE6,0xFF,0x3D,0xE6,0xFF,0x3D,0xE6,0xFF,0x5D,0xE6,0xFF,0x5C,0xE6,0xFF,0x5C,0xDE,0xFF,0x3F,0xFF,0xFF,0xDF,0xFF,0xFF,
    0xDF,0xFF,0xFF,0xDF,0xFF,0xFF,0xBF,0xFF,0xFF,0xBF,0xFF,0xFF,0x9B,0xDE,0xFF,0x3A,0xD6,0xFF,0x5C,0xDE,0xFF,0x5C,0xDE,0xFF,0x3D,0xDE,0xFF,0x3E,0xDE,0xFF,0x1E,0xDE,0xFF,0x1E,0xDE,0xFF,
    0x1D,0xDE,0xFF,0x1D,0xDE,0xFF,0xFF,0xF6,0xFF,0xDF,0xFF,0xFF,0xFF,0xFF,0xFF,0xFF,0xFF,0xFF,0xDE,0xFF,0xFF,0xFF,0xFF,0xFF,0xFF,0xFF,0xFF,0xDF,0xFF,0xFF,0xDF,0xFF,0xFF,0x1B,0xD6,0xFF,
    0x3C,0xDE,0xFF,0xFB,0xD5,0xFF,0x1C,0xDE,0xFF,0x1D,0xDE,0xFF,0x5D,0xE6,0xFF,0xFC,0xDD,0xFF,0xFC,0xDD,0xFF,0x3C,0xDE,0xFF,0x3C,0xDE,0xFF,0x7D,0xE6,0xFF,0x3B,0xD6,0xFF,0x5B,0xD6,0xFF,
    0xDF,0xFF,0xFF,0xDF,0xFF,0xFF,0xDF,0xFF,0xFF,0xFF,0xFF,0xFF,0xFE,0xFF,0xFF,0xFE,0xFF,0xFF,0xFE,0xFF,0xFF,0xFF,0xFF,0xFF,0xFF,0xFF,0xFF,0xFE,0xFF,0xFF,0xFF,0xFF,0xFF,0xFF,0xFF,0xFF,
    0xFF,0xFF,0xFF,0xBF,0xFF,0xFF,0x9F,0xFF,0xFF,0x5F,0xFF,0xFF,0xBF,0xFF,0xFF,0x7F,0xFF,0xFF,0xBF,0xFF,0xFF,0x9F,0xFF,0xFF,0x7F,0xFF,0xFF,0x5F,0xFF,0xFF,0xFF,0xFE,0xFF,0x7F,0xEE,0xFF,
    0x1E,0xE6,0xFF,0xFE,0xDD,0xFF,0xBC,0xD5,0xFF,0x3E,0xE6,0xFF,0x1E,0xDE,0xFF,0x1D,0xDE,0xFF,0x9E,0xEE,0xFF,0x3D,0xDE,0xFF,0xFB,0xD5,0xFF,0xBF,0xFF,0xFF,0xBF,0xFF,0xFF,0xFF,0xFF,0xFF,
    0x1A,0xCE,0xFF,0x7C,0xDE,0xFF,0x9D,0xE6,0xFF,0x3D,0xDE,0xFF,0x1D,0xDE,0xFF,0xFD,0xDD,0xFF,0x3E,0xE6,0xFF,0x3E,0xE6,0xFF,0x3E,0xE6,0xFF,0x3E,0xE6,0xFF,0x3E,0xE6,0xFF,0x3E,0xDE,0xFF,
    0x3E,0xDE,0xFF,0x3E,0xDE,0xFF,0x3D,0xDE,0xFF,0x3C,0xE6,0xFF,0x3D,0xE6,0xFF,0x3D,0xE6,0xFF,0x3D,0xE6,0xFF,0x3D,0xE6,0xFF,0x3D,0xE6,0xFF,0x3D,0xE6,0xFF,0xBF,0xF6,0xFF,0x3D,0xDE,0xFF,
    0x3C,0xDE,0xFF,0x7C,0xE6,0xFF,0xBE,0xEE,0xFF,0x7F,0xFF,0xFF,0xDF,0xFF,0xFF,0x9F,0xFF,0xFF,0xFF,0xFF,0xFF,0xFF,0xFF,0xFF,0xBF,0xFF,0xFF,0x7B,0xD6,0xFF,0xBD,0xE6,0xFF,0x9D,0xE6,0xFF,
    0xFC,0xD5,0xFF,0x3D,0xDE,0xFF,0x5E,0xE6,0xFF,0x5D,0xE6,0xFF,0x1C,0xDE,0xFF,0xFB,0xD5,0xFF,0xFA,0xCD,0xFF,0xDF,0xFF,0xFF,0xDF,0xFF,0xFF,0xBF,0xFF,0xFF,0xDE,0xFF,0xFF,0xFE,0xFF,0xFF,
    0xFE,0xFF,0xFF,0xDE,0xFF,0xFF,0xDE,0xFF,0xFF,0xFF,0xFF,0xFF,0xFF,0xFF,0xFF,0xFF,0xFF,0xFF,0xDF,0xFF,0xFF,0x9F,0xFF,0xFF,0x7F,0xFF,0xFF,0xBF,0xFF,0xFF,0xFB,0xD5,0xFF,0xBB,0xCD,0xFF,
    0x9E,0xEE,0xFF,0x5E,0xE6,0xFF,0x1C,0xDE,0xFF,0x7E,0xEE,0xFF,0xFB,0xD5,0xFF,0x5C,0xDE,0xFF,0x3B,0xD6,0xFF,0x3A,0xCE,0xFF,0x9B,0xDE,0xFF,0xFF,0xFF,0xFF,0xFF,0xFF,0xFF,0xFF,0xFF,0xFF,
    0xFF,0xFF,0xFF,0xFF,0xFF,0xFF,0xFF,0xFF,0xFF,0xFF,0xFF,0xFF,0xFF,0xFF,0xFF,0xFF,0xFF,0xFF,0xFF,0xFF,0xFF,0xFF,0xFF,0xFF,0xFF,0xFF,0xFF,0xFF,0xFF,0xFF,0xFF,0xFF,0xFF,0xFF,0xFF,0xFF,
    0xFF,0xFF,0xFF,0xFF,0xFF,0xFF,0xFF,0xFF,0xFF,0xFF,0xFF,0xFF,0xFF,0xFF,0xFF,0xFF,0xFF,0xFF,0xFF,0xFF,0xFF,0xFF,0xFF,0xFF,0xFF,0xFF,0xFF,0xFF,0xFF,0xFF,0xFF,0xFF,0xFF,0xFF,0xFF,0xFF,
    0xDE,0xFF,0xFF,0xFE,0xFF,0xFF,0x9D,0xF7,0xFF,0xAA,0x52,0xFF,0x62,0x08,0xFF,0x00,0x00,0xFF,0x00,0x00,0xFF,0x20,0x00,0xFF,0x20,0x00,0xFF,0x20,0x00,0xFF,0x00,0x00,0xFF,0x00,0x00,0xFF,
    0x22,0x00,0xFF,0x23,0x08,0xFF,0x02,0x00,0xFF,0x01,0x00,0xFF,0x82,0x08,0xFF,0x21,0x00,0xFF,0x20,0x00,0xFF,0x00,0x00,0xFF,0x00,0x00,0xFF,0x00,0x00,0xFF,0x00,0x00,0xFF,0x00,0x00,0xFF,
    0x00,0x00,0xFF,0x00,0x00,0xFF,0x00,0x00,0xFF,0x00,0x00,0xFF,0x00,0x00,0xFF,0x00,0x00,0xFF,0x00,0x00,0xFF,0x00,0x00,0xFF,0x00,0x00,0xFF,0x00,0x00,0xFF,0x00,0x00,0xFF,0x00,0x00,0xFF,
    0x00,0x00,0xFF,0x00,0x00,0xFF,0x00,0x00,0xFF,0x00,0x00,0xFF,0x00,0x00,0xFF,0x00,0x00,0xFF,0x00,0x00,0xFF,0x00,0x00,0xFF,0x00,0x00,0xFF,0x00,0x00,0xFF,0x62,0x10,0xFF,0x00,0x00,0xFF,
    0x40,0x08,0xFF,0x40,0x08,0xFF,0x60,0x29,0xFF,0x74,0xEF,0xFF,0x2D,0xA5,0xFF,0x20,0x00,0xFF,0x00,0x08,0xFF,0xBE,0xFF,0xFF,0x7D,0xF7,0xFF,0xDE,0xFF,0xFF,0x7C,0xEF,0xFF,0x5C,0xE7,0xFF,
    0x5D,0xE7,0xFF,0xDF,0xF7,0xFF,0xBE,0xF7,0xFF,0x9E,0xF7,0xFF,0x7D,0xEF,0xFF,0x9E,0xF7,0xFF,0x9E,0xF7,0xFF,0x9E,0xF7,0xFF,0x9E,0xF7,0xFF,0xBE,0xF7,0xFF,0xDF,0xFF,0xFF,0x7D,0xEF,0xFF,
    0x3C,0xE7,0xFF,0x1C,0xE7,0xFF,0xFB,0xDE,0xFF,0x9A,0xD6,0xFF,0x38,0xC6,0xFF,0x38,0xC6,0xFF,0xBA,0xD6,0xFF,0x59,0xCE,0xFF,0x3C,0xE7,0xFF,0xBE,0xF7,0xFF,0xDF,0xFF,0xFF,0xDF,0xFF,0xFF,
    0x6D,0x6B,0xFF,0x59,0xCE,0xFF,0xFF,0xFF,0xFF,0xBE,0xF7,0xFF,0x9E,0xF7,0xFF,0xBE,0xF7,0xFF,0x9E,0xF7,0xFF,0x5D,0xEF,0xFF,0x9E,0xF7,0xFF,0xFF,0xFF,0xFF,0xBE,0xF7,0xFF,0xBE,0xF7,0xFF,
    0xBE,0xF7,0xFF,0xFF,0xFF,0xFF,0xFF,0xFF,0xFF,0x5D,0xEF,0xFF,0xBE,0xF7,0xFF,0x9E,0xF7,0xFF,0x51,0x8C,0xFF,0x00,0x00,0xFF,0x41,0x08,0xFF,0x00,0x00,0xFF,0x61,0x08,0xFF,0x6D,0x6B,0xFF,
    0xFF,0xFF,0xFF,0xFF,0xFF,0xFF,0xDF,0xFF,0xFF,0xFF,0xFF,0xFF,0xBE,0xF7,0xFF,0xDF,0xFF,0xFF,0xFF,0xFF,0xFF,0xFF,0xFF,0xFF,0xDF,0xFF,0xFF,0xFF,0xFF,0xFF,0xFF,0xFF,0xFF,0xFF,0xFF,0xFF,
    0xFF,0xFF,0xFF,0xFF,0xFF,0xFF,0xFF,0xFF,0xFF,0xFF,0xFF,0xFF,0xFF,0xFF,0xFF,0xFF,0xFF,0xFF,0xFF,0xFF,0xFF,0xFF,0xFF,0xFF,0xFF,0xFF,0xFF,0xFF,0xFF,0xFF,0xFF,0xFF,0xFF,0xFF,0xFF,0xFF,
    0xFF,0xFF,0xFF,0xFF,0xFF,0xFF,0xFF,0xFF,0xFF,0xFF,0xFF,0xFF,0xFF,0xFF,0xFF,0xFF,0xFF,0xFF,0xFF,0xFF,0xFF,0xFF,0xFF,0xFF,0xFF,0xFF,0xFF,0xFF,0xFF,0xFF,0xFF,0xFF,0xFF,0xFF,0xFF,0xFF,
    0x9F,0xFF,0xFF,0xDF,0xFF,0xFF,0xDF,0xFF,0xFF,0x5E,0xFF,0xFF,0xDF,0xFF,0xFF,0xDF,0xFF,0xFF,0x7F,0xFF,0xFF,0x7F,0xFF,0xFF,0xBF,0xFF,0xFF,0xBF,0xFF,0xFF,0xDF,0xFF,0xFF,0xDF,0xFF,0xFF,
    0xDF,0xFF,0xFF,0xDF,0xFF,0xFF,0xDF,0xFF,0xFF,0xDF,0xFF,0xFF,0xDF,0xFF,0xFF,0xDF,0xFF,0xFF,0xBF,0xFF,0xFF,0xBF,0xFF,0xFF,0xBF,0xFF,0xFF,0xBF,0xFF,0xFF,0xBF,0xFF,0xFF,0xBF,0xFF,0xFF,
    0xDF,0xFF,0xFF,0xBF,0xFF,0xFF,0xDF,0xFF,0xFF,0xDF,0xFF,0xFF,0xFF,0xFF,0xFF,0x9D,0xF7,0xFF,0xFF,0xFF,0xFF,0xDE,0xFF,0xFF,0xFF,0xFF,0xFF,0xFF,0xFF,0xFF,0xFF,0xFF,0xFF,0xFF,0xFF,0xFF,
    0xFF,0xFF,0xFF,0xFF,0xFF,0xFF,0xFF,0xFF,0xFF,0xFF,0xFF,0xFF,0xBE,0xF7,0xFF,0xFF,0xFF,0xFF,0xDF,0xFF,0xFF,0xBF,0xFF,0xFF,0xDF,0xFF,0xFF,0x9F,0xFF,0xFF,0x7F,0xFF,0xFF,0x7F,0xFF,0xFF,
    0x5F,0xFF,0xFF,0xBF,0xFF,0xFF,0xDF,0xFF,0xFF,0x9F,0xFF,0xFF,0xFF,0xFF,0xFF,0xDE,0xFF,0xFF,0xDE,0xFF,0xFF,0xFF,0xFF,0xFF,0xFF,0xFF,0xFF,0xFF,0xFF,0xFF,0xFF,0xFF,0xFF,0xBF,0xF7,0xFF,
    0xBF,0xFF,0xFF,0x7E,0xF7,0xFF,0xFF,0xFF,0xFF,0xFF,0xFF,0xFF,0xFF,0xFF,0xFF,0xDF,0xFF,0xFF,0xDF,0xFF,0xFF,0xDF,0xFF,0xFF,0xDF,0xFF,0xFF,0xDF,0xFF,0xFF,0xDF,0xFF,0xFF,0xDF,0xFF,0xFF,
    0xDF,0xFF,0xFF,0xDF,0xFF,0xFF,0xDF,0xFF,0xFF,0xDF,0xFF,0xFF,0xDF,0xFF,0xFF,0xDF,0xFF,0xFF,0xDF,0xFF,0xFF,0xDF,0xFF,0xFF,0x9F,0xFF,0xFF,0x9F,0xFF,0xFF,0x9F,0xFF,0xFF,0x9F,0xFF,0xFF,
    0xBF,0xFF,0xFF,0xBF,0xFF,0xFF,0xDF,0xFF,0xFF,0xDF,0xFF,0xFF,0xBF,0xFF,0xFF,0xFF,0xFF,0xFF,0x7E,0xF7,0xFF,0x9E,0xF7,0xFF,0xFF,0xFF,0xFF,0xDF,0xFF,0xFF,0xFF,0xFF,0xFF,0xDF,0xFF,0xFF,
    0xDF,0xFF,0xFF,0xDF,0xFF,0xFF,0xDF,0xFF,0xFF,0xDF,0xFF,0xFF,0xBF,0xFF,0xFF,0xBF,0xFF,0xFF,0xBF,0xFF,0xFF,0xBF,0xFF,0xFF,0xDF,0xFF,0xFF,0x9F,0xFF,0xFF,0x9E,0xF7,0xFF,0xFF,0xFF,0xFF,
    0x9D,0xF7,0xFF,0xBE,0xF7,0xFF,0xFF,0xFF,0xFF,0xDF,0xFF,0xFF,0x7F,0xF7,0xFF,0x9F,0xFF,0xFF,0xDF,0xFF,0xFF,0xDF,0xFF,0xFF,0xDF,0xFF,0xFF,0xBF,0xFF,0xFF,0xDF,0xFF,0xFF,0xDF,0xFF,0xFF,
    0xDF,0xFF,0xFF,0xDF,0xFF,0xFF,0xBF,0xFF,0xFF,0xBF,0xFF,0xFF,0xDF,0xFF,0xFF,0xFF,0xFF,0xFF,0x9F,0xF7,0xFF,0xFF,0xFF,0xFF,0xDE,0xFF,0xFF,0xFE,0xFF,0xFF,0xFF,0xFF,0xFF,0xFE,0xFF,0xFF,
    0xFF,0xFF,0xFF,0xFF,0xFF,0xFF,0xFF,0xFF,0xFF,0xFF,0xFF,0xFF,0xFF,0xFF,0xFF,0xDE,0xF7,0xFF,0xFF,0xFF,0xFF,0xBF,0xFF,0xFF,0xFF,0xFF,0xFF,0xFF,0xFF,0xFF,0xBF,0xFF,0xFF,0xDF,0xFF,0xFF,
    0x7F,0xFF,0xFF,0x7F,0xFF,0xFF,0x9F,0xFF,0xFF,0xDF,0xFF,0xFF,0xDF,0xFF,0xFF,0xBF,0xFF,0xFF,0xBF,0xFF,0xFF,0xBF,0xFF,0xFF,0xBF,0xFF,0xFF,0xBF,0xFF,0xFF,0xDF,0xFF,0xFF,0x9F,0xFF,0xFF,
    0x9F,0xFF,0xFF,0xDF,0xFF,0xFF,0xDF,0xFF,0xFF,0x7E,0xF7,0xFF,0xBE,0xFF,0xFF,0xFF,0xFF,0xFF,0xBE,0xFF,0xFF,0xFF,0xFF,0xFF,0xBF,0xFF,0xFF,0xDF,0xFF,0xFF,0xDF,0xFF,0xFF,0xDF,0xFF,0xFF,
    0xDF,0xFF,0xFF,0xBF,0xFF,0xFF,0xBF,0xFF,0xFF,0xDF,0xFF,0xFF,0xDF,0xFF,0xFF,0xDF,0xFF,0xFF,0xDF,0xFF,0xFF,0xDF,0xFF,0xFF,0xDF,0xFF,0xFF,0xBF,0xFF,0xFF,0xBF,0xFF,0xFF,0xBF,0xFF,0xFF,
    0xBF,0xFF,0xFF,0xBF,0xFF,0xFF,0xBF,0xFF,0xFF,0xBF,0xFF,0xFF,0x7F,0xFF,0xFF,0xDF,0xFF,0xFF,0xDF,0xFF,0xFF,0xDF,0xFF,0xFF,0x7F,0xFF,0xFF,0x7E,0xF7,0xFF,0xFF,0xFF,0xFF,0xDF,0xFF,0xFF,
    0xFF,0xFF,0xFF,0xFF,0xFF,0xFF,0xFF,0xFF,0xFF,0xDF,0xFF,0xFF,0x5F,0xF7,0xFF,0xDF,0xFF,0xFF,0xDF,0xFF,0xFF,0xBF,0xFF,0xFF,0x7F,0xFF,0xFF,0xBF,0xFF,0xFF,0xDF,0xFF,0xFF,0xDF,0xFF,0xFF,
    0xDF,0xFF,0xFF,0xFF,0xFF,0xFF,0xBF,0xFF,0xFF,0xFF,0xFF,0xFF,0xFF,0xFF,0xFF,0xFF,0xFF,0xFF,0xFF,0xFF,0xFF,0xFF,0xFF,0xFF,0xFF,0xFF,0xFF,0xFF,0xFF,0xFF,0xDE,0xFF,0xFF,0xFF,0xFF,0xFF,
    0xFF,0xFF,0xFF,0xFF,0xFF,0xFF,0x9E,0xF7,0xFF,0xDF,0xFF,0xFF,0xDF,0xFF,0xFF,0xDF,0xFF,0xFF,0xBF,0xFF,0xFF,0x9F,0xFF,0xFF,0x9F,0xFF,0xFF,0xBF,0xFF,0xFF,0xDF,0xFF,0xFF,0x7F,0xFF,0xFF,
    0xBF,0xFF,0xFF,0xFF,0xFF,0xFF,0x5E,0xEF,0xFF,0xFF,0xFF,0xFF,0xFF,0xFF,0xFF,0xFF,0xFF,0xFF,0xFF,0xFF,0xFF,0xFF,0xFF,0xFF,0xFF,0xFF,0xFF,0xFF,0xFF,0xFF,0xFF,0xFF,0xFF,0xFF,0xFF,0xFF,
    0xFF,0xFF,0xFF,0xFF,0xFF,0xFF,0xFF,0xFF,0xFF,0xFF,0xFF,0xFF,0xFF,0xFF,0xFF,0xFF,0xFF,0xFF,0xFF,0xFF,0xFF,0xFF,0xFF,0xFF,0xFF,0xFF,0xFF,0xFF,0xFF,0xFF,0xFF,0xFF,0xFF,0xFF,0xFF,0xFF,
    0xFF,0xFF,0xFF,0xFE,0xFF,0xFF,0xFE,0xFF,0xFF,0xFF,0xFF,0xFF,0xBE,0xFF,0xFF,0xFF,0xFF,0xFF,0xDE,0xFF,0xFF,0x5D,0xEF,0xFF,0xFF,0xFF,0xFF,0xBF,0xFF,0xFF,0x9F,0xFF,0xFF,0x01,0x08,0xFF,
    0x21,0x08,0xFF,0x40,0x08,0xFF,0x40,0x08,0xFF,0x40,0x08,0xFF,0x20,0x00,0xFF,0x00,0x00,0xFF,0x00,0x00,0xFF,0x01,0x00,0xFF,0x22,0x00,0xFF,0x22,0x08,0xFF,0x22,0x00,0xFF,0x01,0x00,0xFF,
    0x00,0x00,0xFF,0xA3,0x10,0xFF,0x00,0x00,0xFF,0x20,0x00,0xFF,0x20,0x00,0xFF,0x20,0x00,0xFF,0x00,0x00,0xFF,0x00,0x00,0xFF,0x00,0x00,0xFF,0x01,0x00,0xFF,0x01,0x00,0xFF,0x01,0x00,0xFF,
    0x00,0x00,0xFF,0x00,0x00,0xFF,0x00,0x00,0xFF,0x00,0x00,0xFF,0x00,0x00,0xFF,0x00,0x00,0xFF,0x00,0x00,0xFF,0x00,0x00,0xFF,0x00,0x00,0xFF,0x00,0x00,0xFF,0x00,0x00,0xFF,0x20,0x00,0xFF,
    0x00,0x00,0xFF,0x00,0x00,0xFF,0x00,0x00,0xFF,0x00,0x00,0xFF,0x00,0x00,0xFF,0x00,0x00,0xFF,0x40,0x08,0xFF,0x00,0x00,0xFF,0x80,0x10,0xFF,0x4F,0x8C,0xFF,0x60,0x08,0xFF,0x40,0x08,0xFF,
    0x47,0x4A,0xFF,0xBC,0xF7,0xFF,0xFD,0xFF,0xFF,0x9C,0xF7,0xFF,0xFE,0xFF,0xFF,0xDF,0xF7,0xFF,0xDF,0xF7,0xFF,0x9F,0xF7,0xFF,0xBF,0xF7,0xFF,0xDF,0xFF,0xFF,0xDF,0xFF,0xFF,0xBE,0xF7,0xFF,
    0xBE,0xF7,0xFF,0xBE,0xF7,0xFF,0xBE,0xF7,0xFF,0xBE,0xF7,0xFF,0x5D,0xEF,0xFF,0xDF,0xFF,0xFF,0xFF,0xFF,0xFF,0xBE,0xF7,0xFF,0x9E,0xF7,0xFF,0xDF,0xFF,0xFF,0xFF,0xFF,0xFF,0xBE,0xF7,0xFF,
    0x9E,0xF7,0xFF,0xFF,0xFF,0xFF,0xBE,0xF7,0xFF,0xBE,0xF7,0xFF,0x5D,0xEF,0xFF,0x5D,0xEF,0xFF,0xDF,0xFF,0xFF,0x24,0x21,0xFF,0x7D,0xEF,0xFF,0xDF,0xFF,0xFF,0xFF,0xFF,0xFF,0xDF,0xFF,0xFF,
    0xBE,0xF7,0xFF,0xDF,0xFF,0xFF,0xBE,0xF7,0xFF,0x7D,0xEF,0xFF,0x9E,0xF7,0xFF,0xDF,0xFF,0xFF,0x7D,0xEF,0xFF,0x7D,0xEF,0xFF,0x5D,0xEF,0xFF,0xFF,0xFF,0xFF,0x9E,0xF7,0xFF,0xA2,0x10,0xFF,
    0x00,0x00,0xFF,0x00,0x00,0xFF,0x00,0x00,0xFF,0x41,0x08,0xFF,0x75,0xAD,0xFF,0xFF,0xFF,0xFF,0x7D,0xEF,0xFF,0xFF,0xFF,0xFF,0xFF,0xFF,0xFF,0xFF,0xFF,0xFF,0x9E,0xF7,0xFF,0xFF,0xFF,0xFF,
    0xFF,0xFF,0xFF,0xFF,0xFF,0xFF,0xDF,0xFF,0xFF,0xFF,0xFF,0xFF,0xFF,0xFF,0xFF,0xFF,0xFF,0xFF,0xFF,0xFF,0xFF,0xFF,0xFF,0xFF,0xFF,0xFF,0xFF,0xFF,0xFF,0xFF,0xFF,0xFF,0xFF,0xFF,0xFF,0xFF,
    0xFF,0xFF,0xFF,0xFF,0xFF,0xFF,0xFF,0xFF,0xFF,0xFF,0xFF,0xFF,0xFF,0xFF,0xFF,0xFF,0xFF,0xFF,0xFF,0xFF,0xFF,0xFF,0xFF,0xFF,0xFF,0xFF,0xFF,0xFF,0xFF,0xFF,0xFF,0xFF,0xFF,0xFF,0xFF,0xFF,
    0xFF,0xFF,0xFF,0xFF,0xFF,0xFF,0xFF,0xFF,0xFF,0xFF,0xFF,0xFF,0xFF,0xFF,0xFF,0xFF,0xFF,0xFF,0xFF,0xFF,0xFF,0x7D,0xF7,0xFF,0xDE,0xFF,0xFF,0xFF,0xFF,0xFF,0xDE,0xFF,0xFF,0xBE,0xFF,0xFF,
    0xFF,0xFF,0xFF,0xFF,0xFF,0xFF,0xDF,0xFF,0xFF,0xDF,0xFF,0xFF,0xDE,0xFF,0xFF,0xFE,0xFF,0xFF,0xFE,0xFF,0xFF,0xFE,0xFF,0xFF,0xFE,0xFF,0xFF,0xFE,0xFF,0xFF,0xFF,0xFF,0xFF,0xFF,0xFF,0xFF,
    0xFF,0xFF,0xFF,0xFF,0xFF,0xFF,0xFF,0xFF,0xFF,0xDF,0xFF,0xFF,0xDF,0xFF,0xFF,0xDF,0xFF,0xFF,0xDF,0xFF,0xFF,0x9E,0xF7,0xFF,0xFF,0xFF,0xFF,0xBE,0xF7,0xFF,0xFF,0xFF,0xFF,0xFF,0xFF,0xFF,
    0x9D,0xEF,0xFF,0xFF,0xFF,0xFF,0xFF,0xFF,0xFF,0xFF,0xFF,0xFF,0xFF,0xFF,0xFF,0xFF,0xFF,0xFF,0xFF,0xFF,0xFF,0xFF,0xFF,0xFF,0xFE,0xFF,0xFF,0xFE,0xFF,0xFF,0xFF,0xFF,0xFF,0xDF,0xFF,0xFF,
    0xFF,0xFF,0xFF,0xFF,0xFF,0xFF,0x9F,0xFF,0xFF,0xDF,0xFF,0xFF,0x9F,0xFF,0xFF,0xDF,0xFF,0xFF,0xDF,0xFF,0xFF,0x9F,0xFF,0xFF,0xDF,0xFF,0xFF,0xFF,0xFF,0xFF,0xFF,0xFF,0xFF,0xFF,0xFF,0xFF,
    0xFF,0xFF,0xFF,0xFF,0xFF,0xFF,0xFF,0xF7,0xFF,0xFF,0xFF,0xFF,0xDF,0xFF,0xFF,0xDF,0xFF,0xFF,0xFF,0xFF,0xFF,0xFF,0xFF,0xFF,0xFF,0xFF,0xFF,0xDE,0xFF,0xFF,0xDE,0xFF,0xFF,0xFE,0xFF,0xFF,
    0xFF,0xFF,0xFF,0xFF,0xFF,0xFF,0xDE,0xFF,0xFF,0xDE,0xFF,0xFF,0xFF,0xFF,0xFF,0xDE,0xFF,0xFF,0xDE,0xFF,0xFF,0xDE,0xFF,0xFF,0xDE,0xFF,0xFF,0xDE,0xFF,0xFF,0xDE,0xFF,0xFF,0xDE,0xFF,0xFF,
    0xDE,0xFF,0xFF,0xDE,0xFF,0xFF,0xDF,0xFF,0xFF,0xDF,0xFF,0xFF,0xDF,0xFF,0xFF,0xDF,0xFF,0xFF,0xDF,0xFF,0xFF,0xFF,0xFF,0xFF,0xFF,0xFF,0xFF,0xFF,0xFF,0xFF,0xFF,0xFF,0xFF,0x9D,0xEF,0xFF,
    0xFF,0xFF,0xFF,0xFF,0xFF,0xFF,0xBF,0xFF,0xFF,0xBF,0xFF,0xFF,0x9F,0xF7,0xFF,0xDF,0xFF,0xFF,0xFF,0xFF,0xFF,0xFF,0xFF,0xFF,0xDF,0xFF,0xFF,0xDF,0xFF,0xFF,0xDF,0xFF,0xFF,0xDF,0xFF,0xFF,
    0xDF,0xFF,0xFF,0xDF,0xFF,0xFF,0x9F,0xFF,0xFF,0xFF,0xFF,0xFF,0xFF,0xFF,0xFF,0xDE,0xFF,0xFF,0xFF,0xFF,0xFF,0xDE,0xFF,0xFF,0xFF,0xFF,0xFF,0xFF,0xFF,0xFF,0xDF,0xFF,0xFF,0xFF,0xFF,0xFF,
    0xDF,0xFF,0xFF,0xDF,0xFF,0xFF,0xDF,0xFF,0xFF,0xDF,0xFF,0xFF,0xDF,0xFF,0xFF,0xDF,0xFF,0xFF,0xDF,0xFF,0xFF,0xDF,0xFF,0xFF,0xFF,0xFF,0xFF,0xBF,0xF7,0xFF,0xBF,0xFF,0xFF,0xFF,0xFF,0xFF,
    0xBF,0xF7,0xFF,0xFF,0xFF,0xFF,0xDE,0xFF,0xFF,0xFF,0xFF,0xFF,0xFF,0xFF,0xFF,0xFF,0xFF,0xFF,0xFF,0xFF,0xFF,0xFF,0xFF,0xFF,0xFF,0xFF,0xFF,0xFF,0xFF,0xFF,0xFF,0xFF,0xFF,0xDE,0xF7,0xFF,
    0xFF,0xFF,0xFF,0xBE,0xF7,0xFF,0xDE,0xFF,0xFF,0xFF,0xFF,0xFF,0xFF,0xFF,0xFF,0xDE,0xFF,0xFF,0xFF,0xFF,0xFF,0xFF,0xFF,0xFF,0xFF,0xFF,0xFF,0xFF,0xFF,0xFF,0xDF,0xFF,0xFF,0xDF,0xFF,0xFF,
    0xDF,0xFF,0xFF,0xFF,0xFF,0xFF,0xFF,0xFF,0xFF,0xBE,0xFF,0xFF,0xFF,0xFF,0xFF,0xFF,0xFF,0xFF,0xFF,0xFF,0xFF,0x9D,0xF7,0xFF,0xFF,0xFF,0xFF,0xFF,0xFF,0xFF,0xFE,0xFF,0xFF,0x9C,0xEF,0xFF,
    0xFF,0xFF,0xFF,0xFE,0xFF,0xFF,0xFE,0xFF,0xFF,0xFF,0xFF,0xFF,0xFF,0xFF,0xFF,0xDE,0xFF,0xFF,0xFF,0xFF,0xFF,0xFF,0xFF,0xFF,0xFF,0xFF,0xFF,0xFF,0xFF,0xFF,0xFF,0xFF,0xFF,0xFF,0xFF,0xFF,
    0xFF,0xFF,0xFF,0xFF,0xFF,0xFF,0xFF,0xFF,0xFF,0xDF,0xFF,0xFF,0xDF,0xFF,0xFF,0xDF,0xFF,0xFF,0xDF,0xFF,0xFF,0xDF,0xFF,0xFF,0xDF,0xFF,0xFF,0xDF,0xFF,0xFF,0xFF,0xFF,0xFF,0x9F,0xF7,0xFF,
    0xFF,0xFF,0xFF,0xFF,0xFF,0xFF,0xDF,0xFF,0xFF,0xFF,0xFF,0xFF,0xDE,0xFF,0xFF,0xFF,0xFF,0xFF,0xFF,0xFF,0xFF,0xFF,0xFF,0xFF,0xFF,0xFF,0xFF,0xBF,0xF7,0xFF,0xFF,0xFF,0xFF,0xDF,0xFF,0xFF,
    0xDF,0xFF,0xFF,0xDF,0xFF,0xFF,0xDF,0xFF,0xFF,0xDF,0xFF,0xFF,0xFF,0xFF,0xFF,0xBF,0xFF,0xFF,0xDF,0xFF,0xFF,0xFF,0xFF,0xFF,0xDE,0xF7,0xFF,0xFF,0xFF,0xFF,0xDE,0xFF,0xFF,0xDE,0xFF,0xFF,
    0xDE,0xF7,0xFF,0xFF,0xFF,0xFF,0xFF,0xFF,0xFF,0xFF,0xFF,0xFF,0xDE,0xFF,0xFF,0xFF,0xFF,0xFF,0xFF,0xFF,0xFF,0xDE,0xFF,0xFF,0xFF,0xFF,0xFF,0xDF,0xFF,0xFF,0xDF,0xFF,0xFF,0xFF,0xFF,0xFF,
    0xFF,0xFF,0xFF,0xFF,0xFF,0xFF,0xDF,0xFF,0xFF,0xBF,0xFF,0xFF,0xBF,0xFF,0xFF,0xDF,0xFF,0xFF,0xBF,0xFF,0xFF,0x7E,0xF7,0xFF,0xFF,0xFF,0xFF,0xDF,0xFF,0xFF,0xFF,0xFF,0xFF,0xFF,0xFF,0xFF,
    0xFF,0xFF,0xFF,0xFF,0xFF,0xFF,0xFF,0xFF,0xFF,0xFF,0xFF,0xFF,0xFF,0xFF,0xFF,0xFF,0xFF,0xFF,0xFF,0xFF,0xFF,0xFF,0xFF,0xFF,0xFF,0xFF,0xFF,0xFF,0xFF,0xFF,0xFF,0xFF,0xFF,0xFF,0xFF,0xFF,
    0xFF,0xFF,0xFF,0xFF,0xFF,0xFF,0xFF,0xFF,0xFF,0xFF,0xFF,0xFF,0xFF,0xFF,0xFF,0xFF,0xFF,0xFF,0xFE,0xFF,0xFF,0xFE,0xFF,0xFF,0xFE,0xFF,0xFF,0xFE,0xFF,0xFF,0xFB,0xE6,0xFF,0xEE,0x83,0xFF,
    0x84,0x39,0xFF,0x80,0x10,0xFF,0x00,0x08,0xFF,0x20,0x08,0xFF,0x20,0x08,0xFF,0x80,0x10,0xFF,0x80,0x10,0xFF,0xA0,0x10,0xFF,0xC0,0x18,0xFF,0xC0,0x10,0xFF,0x60,0x08,0xFF,0x40,0x00,0xFF,
    0x00,0x00,0xFF,0x00,0x00,0xFF,0x00,0x00,0xFF,0x00,0x00,0xFF,0x01,0x00,0xFF,0x01,0x00,0xFF,0x42,0x08,0xFF,0x01,0x00,0xFF,0x00,0x00,0xFF,0x20,0x00,0xFF,0x20,0x00,0xFF,0x20,0x00,0xFF,
    0x20,0x00,0xFF,0x00,0x00,0xFF,0x00,0x00,0xFF,0x01,0x00,0xFF,0x01,0x00,0xFF,0x01,0x00,0xFF,0x00,0x00,0xFF,0x00,0x00,0xFF,0x00,0x00,0xFF,0x00,0x00,0xFF,0x00,0x00,0xFF,0x00,0x00,0xFF,
    0x00,0x00,0xFF,0x00,0x00,0xFF,0x00,0x00,0xFF,0x00,0x00,0xFF,0x00,0x00,0xFF,0x00,0x00,0xFF,0x00,0x00,0xFF,0x20,0x00,0xFF,0x20,0x00,0xFF,0x00,0x00,0xFF,0x00,0x00,0xFF,0x00,0x00,0xFF,
    0x00,0x00,0xFF,0x01,0x00,0xFF,0x01,0x00,0xFF,0x00,0x00,0xFF,0x61,0x10,0xFF,0x00,0x00,0xFF,0x98,0xD6,0xFF,0xFD,0xFF,0xFF,0x7B,0xEF,0xFF,0xBC,0xF7,0xFF,0x9D,0xEF,0xFF,0xDF,0xF7,0xFF,
    0x9F,0xEF,0xFF,0xBF,0xF7,0xFF,0xBF,0xF7,0xFF,0x9E,0xF7,0xFF,0xBE,0xF7,0xFF,0xDF,0xFF,0xFF,0xDF,0xFF,0xFF,0xBE,0xF7,0xFF,0xBE,0xF7,0xFF,0xBE,0xF7,0xFF,0xFF,0xFF,0xFF,0xBE,0xF7,0xFF,
    0x9E,0xF7,0xFF,0x9E,0xF7,0xFF,0xBE,0xF7,0xFF,0xBE,0xF7,0xFF,0xBE,0xF7,0xFF,0xBE,0xF7,0xFF,0xDF,0xFF,0xFF,0xBE,0xF7,0xFF,0x7D,0xEF,0xFF,0xDF,0xFF,0xFF,0xFF,0xFF,0xFF,0x7D,0xEF,0xFF,
    0xFF,0xFF,0xFF,0x75,0xAD,0xFF,0xDF,0xFF,0xFF,0x9E,0xF7,0xFF,0x7D,0xEF,0xFF,0x9E,0xF7,0xFF,0xBE,0xF7,0xFF,0xBE,0xF7,0xFF,0xDF,0xFF,0xFF,0xDF,0xFF,0xFF,0xDF,0xFF,0xFF,0xBE,0xF7,0xFF,
    0xBE,0xF7,0xFF,0xBE,0xF7,0xFF,0xDF,0xFF,0xFF,0xEB,0x5A,0xFF,0x00,0x00,0xFF,0x20,0x00,0xFF,0x20,0x00,0xFF,0x00,0x00,0xFF,0xC3,0x18,0xFF,0x9E,0xF7,0xFF,0xFF,0xFF,0xFF,0xFF,0xFF,0xFF,
    0xFF,0xFF,0xFF,0xBE,0xF7,0xFF,0xFF,0xFF,0xFF,0xDF,0xFF,0xFF,0xFF,0xFF,0xFF,0xBE,0xF7,0xFF,0xFF,0xFF,0xFF,0xFF,0xFF,0xFF,0xDF,0xFF,0xFF,0xFF,0xFF,0xFF,0xFF,0xFF,0xFF,0xFF,0xFF,0xFF,
    0xFF,0xFF,0xFF,0xFF,0xFF,0xFF,0xFF,0xFF,0xFF,0xFF,0xFF,0xFF,0xFF,0xFF,0xFF,0xFF,0xFF,0xFF,0xFF,0xFF,0xFF,0xFF,0xFF,0xFF,0xFF,0xFF,0xFF,0xFF,0xFF,0xFF,0xFF,0xFF,0xFF,0xFF,0xFF,0xFF,
    0xFF,0xFF,0xFF,0xFF,0xFF,0xFF,0xFF,0xFF,0xFF,0xFF,0xFF,0xFF,0xFF,0xFF,0xFF,0xFF,0xFF,0xFF,0xFF,0xFF,0xFF,0xFF,0xFF,0xFF,0xFF,0xFF,0xFF,0xFF,0xFF,0xFF,0xFF,0xFF,0xFF,0xFF,0xFF,0xFF,
    0xFF,0xFF,0xFF,0xFF,0xFF,0xFF,0xFF,0xFF,0xFF,0xFF,0xFF,0xFF,0xFF,0xFF,0xFF,0xFF,0xFF,0xFF,0xFF,0xFF,0xFF,0xFF,0xFF,0xFF,0xFF,0xFF,0xFF,0xBE,0xF7,0xFF,0xFF,0xFF,0xFF,0xDE,0xFF,0xFF,
    0xBE,0xF7,0xFF,0xFF,0xFF,0xFF,0xFE,0xFF,0xFF,0xFF,0xFF,0xFF,0xFF,0xFF,0xFF,0xDE,0xF7,0xFF,0xFF,0xFF,0xFF,0xFF,0xFF,0xFF,0xFF,0xFF,0xFF,0xDF,0xFF,0xFF,0xFF,0xFF,0xFF,0xBF,0xF7,0xFF,
    0xBF,0xF7,0xFF,0xFF,0xFF,0xFF,0xFF,0xFF,0xFF,0xFF,0xFF,0xFF,0xBE,0xF7,0xFF,0xFF,0xFF,0xFF,0xFF,0xFF,0xFF,0xFF,0xFF,0xFF,0xFF,0xFF,0xFF,0xFF,0xFF,0xFF,0xFF,0xFF,0xFF,0xDE,0xFF,0xFF,
    0xFF,0xFF,0xFF,0xFE,0xF7,0xFF,0xFF,0xFF,0xFF,0xFF,0xFF,0xFF,0xFF,0xFF,0xFF,0xFF,0xFF,0xFF,0xFF,0xFF,0xFF,0xFF,0xFF,0xFF,0xFF,0xFF,0xFF,0xFF,0xFF,0xFF,0xFF,0xFF,0xFF,0xFF,0xFF,0xFF,
    0xFF,0xFF,0xFF,0xDF,0xFF,0xFF,0xDE,0xFF,0xFF,0xFF,0xFF,0xFF,0xFF,0xFF,0xFF,0xBE,0xF7,0xFF,0xFF,0xFF,0xFF,0xFF,0xFF,0xFF,0xFF,0xFF,0xFF,0xFF,0xFF,0xFF,0xFF,0xFF,0xFF,0xFF,0xFF,0xFF,
    0xFF,0xFF,0xFF,0xFF,0xFF,0xFF,0xFF,0xFF,0xFF,0xFF,0xFF,0xFF,0xDE,0xF7,0xFF,0xFF,0xFF,0xFF,0xFF,0xFF,0xFF,0xDE,0xF7,0xFF,0xFF,0xFF,0xFF,0xDE,0xFF,0xFF,0xFF,0xFF,0xFF,0xDE,0xFF,0xFF,
    0xFF,0xFF,0xFF,0xFF,0xFF,0xFF,0xFF,0xFF,0xFF,0xFE,0xFF,0xFF,0xFF,0xFF,0xFF,0xDE,0xFF,0xFF,0xFF,0xFF,0xFF,0xBE,0xF7,0xFF,0xBF,0xFF,0xFF,0xBF,0xFF,0xFF,0xFF,0xFF,0xFF,0xBF,0xFF,0xFF,
    0xFF,0xFF,0xFF,0xFF,0xFF,0xFF,0xFF,0xFF,0xFF,0xFF,0xFF,0xFF,0xFF,0xFF,0xFF,0xFF,0xFF,0xFF,0x9D,0xEF,0xFF,0xFF,0xFF,0xFF,0xBF,0xF7,0xFF,0xFF,0xFF,0xFF,0xFF,0xFF,0xFF,0xFF,0xFF,0xFF,
    0xFF,0xFF,0xFF,0xFF,0xFF,0xFF,0xFF,0xFF,0xFF,0xFF,0xFF,0xFF,0xFF,0xFF,0xFF,0xFF,0xFF,0xFF,0xFF,0xFF,0xFF,0xFF,0xFF,0xFF,0xFF,0xFF,0xFF,0xDF,0xFF,0xFF,0xDE,0xFF,0xFF,0xBE,0xF7,0xFF,
    0xFF,0xFF,0xFF,0xFF,0xFF,0xFF,0x9E,0xEF,0xFF,0xFF,0xFF,0xFF,0xFF,0xFF,0xFF,0xFF,0xFF,0xFF,0xFF,0xFF,0xFF,0xFF,0xFF,0xFF,0xDF,0xFF,0xFF,0xFF,0xFF,0xFF,0xFF,0xFF,0xFF,0xFF,0xFF,0xFF,
    0xFF,0xFF,0xFF,0xBE,0xF7,0xFF,0xFF,0xFF,0xFF,0xFF,0xFF,0xFF,0xDF,0xF7,0xFF,0xFF,0xFF,0xFF,0xFF,0xFF,0xFF,0xBE,0xF7,0xFF,0xFF,0xFF,0xFF,0xBE,0xFF,0xFF,0xDF,0xFF,0xFF,0xDF,0xFF,0xFF,
    0xFF,0xFF,0xFF,0xFF,0xFF,0xFF,0xFF,0xFF,0xFF,0xFF,0xFF,0xFF,0xFF,0xFF,0xFF,0xFF,0xFF,0xFF,0xFF,0xFF,0xFF,0xFF,0xFF,0xFF,0xFF,0xFF,0xFF,0xFE,0xFF,0xFF,0xFE,0xFF,0xFF,0xFE,0xFF,0xFF,
    0xFE,0xFF,0xFF,0xFE,0xFF,0xFF,0xFE,0xFF,0xFF,0xFE,0xFF,0xFF,0xDE,0xFF,0xFF,0xFE,0xFF,0xFF,0xFE,0xFF,0xFF,0xFF,0xFF,0xFF,0xFF,0xFF,0xFF,0xFE,0xFF,0xFF,0xFE,0xFF,0xFF,0xFE,0xFF,0xFF,
    0xFE,0xFF,0xFF,0xFE,0xFF,0xFF,0xDD,0xF7,0xFF,0xFE,0xFF,0xFF,0xFE,0xFF,0xFF,0xFE,0xFF,0xFF,0xFE,0xFF,0xFF,0xDD,0xF7,0xFF,0xFE,0xFF,0xFF,0xFE,0xFF,0xFF,0xFD,0xFF,0xFF,0xFE,0xFF,0xFF,
    0xFE,0xFF,0xFF,0xBD,0xF7,0xFF,0xFE,0xFF,0xFF,0xDD,0xF7,0xFF,0xDE,0xFF,0xFF,0xFF,0xFF,0xFF,0xDE,0xF7,0xFF,0xFF,0xFF,0xFF,0xFF,0xFF,0xFF,0xFF,0xFF,0xFF,0xFF,0xFF,0xFF,0xFF,0xFF,0xFF,
    0xFF,0xFF,0xFF,0xFF,0xFF,0xFF,0xFF,0xFF,0xFF,0xFF,0xFF,0xFF,0xFF,0xFF,0xFF,0xDF,0xFF,0xFF,0xFF,0xFF,0xFF,0xFF,0xFF,0xFF,0xDE,0xF7,0xFF,0xFE,0xFF,0xFF,0xFE,0xFF,0xFF,0xFF,0xFF,0xFF,
    0xFF,0xF7,0xFF,0xFF,0xF7,0xFF,0xFF,0xFF,0xFF,0xFF,0xFF,0xFF,0xFF,0xFF,0xFF,0xFF,0xFF,0xFF,0xFF,0xFF,0xFF,0xDE,0xFF,0xFF,0xFF,0xFF,0xFF,0xDE,0xFF,0xFF,0xFF,0xFF,0xFF,0xDE,0xFF,0xFF,
    0xFE,0xFF,0xFF,0x9D,0xEF,0xFF,0xFF,0xFF,0xFF,0xFF,0xFF,0xFF,0xFF,0xFF,0xFF,0xFF,0xFF,0xFF,0xFF,0xFF,0xFF,0xFF,0xFF,0xFF,0xFF,0xFF,0xFF,0xFF,0xFF,0xFF,0xFF,0xFF,0xFF,0xFF,0xFF,0xFF,
    0xFE,0xFF,0xFF,0xFF,0xFF,0xFF,0xFF,0xFF,0xFF,0xFF,0xFF,0xFF,0xFF,0xFF,0xFF,0xFF,0xFF,0xFF,0xFF,0xFF,0xFF,0xBF,0xF7,0xFF,0xDF,0xFF,0xFF,0xFF,0xFF,0xFF,0x9E,0xF7,0xFF,0xFF,0xFF,0xFF,
    0xBF,0xF7,0xFF,0xDF,0xFF,0xFF,0xFF,0xFF,0xFF,0xFF,0xFF,0xFF,0xFF,0xFF,0xFF,0xFF,0xFF,0xFF,0xFF,0xFF,0xFF,0xFF,0xFF,0xFF,0xFF,0xFF,0xFF,0xFF,0xFF,0xFF,0xFF,0xFF,0xFF,0xFF,0xFF,0xFF,
    0xFF,0xFF,0xFF,0xFF,0xFF,0xFF,0xFF,0xFF,0xFF,0xDE,0xFF,0xFF,0xFE,0xFF,0xFF,0xFF,0xFF,0xFF,0xFF,0xFF,0xFF,0xFF,0xFF,0xFF,0xFF,0xFF,0xFF,0xDE,0xFF,0xFF,0xDE,0xFF,0xFF,0xFF,0xFF,0xFF,
    0xFE,0xFF,0xFF,0x4F,0x84,0xFF,0xC1,0x18,0xFF,0x00,0x00,0xFF,0x20,0x08,0xFF,0x60,0x10,0xFF,0x60,0x10,0xFF,0xA0,0x10,0xFF,0x80,0x52,0xFF,0xA4,0x94,0xFF,0x8A,0xCE,0xFF,0x2B,0xDF,0xFF,
    0xCD,0xF7,0xFF,0x4A,0xE7,0xFF,0xCD,0xF7,0xFF,0x8D,0xEF,0xFF,0x27,0xA5,0xFF,0xE0,0x18,0xFF,0xA0,0x10,0xFF,0x20,0x08,0xFF,0x20,0x00,0xFF,0x20,0x00,0xFF,0x20,0x08,0xFF,0x00,0x00,0xFF,
    0x01,0x00,0xFF,0x02,0x00,0xFF,0x02,0x00,0xFF,0x01,0x00,0xFF,0x62,0x08,0xFF,0x20,0x00,0xFF,0x40,0x00,0xFF,0x00,0x00,0xFF,0x00,0x00,0xFF,0x21,0x08,0xFF,0x01,0x00,0xFF,0x01,0x00,0xFF,
    0x00,0x00,0xFF,0x00,0x00,0xFF,0x00,0x00,0xFF,0x00,0x00,0xFF,0x00,0x00,0xFF,0x00,0x00,0xFF,0x00,0x00,0xFF,0x00,0x00,0xFF,0x00,0x00,0xFF,0x00,0x00,0xFF,0x41,0x08,0xFF,0x00,0x00,0xFF,
    0x00,0x00,0xFF,0x00,0x00,0xFF,0x20,0x00,0xFF,0x00,0x00,0xFF,0x00,0x00,0xFF,0x00,0x00,0xFF,0x21,0x00,0xFF,0x00,0x00,0xFF,0x01,0x00,0xFF,0x00,0x00,0xFF,0x20,0x00,0xFF,0x00,0x00,0xFF,
    0xEE,0x7B,0xFF,0xD9,0xDE,0xFF,0xFE,0xFF,0xFF,0x9D,0xF7,0xFF,0xBE,0xF7,0xFF,0xFF,0xFF,0xFF,0xDF,0xF7,0xFF,0xDF,0xF7,0xFF,0x9E,0xF7,0xFF,0xBE,0xF7,0xFF,0xBE,0xF7,0xFF,0x9E,0xF7,0xFF,
    0x9E,0xF7,0xFF,0xBE,0xF7,0xFF,0xBE,0xF7,0xFF,0xBE,0xF7,0xFF,0xBE,0xF7,0xFF,0xBE,0xF7,0xFF,0x9E,0xF7,0xFF,0x9E,0xF7,0xFF,0xBE,0xF7,0xFF,0xBE,0xF7,0xFF,0xBE,0xF7,0xFF,0xBE,0xF7,0xFF,
    0x9E,0xF7,0xFF,0xBE,0xF7,0xFF,0xBE,0xF7,0xFF,0x9E,0xF7,0xFF,0x9E,0xF7,0xFF,0x9E,0xF7,0xFF,0x9E,0xF7,0xFF,0x7D,0xEF,0xFF,0xDF,0xFF,0xFF,0x9E,0xF7,0xFF,0xFF,0xFF,0xFF,0xFF,0xFF,0xFF,
    0x5D,0xEF,0xFF,0xDF,0xFF,0xFF,0x7D,0xEF,0xFF,0xBE,0xF7,0xFF,0xFF,0xFF,0xFF,0x9E,0xF7,0xFF,0x9E,0xF7,0xFF,0xB2,0x94,0xFF,0x20,0x00,0xFF,0x41,0x08,0xFF,0x00,0x00,0xFF,0x00,0x00,0xFF,
    0x00,0x00,0xFF,0xAE,0x73,0xFF,0x5D,0xEF,0xFF,0xFF,0xFF,0xFF,0xFF,0xFF,0xFF,0xDF,0xFF,0xFF,0xFF,0xFF,0xFF,0xDF,0xFF,0xFF,0xFF,0xFF,0xFF,0xFF,0xFF,0xFF,0xFF,0xFF,0xFF,0xFF,0xFF,0xFF,
    0xFF,0xFF,0xFF,0xFF,0xFF,0xFF,0xFF,0xFF,0xFF,0xFF,0xFF,0xFF,0xFF,0xFF,0xFF,0xFF,0xFF,0xFF,0xFF,0xFF,0xFF,0xFF,0xFF,0xFF,0xFF,0xFF,0xFF,0xFF,0xFF,0xFF,0xFF,0xFF,0xFF,0xFF,0xFF,0xFF,
    0xFF,0xFF,0xFF,0xFF,0xFF,0xFF,0xFF,0xFF,0xFF,0xFF,0xFF,0xFF,0xFF,0xFF,0xFF,0xFF,0xFF,0xFF,0xFF,0xFF,0xFF,0xFF,0xFF,0xFF,0xFF,0xFF,0xFF,0xFF,0xFF,0xFF,0xFF,0xFF,0xFF,0xFF,0xFF,0xFF,
    0xFF,0xFF,0xFF,0xFF,0xFF,0xFF,0xFF,0xFF,0xFF,0xFF,0xFF,0xFF,0xFF,0xFF,0xFF,0xFF,0xFF,0xFF,0xFF,0xFF,0xFF,0xFF,0xFF,0xFF,0xFF,0xFF,0xFF,0xFF,0xFF,0xFF,0xFF,0xFF,0xFF,0xFF,0xFF,0xFF,
    0xFF,0xFF,0xFF,0xFF,0xFF,0xFF,0xBE,0xF7,0xFF,0xFF,0xFF,0xFF,0x7D,0xEF,0xFF,0xFF,0xFF,0xFF,0xFF,0xFF,0xFF,0xFF,0xFF,0xFF,0x9D,0xEF,0xFF,0xFF,0xFF,0xFF,0xBD,0xEF,0xFF,0xFF,0xFF,0xFF,
    0xFF,0xFF,0xFF,0xDE,0xF7,0xFF,0xBE,0xF7,0xFF,0xFF,0xFF,0xFF,0xDF,0xFF,0xFF,0xFF,0xFF,0xFF,0xFF,0xFF,0xFF,0xFF,0xFF,0xFF,0xFF,0xFF,0xFF,0xDF,0xFF,0xFF,0xFE,0xF7,0xFF,0xFF,0xFF,0xFF,
    0xFF,0xFF,0xFF,0xFE,0xFF,0xFF,0xFF,0xFF,0xFF,0x9E,0xF7,0xFF,0xFF,0xFF,0xFF,0xFF,0xFF,0xFF,0xDE,0xFF,0xFF,0xFF,0xFF,0xFF,0xFF,0xFF,0xFF,0xFF,0xFF,0xFF,0xFE,0xFF,0xFF,0xFE,0xFF,0xFF,
    0xFE,0xFF,0xFF,0xFF,0xFF,0xFF,0xFF,0xFF,0xFF,0xFF,0xFF,0xFF,0xFF,0xFF,0xFF,0xFF,0xFF,0xFF,0xFF,0xFF,0xFF,0xDE,0xFF,0xFF,0xFF,0xFF,0xFF,0xDE,0xFF,0xFF,0xFF,0xFF,0xFF,0xFF,0xFF,0xFF,
    0xFE,0xFF,0xFF,0x9D,0xEF,0xFF,0xFF,0xFF,0xFF,0xFF,0xFF,0xFF,0xDF,0xFF,0xFF,0xDF,0xFF,0xFF,0xDF,0xFF,0xFF,0xDF,0xFF,0xFF,0xDF,0xFF,0xFF,0xFF,0xFF,0xFF,0xFF,0xFF,0xFF,0xFF,0xFF,0xFF,
    0x9E,0xEF,0xFF,0xFF,0xFF,0xFF,0xFF,0xFF,0xFF,0xDE,0xF7,0xFF,0xFF,0xFF,0xFF,0xBE,0xF7,0xFF,0xFF,0xFF,0xFF,0xFF,0xFF,0xFF,0xDF,0xFF,0xFF,0xDE,0xFF,0xFF,0xDE,0xF7,0xFF,0xFF,0xFF,0xFF,
    0xFF,0xFF,0xFF,0xFF,0xFF,0xFF,0xFF,0xFF,0xFF,0xFF,0xFF,0xFF,0xDF,0xFF,0xFF,0xFF,0xFF,0xFF,0xBE,0xF7,0xFF,0xFF,0xFF,0xFF,0xFF,0xFF,0xFF,0xDE,0xEF,0xFF,0xFF,0xFF,0xFF,0xFF,0xFF,0xFF,
    0xFF,0xFF,0xFF,0xFF,0xFF,0xFF,0xDF,0xFF,0xFF,0xDF,0xFF,0xFF,0xDF,0xFF,0xFF,0xDF,0xFF,0xFF,0xFF,0xFF,0xFF,0xFE,0xFF,0xFF,0xFF,0xFF,0xFF,0xFF,0xFF,0xFF,0xFF,0xFF,0xFF,0xFF,0xFF,0xFF,
    0xFF,0xFF,0xFF,0xFF,0xFF,0xFF,0xFF,0xFF,0xFF,0xFF,0xFF,0xFF,0xFF,0xFF,0xFF,0xFF,0xFF,0xFF,0xFF,0xFF,0xFF,0xFF,0xFF,0xFF,0xFF,0xFF,0xFF,0xFF,0xFF,0xFF,0xFF,0xFF,0xFF,0xDF,0xF7,0xFF,
    0xFF,0xFF,0xFF,0xFF,0xFF,0xFF,0xFF,0xFF,0xFF,0xDE,0xF7,0xFF,0xDE,0xF7,0xFF,0xFE,0xFF,0xFF,0xFF,0xFF,0xFF,0xFF,0xFF,0xFF,0xFF,0xFF,0xFF,0xDE,0xF7,0xFF,0xFF,0xFF,0xFF,0xDF,0xF7,0xFF,
    0x9E,0xEF,0xFF,0xFF,0xFF,0xFF,0x9E,0xF7,0xFF,0xDF,0xFF,0xFF,0xDF,0xFF,0xFF,0xFF,0xFF,0xFF,0xFF,0xFF,0xFF,0xDF,0xFF,0xFF,0xFF,0xFF,0xFF,0xFF,0xFF,0xFF,0xFF,0xFF,0xFF,0xFF,0xFF,0xFF,
    0xFF,0xFF,0xFF,0xFF,0xFF,0xFF,0xFF,0xFF,0xFF,0xFE,0xFF,0xFF,0xFE,0xFF,0xFF,0xFE,0xFF,0xFF,0xFE,0xFF,0xFF,0xFD,0xF7,0xFF,0xFE,0xFF,0xFF,0xFE,0xFF,0xFF,0xFE,0xFF,0xFF,0xBD,0xF7,0xFF,
    0xFF,0xFF,0xFF,0xFE,0xFF,0xFF,0xFE,0xFF,0xFF,0xDD,0xFF,0xFF,0xFE,0xFF,0xFF,0xFE,0xFF,0xFF,0xFE,0xFF,0xFF,0xFE,0xFF,0xFF,0xFE,0xFF,0xFF,0xFE,0xFF,0xFF,0xFF,0xFF,0xFF,0xFF,0xFF,0xFF,
    0xFE,0xF7,0xFF,0xFF,0xFF,0xFF,0xDD,0xF7,0xFF,0xFE,0xFF,0xFF,0xFE,0xFF,0xFF,0xBC,0xF7,0xFF,0xFE,0xFF,0xFF,0xFE,0xFF,0xFF,0xFE,0xFF,0xFF,0xFE,0xFF,0xFF,0xFF,0xFF,0xFF,0xDE,0xF7,0xFF,
    0xFF,0xFF,0xFF,0xFE,0xF7,0xFF,0xFF,0xFF,0xFF,0xFF,0xFF,0xFF,0xFF,0xFF,0xFF,0xFF,0xFF,0xFF,0xFF,0xFF,0xFF,0xFF,0xFF,0xFF,0xFF,0xFF,0xFF,0xFF,0xFF,0xFF,0xFF,0xFF,0xFF,0xDE,0xF7,0xFF,
    0xFF,0xFF,0xFF,0xFF,0xFF,0xFF,0xFF,0xFF,0xFF,0xFF,0xFF,0xFF,0xFF,0xFF,0xFF,0x9D,0xEF,0xFF,0xFF,0xFF,0xFF,0xFF,0xFF,0xFF,0xFF,0xFF,0xFF,0xFF,0xFF,0xFF,0xFF,0xFF,0xFF,0xFF,0xFF,0xFF,
    0xFF,0xFF,0xFF,0xFF,0xFF,0xFF,0xFE,0xFF,0xFF,0xDE,0xFF,0xFF,0xDE,0xFF,0xFF,0xFF,0xFF,0xFF,0xDE,0xF7,0xFF,0xFF,0xFF,0xFF,0xFF,0xFF,0xFF,0xDE,0xF7,0xFF,0xFF,0xFF,0xFF,0xBF,0xF7,0xFF,
    0x9F,0xF7,0xFF,0xDF,0xFF,0xFF,0xFF,0xFF,0xFF,0xFF,0xFF,0xFF,0xDF,0xFF,0xFF,0xFF,0xFF,0xFF,0xFF,0xFF,0xFF,0xFF,0xFF,0xFF,0xFF,0xFF,0xFF,0xFF,0xFF,0xFF,0xDE,0xF7,0xFF,0xFF,0xF7,0xFF,
    0xFF,0xFF,0xFF,0xFF,0xFF,0xFF,0xFF,0xFF,0xFF,0xFF,0xFF,0xFF,0xFF,0xFF,0xFF,0xFF,0xFF,0xFF,0xFF,0xFF,0xFF,0xFF,0xFF,0xFF,0xDF,0xF7,0xFF,0xFF,0xFF,0xFF,0xFF,0xFF,0xFF,0xFF,0xFF,0xFF,
    0xFF,0xFF,0xFF,0xFF,0xFF,0xFF,0xFF,0xFF,0xFF,0xFF,0xFF,0xFF,0xFF,0xFF,0xFF,0xFF,0xFF,0xFF,0xFE,0xFF,0xFF,0xDE,0xFF,0xFF,0xDE,0xFF,0xFF,0xFF,0xFF,0xFF,0xFF,0xFF,0xFF,0xBE,0xF7,0xFF,
    0x7D,0xEF,0xFF,0xFF,0xFF,0xFF,0xBE,0xF7,0xFF,0xFF,0xFF,0xFF,0x34,0xA5,0xFF,0x61,0x08,0xFF,0x00,0x00,0xFF,0x60,0x08,0xFF,0x00,0x00,0xFF,0x20,0x21,0xFF,0xA7,0x73,0xFF,0x10,0xE7,0xFF,
    0x0D,0xDF,0xFF,0xAC,0xEF,0xFF,0x89,0xEF,0xFF,0xE9,0xF7,0xFF,0xA6,0xEF,0xFF,0xE7,0xFF,0xFF,0xE6,0xF7,0xFF,0xA4,0xEF,0xFF,0xC5,0xEF,0xFF,0xA6,0xEF,0xFF,0x89,0xEF,0xFF,0x8C,0xEF,0xFF,
    0xAD,0xD6,0xFF,0x40,0x4A,0xFF,0xA0,0x10,0xFF,0x40,0x00,0xFF,0x80,0x10,0xFF,0x40,0x08,0xFF,0x00,0x00,0xFF,0x01,0x00,0xFF,0x02,0x00,0xFF,0x22,0x08,0xFF,0x00,0x00,0xFF,0x00,0x00,0xFF,
    0x00,0x00,0xFF,0x00,0x00,0xFF,0x00,0x00,0xFF,0x00,0x00,0xFF,0x01,0x00,0xFF,0x01,0x00,0xFF,0x00,0x00,0xFF,0x00,0x00,0xFF,0x00,0x00,0xFF,0x00,0x00,0xFF,0x00,0x00,0xFF,0x00,0x00,0xFF,
    0x00,0x00,0xFF,0x00,0x00,0xFF,0x00,0x00,0xFF,0x00,0x00,0xFF,0x00,0x00,0xFF,0x61,0x08,0xFF,0x00,0x00,0xFF,0x00,0x00,0xFF,0x20,0x00,0xFF,0x20,0x00,0xFF,0x00,0x00,0xFF,0x41,0x08,0xFF,
    0x00,0x00,0xFF,0x00,0x00,0xFF,0xC3,0x18,0xFF,0x00,0x00,0xFF,0x00,0x00,0xFF,0x60,0x08,0xFF,0x60,0x08,0xFF,0x40,0x08,0xFF,0x00,0x00,0xFF,0x41,0x08,0xFF,0x2D,0x63,0xFF,0x19,0xC6,0xFF,
    0x5D,0xE7,0xFF,0x7D,0xEF,0xFF,0xBE,0xF7,0xFF,0xBE,0xF7,0xFF,0xBE,0xF7,0xFF,0xDF,0xFF,0xFF,0x9E,0xF7,0xFF,0x7D,0xEF,0xFF,0x9E,0xF7,0xFF,0xDF,0xFF,0xFF,0xBE,0xF7,0xFF,0xDF,0xFF,0xFF,
    0xDF,0xFF,0xFF,0xDF,0xFF,0xFF,0xBE,0xF7,0xFF,0x9E,0xF7,0xFF,0x7D,0xEF,0xFF,0x7D,0xEF,0xFF,0xBE,0xF7,0xFF,0xBE,0xF7,0xFF,0xBE,0xF7,0xFF,0xBE,0xF7,0xFF,0xDF,0xFF,0xFF,0xDF,0xFF,0xFF,
    0xDF,0xFF,0xFF,0xDF,0xFF,0xFF,0x5D,0xEF,0xFF,0xBE,0xF7,0xFF,0x5D,0xEF,0xFF,0xBE,0xF7,0xFF,0xBE,0xF7,0xFF,0xFF,0xFF,0xFF,0xDF,0xFF,0xFF,0x9E,0xF7,0xFF,0x9E,0xF7,0xFF,0x30,0x84,0xFF,
    0x82,0x10,0xFF,0x20,0x00,0xFF,0x20,0x00,0xFF,0x00,0x00,0xFF,0x41,0x08,0xFF,0xA2,0x10,0xFF,0x3C,0xE7,0xFF,0xFF,0xFF,0xFF,0xFF,0xFF,0xFF,0xFF,0xFF,0xFF,0xBE,0xF7,0xFF,0xFF,0xFF,0xFF,
    0xFF,0xFF,0xFF,0xFF,0xFF,0xFF,0xFF,0xFF,0xFF,0xFF,0xFF,0xFF,0xFF,0xFF,0xFF,0xFF,0xFF,0xFF,0xFF,0xFF,0xFF,0xFF,0xFF,0xFF,0xFF,0xFF,0xFF,0xFF,0xFF,0xFF,0xFF,0xFF,0xFF,0xFF,0xFF,0xFF,
    0xFF,0xFF,0xFF,0xFF,0xFF,0xFF,0xFF,0xFF,0xFF,0xFF,0xFF,0xFF,0xFF,0xFF,0xFF,0xFF,0xFF,0xFF,0xFF,0xFF,0xFF,0xFF,0xFF,0xFF,0xFF,0xFF,0xFF,0xFF,0xFF,0xFF,0xFF,0xFF,0xFF,0xFF,0xFF,0xFF,
    0xFF,0xFF,0xFF,0xFF,0xFF,0xFF,0xFF,0xFF,0xFF,0xFF,0xFF,0xFF,0xFF,0xFF,0xFF,0xFF,0xFF,0xFF,0xFF,0xFF,0xFF,0xFF,0xFF,0xFF,0xFF,0xFF,0xFF,0xFF,0xFF,0xFF,0xFF,0xFF,0xFF,0xFF,0xFF,0xFF,
    0xFF,0xFF,0xFF,0xFF,0xFF,0xFF,0xFF,0xFF,0xFF,0xFF,0xFF,0xFF,0xFF,0xFF,0xFF,0xFF,0xFF,0xFF,0xFF,0xFF,0xFF,0xFF,0xFF,0xFF,0xFF,0xFF,0xFF,0xBE,0xF7,0xFF,0xFF,0xFF,0xFF,0xDF,0xF7,0xFF,
    0xFF,0xFF,0xFF,0xFF,0xFF,0xFF,0xFF,0xFF,0xFF,0xFF,0xFF,0xFF,0xFF,0xFF,0xFF,0xDE,0xF7,0xFF,0xFF,0xFF,0xFF,0xFF,0xFF,0xFF,0xFF,0xFF,0xFF,0xFF,0xFF,0xFF,0x9E,0xEF,0xFF,0xFF,0xFF,0xFF,
    0xDE,0xF7,0xFF,0xDE,0xF7,0xFF,0xFF,0xFF,0xFF,0xFF,0xFF,0xFF,0xFF,0xFF,0xFF,0xDE,0xF7,0xFF,0xFE,0xF7,0xFF,0xFF,0xFF,0xFF,0xFF,0xFF,0xFF,0xFF,0xFF,0xFF,0xFF,0xFF,0xFF,0xDE,0xF7,0xFF,
    0xDE,0xF7,0xFF,0xFF,0xFF,0xFF,0xDE,0xFF,0xFF,0xDE,0xF7,0xFF,0xFF,0xFF,0xFF,0xFE,0xFF,0xFF,0xFF,0xFF,0xFF,0xFF,0xFF,0xFF,0xFF,0xFF,0xFF,0xFF,0xFF,0xFF,0xFF,0xFF,0xFF,0xFF,0xFF,0xFF,
    0xDF,0xFF,0xFF,0xFF,0xFF,0xFF,0x9D,0xF7,0xFF,0xFF,0xFF,0xFF,0xDE,0xF7,0xFF,0xDD,0xF7,0xFF,0xFE,0xFF,0xFF,0xFF,0xFF,0xFF,0xFF,0xFF,0xFF,0xFF,0xFF,0xFF,0xFF,0xFF,0xFF,0xFF,0xFF,0xFF,
    0xFF,0xFF,0xFF,0xFF,0xFF,0xFF,0xFF,0xFF,0xFF,0xFF,0xFF,0xFF,0xFF,0xFF,0xFF,0xBF,0xF7,0xFF,0xBF,0xF7,0xFF,0xFF,0xFF,0xFF,0xDF,0xF7,0xFF,0xFF,0xFF,0xFF,0xBE,0xF7,0xFF,0xFF,0xFF,0xFF,
    0xDF,0xFF,0xFF,0xFF,0xFF,0xFF,0xFF,0xFF,0xFF,0xFF,0xFF,0xFF,0xFF,0xFF,0xFF,0xFF,0xFF,0xFF,0xDF,0xF7,0xFF,0xBF,0xF7,0xFF,0xDF,0xF7,0xFF,0xFF,0xFF,0xFF,0xBF,0xF7,0xFF,0xBE,0xF7,0xFF,
    0xFF,0xFF,0xFF,0xFF,0xF7,0xFF,0xFF,0xFF,0xFF,0xFF,0xFF,0xFF,0xDE,0xF7,0xFF,0xDE,0xF7,0xFF,0xBE,0xF7,0xFF,0xFF,0xFF,0xFF,0xFF,0xFF,0xFF,0xFF,0xFF,0xFF,0xFF,0xFF,0xFF,0xFF,0xFF,0xFF,
    0xFF,0xFF,0xFF,0xFF,0xFF,0xFF,0xFF,0xFF,0xFF,0xFF,0xFF,0xFF,0xFF,0xFF,0xFF,0xFF,0xFF,0xFF,0xFF,0xFF,0xFF,0xFF,0xFF,0xFF,0xFF,0xFF,0xFF,0xDE,0xF7,0xFF,0xBE,0xF7,0xFF,0xFF,0xFF,0xFF,
    0xBE,0xF7,0xFF,0x9D,0xEF,0xFF,0xFF,0xFF,0xFF,0x9E,0xF7,0xFF,0xFF,0xFF,0xFF,0xDF,0xF7,0xFF,0xDF,0xF7,0xFF,0xDF,0xF7,0xFF,0xFF,0xFF,0xFF,0xFF,0xFF,0xFF,0xFF,0xFF,0xFF,0xFF,0xFF,0xFF,
    0xBE,0xF7,0xFF,0xFF,0xFF,0xFF,0xBE,0xF7,0xFF,0xFF,0xFF,0xFF,0xFF,0xFF,0xFF,0xFF,0xFF,0xFF,0xFF,0xFF,0xFF,0x9E,0xEF,0xFF,0xDF,0xFF,0xFF,0xFF,0xFF,0xFF,0xFF,0xFF,0xFF,0xBF,0xFF,0xFF,
    0xFF,0xFF,0xFF,0xFF,0xFF,0xFF,0xFF,0xFF,0xFF,0xBF,0xF7,0xFF,0xFF,0xFF,0xFF,0xFF,0xFF,0xFF,0xFF,0xFF,0xFF,0xFF,0xFF,0xFF,0xFF,0xFF,0xFF,0xFF,0xFF,0xFF,0xFF,0xFF,0xFF,0xFF,0xFF,0xFF,
    0xFF,0xFF,0xFF,0xDE,0xF7,0xFF,0xFF,0xFF,0xFF,0xDE,0xF7,0xFF,0xFF,0xFF,0xFF,0xFF,0xFF,0xFF,0xFF,0xFF,0xFF,0xDF,0xFF,0xFF,0xFF,0xFF,0xFF,0xDF,0xFF,0xFF,0xFF,0xFF,0xFF,0xFF,0xFF,0xFF,
    0xFF,0xFF,0xFF,0xFF,0xFF,0xFF,0xBE,0xF7,0xFF,0xBE,0xF7,0xFF,0xFF,0xFF,0xFF,0xFF,0xFF,0xFF,0x5D,0xE7,0xFF,0xDF,0xF7,0xFF,0xFF,0xFF,0xFF,0xBD,0xF7,0xFF,0xFF,0xFF,0xFF,0xFF,0xFF,0xFF,
    0x7C,0xEF,0xFF,0xFF,0xFF,0xFF,0xFE,0xF7,0xFF,0xFF,0xFF,0xFF,0xBE,0xF7,0xFF,0xFF,0xFF,0xFF,0xFF,0xFF,0xFF,0xFF,0xF7,0xFF,0xFF,0xFF,0xFF,0xFF,0xFF,0xFF,0xFF,0xFF,0xFF,0xFF,0xFF,0xFF,
    0xFF,0xFF,0xFF,0xFF,0xFF,0xFF,0xFF,0xFF,0xFF,0xFF,0xFF,0xFF,0xFF,0xFF,0xFF,0xDE,0xF7,0xFF,0xFF,0xFF,0xFF,0xFF,0xFF,0xFF,0xFF,0xFF,0xFF,0xFF,0xFF,0xFF,0xFF,0xFF,0xFF,0xFF,0xFF,0xFF,
    0xFF,0xFF,0xFF,0xFF,0xFF,0xFF,0xFF,0xFF,0xFF,0xFF,0xFF,0xFF,0xFF,0xFF,0xFF,0xFF,0xFF,0xFF,0xFE,0xFF,0xFF,0xFE,0xFF,0xFF,0xBD,0xF7,0xFF,0xFE,0xFF,0xFF,0xFF,0xFF,0xFF,0xFF,0xFF,0xFF,
    0xDE,0xF7,0xFF,0x9D,0xEF,0xFF,0xFF,0xFF,0xFF,0xFF,0xFF,0xFF,0xFF,0xFF,0xFF,0xDF,0xFF,0xFF,0xFF,0xFF,0xFF,0xFF,0xFF,0xFF,0xFF,0xFF,0xFF,0xDF,0xFF,0xFF,0xDF,0xFF,0xFF,0xFF,0xFF,0xFF,
    0xFF,0xFF,0xFF,0xDE,0xF7,0xFF,0xFF,0xFF,0xFF,0xFF,0xFF,0xFF,0xFF,0xFF,0xFF,0xFF,0xFF,0xFF,0xFF,0xFF,0xFF,0xDE,0xF7,0xFF,0xDE,0xF7,0xFF,0xFF,0xFF,0xFF,0x7C,0xEF,0xFF,0xDE,0xFF,0xFF,
    0xBE,0xF7,0xFF,0xFF,0xFF,0xFF,0xFF,0xFF,0xFF,0xFF,0xFF,0xFF,0xFF,0xFF,0xFF,0xFF,0xFF,0xFF,0xFF,0xFF,0xFF,0xFF,0xFF,0xFF,0xFF,0xFF,0xFF,0xFF,0xFF,0xFF,0xFF,0xFF,0xFF,0xFF,0xFF,0xFF,
    0xFF,0xFF,0xFF,0xFF,0xFF,0xFF,0xFF,0xFF,0xFF,0xDE,0xFF,0xFF,0xBE,0xF7,0xFF,0xFF,0xFF,0xFF,0xFF,0xFF,0xFF,0xDF,0xFF,0xFF,0xFF,0xFF,0xFF,0xDE,0xFF,0xFF,0x91,0x8C,0xFF,0x00,0x00,0xFF,
    0x81,0x10,0xFF,0x00,0x00,0xFF,0xB9,0xD6,0xFF,0x77,0xEF,0xFF,0x8E,0xEF,0xFF,0xA9,0xEF,0xFF,0xE7,0xEF,0xFF,0xE5,0xEF,0xFF,0xE3,0xF7,0xFF,0xA1,0xEF,0xFF,0xC1,0xEF,0xFF,0xA1,0xEF,0xFF,
    0xC1,0xEF,0xFF,0xE2,0xF7,0xFF,0xE1,0xEF,0xFF,0xE2,0xF7,0xFF,0xE3,0xEF,0xFF,0xC4,0xEF,0xFF,0xE8,0xFF,0xFF,0x88,0xE7,0xFF,0xED,0xF7,0xFF,0xE0,0x52,0xFF,0xA0,0x10,0xFF,0x40,0x08,0xFF,
    0x20,0x08,0xFF,0x41,0x08,0xFF,0x01,0x00,0xFF,0x02,0x00,0xFF,0x01,0x00,0xFF,0x62,0x08,0xFF,0x00,0x00,0xFF,0x40,0x00,0xFF,0x20,0x00,0xFF,0x00,0x00,0xFF,0x20,0x00,0xFF,0x00,0x00,0xFF,
    0x00,0x00,0xFF,0x00,0x00,0xFF,0x00,0x00,0xFF,0x00,0x00,0xFF,0x00,0x00,0xFF,0x00,0x00,0xFF,0x00,0x00,0xFF,0x00,0x00,0xFF,0x41,0x08,0xFF,0x00,0x00,0xFF,0x00,0x00,0xFF,0x00,0x00,0xFF,
    0x00,0x00,0xFF,0x41,0x08,0xFF,0x00,0x00,0xFF,0x00,0x00,0xFF,0x00,0x00,0xFF,0x00,0x00,0xFF,0x61,0x08,0xFF,0xB2,0x94,0xFF,0xC2,0x18,0xFF,0x20,0x00,0xFF,0x20,0x00,0xFF,0x00,0x00,0xFF,
    0x00,0x00,0xFF,0x20,0x00,0xFF,0x20,0x00,0xFF,0x21,0x00,0xFF,0x01,0x00,0xFF,0x00,0x00,0xFF,0x20,0x00,0xFF,0x40,0x08,0xFF,0x85,0x31,0xFF,0x30,0x84,0xFF,0xDB,0xDE,0xFF,0xBE,0xF7,0xFF,
    0xBE,0xF7,0xFF,0xFF,0xFF,0xFF,0xDF,0xFF,0xFF,0x9E,0xF7,0xFF,0x9E,0xF7,0xFF,0x9E,0xF7,0xFF,0x9E,0xF7,0xFF,0x9E,0xF7,0xFF,0x7D,0xEF,0xFF,0x9E,0xF7,0xFF,0xDF,0xFF,0xFF,0xFF,0xFF,0xFF,
    0x9E,0xF7,0xFF,0x9E,0xF7,0xFF,0x9E,0xF7,0xFF,0x9E,0xF7,0xFF,0x9E,0xF7,0xFF,0x9E,0xF7,0xFF,0xBE,0xF7,0xFF,0xBE,0xF7,0xFF,0xBE,0xF7,0xFF,0xFF,0xFF,0xFF,0x9E,0xF7,0xFF,0xFF,0xFF,0xFF,
    0x7D,0xEF,0xFF,0xBE,0xF7,0xFF,0xBA,0xD6,0xFF,0x28,0x42,0xFF,0x41,0x08,0xFF,0x00,0x00,0xFF,0x00,0x00,0xFF,0x20,0x00,0xFF,0x00,0x00,0xFF,0x00,0x00,0xFF,0xF3,0x9C,0xFF,0xFF,0xFF,0xFF,
    0xFF,0xFF,0xFF,0xFF,0xFF,0xFF,0xFF,0xFF,0xFF,0xDF,0xFF,0xFF,0xFF,0xFF,0xFF,0xFF,0xFF,0xFF,0xFF,0xFF,0xFF,0xDF,0xFF,0xFF,0xFF,0xFF,0xFF,0xFF,0xFF,0xFF,0xFF,0xFF,0xFF,0xFF,0xFF,0xFF,
    0xFF,0xFF,0xFF,0xFF,0xFF,0xFF,0xFF,0xFF,0xFF,0xFF,0xFF,0xFF,0xFF,0xFF,0xFF,0xFF,0xFF,0xFF,0xFF,0xFF,0xFF,0xFF,0xFF,0xFF,0xFF,0xFF,0xFF,0xFF,0xFF,0xFF,0xFF,0xFF,0xFF,0xFF,0xFF,0xFF,
    0xFF,0xFF,0xFF,0xFF,0xFF,0xFF,0xFF,0xFF,0xFF,0xFF,0xFF,0xFF,0xFF,0xFF,0xFF,0xFF,0xFF,0xFF,0xFF,0xFF,0xFF,0xFF,0xFF,0xFF,0xFF,0xFF,0xFF,0xFF,0xFF,0xFF,0xFF,0xFF,0xFF,0xFF,0xFF,0xFF,
    0xFF,0xFF,0xFF,0xFF,0xFF,0xFF,0xFF,0xFF,0xFF,0xFF,0xFF,0xFF,0xFF,0xFF,0xFF,0xFF,0xFF,0xFF,0xFF,0xFF,0xFF,0xFF,0xFF,0xFF,0xFF,0xFF,0xFF,0xFF,0xFF,0xFF,0xFF,0xFF,0xFF,0xFF,0xFF,0xFF,
    0xFF,0xFF,0xFF,0xFF,0xFF,0xFF,0xFF,0xFF,0xFF,0xFF,0xFF,0xFF,0xFF,0xFF,0xFF,0xBE,0xF7,0xFF,0xFF,0xFF,0xFF,0xFF,0xFF,0xFF,0xFF,0xFF,0xFF,0xFF,0xFF,0xFF,0xFF,0xFF,0xFF,0xFF,0xFF,0xFF,
    0xFF,0xFF,0xFF,0xBE,0xF7,0xFF,0xFF,0xFF,0xFF,0xFF,0xFF,0xFF,0xFF,0xFF,0xFF,0xFF,0xFF,0xFF,0xFF,0xFF,0xFF,0xFF,0xFF,0xFF,0xFF,0xFF,0xFF,0xFF,0xFF,0xFF,0xFF,0xFF,0xFF,0xFF,0xFF,0xFF,
    0xFF,0xFF,0xFF,0x9D,0xF7,0xFF,0x5D,0xEF,0xFF,0xFF,0xFF,0xFF,0xBE,0xF7,0xFF,0xFF,0xFF,0xFF,0xFF,0xFF,0xFF,0xFF,0xFF,0xFF,0xBE,0xF7,0xFF,0xFF,0xFF,0xFF,0xFF,0xFF,0xFF,0xFF,0xFF,0xFF,
    0xFF,0xFF,0xFF,0xFF,0xFF,0xFF,0xDE,0xF7,0xFF,0xDE,0xF7,0xFF,0xDE,0xF7,0xFF,0xFF,0xFF,0xFF,0xFF,0xFF,0xFF,0xBE,0xF7,0xFF,0xFF,0xFF,0xFF,0xDE,0xF7,0xFF,0xFF,0xFF,0xFF,0xFF,0xFF,0xFF,
    0xDE,0xF7,0xFF,0x7D,0xEF,0xFF,0xFF,0xFF,0xFF,0xFF,0xFF,0xFF,0xDF,0xFF,0xFF,0xDF,0xFF,0xFF,0xDF,0xFF,0xFF,0xDF,0xFF,0xFF,0xFF,0xFF,0xFF,0xFF,0xFF,0xFF,0xDF,0xFF,0xFF,0xFF,0xFF,0xFF,
    0xFF,0xFF,0xFF,0x9E,0xEF,0xFF,0xFF,0xFF,0xFF,0xFF,0xFF,0xFF,0xDF,0xF7,0xFF,0xFF,0xFF,0xFF,0xFF,0xFF,0xFF,0xFF,0xFF,0xFF,0xBE,0xF7,0xFF,0xDF,0xF7,0xFF,0xDF,0xF7,0xFF,0xFF,0xFF,0xFF,
    0xFF,0xFF,0xFF,0xFF,0xFF,0xFF,0xFF,0xFF,0xFF,0xDF,0xF7,0xFF,0xFF,0xFF,0xFF,0xFF,0xFF,0xFF,0xDF,0xF7,0xFF,0xFF,0xFF,0xFF,0xFF,0xFF,0xFF,0xBE,0xEF,0xFF,0xFF,0xFF,0xFF,0xFF,0xFF,0xFF,
    0xFF,0xFF,0xFF,0xFF,0xFF,0xFF,0xDF,0xFF,0xFF,0xDF,0xFF,0xFF,0xFF,0xFF,0xFF,0xFF,0xFF,0xFF,0xFF,0xFF,0xFF,0xFF,0xFF,0xFF,0xFF,0xFF,0xFF,0xFE,0xFF,0xFF,0xFE,0xFF,0xFF,0xFE,0xFF,0xFF,
    0xFE,0xFF,0xFF,0xFE,0xFF,0xFF,0xBE,0xF7,0xFF,0xDF,0xFF,0xFF,0xBE,0xF7,0xFF,0xDF,0xFF,0xFF,0xFF,0xFF,0xFF,0xFF,0xFF,0xFF,0xFF,0xFF,0xFF,0xFF,0xFF,0xFF,0xFF,0xFF,0xFF,0xFF,0xF7,0xFF,
    0xFF,0xFF,0xFF,0xFF,0xFF,0xFF,0xFF,0xFF,0xFF,0xDE,0xF7,0xFF,0xFF,0xFF,0xFF,0xFF,0xFF,0xFF,0xDF,0xF7,0xFF,0xFF,0xFF,0xFF,0xFF,0xFF,0xFF,0xDF,0xF7,0xFF,0xFF,0xFF,0xFF,0xDF,0xF7,0xFF,
    0xBE,0xF7,0xFF,0xFF,0xFF,0xFF,0xFF,0xFF,0xFF,0x9F,0xF7,0xFF,0xBF,0xF7,0xFF,0xBF,0xFF,0xFF,0xFF,0xFF,0xFF,0xBF,0xFF,0xFF,0xDF,0xFF,0xFF,0xFF,0xFF,0xFF,0xFF,0xFF,0xFF,0xFF,0xFF,0xFF,
    0xFF,0xFF,0xFF,0xFF,0xFF,0xFF,0xFF,0xFF,0xFF,0xFF,0xFF,0xFF,0xFF,0xFF,0xFF,0xFF,0xFF,0xFF,0xFF,0xFF,0xFF,0xDF,0xF7,0xFF,0xFF,0xFF,0xFF,0xFF,0xFF,0xFF,0xBF,0xF7,0xFF,0x9E,0xF7,0xFF,
    0xDF,0xFF,0xFF,0xFF,0xFF,0xFF,0xFF,0xFF,0xFF,0xDF,0xFF,0xFF,0xDF,0xFF,0xFF,0x9E,0xF7,0xFF,0xDF,0xFF,0xFF,0xFF,0xFF,0xFF,0xFF,0xFF,0xFF,0xFF,0xFF,0xFF,0xBF,0xF7,0xFF,0xDF,0xFF,0xFF,
    0xFF,0xFF,0xFF,0xFF,0xFF,0xFF,0xBF,0xF7,0xFF,0xFF,0xFF,0xFF,0xFF,0xFF,0xFF,0x5D,0xE7,0xFF,0xFF,0xFF,0xFF,0xFF,0xFF,0xFF,0xBE,0xF7,0xFF,0xFF,0xFF,0xFF,0xFF,0xFF,0xFF,0xFF,0xFF,0xFF,
    0xBF,0xF7,0xFF,0xFF,0xFF,0xFF,0xFF,0xFF,0xFF,0xFF,0xFF,0xFF,0xFF,0xFF,0xFF,0xFF,0xFF,0xFF,0xFF,0xFF,0xFF,0xFF,0xFF,0xFF,0xFF,0xFF,0xFF,0xFF,0xFF,0xFF,0x7D,0xE7,0xFF,0xFF,0xFF,0xFF,
    0xFF,0xFF,0xFF,0x7D,0xEF,0xFF,0xFF,0xFF,0xFF,0xFF,0xFF,0xFF,0xBE,0xF7,0xFF,0xFF,0xFF,0xFF,0xFF,0xFF,0xFF,0xFF,0xFF,0xFF,0xFF,0xFF,0xFF,0xFF,0xFF,0xFF,0xFF,0xFF,0xFF,0xFF,0xFF,0xFF,
    0xFF,0xFF,0xFF,0xFF,0xFF,0xFF,0xFF,0xFF,0xFF,0xFF,0xFF,0xFF,0xBD,0xF7,0xFF,0xBD,0xF7,0xFF,0xFF,0xFF,0xFF,0xFF,0xFF,0xFF,0xBE,0xF7,0xFF,0xFF,0xFF,0xFF,0xBF,0xFF,0xFF,0xFF,0xFF,0xFF,
    0x9F,0xF7,0xFF,0xDF,0xFF,0xFF,0xFF,0xFF,0xFF,0xDF,0xFF,0xFF,0xFF,0xFF,0xFF,0xFF,0xFF,0xFF,0xFF,0xFF,0xFF,0xBE,0xF7,0xFF,0xFF,0xFF,0xFF,0xFF,0xFF,0xFF,0xDF,0xF7,0xFF,0xFF,0xFF,0xFF,
    0xFF,0xFF,0xFF,0xBE,0xF7,0xFF,0xFF,0xFF,0xFF,0xFF,0xFF,0xFF,0xFF,0xFF,0xFF,0xDE,0xFF,0xFF,0xFF,0xFF,0xFF,0xFF,0xFF,0xFF,0x9D,0xEF,0xFF,0xFF,0xFF,0xFF,0xFF,0xFF,0xFF,0xFF,0xFF,0xFF,
    0xFF,0xFF,0xFF,0xFF,0xFF,0xFF,0xFF,0xFF,0xFF,0xFF,0xFF,0xFF,0xFF,0xFF,0xFF,0xFF,0xFF,0xFF,0xFF,0xFF,0xFF,0xFF,0xFF,0xFF,0xFF,0xFF,0xFF,0xFF,0xFF,0xFF,0xFF,0xFF,0xFF,0xFF,0xFF,0xFF,
    0xFF,0xFF,0xFF,0xBE,0xF7,0xFF,0xFF,0xFF,0xFF,0xFF,0xFF,0xFF,0xFF,0xFF,0xFF,0x91,0x94,0xFF,0x20,0x00,0xFF,0x40,0x08,0xFF,0x20,0x00,0xFF,0x25,0x63,0xFF,0x6C,0xE7,0xFF,0xC7,0xEF,0xFF,
    0x83,0xE7,0xFF,0xC2,0xEF,0xFF,0x60,0xDF,0xFF,0xE2,0xFF,0xFF,0xE0,0xF7,0xFF,0xE0,0xF7,0xFF,0xE1,0xF7,0xFF,0xE2,0xFF,0xFF,0x60,0xE7,0xFF,0xC0,0xEF,0xFF,0xE1,0xF7,0xFF,0xE0,0xEF,0xFF,
    0x80,0xE7,0xFF,0xE4,0xF7,0xFF,0x86,0xE7,0xFF,0xEB,0xF7,0xFF,0x6D,0xE7,0xFF,0x61,0x6B,0xFF,0xC0,0x18,0xFF,0x00,0x00,0xFF,0x20,0x08,0xFF,0x20,0x08,0xFF,0x00,0x00,0xFF,0x00,0x00,0xFF,
    0x00,0x00,0xFF,0x00,0x00,0xFF,0x00,0x00,0xFF,0x00,0x00,0xFF,0x20,0x00,0xFF,0x00,0x00,0xFF,0x00,0x00,0xFF,0x00,0x00,0xFF,0x00,0x00,0xFF,0x00,0x00,0xFF,0x00,0x00,0xFF,0x00,0x00,0xFF,
    0x00,0x00,0xFF,0x00,0x00,0xFF,0x00,0x00,0xFF,0x00,0x00,0xFF,0x41,0x08,0xFF,0x00,0x00,0xFF,0x41,0x08,0xFF,0x00,0x00,0xFF,0x00,0x00,0xFF,0x41,0x08,0xFF,0x40,0x00,0xFF,0x20,0x00,0xFF,
    0xFE,0xFF,0xFF,0x9C,0xEF,0xFF,0xFF,0xFF,0xFF,0xDE,0xFF,0xFF,0xFF,0xFF,0xFF,0x34,0xA5,0xFF,0x65,0x29,0xFF,0x81,0x10,0xFF,0x00,0x00,0xFF,0x01,0x00,0xFF,0x01,0x00,0xFF,0x01,0x00,0xFF,
    0x00,0x00,0xFF,0x00,0x00,0xFF,0x00,0x00,0xFF,0x00,0x00,0xFF,0x00,0x00,0xFF,0x00,0x00,0xFF,0x00,0x00,0xFF,0x24,0x21,0xFF,0xCF,0x7B,0xFF,0x59,0xCE,0xFF,0xBE,0xF7,0xFF,0xBE,0xF7,0xFF,
    0xDF,0xFF,0xFF,0xDF,0xFF,0xFF,0xDF,0xFF,0xFF,0xBE,0xF7,0xFF,0x9E,0xF7,0xFF,0x7D,0xEF,0xFF,0xBE,0xF7,0xFF,0xBE,0xF7,0xFF,0xBE,0xF7,0xFF,0xBE,0xF7,0xFF,0xBE,0xF7,0xFF,0xBE,0xF7,0xFF,
    0x9E,0xF7,0xFF,0x9E,0xF7,0xFF,0x9E,0xF7,0xFF,0x5D,0xEF,0xFF,0x9E,0xF7,0xFF,0x9E,0xF7,0xFF,0x0C,0x63,0xFF,0x00,0x00,0xFF,0x61,0x08,0xFF,0x00,0x00,0xFF,0x00,0x00,0xFF,0x41,0x08,0xFF,
    0x41,0x08,0xFF,0x20,0x00,0xFF,0x30,0x84,0xFF,0x7D,0xEF,0xFF,0xFF,0xFF,0xFF,0xDF,0xFF,0xFF,0xBE,0xF7,0xFF,0xBE,0xF7,0xFF,0xFF,0xFF,0xFF,0xFF,0xFF,0xFF,0xFF,0xFF,0xFF,0xFF,0xFF,0xFF,
    0xFF,0xFF,0xFF,0xFF,0xFF,0xFF,0xFF,0xFF,0xFF,0xFF,0xFF,0xFF,0xFF,0xFF,0xFF,0xFF,0xFF,0xFF,0xFF,0xFF,0xFF,0xFF,0xFF,0xFF,0xFF,0xFF,0xFF,0xFF,0xFF,0xFF,0xFF,0xFF,0xFF,0xFF,0xFF,0xFF,
    0xFF,0xFF,0xFF,0xFF,0xFF,0xFF,0xFF,0xFF,0xFF,0xFF,0xFF,0xFF,0xFF,0xFF,0xFF,0xFF,0xFF,0xFF,0xFF,0xFF,0xFF,0xFF,0xFF,0xFF,0xFF,0xFF,0xFF,0xFF,0xFF,0xFF,0xFF,0xFF,0xFF,0xFF,0xFF,0xFF,
    0xFF,0xFF,0xFF,0xFF,0xFF,0xFF,0xFF,0xFF,0xFF,0xFF,0xFF,0xFF,0xFF,0xFF,0xFF,0xFF,0xFF,0xFF,0xFF,0xFF,0xFF,0xFF,0xFF,0xFF,0xFF,0xFF,0xFF,0xFF,0xFF,0xFF,0xFF,0xFF,0xFF,0xFF,0xFF,0xFF,
    0xFF,0xFF,0xFF,0xFF,0xFF,0xFF,0xFF,0xFF,0xFF,0xFF,0xFF,0xFF,0xFF,0xFF,0xFF,0xFF,0xFF,0xFF,0xFF,0xFF,0xFF,0xFF,0xFF,0xFF,0x9D,0xEF,0xFF,0xDE,0xF7,0xFF,0x4C,0x63,0xFF,0xAE,0x73,0xFF,
    0xCE,0x7B,0xFF,0x6D,0x6B,0xFF,0x4C,0x6B,0xFF,0xAE,0x73,0xFF,0x8E,0x6B,0xFF,0xFF,0xFF,0xFF,0xFF,0xFF,0xFF,0xBE,0xF7,0xFF,0xFF,0xFF,0xFF,0xFF,0xFF,0xFF,0xFF,0xFF,0xFF,0xDE,0xF7,0xFF,
    0xFF,0xFF,0xFF,0xB2,0x94,0xFF,0x8D,0x6B,0xFF,0x6D,0x6B,0xFF,0x8E,0x73,0xFF,0x8E,0x73,0xFF,0xCF,0x7B,0xFF,0x8E,0x73,0xFF,0x96,0xB5,0xFF,0xBE,0xFF,0xFF,0xFF,0xFF,0xFF,0xBE,0xF7,0xFF,
    0xFF,0xFF,0xFF,0xFF,0xFF,0xFF,0xBA,0xD6,0xFF,0x30,0x84,0xFF,0x4D,0x6B,0xFF,0x8E,0x73,0xFF,0xAE,0x73,0xFF,0x8D,0x6B,0xFF,0xAE,0x73,0xFF,0xD2,0x94,0xFF,0x79,0xCE,0xFF,0xFF,0xFF,0xFF,
    0xFF,0xFF,0xFF,0xDF,0xFF,0xFF,0xFF,0xFF,0xFF,0xBE,0xF7,0xFF,0xFF,0xFF,0xFF,0xFE,0xFF,0xFF,0x9D,0xF7,0xFF,0x71,0x8C,0xFF,0x8E,0x73,0xFF,0x8E,0x73,0xFF,0x6E,0x73,0xFF,0x8E,0x73,0xFF,
    0x8E,0x73,0xFF,0x8E,0x73,0xFF,0x8E,0x73,0xFF,0x8E,0x73,0xFF,0x8E,0x73,0xFF,0x6D,0x6B,0xFF,0x0C,0x63,0xFF,0x0F,0x7C,0xFF,0x6D,0x6B,0xFF,0x6D,0x6B,0xFF,0xDE,0xF7,0xFF,0xFF,0xFF,0xFF,
    0xFF,0xFF,0xFF,0xFE,0xFF,0xFF,0xB9,0xD6,0xFF,0x50,0x84,0xFF,0x4C,0x63,0xFF,0x4D,0x6B,0xFF,0xAF,0x73,0xFF,0x6D,0x6B,0xFF,0xCF,0x73,0xFF,0x13,0x9D,0xFF,0x9A,0xCE,0xFF,0xBE,0xF7,0xFF,
    0xFF,0xFF,0xFF,0xFF,0xFF,0xFF,0xFF,0xFF,0xFF,0xFF,0xFF,0xFF,0xBF,0xF7,0xFF,0xFF,0xFF,0xFF,0x9E,0xF7,0xFF,0xEF,0x7B,0xFF,0x8E,0x73,0xFF,0x8E,0x73,0xFF,0x6D,0x6B,0xFF,0x8D,0x6B,0xFF,
    0x8E,0x6B,0xFF,0x8E,0x6B,0xFF,0x8E,0x6B,0xFF,0x8D,0x6B,0xFF,0x8D,0x6B,0xFF,0x8D,0x6B,0xFF,0x8D,0x6B,0xFF,0x8D,0x73,0xFF,0xCE,0x73,0xFF,0x1B,0xDF,0xFF,0xFF,0xFF,0xFF,0xDF,0xF7,0xFF,
    0xDF,0xF7,0xFF,0xDF,0xF7,0xFF,0xFF,0xFF,0xFF,0xBE,0xF7,0xFF,0x9D,0xEF,0xFF,0x13,0x9D,0xFF,0x4D,0x6B,0xFF,0x6D,0x6B,0xFF,0xCF,0x73,0xFF,0x8E,0x6B,0xFF,0x4D,0x6B,0xFF,0x6D,0x6B,0xFF,
    0xCF,0x7B,0xFF,0x8E,0x6B,0xFF,0xAF,0x73,0xFF,0x4D,0x63,0xFF,0xAE,0x73,0xFF,0x2C,0x63,0xFF,0x30,0x84,0xFF,0xEB,0x5A,0xFF,0x10,0x84,0xFF,0x9F,0xF7,0xFF,0x35,0xA5,0xFF,0xF0,0x7B,0xFF,
    0x2D,0x6B,0xFF,0x6E,0x73,0xFF,0xAF,0x73,0xFF,0x4D,0x6B,0xFF,0x8E,0x73,0xFF,0x8E,0x73,0xFF,0x8E,0x73,0xFF,0x8E,0x73,0xFF,0x8E,0x73,0xFF,0x8E,0x73,0xFF,0x8E,0x73,0xFF,0x8E,0x73,0xFF,
    0xD3,0x9C,0xFF,0xFF,0xFF,0xFF,0xDF,0xF7,0xFF,0xBF,0xF7,0xFF,0xFF,0xFF,0xFF,0xFF,0xFF,0xFF,0xFF,0xFF,0xFF,0xDF,0xFF,0xFF,0xDF,0xFF,0xFF,0xBF,0xFF,0xFF,0xBB,0xD6,0xFF,0x72,0x8C,0xFF,
    0x2D,0x6B,0xFF,0x8E,0x6B,0xFF,0x8E,0x73,0xFF,0x8F,0x73,0xFF,0xAF,0x73,0xFF,0x93,0x94,0xFF,0x9B,0xD6,0xFF,0x7E,0xEF,0xFF,0xFF,0xFF,0xFF,0xFF,0xFF,0xFF,0xFF,0xFF,0xFF,0xFF,0xFF,0xFF,
    0xDF,0xFF,0xFF,0xBF,0xF7,0xFF,0xFF,0xFF,0xFF,0x8E,0x6B,0xFF,0xCF,0x7B,0xFF,0x6E,0x6B,0xFF,0x8E,0x73,0xFF,0x8E,0x6B,0xFF,0x8E,0x73,0xFF,0x8E,0x73,0xFF,0x8E,0x73,0xFF,0x8E,0x73,0xFF,
    0x8E,0x6B,0xFF,0x8E,0x6B,0xFF,0x8E,0x6B,0xFF,0x8E,0x6B,0xFF,0x30,0x84,0xFF,0x7D,0xEF,0xFF,0xDF,0xF7,0xFF,0xFF,0xFF,0xFF,0xDF,0xFF,0xFF,0xFF,0xFF,0xFF,0xFF,0xFF,0xFF,0xDF,0xFF,0xFF,
    0xCF,0x7B,0xFF,0xAE,0x73,0xFF,0xAE,0x73,0xFF,0x8E,0x73,0xFF,0x8E,0x73,0xFF,0x8E,0x73,0xFF,0x8E,0x73,0xFF,0xAD,0x73,0xFF,0x6D,0x6B,0xFF,0x4C,0x6B,0xFF,0xCF,0x7B,0xFF,0xEF,0x7B,0xFF,
    0x4C,0x6B,0xFF,0xAE,0x73,0xFF,0x8E,0x73,0xFF,0xBF,0xF7,0xFF,0xFF,0xFF,0xFF,0xFF,0xFF,0xFF,0xF4,0x9C,0xFF,0x8E,0x73,0xFF,0xAF,0x73,0xFF,0x2D,0x63,0xFF,0xCF,0x7B,0xFF,0x4D,0x6B,0xFF,
    0x6D,0x6B,0xFF,0x8E,0x6B,0xFF,0xAF,0x73,0xFF,0x8E,0x73,0xFF,0x2C,0x63,0xFF,0x6D,0x6B,0xFF,0xCF,0x73,0xFF,0xAE,0x73,0xFF,0xAE,0x73,0xFF,0x0B,0x5B,0xFF,0xFF,0xFF,0xFF,0xFF,0xFF,0xFF,
    0xBE,0xF7,0xFF,0xDE,0xF7,0xFF,0xFF,0xFF,0xFF,0xFF,0xFF,0xFF,0xFF,0xFF,0xFF,0xFF,0xFF,0xFF,0xFF,0xFF,0xFF,0xFF,0xFF,0xFF,0xFF,0xFF,0xFF,0xFF,0xFF,0xFF,0xFF,0xFF,0xFF,0xFF,0xFF,0xFF,
    0xDF,0xFF,0xFF,0xFF,0xFF,0xFF,0xDE,0xFF,0xFF,0xDF,0xFF,0xFF,0xFF,0xFF,0xFF,0x7E,0xEF,0xFF,0xBF,0xF7,0xFF,0xFF,0xFF,0xFF,0x7A,0xCE,0xFF,0xE4,0x18,0xFF,0x00,0x00,0xFF,0x81,0x10,0xFF,
    0x00,0x00,0xFF,0x00,0x00,0xFF,0x00,0x00,0xFF,0x60,0x08,0xFF,0x40,0x21,0xFF,0xEA,0xD6,0xFF,0x88,0xE7,0xFF,0xE7,0xF7,0xFF,0xE4,0xF7,0xFF,0xC1,0xEF,0xFF,0xC1,0xEF,0xFF,0xE2,0xF7,0xFF,
    0x81,0xEF,0xFF,0xC2,0xF7,0xFF,0xE1,0xF7,0xFF,0xE3,0xFF,0xFF,0xC0,0xEF,0xFF,0xE1,0xF7,0xFF,0xE2,0xF7,0xFF,0xE2,0xEF,0xFF,0x82,0xE7,0xFF,0xE6,0xF7,0xFF,0xC8,0xF7,0xFF,0x49,0xE7,0xFF,
    0x4D,0xE7,0xFF,0xC0,0x52,0xFF,0x80,0x10,0xFF,0x20,0x08,0xFF,0x40,0x08,0xFF,0x00,0x00,0xFF,0x20,0x00,0xFF,0x00,0x00,0xFF,0x00,0x00,0xFF,0x00,0x00,0xFF,0x00,0x00,0xFF,0x20,0x00,0xFF,
    0x00,0x00,0xFF,0x00,0x00,0xFF,0x00,0x00,0xFF,0x00,0x00,0xFF,0x00,0x00,0xFF,0x00,0x00,0xFF,0x00,0x00,0xFF,0x00,0x00,0xFF,0x00,0x00,0xFF,0x82,0x10,0xFF,0x00,0x00,0xFF,0x00,0x00,0xFF,
    0x00,0x00,0xFF,0x00,0x00,0xFF,0x82,0x10,0xFF,0x00,0x00,0xFF,0x40,0x08,0xFF,0xFE,0xFF,0xFF,0xBC,0xF7,0xFF,0xFE,0xFF,0xFF,0xFF,0xFF,0xFF,0xFF,0xFF,0xFF,0xFF,0xFF,0xFF,0xBF,0xFF,0xFF,
    0xFF,0xFF,0xFF,0xFE,0xFF,0xFF,0xFE,0xFF,0xFF,0x17,0xC6,0xFF,0xAB,0x52,0xFF,0x62,0x10,0xFF,0x00,0x00,0xFF,0x40,0x08,0xFF,0x20,0x00,0xFF,0x20,0x00,0xFF,0x00,0x00,0xFF,0x00,0x00,0xFF,
    0x00,0x00,0xFF,0x61,0x08,0xFF,0x41,0x08,0xFF,0x00,0x00,0xFF,0x00,0x00,0xFF,0x00,0x00,0xFF,0x41,0x08,0xFF,0x65,0x29,0xFF,0x2C,0x63,0xFF,0x34,0xA5,0xFF,0xBA,0xD6,0xFF,0x9E,0xF7,0xFF,
    0xBE,0xF7,0xFF,0xBE,0xF7,0xFF,0xBE,0xF7,0xFF,0xBE,0xF7,0xFF,0xBE,0xF7,0xFF,0x9E,0xF7,0xFF,0x7D,0xEF,0xFF,0x5D,0xEF,0xFF,0xD3,0x9C,0xFF,0x8A,0x52,0xFF,0x00,0x00,0xFF,0x00,0x00,0xFF,
    0x00,0x00,0xFF,0x00,0x00,0xFF,0x00,0x00,0xFF,0x61,0x08,0xFF,0x00,0x00,0xFF,0x61,0x08,0xFF,0xD3,0x9C,0xFF,0xBE,0xF7,0xFF,0xFF,0xFF,0xFF,0xFF,0xFF,0xFF,0xDF,0xFF,0xFF,0xDF,0xFF,0xFF,
    0xFF,0xFF,0xFF,0xFF,0xFF,0xFF,0xDF,0xFF,0xFF,0xBE,0xF7,0xFF,0xDF,0xFF,0xFF,0xDF,0xFF,0xFF,0xDF,0xFF,0xFF,0xBE,0xF7,0xFF,0xFF,0xFF,0xFF,0xFF,0xFF,0xFF,0xFF,0xFF,0xFF,0xFF,0xFF,0xFF,
    0xFF,0xFF,0xFF,0xFF,0xFF,0xFF,0xFF,0xFF,0xFF,0xFF,0xFF,0xFF,0xFF,0xFF,0xFF,0xFF,0xFF,0xFF,0xFF,0xFF,0xFF,0xFF,0xFF,0xFF,0xFF,0xFF,0xFF,0xFF,0xFF,0xFF,0xFF,0xFF,0xFF,0xFF,0xFF,0xFF,
    0xFF,0xFF,0xFF,0xFF,0xFF,0xFF,0xFF,0xFF,0xFF,0xFF,0xFF,0xFF,0xFF,0xFF,0xFF,0xFF,0xFF,0xFF,0xFF,0xFF,0xFF,0xFF,0xFF,0xFF,0xFF,0xFF,0xFF,0xFF,0xFF,0xFF,0xFF,0xFF,0xFF,0xFF,0xFF,0xFF,
    0xFF,0xFF,0xFF,0xFF,0xFF,0xFF,0xFF,0xFF,0xFF,0xFF,0xFF,0xFF,0xFF,0xFF,0xFF,0xFF,0xFF,0xFF,0xFF,0xFF,0xFF,0xFF,0xFF,0xFF,0xFF,0xFF,0xFF,0xFF,0xFF,0xFF,0xFF,0xFF,0xFF,0xFF,0xFF,0xFF,
    0xFF,0xFF,0xFF,0xFF,0xFF,0xFF,0xFF,0xFF,0xFF,0x71,0x8C,0xFF,0x00,0x00,0xFF,0x00,0x00,0xFF,0x20,0x00,0xFF,0x00,0x00,0xFF,0x00,0x00,0xFF,0x41,0x08,0xFF,0x00,0x00,0xFF,0x9E,0xF7,0xFF,
    0xFF,0xFF,0xFF,0xFF,0xFF,0xFF,0xFF,0xFF,0xFF,0xFF,0xFF,0xFF,0xDF,0xFF,0xFF,0xFF,0xFF,0xFF,0xF3,0x9C,0xFF,0xC3,0x18,0xFF,0x00,0x00,0xFF,0x00,0x00,0xFF,0x20,0x00,0xFF,0x00,0x00,0xFF,
    0x00,0x00,0xFF,0x21,0x08,0xFF,0xFB,0xE6,0xFF,0xFF,0xFF,0xFF,0x9D,0xF7,0xFF,0xFF,0xFF,0xFF,0x30,0x84,0xFF,0x00,0x00,0xFF,0x00,0x00,0xFF,0x20,0x00,0xFF,0x00,0x00,0xFF,0x20,0x00,0xFF,
    0x41,0x08,0xFF,0x21,0x00,0xFF,0x00,0x00,0xFF,0x00,0x00,0xFF,0x00,0x00,0xFF,0x00,0x00,0xFF,0x62,0x08,0xFF,0x3D,0xE7,0xFF,0xBE,0xF7,0xFF,0xFF,0xFF,0xFF,0xBD,0xF7,0xFF,0xDE,0xF7,0xFF,
    0x27,0x42,0xFF,0x00,0x00,0xFF,0x00,0x00,0xFF,0x00,0x00,0xFF,0x00,0x00,0xFF,0x00,0x00,0xFF,0x00,0x00,0xFF,0x00,0x00,0xFF,0x20,0x00,0xFF,0x20,0x00,0xFF,0x41,0x08,0xFF,0x00,0x00,0xFF,
    0x61,0x08,0xFF,0x00,0x00,0xFF,0x40,0x08,0xFF,0xB5,0xB5,0xFF,0xFF,0xFF,0xFF,0xFE,0xFF,0xFF,0x4C,0x63,0xFF,0x81,0x08,0xFF,0x00,0x00,0xFF,0x00,0x00,0xFF,0xE3,0x18,0xFF,0x00,0x00,0xFF,
    0x00,0x00,0xFF,0x21,0x00,0xFF,0x00,0x00,0xFF,0x81,0x08,0xFF,0x00,0x00,0xFF,0x20,0x00,0xFF,0xC3,0x18,0xFF,0xBE,0xF7,0xFF,0xDF,0xFF,0xFF,0x9F,0xF7,0xFF,0xFF,0xFF,0xFF,0xFF,0xFF,0xFF,
    0xDB,0xDE,0xFF,0x20,0x00,0xFF,0x20,0x00,0xFF,0x40,0x00,0xFF,0x00,0x00,0xFF,0x00,0x00,0xFF,0x00,0x00,0xFF,0x00,0x00,0xFF,0x00,0x00,0xFF,0x00,0x00,0xFF,0x20,0x00,0xFF,0x20,0x00,0xFF,
    0x20,0x00,0xFF,0x20,0x00,0xFF,0x61,0x08,0xFF,0x00,0x00,0xFF,0xF3,0x9C,0xFF,0xFF,0xFF,0xFF,0xFF,0xFF,0xFF,0xFF,0xFF,0xFF,0xFF,0xFF,0xFF,0x58,0xC6,0xFF,0x20,0x00,0xFF,0x00,0x00,0xFF,
    0x00,0x00,0xFF,0x20,0x00,0xFF,0x00,0x00,0xFF,0x00,0x00,0xFF,0x20,0x00,0xFF,0x21,0x00,0xFF,0x00,0x00,0xFF,0x00,0x00,0xFF,0x00,0x00,0xFF,0x41,0x08,0xFF,0x20,0x00,0xFF,0x40,0x08,0xFF,
    0x00,0x00,0xFF,0x41,0x08,0xFF,0x5D,0xEF,0xFF,0xFF,0xFF,0xFF,0x00,0x00,0xFF,0x00,0x00,0xFF,0x00,0x00,0xFF,0x00,0x00,0xFF,0x00,0x00,0xFF,0x40,0x08,0xFF,0x00,0x00,0xFF,0x00,0x00,0xFF,
    0x00,0x00,0xFF,0x00,0x00,0xFF,0x00,0x00,0xFF,0x00,0x00,0xFF,0x00,0x00,0xFF,0x00,0x00,0xFF,0x00,0x00,0xFF,0xE3,0x18,0xFF,0x9E,0xF7,0xFF,0xFF,0xFF,0xFF,0xFF,0xFF,0xFF,0xBF,0xFF,0xFF,
    0xFF,0xFF,0xFF,0xBF,0xFF,0xFF,0x2D,0x6B,0xFF,0x62,0x10,0xFF,0x00,0x00,0xFF,0x00,0x00,0xFF,0x82,0x10,0xFF,0x00,0x00,0xFF,0x00,0x00,0xFF,0x41,0x08,0xFF,0x00,0x00,0xFF,0x21,0x08,0xFF,
    0x00,0x00,0xFF,0x00,0x00,0xFF,0x04,0x21,0xFF,0xFC,0xE6,0xFF,0xDF,0xFF,0xFF,0xFF,0xFF,0xFF,0x7E,0xEF,0xFF,0xFF,0xFF,0xFF,0xBB,0xD6,0xFF,0x41,0x08,0xFF,0x00,0x00,0xFF,0x20,0x00,0xFF,
    0x21,0x00,0xFF,0x00,0x00,0xFF,0x00,0x00,0xFF,0x00,0x00,0xFF,0x00,0x00,0xFF,0x00,0x00,0xFF,0x20,0x00,0xFF,0x20,0x00,0xFF,0x20,0x00,0xFF,0x20,0x00,0xFF,0x00,0x00,0xFF,0x00,0x00,0xFF,
    0xF7,0xBD,0xFF,0xFF,0xFF,0xFF,0xFF,0xFF,0xFF,0x5D,0xEF,0xFF,0xFF,0xFF,0xFF,0xE7,0x41,0xFF,0x20,0x08,0xFF,0x00,0x00,0xFF,0x00,0x00,0xFF,0x00,0x00,0xFF,0x00,0x00,0xFF,0x00,0x00,0xFF,
    0x00,0x00,0xFF,0x00,0x00,0xFF,0x20,0x00,0xFF,0x00,0x00,0xFF,0x00,0x00,0xFF,0x00,0x00,0xFF,0x00,0x00,0xFF,0x00,0x00,0xFF,0xB2,0x94,0xFF,0xFF,0xFF,0xFF,0x7D,0xEF,0xFF,0x00,0x00,0xFF,
    0x20,0x00,0xFF,0x82,0x10,0xFF,0x00,0x00,0xFF,0x62,0x08,0xFF,0x00,0x00,0xFF,0x41,0x08,0xFF,0x00,0x00,0xFF,0x20,0x00,0xFF,0x00,0x00,0xFF,0x00,0x00,0xFF,0x00,0x00,0xFF,0x00,0x00,0xFF,
    0x00,0x00,0xFF,0x00,0x00,0xFF,0x61,0x08,0xFF,0x95,0xAD,0xFF,0xFF,0xFF,0xFF,0xFF,0xFF,0xFF,0xFF,0xFF,0xFF,0xFF,0xFF,0xFF,0xDE,0xFF,0xFF,0xFF,0xFF,0xFF,0xFF,0xFF,0xFF,0xFF,0xFF,0xFF,
    0xFF,0xFF,0xFF,0xFF,0xFF,0xFF,0xFF,0xFF,0xFF,0xFF,0xFF,0xFF,0xFF,0xFF,0xFF,0xDF,0xFF,0xFF,0xFF,0xFF,0xFF,0xFF,0xFF,0xFF,0xDF,0xFF,0xFF,0xFF,0xFF,0xFF,0xFF,0xFF,0xFF,0xFF,0xFF,0xFF,
    0x76,0xAD,0xFF,0x01,0x00,0xFF,0x01,0x00,0xFF,0x41,0x08,0xFF,0x00,0x00,0xFF,0x00,0x00,0xFF,0x40,0x08,0xFF,0x60,0x08,0xFF,0x00,0x00,0xFF,0x20,0x00,0xFF,0x40,0x00,0xFF,0x60,0x00,0xFF,
    0xE7,0xB5,0xFF,0xCA,0xEF,0xFF,0x85,0xE7,0xFF,0xA3,0xE7,0xFF,0xE4,0xFF,0xFF,0xE2,0xF7,0xFF,0xE2,0xF7,0xFF,0xE2,0xF7,0xFF,0x80,0xE7,0xFF,0xE1,0xF7,0xFF,0xC0,0xEF,0xFF,0xE1,0xF7,0xFF,
    0xE1,0xEF,0xFF,0xE2,0xF7,0xFF,0xE2,0xF7,0xFF,0x81,0xE7,0xFF,0xE5,0xF7,0xFF,0xA5,0xEF,0xFF,0x88,0xEF,0xFF,0x4B,0xE7,0xFF,0xCD,0xD6,0xFF,0x20,0x21,0xFF,0x60,0x08,0xFF,0x00,0x00,0xFF,
    0x40,0x08,0xFF,0x21,0x00,0xFF,0x21,0x00,0xFF,0x01,0x00,0xFF,0x00,0x00,0xFF,0x20,0x00,0xFF,0x00,0x00,0xFF,0x00,0x00,0xFF,0x00,0x00,0xFF,0x00,0x00,0xFF,0x00,0x00,0xFF,0x00,0x00,0xFF,
    0x00,0x00,0xFF,0x00,0x00,0xFF,0x21,0x00,0xFF,0x00,0x00,0xFF,0x21,0x00,0xFF,0x41,0x08,0xFF,0x00,0x00,0xFF,0x82,0x10,0xFF,0x20,0x00,0xFF,0x6D,0x6B,0xFF,0xFF,0xFF,0xFF,0xBD,0xF7,0xFF,
    0xFD,0xFF,0xFF,0xFD,0xFF,0xFF,0xBE,0xF7,0xFF,0xFF,0xFF,0xFF,0x7F,0xEF,0xFF,0xFF,0xFF,0xFF,0xFF,0xFF,0xFF,0xDD,0xF7,0xFF,0xFE,0xFF,0xFF,0xFE,0xFF,0xFF,0xFF,0xFF,0xFF,0xFF,0xFF,0xFF,
    0xDF,0xFF,0xFF,0x5C,0xEF,0xFF,0xD3,0x9C,0xFF,0x49,0x4A,0xFF,0x00,0x00,0xFF,0x00,0x00,0xFF,0x00,0x00,0xFF,0x00,0x00,0xFF,0x00,0x00,0xFF,0x20,0x00,0xFF,0x00,0x00,0xFF,0x00,0x00,0xFF,
    0x00,0x00,0xFF,0x00,0x00,0xFF,0x00,0x00,0xFF,0x00,0x00,0xFF,0x00,0x00,0xFF,0x00,0x00,0xFF,0x00,0x00,0xFF,0x00,0x00,0xFF,0x00,0x00,0xFF,0x00,0x00,0xFF,0x00,0x00,0xFF,0x00,0x00,0xFF,
    0x00,0x00,0xFF,0x00,0x00,0xFF,0x00,0x00,0xFF,0x00,0x00,0xFF,0x00,0x00,0xFF,0x20,0x00,0xFF,0x00,0x00,0xFF,0x41,0x08,0xFF,0x00,0x00,0xFF,0xA6,0x31,0xFF,0x7D,0xEF,0xFF,0xDF,0xFF,0xFF,
    0xFF,0xFF,0xFF,0xFF,0xFF,0xFF,0xFF,0xFF,0xFF,0xFF,0xFF,0xFF,0xDF,0xFF,0xFF,0xFF,0xFF,0xFF,0xDF,0xFF,0xFF,0xFF,0xFF,0xFF,0xFF,0xFF,0xFF,0xFF,0xFF,0xFF,0xFF,0xFF,0xFF,0xFF,0xFF,0xFF,
    0xFF,0xFF,0xFF,0xFF,0xFF,0xFF,0xFF,0xFF,0xFF,0xFF,0xFF,0xFF,0xFF,0xFF,0xFF,0xFF,0xFF,0xFF,0xFF,0xFF,0xFF,0xFF,0xFF,0xFF,0xFF,0xFF,0xFF,0xFF,0xFF,0xFF,0xFF,0xFF,0xFF,0xFF,0xFF,0xFF,
    0xFF,0xFF,0xFF,0xFF,0xFF,0xFF,0xFF,0xFF,0xFF,0xFF,0xFF,0xFF,0xFF,0xFF,0xFF,0xFF,0xFF,0xFF,0xFF,0xFF,0xFF,0xFF,0xFF,0xFF,0xFF,0xFF,0xFF,0xFF,0xFF,0xFF,0xFF,0xFF,0xFF,0xFF,0xFF,0xFF,
    0xFF,0xFF,0xFF,0xFF,0xFF,0xFF,0xFF,0xFF,0xFF,0xFF,0xFF,0xFF,0xFF,0xFF,0xFF,0xFF,0xFF,0xFF,0xFF,0xFF,0xFF,0xFF,0xFF,0xFF,0xFF,0xFF,0xFF,0xFF,0xFF,0xFF,0xFF,0xFF,0xFF,0xFF,0xFF,0xFF,
    0xFF,0xFF,0xFF,0xFF,0xFF,0xFF,0xFF,0xFF,0xFF,0xFF,0xFF,0xFF,0xFF,0xFF,0xFF,0xFF,0xFF,0xFF,0xFF,0xFF,0xFF,0xFF,0xFF,0xFF,0xDF,0xFF,0xFF,0x41,0x08,0xFF,0x00,0x00,0xFF,0x00,0x00,0xFF,
    0x01,0x08,0xFF,0x00,0x00,0xFF,0x00,0x00,0xFF,0x00,0x00,0xFF,0x41,0x08,0xFF,0x19,0xC6,0xFF,0xDF,0xFF,0xFF,0xFF,0xFF,0xFF,0xBE,0xF7,0xFF,0xDF,0xFF,0xFF,0xFF,0xFF,0xFF,0x38,0xC6,0xFF,
    0x20,0x08,0xFF,0x00,0x00,0xFF,0x20,0x08,0xFF,0x00,0x00,0xFF,0x00,0x00,0xFF,0x41,0x08,0xFF,0x00,0x00,0xFF,0x00,0x00,0xFF,0xDF,0xFF,0xFF,0xDE,0xFF,0xFF,0xFF,0xFF,0xFF,0x61,0x10,0xFF,
    0x00,0x00,0xFF,0x20,0x08,0xFF,0x41,0x08,0xFF,0x00,0x00,0xFF,0x62,0x08,0xFF,0x00,0x00,0xFF,0x00,0x00,0xFF,0x00,0x00,0xFF,0x00,0x00,0xFF,0x21,0x00,0xFF,0x21,0x00,0xFF,0x00,0x00,0xFF,
    0x21,0x08,0xFF,0x00,0x00,0xFF,0xBB,0xDE,0xFF,0xFF,0xFF,0xFF,0xFF,0xFF,0xFF,0x69,0x4A,0xFF,0x20,0x00,0xFF,0x00,0x00,0xFF,0x00,0x00,0xFF,0x00,0x00,0xFF,0x00,0x00,0xFF,0x00,0x00,0xFF,
    0x00,0x00,0xFF,0x00,0x00,0xFF,0x00,0x00,0xFF,0x00,0x00,0xFF,0x00,0x00,0xFF,0x00,0x00,0xFF,0x00,0x00,0xFF,0x20,0x08,0xFF,0x08,0x42,0xFF,0x9E,0xF7,0xFF,0x9D,0xF7,0xFF,0x00,0x00,0xFF,
    0x00,0x00,0xFF,0x20,0x00,0xFF,0x61,0x08,0xFF,0x00,0x00,0xFF,0x00,0x00,0xFF,0x21,0x00,0xFF,0x21,0x08,0xFF,0x00,0x00,0xFF,0x81,0x08,0xFF,0x00,0x00,0xFF,0x00,0x00,0xFF,0x20,0x00,0xFF,
    0x41,0x08,0xFF,0x00,0x00,0xFF,0x9F,0xF7,0xFF,0xFF,0xFF,0xFF,0xDF,0xFF,0xFF,0xDF,0xFF,0xFF,0x8E,0x73,0xFF,0x00,0x00,0xFF,0x00,0x00,0xFF,0x20,0x00,0xFF,0x00,0x00,0xFF,0x40,0x00,0xFF,
    0x00,0x00,0xFF,0x01,0x00,0xFF,0x00,0x00,0xFF,0x00,0x00,0xFF,0x00,0x00,0xFF,0x00,0x00,0xFF,0x00,0x00,0xFF,0x00,0x00,0xFF,0x00,0x00,0xFF,0x00,0x00,0xFF,0x41,0x00,0xFF,0xFF,0xFF,0xFF,
    0xFF,0xFF,0xFF,0xFF,0xFF,0xFF,0xFB,0xDE,0xFF,0x00,0x00,0xFF,0x00,0x00,0xFF,0x20,0x00,0xFF,0x60,0x08,0xFF,0x00,0x00,0xFF,0x00,0x00,0xFF,0x20,0x00,0xFF,0x41,0x08,0xFF,0x00,0x00,0xFF,
    0x00,0x00,0xFF,0x00,0x00,0xFF,0x00,0x00,0xFF,0x00,0x00,0xFF,0x00,0x00,0xFF,0x20,0x08,0xFF,0x00,0x00,0xFF,0x79,0xD6,0xFF,0xFF,0xFF,0xFF,0xBA,0xD6,0xFF,0x41,0x08,0xFF,0x21,0x08,0xFF,
    0x41,0x08,0xFF,0x00,0x00,0xFF,0x00,0x00,0xFF,0x20,0x08,0xFF,0x00,0x00,0xFF,0x00,0x00,0xFF,0x00,0x00,0xFF,0x00,0x00,0xFF,0x00,0x00,0xFF,0x00,0x00,0xFF,0x00,0x00,0xFF,0x00,0x00,0xFF,
    0x41,0x08,0xFF,0x00,0x00,0xFF,0x75,0xB5,0xFF,0xFF,0xFF,0xFF,0xBE,0xFF,0xFF,0xFF,0xFF,0xFF,0x9E,0xF7,0xFF,0x20,0x08,0xFF,0x00,0x00,0xFF,0x00,0x08,0xFF,0x41,0x10,0xFF,0x00,0x00,0xFF,
    0x00,0x00,0xFF,0x00,0x00,0xFF,0x00,0x00,0xFF,0x00,0x00,0xFF,0x00,0x00,0xFF,0x00,0x00,0xFF,0x00,0x00,0xFF,0x00,0x00,0xFF,0x00,0x00,0xFF,0x41,0x08,0xFF,0x9E,0xF7,0xFF,0x7D,0xEF,0xFF,
    0xFF,0xFF,0xFF,0xDE,0xFF,0xFF,0xC6,0x39,0xFF,0x00,0x00,0xFF,0x00,0x00,0xFF,0x40,0x08,0xFF,0x00,0x00,0xFF,0x20,0x08,0xFF,0x00,0x00,0xFF,0x00,0x00,0xFF,0x00,0x00,0xFF,0x00,0x00,0xFF,
    0x00,0x00,0xFF,0x00,0x00,0xFF,0x00,0x00,0xFF,0x00,0x00,0xFF,0x00,0x00,0xFF,0x00,0x00,0xFF,0x82,0x10,0xFF,0x7D,0xF7,0xFF,0xDF,0xFF,0xFF,0xFF,0xFF,0xFF,0x2D,0x6B,0xFF,0x00,0x00,0xFF,
    0x00,0x08,0xFF,0x00,0x08,0xFF,0x00,0x08,0xFF,0x00,0x00,0xFF,0x00,0x00,0xFF,0x00,0x00,0xFF,0x00,0x00,0xFF,0x00,0x00,0xFF,0x00,0x00,0xFF,0x62,0x10,0xFF,0x00,0x00,0xFF,0x00,0x00,0xFF,
    0x62,0x08,0xFF,0x08,0x42,0xFF,0xFF,0xFF,0xFF,0x9E,0xF7,0xFF,0x21,0x08,0xFF,0x41,0x08,0xFF,0x00,0x00,0xFF,0x00,0x00,0xFF,0x00,0x00,0xFF,0x00,0x00,0xFF,0x00,0x00,0xFF,0x00,0x00,0xFF,
    0x00,0x00,0xFF,0x00,0x00,0xFF,0x00,0x00,0xFF,0x00,0x00,0xFF,0x41,0x08,0xFF,0x00,0x00,0xFF,0x00,0x00,0xFF,0x41,0x08,0xFF,0x4D,0x63,0xFF,0xFF,0xFF,0xFF,0xFF,0xFF,0xFF,0xFF,0xFF,0xFF,
    0xBE,0xF7,0xFF,0xFF,0xFF,0xFF,0xFF,0xFF,0xFF,0xDE,0xFF,0xFF,0xFF,0xFF,0xFF,0xFF,0xFF,0xFF,0xFF,0xFF,0xFF,0xFF,0xFF,0xFF,0xFF,0xFF,0xFF,0xFF,0xFF,0xFF,0xDF,0xFF,0xFF,0xDF,0xFF,0xFF,
    0xFF,0xFF,0xFF,0x9D,0xF7,0xFF,0xFF,0xFF,0xFF,0xFF,0xFF,0xFF,0xF0,0x83,0xFF,0x00,0x00,0xFF,0x00,0x00,0xFF,0x00,0x00,0xFF,0x00,0x00,0xFF,0x21,0x00,0xFF,0x00,0x00,0xFF,0x00,0x00,0xFF,
    0x00,0x00,0xFF,0x00,0x00,0xFF,0x40,0x00,0xFF,0x00,0x00,0xFF,0x40,0x08,0xFF,0x60,0x08,0xFF,0x80,0x08,0xFF,0x25,0x9D,0xFF,0xEA,0xF7,0xFF,0x83,0xE7,0xFF,0xE3,0xF7,0xFF,0xC1,0xEF,0xFF,
    0x80,0xE7,0xFF,0xE3,0xFF,0xFF,0xE2,0xFF,0xFF,0xE0,0xEF,0xFF,0xE0,0xF7,0xFF,0xE1,0xF7,0xFF,0xA0,0xE7,0xFF,0xE0,0xEF,0xFF,0x60,0xE7,0xFF,0xE2,0xFF,0xFF,0xE1,0xF7,0xFF,0xC1,0xEF,0xFF,
    0xE4,0xF7,0xFF,0xC5,0xEF,0xFF,0xCA,0xEF,0xFF,0x4D,0xE7,0xFF,0xA0,0x52,0xFF,0x00,0x19,0xFF,0x00,0x00,0xFF,0x00,0x00,0xFF,0x22,0x00,0xFF,0x02,0x00,0xFF,0x01,0x00,0xFF,0x21,0x00,0xFF,
    0x00,0x00,0xFF,0x00,0x00,0xFF,0x00,0x00,0xFF,0x00,0x00,0xFF,0x00,0x00,0xFF,0x00,0x00,0xFF,0x00,0x00,0xFF,0x00,0x00,0xFF,0x20,0x00,0xFF,0x41,0x08,0xFF,0x00,0x00,0xFF,0x00,0x00,0xFF,
    0x00,0x00,0xFF,0x69,0x4A,0xFF,0xDF,0xFF,0xFF,0xDF,0xFF,0xFF,0xFF,0xFF,0xFF,0xDE,0xFF,0xFF,0xDC,0xF7,0xFF,0xFD,0xFF,0xFF,0xFF,0xFF,0xFF,0xFF,0xFF,0xFF,0xBF,0xFF,0xFF,0xDF,0xFF,0xFF,
    0xFF,0xFF,0xFF,0xFF,0xFF,0xFF,0xFE,0xFF,0xFF,0xFE,0xFF,0xFF,0xFF,0xFF,0xFF,0xFF,0xFF,0xFF,0xFF,0xFF,0xFF,0xDE,0xFF,0xFF,0xDE,0xFF,0xFF,0xDF,0xFF,0xFF,0xFF,0xFF,0xFF,0xFF,0xFF,0xFF,
    0x5D,0xEF,0xFF,0x34,0xA5,0xFF,0x49,0x4A,0xFF,0x41,0x08,0xFF,0x00,0x00,0xFF,0x00,0x00,0xFF,0x20,0x00,0xFF,0x20,0x00,0xFF,0x00,0x00,0xFF,0x00,0x00,0xFF,0x00,0x00,0xFF,0x00,0x00,0xFF,
    0x00,0x00,0xFF,0x00,0x00,0xFF,0x00,0x00,0xFF,0x00,0x00,0xFF,0x00,0x00,0xFF,0x00,0x00,0xFF,0x00,0x00,0xFF,0x00,0x00,0xFF,0x00,0x00,0xFF,0x00,0x00,0xFF,0x41,0x08,0xFF,0x00,0x00,0xFF,
    0x65,0x29,0xFF,0x18,0xC6,0xFF,0xFF,0xFF,0xFF,0xFF,0xFF,0xFF,0xDF,0xFF,0xFF,0xFF,0xFF,0xFF,0xDF,0xFF,0xFF,0xFF,0xFF,0xFF,0xDF,0xFF,0xFF,0xFF,0xFF,0xFF,0xFF,0xFF,0xFF,0xDF,0xFF,0xFF,
    0xDF,0xFF,0xFF,0xFF,0xFF,0xFF,0xFF,0xFF,0xFF,0xFF,0xFF,0xFF,0xDF,0xFF,0xFF,0xDF,0xFF,0xFF,0xFF,0xFF,0xFF,0xFF,0xFF,0xFF,0xFF,0xFF,0xFF,0xFF,0xFF,0xFF,0xFF,0xFF,0xFF,0xFF,0xFF,0xFF,
    0xFF,0xFF,0xFF,0xFF,0xFF,0xFF,0xFF,0xFF,0xFF,0xFF,0xFF,0xFF,0xFF,0xFF,0xFF,0xFF,0xFF,0xFF,0xFF,0xFF,0xFF,0xFF,0xFF,0xFF,0xFF,0xFF,0xFF,0xFF,0xFF,0xFF,0xFF,0xFF,0xFF,0xFF,0xFF,0xFF,
    0xFF,0xFF,0xFF,0xFF,0xFF,0xFF,0xFF,0xFF,0xFF,0xFF,0xFF,0xFF,0xFF,0xFF,0xFF,0xFF,0xFF,0xFF,0xFF,0xFF,0xFF,0xFF,0xFF,0xFF,0xFF,0xFF,0xFF,0xFF,0xFF,0xFF,0xFF,0xFF,0xFF,0xFF,0xFF,0xFF,
    0xFF,0xFF,0xFF,0xFF,0xFF,0xFF,0xFF,0xFF,0xFF,0xFF,0xFF,0xFF,0xFF,0xFF,0xFF,0xFF,0xFF,0xFF,0xFF,0xFF,0xFF,0xFF,0xFF,0xFF,0xFF,0xFF,0xFF,0xFF,0xFF,0xFF,0xFF,0xFF,0xFF,0xFF,0xFF,0xFF,
    0xFF,0xFF,0xFF,0xFF,0xFF,0xFF,0x7E,0xEF,0xFF,0x20,0x00,0xFF,0x00,0x00,0xFF,0x41,0x08,0xFF,0x00,0x00,0xFF,0x00,0x00,0xFF,0x01,0x08,0xFF,0x00,0x00,0xFF,0x00,0x00,0xFF,0x6E,0x6B,0xFF,
    0xBF,0xFF,0xFF,0xFF,0xFF,0xFF,0xFF,0xFF,0xFF,0xDF,0xFF,0xFF,0x1C,0xE7,0xFF,0x00,0x00,0xFF,0x20,0x00,0xFF,0x00,0x00,0xFF,0x20,0x00,0xFF,0x21,0x08,0xFF,0x00,0x00,0xFF,0x00,0x00,0xFF,
    0x61,0x08,0xFF,0x4D,0x6B,0xFF,0xFF,0xFF,0xFF,0xBE,0xFF,0xFF,0x00,0x00,0xFF,0x00,0x00,0xFF,0x20,0x08,0xFF,0x20,0x00,0xFF,0x00,0x00,0xFF,0x21,0x08,0xFF,0x00,0x00,0xFF,0x00,0x00,0xFF,
    0x21,0x08,0xFF,0x21,0x00,0xFF,0x00,0x00,0xFF,0x00,0x00,0xFF,0x00,0x00,0xFF,0x21,0x00,0xFF,0x01,0x00,0xFF,0x00,0x00,0xFF,0x21,0x00,0xFF,0x7E,0xEF,0xFF,0x96,0xB5,0xFF,0x00,0x00,0xFF,
    0x00,0x00,0xFF,0x20,0x08,0xFF,0x00,0x00,0xFF,0x00,0x00,0xFF,0x00,0x00,0xFF,0x00,0x00,0xFF,0x00,0x00,0xFF,0x00,0x00,0xFF,0x20,0x00,0xFF,0x20,0x00,0xFF,0x00,0x00,0xFF,0x82,0x10,0xFF,
    0x21,0x08,0xFF,0x04,0x21,0xFF,0xFF,0xFF,0xFF,0x3C,0xE7,0xFF,0x00,0x00,0xFF,0x20,0x00,0xFF,0x00,0x00,0xFF,0x00,0x00,0xFF,0x00,0x00,0xFF,0x00,0x00,0xFF,0x00,0x00,0xFF,0x01,0x00,0xFF,
    0x00,0x00,0xFF,0x00,0x00,0xFF,0x00,0x00,0xFF,0x20,0x00,0xFF,0xA2,0x08,0xFF,0x00,0x00,0xFF,0x00,0x00,0xFF,0x00,0x00,0xFF,0x05,0x21,0xFF,0xDF,0xFF,0xFF,0xDF,0xFF,0xFF,0xFF,0xFF,0xFF,
    0x00,0x00,0xFF,0x00,0x00,0xFF,0x40,0x08,0xFF,0x00,0x00,0xFF,0x00,0x00,0xFF,0x00,0x00,0xFF,0x00,0x00,0xFF,0x01,0x00,0xFF,0x00,0x00,0xFF,0x00,0x00,0xFF,0x00,0x00,0xFF,0x00,0x00,0xFF,
    0x20,0x00,0xFF,0x20,0x00,0xFF,0x40,0x00,0xFF,0x00,0x00,0xFF,0x00,0x00,0xFF,0xDF,0xF7,0xFF,0xBF,0xF7,0xFF,0xFF,0xFF,0xFF,0x61,0x08,0xFF,0x00,0x00,0xFF,0x40,0x08,0xFF,0x00,0x00,0xFF,
    0x00,0x00,0xFF,0x40,0x08,0xFF,0x20,0x00,0xFF,0x00,0x00,0xFF,0x00,0x00,0xFF,0x20,0x00,0xFF,0x00,0x00,0xFF,0x21,0x08,0xFF,0x00,0x00,0xFF,0x00,0x00,0xFF,0x00,0x00,0xFF,0x00,0x00,0xFF,
    0xB6,0xBD,0xFF,0xDE,0xFF,0xFF,0xDF,0xFF,0xFF,0x49,0x4A,0xFF,0x00,0x00,0xFF,0x00,0x00,0xFF,0x20,0x00,0xFF,0x00,0x00,0xFF,0x61,0x08,0xFF,0x00,0x00,0xFF,0x00,0x00,0xFF,0x00,0x00,0xFF,
    0x00,0x00,0xFF,0x00,0x00,0xFF,0x00,0x00,0xFF,0x00,0x00,0xFF,0x01,0x00,0xFF,0x00,0x00,0xFF,0x00,0x00,0xFF,0x20,0x00,0xFF,0xC6,0x39,0xFF,0xBE,0xF7,0xFF,0xDE,0xFF,0xFF,0x5D,0xEF,0xFF,
    0x00,0x00,0xFF,0x00,0x00,0xFF,0x00,0x00,0xFF,0x00,0x00,0xFF,0x20,0x08,0xFF,0x00,0x00,0xFF,0x00,0x00,0xFF,0x20,0x00,0xFF,0x00,0x00,0xFF,0x20,0x00,0xFF,0x00,0x00,0xFF,0x00,0x00,0xFF,
    0x00,0x00,0xFF,0x40,0x08,0xFF,0x00,0x00,0xFF,0x00,0x00,0xFF,0xC2,0x18,0xFF,0xFF,0xFF,0xFF,0xBE,0xF7,0xFF,0xFF,0xFF,0xFF,0x00,0x00,0xFF,0x00,0x00,0xFF,0x20,0x00,0xFF,0x00,0x00,0xFF,
    0x20,0x08,0xFF,0x00,0x00,0xFF,0x00,0x00,0xFF,0x00,0x00,0xFF,0x00,0x00,0xFF,0x00,0x00,0xFF,0x00,0x00,0xFF,0x00,0x00,0xFF,0x20,0x00,0xFF,0x20,0x00,0xFF,0x00,0x00,0xFF,0x20,0x00,0xFF,
    0x00,0x00,0xFF,0xFF,0xFF,0xFF,0xDF,0xFF,0xFF,0xB7,0xBD,0xFF,0x00,0x00,0xFF,0x21,0x08,0xFF,0x00,0x00,0xFF,0x00,0x00,0xFF,0x00,0x00,0xFF,0x00,0x00,0xFF,0x00,0x00,0xFF,0x00,0x00,0xFF,
    0x00,0x00,0xFF,0x00,0x00,0xFF,0x01,0x00,0xFF,0x00,0x00,0xFF,0x00,0x00,0xFF,0x41,0x08,0xFF,0x25,0x21,0xFF,0xBF,0xF7,0xFF,0xDF,0xFF,0xFF,0xC7,0x39,0xFF,0x00,0x00,0xFF,0x40,0x08,0xFF,
    0x00,0x00,0xFF,0x00,0x00,0xFF,0x20,0x00,0xFF,0x20,0x00,0xFF,0x61,0x08,0xFF,0x00,0x00,0xFF,0x00,0x00,0xFF,0x21,0x08,0xFF,0x00,0x00,0xFF,0x00,0x00,0xFF,0x01,0x00,0xFF,0x00,0x00,0xFF,
    0x62,0x10,0xFF,0x8A,0x52,0xFF,0xFF,0xFF,0xFF,0x9E,0xF7,0xFF,0xFF,0xFF,0xFF,0xBE,0xF7,0xFF,0xFF,0xFF,0xFF,0xFF,0xFF,0xFF,0xBD,0xF7,0xFF,0xFE,0xFF,0xFF,0xFE,0xFF,0xFF,0xFE,0xFF,0xFF,
    0xFE,0xFF,0xFF,0xFF,0xFF,0xFF,0xFF,0xFF,0xFF,0xDF,0xFF,0xFF,0xDF,0xFF,0xFF,0xDF,0xFF,0xFF,0xBE,0xF7,0xFF,0xFF,0xFF,0xFF,0xEF,0x7B,0xFF,0x20,0x00,0xFF,0x00,0x00,0xFF,0x21,0x00,0xFF,
    0x20,0x00,0xFF,0x20,0x00,0xFF,0x00,0x00,0xFF,0x20,0x00,0xFF,0x00,0x00,0xFF,0x20,0x00,0xFF,0x00,0x00,0xFF,0x00,0x00,0xFF,0x61,0x08,0xFF,0x00,0x00,0xFF,0x02,0x00,0xFF,0x01,0x00,0xFF,
    0x20,0x00,0xFF,0xA0,0x08,0xFF,0xE6,0xB5,0xFF,0xA8,0xEF,0xFF,0xE5,0xEF,0xFF,0xE3,0xF7,0xFF,0xE2,0xF7,0xFF,0x40,0xDF,0xFF,0xA0,0xEF,0xFF,0xE2,0xFF,0xFF,0xE1,0xF7,0xFF,0xE0,0xEF,0xFF,
    0xE1,0xF7,0xFF,0xE1,0xF7,0xFF,0xE1,0xFF,0xFF,0xE0,0xF7,0xFF,0xC0,0xEF,0xFF,0xE0,0xF7,0xFF,0xA0,0xE7,0xFF,0xE3,0xF7,0xFF,0xC6,0xEF,0xFF,0xAB,0xEF,0xFF,0xD2,0xF7,0xFF,0x6B,0x8C,0xFF,
    0xA0,0x10,0xFF,0x00,0x00,0xFF,0x01,0x00,0xFF,0x01,0x00,0xFF,0x21,0x00,0xFF,0x00,0x00,0xFF,0x00,0x00,0xFF,0x00,0x00,0xFF,0x00,0x00,0xFF,0x00,0x00,0xFF,0x00,0x00,0xFF,0x00,0x00,0xFF,
    0x00,0x00,0xFF,0x00,0x00,0xFF,0x00,0x00,0xFF,0x00,0x00,0xFF,0x01,0x00,0xFF,0x05,0x21,0xFF,0xFF,0xFF,0xFF,0xFF,0xFF,0xFF,0x5C,0xEF,0xFF,0xFF,0xFF,0xFF,0xDF,0xFF,0xFF,0xFF,0xFF,0xFF,
    0xFE,0xFF,0xFF,0xFD,0xFF,0xFF,0xDE,0xFF,0xFF,0xDF,0xFF,0xFF,0xFF,0xFF,0xFF,0xDF,0xFF,0xFF,0xFF,0xFF,0xFF,0xFF,0xFF,0xFF,0xFF,0xFF,0xFF,0xFF,0xFF,0xFF,0xDF,0xFF,0xFF,0xDF,0xFF,0xFF,
    0xFF,0xFF,0xFF,0xFF,0xFF,0xFF,0xFF,0xFF,0xFF,0xDF,0xFF,0xFF,0xBE,0xF7,0xFF,0xFF,0xFF,0xFF,0xFF,0xFF,0xFF,0xFF,0xFF,0xFF,0xDF,0xFF,0xFF,0xFF,0xFF,0xFF,0xFF,0xFF,0xFF,0xDF,0xFF,0xFF,
    0x1C,0xE7,0xFF,0x55,0xAD,0xFF,0x4D,0x6B,0xFF,0x86,0x31,0xFF,0x82,0x10,0xFF,0x20,0x00,0xFF,0x00,0x00,0xFF,0x00,0x00,0xFF,0x00,0x00,0xFF,0x00,0x00,0xFF,0x00,0x00,0xFF,0x00,0x00,0xFF,
    0x00,0x00,0xFF,0x00,0x00,0xFF,0x65,0x29,0xFF,0x30,0x84,0xFF,0x1C,0xE7,0xFF,0xFF,0xFF,0xFF,0xFF,0xFF,0xFF,0xFF,0xFF,0xFF,0x9E,0xF7,0xFF,0xFF,0xFF,0xFF,0xFF,0xFF,0xFF,0xFF,0xFF,0xFF,
    0xDF,0xFF,0xFF,0x9E,0xF7,0xFF,0xFF,0xFF,0xFF,0xFF,0xFF,0xFF,0xBE,0xF7,0xFF,0xFF,0xFF,0xFF,0xFF,0xFF,0xFF,0xFF,0xFF,0xFF,0xDF,0xFF,0xFF,0xFF,0xFF,0xFF,0xFF,0xFF,0xFF,0xFF,0xFF,0xFF,
    0xFF,0xFF,0xFF,0xFF,0xFF,0xFF,0xFF,0xFF,0xFF,0xFF,0xFF,0xFF,0xFF,0xFF,0xFF,0xFF,0xFF,0xFF,0xFF,0xFF,0xFF,0xFF,0xFF,0xFF,0xFF,0xFF,0xFF,0xFF,0xFF,0xFF,0xFF,0xFF,0xFF,0xFF,0xFF,0xFF,
    0xFF,0xFF,0xFF,0xFF,0xFF,0xFF,0xFF,0xFF,0xFF,0xFF,0xFF,0xFF,0xFF,0xFF,0xFF,0xFF,0xFF,0xFF,0xFF,0xFF,0xFF,0xFF,0xFF,0xFF,0xFF,0xFF,0xFF,0xFF,0xFF,0xFF,0xFF,0xFF,0xFF,0xFF,0xFF,0xFF,
    0xFF,0xFF,0xFF,0xFF,0xFF,0xFF,0xFF,0xFF,0xFF,0xFF,0xFF,0xFF,0xFF,0xFF,0xFF,0xFF,0xFF,0xFF,0xFF,0xFF,0xFF,0xFF,0xFF,0xFF,0xFF,0xFF,0xFF,0xFF,0xFF,0xFF,0xFF,0xFF,0xFF,0xFF,0xFF,0xFF,
    0xFF,0xFF,0xFF,0xDF,0xFF,0xFF,0xFF,0xFF,0xFF,0xFF,0xFF,0xFF,0x9E,0xF7,0xFF,0xFF,0xFF,0xFF,0xFF,0xFF,0xFF,0xDF,0xFF,0xFF,0xEB,0x5A,0xFF,0x41,0x08,0xFF,0x00,0x00,0xFF,0x41,0x08,0xFF,
    0x00,0x00,0xFF,0x00,0x00,0xFF,0x00,0x00,0xFF,0x00,0x00,0xFF,0x00,0x00,0xFF,0xA2,0x10,0xFF,0xFF,0xFF,0xFF,0xBE,0xF7,0xFF,0xFF,0xFF,0xFF,0x9E,0xF7,0xFF,0x00,0x00,0xFF,0x41,0x08,0xFF,
    0x00,0x00,0xFF,0x00,0x00,0xFF,0x20,0x00,0xFF,0x20,0x00,0xFF,0x00,0x00,0xFF,0x00,0x00,0xFF,0x00,0x00,0xFF,0x7D,0xEF,0xFF,0xDF,0xFF,0xFF,0x00,0x00,0xFF,0x61,0x08,0xFF,0x00,0x00,0xFF,
    0x00,0x00,0xFF,0x00,0x00,0xFF,0x00,0x00,0xFF,0x20,0x00,0xFF,0xAE,0x73,0xFF,0x96,0xB5,0xFF,0xD3,0x9C,0xFF,0x92,0x94,0xFF,0x66,0x29,0xFF,0x00,0x00,0xFF,0x00,0x00,0xFF,0x20,0x00,0xFF,
    0x41,0x08,0xFF,0x00,0x00,0xFF,0x20,0x00,0xFF,0xFF,0xFF,0xFF,0xF3,0x9C,0xFF,0x13,0xA5,0xFF,0x14,0xA5,0xFF,0xF3,0x9C,0xFF,0x34,0xAD,0xFF,0xC7,0x39,0xFF,0x00,0x00,0xFF,0x00,0x00,0xFF,
    0x20,0x00,0xFF,0x00,0x00,0xFF,0x00,0x00,0xFF,0x55,0xAD,0xFF,0x55,0xAD,0xFF,0x92,0x94,0xFF,0x75,0xAD,0xFF,0xFF,0xFF,0xFF,0xFF,0xFF,0xFF,0x41,0x08,0xFF,0x00,0x00,0xFF,0x00,0x00,0xFF,
    0x00,0x00,0xFF,0x00,0x00,0xFF,0x41,0x08,0xFF,0x61,0x08,0xFF,0xB3,0x94,0xFF,0x14,0xA5,0xFF,0xD3,0x9C,0xFF,0x71,0x8C,0xFF,0xA2,0x10,0xFF,0x40,0x00,0xFF,0x00,0x00,0xFF,0x20,0x00,0xFF,
    0x00,0x00,0xFF,0x41,0x08,0xFF,0x00,0x00,0xFF,0xDF,0xFF,0xFF,0xFF,0xFF,0xFF,0x7A,0xCE,0xFF,0x20,0x08,0xFF,0x41,0x08,0xFF,0x00,0x00,0xFF,0x00,0x00,0xFF,0x20,0x00,0xFF,0xD3,0x9C,0xFF,
    0x75,0xAD,0xFF,0xB7,0xBD,0xFF,0xD7,0xBD,0xFF,0x34,0xA5,0xFF,0x55,0xAD,0xFF,0xCF,0x7B,0xFF,0x00,0x00,0xFF,0x00,0x00,0xFF,0x00,0x00,0xFF,0x20,0x00,0xFF,0x00,0x00,0xFF,0x59,0xCE,0xFF,
    0xFF,0xFF,0xFF,0x18,0xBE,0xFF,0x00,0x00,0xFF,0x00,0x00,0xFF,0x00,0x00,0xFF,0x00,0x00,0xFF,0x20,0x00,0xFF,0xCB,0x5A,0xFF,0x10,0x84,0xFF,0x51,0x8C,0xFF,0x51,0x8C,0xFF,0xCF,0x7B,0xFF,
    0x51,0x8C,0xFF,0x30,0x84,0xFF,0x71,0x8C,0xFF,0x51,0x8C,0xFF,0xCF,0x7B,0xFF,0xB7,0xBD,0xFF,0xFF,0xFF,0xFF,0xFF,0xFF,0xFF,0xDF,0xFF,0xFF,0x41,0x08,0xFF,0x00,0x00,0xFF,0x41,0x08,0xFF,
    0x20,0x00,0xFF,0x20,0x00,0xFF,0x85,0x31,0xFF,0x10,0x84,0xFF,0x30,0x84,0xFF,0x10,0x84,0xFF,0x51,0x8C,0xFF,0x30,0x84,0xFF,0xCF,0x7B,0xFF,0x00,0x00,0xFF,0x00,0x00,0xFF,0x41,0x08,0xFF,
    0x00,0x00,0xFF,0x40,0x08,0xFF,0x20,0x00,0xFF,0xDF,0xFF,0xFF,0xFF,0xFF,0xFF,0x20,0x00,0xFF,0x00,0x00,0xFF,0x20,0x00,0xFF,0x00,0x00,0xFF,0x20,0x00,0xFF,0x00,0x00,0xFF,0x41,0x08,0xFF,
    0x51,0x8C,0xFF,0x14,0xA5,0xFF,0xF3,0x9C,0xFF,0x71,0x8C,0xFF,0xC3,0x18,0xFF,0x00,0x00,0xFF,0x00,0x00,0xFF,0x00,0x00,0xFF,0x20,0x00,0xFF,0x00,0x00,0xFF,0x00,0x00,0xFF,0xFF,0xFF,0xFF,
    0xFF,0xFF,0xFF,0xB6,0xB5,0xFF,0x20,0x00,0xFF,0x41,0x08,0xFF,0x00,0x00,0xFF,0x00,0x00,0xFF,0x61,0x08,0xFF,0x13,0xA5,0xFF,0x14,0xA5,0xFF,0x34,0xA5,0xFF,0xF7,0xBD,0xFF,0x75,0xAD,0xFF,
    0x55,0xAD,0xFF,0x2C,0x63,0xFF,0x00,0x00,0xFF,0x00,0x00,0xFF,0x00,0x00,0xFF,0xA2,0x10,0xFF,0x00,0x00,0xFF,0x1C,0xE7,0xFF,0xFF,0xFF,0xFF,0x34,0xA5,0xFF,0x14,0xA5,0xFF,0x14,0xA5,0xFF,
    0x14,0xA5,0xFF,0xF3,0x9C,0xFF,0xE8,0x41,0xFF,0x20,0x00,0xFF,0x00,0x00,0xFF,0x00,0x00,0xFF,0x00,0x00,0xFF,0x00,0x00,0xFF,0x14,0xA5,0xFF,0x14,0xA5,0xFF,0x55,0xAD,0xFF,0x14,0xA5,0xFF,
    0xDF,0xFF,0xFF,0xFF,0xFF,0xFF,0xBE,0xF7,0xFF,0x00,0x00,0xFF,0x00,0x00,0xFF,0x41,0x08,0xFF,0x41,0x08,0xFF,0x00,0x00,0xFF,0x61,0x08,0xFF,0x10,0x84,0xFF,0x51,0x8C,0xFF,0x30,0x84,0xFF,
    0x30,0x84,0xFF,0x30,0x84,0xFF,0x51,0x8C,0xFF,0x92,0x94,0xFF,0xEF,0x7B,0xFF,0x51,0x8C,0xFF,0x51,0x8C,0xFF,0xFF,0xFF,0xFF,0xFF,0xFF,0xFF,0xFF,0xFF,0xFF,0xFF,0xFF,0xFF,0xFF,0xFF,0xFF,
    0xFF,0xFF,0xFF,0xFF,0xFF,0xFF,0xFE,0xFF,0xFF,0xFE,0xFF,0xFF,0xFE,0xFF,0xFF,0xBD,0xF7,0xFF,0xFF,0xFF,0xFF,0xFE,0xFF,0xFF,0xFF,0xFF,0xFF,0xFF,0xFF,0xFF,0x9F,0xF7,0xFF,0xFF,0xFF,0xFF,
    0x91,0x94,0xFF,0x40,0x08,0xFF,0x00,0x00,0xFF,0x00,0x00,0xFF,0x00,0x00,0xFF,0x00,0x00,0xFF,0x00,0x00,0xFF,0x40,0x00,0xFF,0x20,0x00,0xFF,0x00,0x00,0xFF,0x00,0x00,0xFF,0x00,0x00,0xFF,
    0x00,0x00,0xFF,0x00,0x00,0xFF,0x00,0x00,0xFF,0x01,0x00,0xFF,0x02,0x00,0xFF,0x02,0x00,0xFF,0x60,0x08,0xFF,0x20,0x00,0xFF,0xA0,0x10,0xFF,0x8B,0xC6,0xFF,0xEA,0xF7,0xFF,0x63,0xDF,0xFF,
    0xE3,0xEF,0xFF,0xE4,0xFF,0xFF,0xE3,0xF7,0xFF,0xA2,0xEF,0xFF,0xE1,0xF7,0xFF,0xC0,0xEF,0xFF,0xC0,0xF7,0xFF,0xE1,0xF7,0xFF,0xE1,0xF7,0xFF,0xE1,0xF7,0xFF,0xE1,0xF7,0xFF,0xE1,0xF7,0xFF,
    0xE0,0xF7,0xFF,0xE1,0xF7,0xFF,0xA4,0xEF,0xFF,0x48,0xE7,0xFF,0xE0,0x18,0xFF,0x80,0x10,0xFF,0x00,0x00,0xFF,0x01,0x00,0xFF,0x01,0x00,0xFF,0x62,0x08,0xFF,0x20,0x00,0xFF,0x00,0x00,0xFF,
    0x20,0x00,0xFF,0x20,0x00,0xFF,0x00,0x00,0xFF,0x00,0x00,0xFF,0x00,0x00,0xFF,0x00,0x00,0xFF,0x00,0x00,0xFF,0x00,0x00,0xFF,0x00,0x00,0xFF,0x01,0x00,0xFF,0x02,0x00,0xFF,0x02,0x00,0xFF,
    0xF5,0x9C,0xFF,0xFF,0xFF,0xFF,0xDD,0xF7,0xFF,0xDD,0xF7,0xFF,0xFF,0xFF,0xFF,0xFF,0xFF,0xFF,0xFF,0xFF,0xFF,0xFF,0xFF,0xFF,0xFF,0xFF,0xFF,0xFF,0xFF,0xFF,0xFF,0xFF,0xFF,0xDF,0xFF,0xFF,
    0xFF,0xFF,0xFF,0xFF,0xFF,0xFF,0xFF,0xFF,0xFF,0xFF,0xFF,0xFF,0xFF,0xFF,0xFF,0xFF,0xFF,0xFF,0xFF,0xFF,0xFF,0xFF,0xFF,0xFF,0xFF,0xFF,0xFF,0xFF,0xFF,0xFF,0xFF,0xFF,0xFF,0xFF,0xFF,0xFF,
    0xFF,0xFF,0xFF,0xFF,0xFF,0xFF,0xFF,0xFF,0xFF,0xFF,0xFF,0xFF,0xFF,0xFF,0xFF,0xFF,0xFF,0xFF,0xFF,0xFF,0xFF,0xFF,0xFF,0xFF,0xFF,0xFF,0xFF,0xFF,0xFF,0xFF,0xFF,0xFF,0xFF,0xFF,0xFF,0xFF,
    0xFF,0xFF,0xFF,0xFF,0xFF,0xFF,0xFF,0xFF,0xFF,0xFF,0xFF,0xFF,0xFF,0xFF,0xFF,0xFF,0xFF,0xFF,0xFF,0xFF,0xFF,0xFF,0xFF,0xFF,0xFF,0xFF,0xFF,0xFF,0xFF,0xFF,0xFF,0xFF,0xFF,0xFF,0xFF,0xFF,
    0xFF,0xFF,0xFF,0xFF,0xFF,0xFF,0xFF,0xFF,0xFF,0xFF,0xFF,0xFF,0xFF,0xFF,0xFF,0xFF,0xFF,0xFF,0xFF,0xFF,0xFF,0xFF,0xFF,0xFF,0xFF,0xFF,0xFF,0xFF,0xFF,0xFF,0xFF,0xFF,0xFF,0xFF,0xFF,0xFF,
    0xFF,0xFF,0xFF,0xFF,0xFF,0xFF,0xFF,0xFF,0xFF,0xFF,0xFF,0xFF,0xFF,0xFF,0xFF,0xFF,0xFF,0xFF,0xFF,0xFF,0xFF,0xFF,0xFF,0xFF,0xFF,0xFF,0xFF,0xFF,0xFF,0xFF,0xFF,0xFF,0xFF,0xFF,0xFF,0xFF,
    0xFF,0xFF,0xFF,0xFF,0xFF,0xFF,0xFF,0xFF,0xFF,0xFF,0xFF,0xFF,0xFF,0xFF,0xFF,0xFF,0xFF,0xFF,0xFF,0xFF,0xFF,0xFF,0xFF,0xFF,0xFF,0xFF,0xFF,0xFF,0xFF,0xFF,0xFF,0xFF,0xFF,0xFF,0xFF,0xFF,
    0xFF,0xFF,0xFF,0xFF,0xFF,0xFF,0xFF,0xFF,0xFF,0xFF,0xFF,0xFF,0xFF,0xFF,0xFF,0xFF,0xFF,0xFF,0xFF,0xFF,0xFF,0xFF,0xFF,0xFF,0xFF,0xFF,0xFF,0xFF,0xFF,0xFF,0xFF,0xFF,0xFF,0xFF,0xFF,0xFF,
    0xFF,0xFF,0xFF,0xFF,0xFF,0xFF,0xFF,0xFF,0xFF,0xFF,0xFF,0xFF,0xFF,0xFF,0xFF,0xFF,0xFF,0xFF,0xFF,0xFF,0xFF,0xFF,0xFF,0xFF,0xFF,0xFF,0xFF,0xFF,0xFF,0xFF,0xFF,0xFF,0xFF,0xFF,0xFF,0xFF,
    0xBE,0xF7,0xFF,0xFF,0xFF,0xFF,0x41,0x08,0xFF,0x00,0x00,0xFF,0x41,0x08,0xFF,0x00,0x00,0xFF,0x00,0x00,0xFF,0x20,0x00,0xFF,0x61,0x08,0xFF,0x20,0x00,0xFF,0x41,0x08,0xFF,0x00,0x00,0xFF,
    0xDF,0xFF,0xFF,0xDF,0xFF,0xFF,0x7D,0xEF,0xFF,0x00,0x00,0xFF,0x82,0x10,0xFF,0x00,0x00,0xFF,0x00,0x00,0xFF,0x41,0x08,0xFF,0x00,0x00,0xFF,0x20,0x00,0xFF,0x41,0x08,0xFF,0x41,0x08,0xFF,
    0x20,0x00,0xFF,0xFF,0xFF,0xFF,0x0C,0x63,0xFF,0x20,0x00,0xFF,0x00,0x00,0xFF,0x00,0x00,0xFF,0x41,0x08,0xFF,0x00,0x00,0xFF,0x69,0x4A,0xFF,0xBE,0xF7,0xFF,0xFF,0xFF,0xFF,0x7D,0xEF,0xFF,
    0xDF,0xFF,0xFF,0xFF,0xFF,0xFF,0xBE,0xF7,0xFF,0xE3,0x18,0xFF,0x20,0x00,0xFF,0x00,0x00,0xFF,0x00,0x00,0xFF,0x00,0x00,0xFF,0x20,0x00,0xFF,0xFF,0xFF,0xFF,0xFF,0xFF,0xFF,0xDF,0xFF,0xFF,
    0xFF,0xFF,0xFF,0xBE,0xF7,0xFF,0xDF,0xFF,0xFF,0x00,0x00,0xFF,0x61,0x08,0xFF,0x20,0x00,0xFF,0x00,0x00,0xFF,0x20,0x00,0xFF,0x65,0x29,0xFF,0x9E,0xF7,0xFF,0xBE,0xF7,0xFF,0xFF,0xFF,0xFF,
    0xDF,0xFF,0xFF,0xDF,0xFF,0xFF,0xC7,0x39,0xFF,0x00,0x00,0xFF,0x41,0x08,0xFF,0x00,0x00,0xFF,0x00,0x00,0xFF,0x61,0x08,0xFF,0xCF,0x7B,0xFF,0xDF,0xFF,0xFF,0xFF,0xFF,0xFF,0xFF,0xFF,0xFF,
    0xFF,0xFF,0xFF,0x9E,0xF7,0xFF,0xFF,0xFF,0xFF,0x00,0x00,0xFF,0x00,0x00,0xFF,0x00,0x00,0xFF,0x41,0x08,0xFF,0x20,0x00,0xFF,0x00,0x00,0xFF,0xFF,0xFF,0xFF,0xDF,0xFF,0xFF,0x45,0x29,0xFF,
    0x41,0x08,0xFF,0x20,0x00,0xFF,0x00,0x00,0xFF,0x61,0x08,0xFF,0x00,0x00,0xFF,0xFF,0xFF,0xFF,0xFF,0xFF,0xFF,0xFF,0xFF,0xFF,0x7D,0xEF,0xFF,0xFF,0xFF,0xFF,0xFF,0xFF,0xFF,0xD7,0xBD,0xFF,
    0x61,0x08,0xFF,0x00,0x00,0xFF,0x20,0x00,0xFF,0x61,0x08,0xFF,0x20,0x00,0xFF,0x79,0xCE,0xFF,0xBE,0xF7,0xFF,0x0C,0x63,0xFF,0x20,0x00,0xFF,0x00,0x00,0xFF,0x20,0x00,0xFF,0x00,0x00,0xFF,
    0x00,0x00,0xFF,0x9E,0xF7,0xFF,0xBE,0xF7,0xFF,0xFF,0xFF,0xFF,0xDF,0xFF,0xFF,0xFF,0xFF,0xFF,0x9E,0xF7,0xFF,0xFF,0xFF,0xFF,0xBE,0xF7,0xFF,0xBE,0xF7,0xFF,0xFF,0xFF,0xFF,0xDF,0xFF,0xFF,
    0xDF,0xFF,0xFF,0xBE,0xF7,0xFF,0xD7,0xBD,0xFF,0x00,0x00,0xFF,0x20,0x00,0xFF,0x00,0x00,0xFF,0x00,0x00,0xFF,0x00,0x00,0xFF,0x9A,0xD6,0xFF,0xFF,0xFF,0xFF,0xFF,0xFF,0xFF,0xBE,0xF7,0xFF,
    0xFF,0xFF,0xFF,0xDF,0xFF,0xFF,0xDF,0xFF,0xFF,0x20,0x00,0xFF,0x00,0x00,0xFF,0x00,0x00,0xFF,0x00,0x00,0xFF,0x20,0x00,0xFF,0xE3,0x18,0xFF,0xFF,0xFF,0xFF,0xA6,0x31,0xFF,0x00,0x00,0xFF,
    0x00,0x00,0xFF,0x00,0x00,0xFF,0x00,0x00,0xFF,0x61,0x08,0xFF,0x4D,0x6B,0xFF,0xFF,0xFF,0xFF,0xFF,0xFF,0xFF,0xFF,0xFF,0xFF,0xFF,0xFF,0xFF,0xBE,0xF7,0xFF,0xFF,0xFF,0xFF,0x00,0x00,0xFF,
    0x00,0x00,0xFF,0x00,0x00,0xFF,0x00,0x00,0xFF,0x00,0x00,0xFF,0x82,0x10,0xFF,0xFF,0xFF,0xFF,0xFF,0xFF,0xFF,0xC3,0x18,0xFF,0x20,0x00,0xFF,0x00,0x00,0xFF,0x00,0x00,0xFF,0x41,0x08,0xFF,
    0x82,0x10,0xFF,0xDF,0xFF,0xFF,0xFF,0xFF,0xFF,0xFF,0xFF,0xFF,0xDF,0xFF,0xFF,0xFF,0xFF,0xFF,0xFF,0xFF,0xFF,0xF3,0x9C,0xFF,0x20,0x00,0xFF,0x00,0x00,0xFF,0x00,0x00,0xFF,0x00,0x00,0xFF,
    0x00,0x00,0xFF,0x9E,0xF7,0xFF,0xDF,0xFF,0xFF,0xBE,0xF7,0xFF,0xFF,0xFF,0xFF,0xFF,0xFF,0xFF,0xFF,0xFF,0xFF,0xFF,0xFF,0xFF,0x00,0x00,0xFF,0x00,0x00,0xFF,0x00,0x00,0xFF,0x41,0x08,0xFF,
    0x00,0x00,0xFF,0xE3,0x18,0xFF,0xFF,0xFF,0xFF,0xFF,0xFF,0xFF,0xDF,0xFF,0xFF,0xFF,0xFF,0xFF,0xFF,0xFF,0xFF,0x7D,0xEF,0xFF,0xDB,0xDE,0xFF,0x20,0x00,0xFF,0x00,0x00,0xFF,0x00,0x00,0xFF,
    0x00,0x00,0xFF,0x41,0x08,0xFF,0x9E,0xF7,0xFF,0xDF,0xFF,0xFF,0xFF,0xFF,0xFF,0xDF,0xFF,0xFF,0xFF,0xFF,0xFF,0xDF,0xFF,0xFF,0xFF,0xFF,0xFF,0xDF,0xFF,0xFF,0xDF,0xFF,0xFF,0xFF,0xFF,0xFF,
    0xFF,0xFF,0xFF,0x9E,0xF7,0xFF,0xFF,0xFF,0xFF,0xFF,0xFF,0xFF,0xFF,0xFF,0xFF,0xFF,0xFF,0xFF,0xFF,0xFF,0xFF,0xFF,0xFF,0xFF,0xFF,0xFF,0xFF,0xFF,0xFF,0xFF,0xDD,0xF7,0xFF,0xFE,0xFF,0xFF,
    0xDE,0xF7,0xFF,0xFF,0xFF,0xFF,0xBE,0xF7,0xFF,0x9E,0xF7,0xFF,0xB8,0xB5,0xFF,0x21,0x00,0xFF,0x00,0x00,0xFF,0x40,0x08,0xFF,0x20,0x00,0xFF,0x00,0x00,0xFF,0x41,0x08,0xFF,0x62,0x08,0xFF,
    0x00,0x00,0xFF,0x00,0x00,0xFF,0x00,0x00,0xFF,0x00,0x00,0xFF,0x00,0x00,0xFF,0x00,0x00,0xFF,0x00,0x00,0xFF,0x00,0x00,0xFF,0x01,0x00,0xFF,0x01,0x00,0xFF,0x02,0x00,0xFF,0x01,0x00,0xFF,
    0x00,0x00,0xFF,0x00,0x00,0xFF,0xA0,0x10,0xFF,0xE0,0x18,0xFF,0x8D,0xE7,0xFF,0xA8,0xEF,0xFF,0xE5,0xF7,0xFF,0x82,0xE7,0xFF,0xA3,0xE7,0xFF,0xE4,0xFF,0xFF,0xE1,0xF7,0xFF,0xE1,0xFF,0xFF,
    0xA0,0xEF,0xFF,0xE1,0xF7,0xFF,0xE1,0xF7,0xFF,0xE1,0xF7,0xFF,0xE2,0xF7,0xFF,0xE1,0xF7,0xFF,0xE0,0xF7,0xFF,0xE1,0xF7,0xFF,0xC2,0xEF,0xFF,0x66,0xEF,0xFF,0x4C,0xE7,0xFF,0x00,0x21,0xFF,
    0x60,0x10,0xFF,0x41,0x08,0xFF,0x21,0x00,0xFF,0x00,0x00,0xFF,0x20,0x00,0xFF,0x20,0x00,0xFF,0x20,0x00,0xFF,0x20,0x00,0xFF,0x00,0x00,0xFF,0x00,0x00,0xFF,0x00,0x00,0xFF,0x00,0x00,0xFF,
    0x00,0x00,0xFF,0x00,0x00,0xFF,0x00,0x00,0xFF,0x01,0x00,0xFF,0x02,0x00,0xFF,0x02,0x00,0xFF,0x01,0x00,0xFF,0x5D,0xEF,0xFF,0xFE,0xFF,0xFF,0xDD,0xF7,0xFF,0xFF,0xFF,0xFF,0xFF,0xFF,0xFF,
    0xBE,0xF7,0xFF,0xFF,0xFF,0xFF,0xFF,0xFF,0xFF,0xFF,0xFF,0xFF,0xFF,0xFF,0xFF,0xFF,0xFF,0xFF,0xFF,0xFF,0xFF,0xFF,0xFF,0xFF,0xFF,0xFF,0xFF,0xFF,0xFF,0xFF,0xFF,0xFF,0xFF,0xFF,0xFF,0xFF,
    0xFF,0xFF,0xFF,0xFF,0xFF,0xFF,0xFF,0xFF,0xFF,0xFF,0xFF,0xFF,0xFF,0xFF,0xFF,0xFF,0xFF,0xFF,0xFF,0xFF,0xFF,0xFF,0xFF,0xFF,0xFF,0xFF,0xFF,0xFF,0xFF,0xFF,0xFF,0xFF,0xFF,0xFF,0xFF,0xFF,
    0xFF,0xFF,0xFF,0xFF,0xFF,0xFF,0xFF,0xFF,0xFF,0xFF,0xFF,0xFF,0xFF,0xFF,0xFF,0xFF,0xFF,0xFF,0xFF,0xFF,0xFF,0xFF,0xFF,0xFF,0xFF,0xFF,0xFF,0xFF,0xFF,0xFF,0xFF,0xFF,0xFF,0xFF,0xFF,0xFF,
    0xFF,0xFF,0xFF,0xFF,0xFF,0xFF,0xFF,0xFF,0xFF,0xFF,0xFF,0xFF,0xFF,0xFF,0xFF,0xFF,0xFF,0xFF,0xFF,0xFF,0xFF,0xFF,0xFF,0xFF,0xFF,0xFF,0xFF,0xFF,0xFF,0xFF,0xFF,0xFF,0xFF,0xFF,0xFF,0xFF,
    0xFF,0xFF,0xFF,0xFF,0xFF,0xFF,0xFF,0xFF,0xFF,0xFF,0xFF,0xFF,0xFF,0xFF,0xFF,0xFF,0xFF,0xFF,0xFF,0xFF,0xFF,0xFF,0xFF,0xFF,0xFF,0xFF,0xFF,0xFF,0xFF,0xFF,0xFF,0xFF,0xFF,0xFF,0xFF,0xFF,
    0xFF,0xFF,0xFF,0xFF,0xFF,0xFF,0xFF,0xFF,0xFF,0xFF,0xFF,0xFF,0xFF,0xFF,0xFF,0xFF,0xFF,0xFF,0xFF,0xFF,0xFF,0xFF,0xFF,0xFF,0xFF,0xFF,0xFF,0xFF,0xFF,0xFF,0xFF,0xFF,0xFF,0xFF,0xFF,0xFF,
    0xFF,0xFF,0xFF,0xFF,0xFF,0xFF,0xFF,0xFF,0xFF,0xFF,0xFF,0xFF,0xFF,0xFF,0xFF,0xFF,0xFF,0xFF,0xFF,0xFF,0xFF,0xFF,0xFF,0xFF,0xFF,0xFF,0xFF,0xFF,0xFF,0xFF,0xFF,0xFF,0xFF,0xFF,0xFF,0xFF,
    0xFF,0xFF,0xFF,0xFF,0xFF,0xFF,0xFF,0xFF,0xFF,0xFF,0xFF,0xFF,0xFF,0xFF,0xFF,0xFF,0xFF,0xFF,0xFF,0xFF,0xFF,0xFF,0xFF,0xFF,0xFF,0xFF,0xFF,0xFF,0xFF,0xFF,0xFF,0xFF,0xFF,0xFF,0xFF,0xFF,
    0xFF,0xFF,0xFF,0xFF,0xFF,0xFF,0xDF,0xFF,0xFF,0xFF,0xFF,0xFF,0xFF,0xFF,0xFF,0xFF,0xFF,0xFF,0xFF,0xFF,0xFF,0x79,0xCE,0xFF,0x00,0x00,0xFF,0x00,0x00,0xFF,0x20,0x00,0xFF,0x61,0x08,0xFF,
    0x61,0x08,0xFF,0x00,0x00,0xFF,0x00,0x00,0xFF,0x00,0x00,0xFF,0x00,0x00,0xFF,0x00,0x00,0xFF,0xFF,0xFF,0xFF,0xFF,0xFF,0xFF,0x61,0x08,0xFF,0x00,0x00,0xFF,0x00,0x00,0xFF,0x20,0x00,0xFF,
    0x00,0x00,0xFF,0x00,0x00,0xFF,0x00,0x00,0xFF,0x41,0x08,0xFF,0x00,0x00,0xFF,0x00,0x00,0xFF,0x92,0x94,0xFF,0xFF,0xFF,0xFF,0x20,0x00,0xFF,0x20,0x00,0xFF,0x00,0x00,0xFF,0x61,0x08,0xFF,
    0x20,0x00,0xFF,0x28,0x42,0xFF,0xDF,0xFF,0xFF,0xFF,0xFF,0xFF,0x9E,0xF7,0xFF,0xBE,0xF7,0xFF,0xFF,0xFF,0xFF,0xFF,0xFF,0xFF,0xDF,0xFF,0xFF,0x51,0x8C,0xFF,0x00,0x00,0xFF,0x00,0x00,0xFF,
    0x00,0x00,0xFF,0x61,0x08,0xFF,0x00,0x00,0xFF,0xFB,0xDE,0xFF,0xFF,0xFF,0xFF,0xFF,0xFF,0xFF,0x9E,0xF7,0xFF,0xFF,0xFF,0xFF,0x3C,0xE7,0xFF,0x00,0x00,0xFF,0x00,0x00,0xFF,0x00,0x00,0xFF,
    0x82,0x10,0xFF,0x20,0x00,0xFF,0xB6,0xB5,0xFF,0xFF,0xFF,0xFF,0xFF,0xFF,0xFF,0xFF,0xFF,0xFF,0xFF,0xFF,0xFF,0x3C,0xE7,0xFF,0x00,0x00,0xFF,0x00,0x00,0xFF,0x00,0x00,0xFF,0x00,0x00,0xFF,
    0x00,0x00,0xFF,0xCF,0x7B,0xFF,0xBE,0xF7,0xFF,0xFF,0xFF,0xFF,0xFF,0xFF,0xFF,0x9E,0xF7,0xFF,0xFF,0xFF,0xFF,0xFF,0xFF,0xFF,0xFF,0xFF,0xFF,0x69,0x4A,0xFF,0x00,0x00,0xFF,0x82,0x10,0xFF,
    0x00,0x00,0xFF,0x00,0x00,0xFF,0x00,0x00,0xFF,0xBE,0xF7,0xFF,0xFF,0xFF,0xFF,0x41,0x08,0xFF,0x00,0x00,0xFF,0x00,0x00,0xFF,0x00,0x00,0xFF,0x20,0x00,0xFF,0x8A,0x52,0xFF,0xFF,0xFF,0xFF,
    0x49,0x4A,0xFF,0x45,0x29,0xFF,0x49,0x4A,0xFF,0x86,0x31,0xFF,0xE7,0x39,0xFF,0x00,0x00,0xFF,0x20,0x00,0xFF,0x20,0x00,0xFF,0x00,0x00,0xFF,0x00,0x00,0xFF,0x00,0x00,0xFF,0xFF,0xFF,0xFF,
    0xFF,0xFF,0xFF,0x30,0x84,0xFF,0x61,0x08,0xFF,0x00,0x00,0xFF,0x00,0x00,0xFF,0x00,0x00,0xFF,0xA2,0x10,0xFF,0x20,0x00,0xFF,0x69,0x4A,0xFF,0xE7,0x39,0xFF,0x86,0x31,0xFF,0xE7,0x39,0xFF,
    0x65,0x29,0xFF,0x28,0x42,0xFF,0x92,0x94,0xFF,0xFF,0xFF,0xFF,0xDF,0xFF,0xFF,0xFF,0xFF,0xFF,0xFF,0xFF,0xFF,0xFF,0xFF,0xFF,0xE3,0x18,0xFF,0x41,0x08,0xFF,0x00,0x00,0xFF,0x00,0x00,0xFF,
    0x00,0x00,0xFF,0x20,0x00,0xFF,0xFF,0xFF,0xFF,0xB6,0xB5,0xFF,0xAA,0x52,0xFF,0x69,0x4A,0xFF,0xAA,0x52,0xFF,0x49,0x4A,0xFF,0x04,0x21,0xFF,0x61,0x08,0xFF,0x00,0x00,0xFF,0x41,0x08,0xFF,
    0x00,0x00,0xFF,0x20,0x00,0xFF,0x51,0x8C,0xFF,0xBE,0xF7,0xFF,0x00,0x00,0xFF,0x20,0x00,0xFF,0x20,0x00,0xFF,0x00,0x00,0xFF,0x00,0x00,0xFF,0x4D,0x6B,0xFF,0xDF,0xFF,0xFF,0xDF,0xFF,0xFF,
    0xFF,0xFF,0xFF,0x7D,0xEF,0xFF,0xFF,0xFF,0xFF,0xFF,0xFF,0xFF,0xBE,0xF7,0xFF,0x6D,0x6B,0xFF,0x00,0x00,0xFF,0xA2,0x10,0xFF,0x00,0x00,0xFF,0x00,0x00,0xFF,0x00,0x00,0xFF,0xFF,0xFF,0xFF,
    0xBE,0xF7,0xFF,0x00,0x00,0xFF,0x20,0x00,0xFF,0x00,0x00,0xFF,0x41,0x08,0xFF,0x00,0x00,0xFF,0x4D,0x6B,0xFF,0xDF,0xFF,0xFF,0x08,0x42,0xFF,0xA6,0x31,0xFF,0xE7,0x39,0xFF,0xE7,0x39,0xFF,
    0x65,0x29,0xFF,0x61,0x08,0xFF,0x00,0x00,0xFF,0x82,0x10,0xFF,0x41,0x08,0xFF,0x00,0x00,0xFF,0x61,0x08,0xFF,0x9E,0xF7,0xFF,0xFF,0xFF,0xFF,0xFF,0xFF,0xFF,0x9E,0xF7,0xFF,0xFF,0xFF,0xFF,
    0xFF,0xFF,0xFF,0x7D,0xEF,0xFF,0x20,0x00,0xFF,0x20,0x00,0xFF,0x20,0x00,0xFF,0x00,0x00,0xFF,0x00,0x00,0xFF,0x75,0xAD,0xFF,0xFF,0xFF,0xFF,0xDF,0xFF,0xFF,0xFF,0xFF,0xFF,0xFF,0xFF,0xFF,
    0xFF,0xFF,0xFF,0xDF,0xFF,0xFF,0x5D,0xEF,0xFF,0x00,0x00,0xFF,0x00,0x00,0xFF,0xA2,0x10,0xFF,0x00,0x00,0xFF,0x00,0x00,0xFF,0x00,0x00,0xFF,0xA6,0x31,0xFF,0x28,0x42,0xFF,0xE7,0x39,0xFF,
    0x08,0x42,0xFF,0xE7,0x39,0xFF,0xA6,0x31,0xFF,0xCF,0x7B,0xFF,0x7D,0xEF,0xFF,0xFF,0xFF,0xFF,0xFF,0xFF,0xFF,0xFF,0xFF,0xFF,0xFF,0xFF,0xFF,0xFF,0xFF,0xFF,0xFF,0xFF,0xFF,0xFF,0xFF,0xFF,
    0xFF,0xFF,0xFF,0xFF,0xFF,0xFF,0xFF,0xFF,0xFF,0xFF,0xFF,0xFF,0xFF,0xFF,0xFF,0xFF,0xFF,0xFF,0xDE,0xF7,0xFF,0xFF,0xFF,0xFF,0x59,0xCE,0xFF,0x41,0x00,0xFF,0x01,0x00,0xFF,0x01,0x00,0xFF,
    0x62,0x08,0xFF,0x21,0x00,0xFF,0x00,0x00,0xFF,0x41,0x08,0xFF,0x00,0x00,0xFF,0x01,0x00,0xFF,0x23,0x08,0xFF,0x23,0x08,0xFF,0x02,0x00,0xFF,0x01,0x00,0xFF,0x00,0x00,0xFF,0x00,0x00,0xFF,
    0x00,0x00,0xFF,0x00,0x00,0xFF,0x01,0x00,0xFF,0x01,0x00,0xFF,0x01,0x00,0xFF,0x01,0x00,0xFF,0x41,0x08,0xFF,0x80,0x10,0xFF,0x00,0x00,0xFF,0x20,0x00,0xFF,0x60,0x42,0xFF,0x8B,0xE7,0xFF,
    0x85,0xE7,0xFF,0xE5,0xF7,0xFF,0xC2,0xEF,0xFF,0xE1,0xF7,0xFF,0xE1,0xFF,0xFF,0xC0,0xEF,0xFF,0xE0,0xF7,0xFF,0xE0,0xF7,0xFF,0xE1,0xF7,0xFF,0xE2,0xF7,0xFF,0xE2,0xF7,0xFF,0xC1,0xF7,0xFF,
    0xC1,0xF7,0xFF,0xE2,0xF7,0xFF,0xE2,0xF7,0xFF,0xC3,0xEF,0xFF,0xC8,0xF7,0xFF,0x6C,0xEF,0xFF,0xA0,0x10,0xFF,0x80,0x10,0xFF,0x61,0x10,0xFF,0x00,0x00,0xFF,0x40,0x00,0xFF,0x20,0x00,0xFF,
    0x20,0x00,0xFF,0x00,0x00,0xFF,0x00,0x00,0xFF,0x00,0x00,0xFF,0x00,0x00,0xFF,0x00,0x00,0xFF,0x00,0x00,0xFF,0x00,0x00,0xFF,0x00,0x00,0xFF,0x01,0x00,0xFF,0x01,0x00,0xFF,0x01,0x00,0xFF,
    0x00,0x00,0xFF,0x61,0x08,0xFF,0xBD,0xF7,0xFF,0xFE,0xFF,0xFF,0xDF,0xFF,0xFF,0xFF,0xFF,0xFF,0xBE,0xF7,0xFF,0xFF,0xFF,0xFF,0xFF,0xFF,0xFF,0xFF,0xFF,0xFF,0xFF,0xFF,0xFF,0xFF,0xFF,0xFF,
    0xFF,0xFF,0xFF,0xFF,0xFF,0xFF,0xFF,0xFF,0xFF,0xFF,0xFF,0xFF,0xFF,0xFF,0xFF,0xFF,0xFF,0xFF,0xFF,0xFF,0xFF,0xFF,0xFF,0xFF,0xFF,0xFF,0xFF,0xFF,0xFF,0xFF,0xFF,0xFF,0xFF,0xFF,0xFF,0xFF,
    0xFF,0xFF,0xFF,0xFF,0xFF,0xFF,0xFF,0xFF,0xFF,0xFF,0xFF,0xFF,0xFF,0xFF,0xFF,0xFF,0xFF,0xFF,0xFF,0xFF,0xFF,0xFF,0xFF,0xFF,0xFF,0xFF,0xFF,0xFF,0xFF,0xFF,0xFF,0xFF,0xFF,0xFF,0xFF,0xFF,
    0xFF,0xFF,0xFF,0xFF,0xFF,0xFF,0xFF,0xFF,0xFF,0xFF,0xFF,0xFF,0xFF,0xFF,0xFF,0xFF,0xFF,0xFF,0xFF,0xFF,0xFF,0xFF,0xFF,0xFF,0xFF,0xFF,0xFF,0xFF,0xFF,0xFF,0xFF,0xFF,0xFF,0xFF,0xFF,0xFF,
    0xFF,0xFF,0xFF,0xFF,0xFF,0xFF,0xFF,0xFF,0xFF,0xFF,0xFF,0xFF,0xFF,0xFF,0xFF,0xFF,0xFF,0xFF,0xFF,0xFF,0xFF,0xFF,0xFF,0xFF,0xFF,0xFF,0xFF,0xFF,0xFF,0xFF,0xFF,0xFF,0xFF,0xFF,0xFF,0xFF,
    0xFF,0xFF,0xFF,0xFF,0xFF,0xFF,0xFF,0xFF,0xFF,0xFF,0xFF,0xFF,0xFF,0xFF,0xFF,0xFF,0xFF,0xFF,0xFF,0xFF,0xFF,0xFF,0xFF,0xFF,0xFF,0xFF,0xFF,0xFF,0xFF,0xFF,0xFF,0xFF,0xFF,0xFF,0xFF,0xFF,
    0xFF,0xFF,0xFF,0xFF,0xFF,0xFF,0xFF,0xFF,0xFF,0xFF,0xFF,0xFF,0xFF,0xFF,0xFF,0xFF,0xFF,0xFF,0xFF,0xFF,0xFF,0xFF,0xFF,0xFF,0xFF,0xFF,0xFF,0xFF,0xFF,0xFF,0xFF,0xFF,0xFF,0xFF,0xFF,0xFF,
    0xFF,0xFF,0xFF,0xFF,0xFF,0xFF,0xFF,0xFF,0xFF,0xFF,0xFF,0xFF,0xFF,0xFF,0xFF,0xFF,0xFF,0xFF,0xFF,0xFF,0xFF,0xFF,0xFF,0xFF,0xFF,0xFF,0xFF,0xFF,0xFF,0xFF,0xFF,0xFF,0xFF,0xFF,0xFF,0xFF,
    0xFF,0xFF,0xFF,0xFF,0xFF,0xFF,0xFF,0xFF,0xFF,0xFF,0xFF,0xFF,0xFF,0xFF,0xFF,0xFF,0xFF,0xFF,0xFF,0xFF,0xFF,0xDF,0xFF,0xFF,0xFF,0xFF,0xFF,0xFF,0xFF,0xFF,0x9E,0xF7,0xFF,0xBE,0xF7,0xFF,
    0xFF,0xFF,0xFF,0xE7,0x39,0xFF,0x00,0x00,0xFF,0x61,0x08,0xFF,0x00,0x00,0xFF,0x00,0x00,0xFF,0x00,0x00,0xFF,0x41,0x08,0xFF,0x00,0x00,0xFF,0x00,0x00,0xFF,0x00,0x00,0xFF,0x20,0x00,0xFF,
    0x59,0xCE,0xFF,0xA2,0x10,0xFF,0x00,0x00,0xFF,0x00,0x00,0xFF,0x00,0x00,0xFF,0x00,0x00,0xFF,0x45,0x29,0xFF,0x20,0x00,0xFF,0x20,0x00,0xFF,0x00,0x00,0xFF,0x00,0x00,0xFF,0x20,0x00,0xFF,
    0xFF,0xFF,0xFF,0x30,0x84,0xFF,0x20,0x00,0xFF,0x00,0x00,0xFF,0x61,0x08,0xFF,0x20,0x00,0xFF,0x00,0x00,0xFF,0xBE,0xF7,0xFF,0xFF,0xFF,0xFF,0xBE,0xF7,0xFF,0xFF,0xFF,0xFF,0xDF,0xFF,0xFF,
    0xFF,0xFF,0xFF,0x7D,0xEF,0xFF,0xFF,0xFF,0xFF,0x51,0x8C,0xFF,0x00,0x00,0xFF,0x41,0x08,0xFF,0x61,0x08,0xFF,0x00,0x00,0xFF,0x82,0x10,0xFF,0xDF,0xFF,0xFF,0xFF,0xFF,0xFF,0x9E,0xF7,0xFF,
    0xFF,0xFF,0xFF,0xDF,0xFF,0xFF,0x08,0x42,0xFF,0x61,0x08,0xFF,0x00,0x00,0xFF,0x00,0x00,0xFF,0x61,0x08,0xFF,0x00,0x00,0xFF,0xFF,0xFF,0xFF,0xFF,0xFF,0xFF,0xDF,0xFF,0xFF,0x7D,0xEF,0xFF,
    0xBE,0xF7,0xFF,0x2C,0x63,0xFF,0x00,0x00,0xFF,0x41,0x08,0xFF,0x20,0x00,0xFF,0x00,0x00,0xFF,0x41,0x08,0xFF,0xBE,0xF7,0xFF,0xFF,0xFF,0xFF,0xDF,0xFF,0xFF,0xFF,0xFF,0xFF,0xDF,0xFF,0xFF,
    0xFF,0xFF,0xFF,0xDF,0xFF,0xFF,0xFF,0xFF,0xFF,0x8A,0x52,0xFF,0x00,0x00,0xFF,0x00,0x00,0xFF,0x00,0x00,0xFF,0x41,0x08,0xFF,0x00,0x00,0xFF,0xFF,0xFF,0xFF,0x96,0xB5,0xFF,0x41,0x08,0xFF,
    0x00,0x00,0xFF,0x20,0x00,0xFF,0x41,0x08,0xFF,0x20,0x00,0xFF,0x3C,0xE7,0xFF,0x61,0x08,0xFF,0x00,0x00,0xFF,0x41,0x08,0xFF,0x20,0x00,0xFF,0x20,0x00,0xFF,0x20,0x00,0xFF,0x20,0x00,0xFF,
    0x00,0x00,0xFF,0x00,0x00,0xFF,0x00,0x00,0xFF,0x00,0x00,0xFF,0x8E,0x73,0xFF,0xFF,0xFF,0xFF,0x7D,0xEF,0xFF,0x7D,0xEF,0xFF,0x00,0x00,0xFF,0x41,0x08,0xFF,0x00,0x00,0xFF,0x20,0x00,0xFF,
    0x00,0x00,0xFF,0x00,0x00,0xFF,0x00,0x00,0xFF,0x20,0x00,0xFF,0x41,0x08,0xFF,0x00,0x00,0xFF,0x61,0x08,0xFF,0x00,0x00,0xFF,0x20,0x00,0xFF,0x04,0x21,0xFF,0xDF,0xFF,0xFF,0xFF,0xFF,0xFF,
    0x7D,0xEF,0xFF,0xFF,0xFF,0xFF,0x41,0x08,0xFF,0x00,0x00,0xFF,0x20,0x00,0xFF,0x20,0x00,0xFF,0x00,0x00,0xFF,0x2C,0x63,0xFF,0x34,0xA5,0xFF,0x41,0x08,0xFF,0x00,0x00,0xFF,0x82,0x10,0xFF,
    0x00,0x00,0xFF,0x20,0x00,0xFF,0x61,0x08,0xFF,0x20,0x00,0xFF,0x00,0x00,0xFF,0x41,0x08,0xFF,0x41,0x08,0xFF,0x41,0x08,0xFF,0xDF,0xFF,0xFF,0xEB,0x5A,0xFF,0x61,0x08,0xFF,0x00,0x00,0xFF,
    0x61,0x08,0xFF,0x20,0x00,0xFF,0x00,0x00,0xFF,0xBE,0xF7,0xFF,0xFF,0xFF,0xFF,0xFF,0xFF,0xFF,0xBE,0xF7,0xFF,0xFF,0xFF,0xFF,0x9E,0xF7,0xFF,0xBE,0xF7,0xFF,0x9E,0xF7,0xFF,0x6D,0x6B,0xFF,
    0x00,0x00,0xFF,0x00,0x00,0xFF,0x00,0x00,0xFF,0x61,0x08,0xFF,0x41,0x08,0xFF,0x9E,0xF7,0xFF,0xD3,0x9C,0xFF,0x20,0x00,0xFF,0x20,0x00,0xFF,0x20,0x00,0xFF,0x61,0x08,0xFF,0x00,0x00,0xFF,
    0xFF,0xFF,0xFF,0x20,0x00,0xFF,0x00,0x00,0xFF,0x82,0x10,0xFF,0x20,0x00,0xFF,0x20,0x00,0xFF,0x00,0x00,0xFF,0x41,0x08,0xFF,0x00,0x00,0xFF,0x20,0x00,0xFF,0x00,0x00,0xFF,0x00,0x00,0xFF,
    0xAE,0x73,0xFF,0xFF,0xFF,0xFF,0xFF,0xFF,0xFF,0xBE,0xF7,0xFF,0xFF,0xFF,0xFF,0xFF,0xFF,0xFF,0x9E,0xF7,0xFF,0x69,0x4A,0xFF,0x00,0x00,0xFF,0x00,0x00,0xFF,0x61,0x08,0xFF,0x00,0x00,0xFF,
    0x00,0x00,0xFF,0xBE,0xF7,0xFF,0xFF,0xFF,0xFF,0xFF,0xFF,0xFF,0xFF,0xFF,0xFF,0xBE,0xF7,0xFF,0xFF,0xFF,0xFF,0xFF,0xFF,0xFF,0x9E,0xF7,0xFF,0x20,0x00,0xFF,0x00,0x00,0xFF,0x00,0x00,0xFF,
    0x20,0x00,0xFF,0x00,0x00,0xFF,0x20,0x00,0xFF,0x00,0x00,0xFF,0x41,0x08,0xFF,0x20,0x00,0xFF,0x00,0x00,0xFF,0x00,0x00,0xFF,0x00,0x00,0xFF,0x20,0x00,0xFF,0xA2,0x10,0xFF,0xDF,0xFF,0xFF,
    0xFF,0xFF,0xFF,0xFF,0xFF,0xFF,0xFE,0xFF,0xFF,0xFE,0xFF,0xFF,0xFF,0xFF,0xFF,0xFF,0xFF,0xFF,0xFF,0xFF,0xFF,0xFF,0xFF,0xFF,0xFF,0xFF,0xFF,0xFF,0xFF,0xFF,0xDF,0xFF,0xFF,0xFF,0xFF,0xFF,
    0xFF,0xFF,0xFF,0xDE,0xFF,0xFF,0xFF,0xFF,0xFF,0x35,0xA5,0xFF,0x01,0x00,0xFF,0x21,0x00,0xFF,0x00,0x00,0xFF,0x41,0x08,0xFF,0x20,0x00,0xFF,0x00,0x00,0xFF,0x01,0x00,0xFF,0x01,0x00,0xFF,
    0x02,0x00,0xFF,0x02,0x00,0xFF,0x02,0x00,0xFF,0x01,0x00,0xFF,0x00,0x00,0xFF,0x20,0x00,0xFF,0x20,0x00,0xFF,0x00,0x00,0xFF,0x00,0x00,0xFF,0x00,0x00,0xFF,0x00,0x00,0xFF,0x00,0x00,0xFF,
    0x00,0x00,0xFF,0x00,0x00,0xFF,0x00,0x00,0xFF,0x80,0x10,0xFF,0xA0,0x10,0xFF,0xA7,0xAD,0xFF,0xCA,0xEF,0xFF,0xE6,0xF7,0xFF,0xE2,0xEF,0xFF,0xC0,0xE7,0xFF,0xE0,0xF7,0xFF,0x80,0xE7,0xFF,
    0xE1,0xFF,0xFF,0xC0,0xEF,0xFF,0xE2,0xF7,0xFF,0xE2,0xF7,0xFF,0xE1,0xF7,0xFF,0xE1,0xF7,0xFF,0xE2,0xF7,0xFF,0xE2,0xF7,0xFF,0xE1,0xF7,0xFF,0xE2,0xF7,0xFF,0xC4,0xEF,0xFF,0x87,0xEF,0xFF,
    0x8E,0xEF,0xFF,0x60,0x29,0xFF,0x20,0x00,0xFF,0x20,0x08,0xFF,0x00,0x00,0xFF,0x00,0x00,0xFF,0x01,0x00,0xFF,0x00,0x00,0xFF,0x00,0x00,0xFF,0x00,0x00,0xFF,0x00,0x00,0xFF,0x00,0x00,0xFF,
    0x00,0x00,0xFF,0x00,0x00,0xFF,0x00,0x00,0xFF,0x00,0x00,0xFF,0x20,0x00,0xFF,0x00,0x00,0xFF,0xC2,0x10,0xFF,0x00,0x00,0xFF,0xCE,0x73,0xFF,0xFF,0xFF,0xFF,0xDE,0xFF,0xFF,0xFF,0xFF,0xFF,
    0xFF,0xFF,0xFF,0xFF,0xFF,0xFF,0xFF,0xFF,0xFF,0xFF,0xFF,0xFF,0xFF,0xFF,0xFF,0xFF,0xFF,0xFF,0xFF,0xFF,0xFF,0xFF,0xFF,0xFF,0xFF,0xFF,0xFF,0xFF,0xFF,0xFF,0xFF,0xFF,0xFF,0xFF,0xFF,0xFF,
    0xFF,0xFF,0xFF,0xFF,0xFF,0xFF,0xFF,0xFF,0xFF,0xFF,0xFF,0xFF,0xFF,0xFF,0xFF,0xFF,0xFF,0xFF,0xFF,0xFF,0xFF,0xFF,0xFF,0xFF,0xFF,0xFF,0xFF,0xFF,0xFF,0xFF,0xFF,0xFF,0xFF,0xFF,0xFF,0xFF,
    0xFF,0xFF,0xFF,0xFF,0xFF,0xFF,0xFF,0xFF,0xFF,0xFF,0xFF,0xFF,0xFF,0xFF,0xFF,0xFF,0xFF,0xFF,0xFF,0xFF,0xFF,0xFF,0xFF,0xFF,0xFF,0xFF,0xFF,0xFF,0xFF,0xFF,0xFF,0xFF,0xFF,0xFF,0xFF,0xFF,
    0xFF,0xFF,0xFF,0xFF,0xFF,0xFF,0xFF,0xFF,0xFF,0xFF,0xFF,0xFF,0xFF,0xFF,0xFF,0xFF,0xFF,0xFF,0xFF,0xFF,0xFF,0xFF,0xFF,0xFF,0xFF,0xFF,0xFF,0xFF,0xFF,0xFF,0xFF,0xFF,0xFF,0xFF,0xFF,0xFF,
    0xFF,0xFF,0xFF,0xFF,0xFF,0xFF,0xFF,0xFF,0xFF,0xFF,0xFF,0xFF,0xFF,0xFF,0xFF,0xFF,0xFF,0xFF,0xFF,0xFF,0xFF,0xFF,0xFF,0xFF,0xFF,0xFF,0xFF,0xFF,0xFF,0xFF,0xFF,0xFF,0xFF,0xFF,0xFF,0xFF,
    0xFF,0xFF,0xFF,0xFF,0xFF,0xFF,0xFF,0xFF,0xFF,0xFF,0xFF,0xFF,0xFF,0xFF,0xFF,0xFF,0xFF,0xFF,0xFF,0xFF,0xFF,0xFF,0xFF,0xFF,0xFF,0xFF,0xFF,0xFF,0xFF,0xFF,0xFF,0xFF,0xFF,0xFF,0xFF,0xFF,
    0xFF,0xFF,0xFF,0xFF,0xFF,0xFF,0xFF,0xFF,0xFF,0xFF,0xFF,0xFF,0xFF,0xFF,0xFF,0xFF,0xFF,0xFF,0xFF,0xFF,0xFF,0xFF,0xFF,0xFF,0xFF,0xFF,0xFF,0xFF,0xFF,0xFF,0xFF,0xFF,0xFF,0xFF,0xFF,0xFF,
    0xFF,0xFF,0xFF,0xFF,0xFF,0xFF,0xFF,0xFF,0xFF,0xFF,0xFF,0xFF,0xFF,0xFF,0xFF,0xFF,0xFF,0xFF,0xFF,0xFF,0xFF,0xFF,0xFF,0xFF,0xFF,0xFF,0xFF,0xFF,0xFF,0xFF,0xFF,0xFF,0xFF,0xFF,0xFF,0xFF,
    0xFF,0xFF,0xFF,0xFF,0xFF,0xFF,0xFF,0xFF,0xFF,0xFF,0xFF,0xFF,0xDF,0xFF,0xFF,0xFF,0xFF,0xFF,0xFF,0xFF,0xFF,0x00,0x00,0xFF,0x00,0x00,0xFF,0x00,0x00,0xFF,0x00,0x00,0xFF,0x00,0x00,0xFF,
    0x8A,0x52,0xFF,0xE3,0x18,0xFF,0x00,0x00,0xFF,0x61,0x08,0xFF,0x00,0x00,0xFF,0x20,0x00,0xFF,0x41,0x08,0xFF,0x00,0x00,0xFF,0x00,0x00,0xFF,0x41,0x08,0xFF,0x20,0x00,0xFF,0x71,0x8C,0xFF,
    0x00,0x00,0xFF,0x00,0x00,0xFF,0x00,0x00,0xFF,0x00,0x00,0xFF,0x00,0x00,0xFF,0xE3,0x18,0xFF,0xBE,0xF7,0xFF,0x04,0x21,0xFF,0x00,0x00,0xFF,0x61,0x08,0xFF,0x00,0x00,0xFF,0x20,0x00,0xFF,
    0xE3,0x18,0xFF,0xBE,0xF7,0xFF,0xFF,0xFF,0xFF,0xFF,0xFF,0xFF,0xDF,0xFF,0xFF,0xFF,0xFF,0xFF,0xDF,0xFF,0xFF,0xFF,0xFF,0xFF,0xDF,0xFF,0xFF,0x45,0x29,0xFF,0x61,0x08,0xFF,0x00,0x00,0xFF,
    0x00,0x00,0xFF,0x00,0x00,0xFF,0x00,0x00,0xFF,0xDF,0xFF,0xFF,0xFF,0xFF,0xFF,0xFF,0xFF,0xFF,0xFF,0xFF,0xFF,0xFF,0xFF,0xFF,0x00,0x00,0xFF,0x00,0x00,0xFF,0x41,0x08,0xFF,0x00,0x00,0xFF,
    0x00,0x00,0xFF,0x69,0x4A,0xFF,0xDF,0xFF,0xFF,0xFF,0xFF,0xFF,0xFF,0xFF,0xFF,0xFF,0xFF,0xFF,0xFF,0xFF,0xFF,0x00,0x00,0xFF,0x00,0x00,0xFF,0x00,0x00,0xFF,0x00,0x00,0xFF,0x00,0x00,0xFF,
    0x49,0x4A,0xFF,0xFF,0xFF,0xFF,0xBE,0xF7,0xFF,0xFF,0xFF,0xFF,0xBE,0xF7,0xFF,0xFF,0xFF,0xFF,0xFF,0xFF,0xFF,0xFF,0xFF,0xFF,0xFF,0xFF,0xFF,0x20,0x00,0xFF,0xA2,0x10,0xFF,0x20,0x00,0xFF,
    0x00,0x00,0xFF,0x20,0x00,0xFF,0x82,0x10,0xFF,0xFF,0xFF,0xFF,0xA2,0x10,0xFF,0x00,0x00,0xFF,0x00,0x00,0xFF,0x00,0x00,0xFF,0x00,0x00,0xFF,0x61,0x08,0xFF,0x00,0x00,0xFF,0x41,0x08,0xFF,
    0x20,0x00,0xFF,0x00,0x00,0xFF,0x00,0x00,0xFF,0x00,0x00,0xFF,0x00,0x00,0xFF,0x00,0x00,0xFF,0x20,0x00,0xFF,0x00,0x00,0xFF,0x00,0x00,0xFF,0xCF,0x7B,0xFF,0x9E,0xF7,0xFF,0xDF,0xFF,0xFF,
    0xFF,0xFF,0xFF,0xDF,0xFF,0xFF,0xE7,0x39,0xFF,0x20,0x00,0xFF,0x00,0x00,0xFF,0x20,0x00,0xFF,0x41,0x08,0xFF,0x20,0x00,0xFF,0x00,0x00,0xFF,0x00,0x00,0xFF,0x41,0x08,0xFF,0x00,0x00,0xFF,
    0x20,0x00,0xFF,0x00,0x00,0xFF,0x61,0x08,0xFF,0x00,0x00,0xFF,0x96,0xB5,0xFF,0xFF,0xFF,0xFF,0xFF,0xFF,0xFF,0xD3,0x9C,0xFF,0x00,0x00,0xFF,0x61,0x08,0xFF,0x00,0x00,0xFF,0x00,0x00,0xFF,
    0xA2,0x10,0xFF,0x2C,0x63,0xFF,0x00,0x00,0xFF,0x00,0x00,0xFF,0x20,0x00,0xFF,0x00,0x00,0xFF,0x20,0x00,0xFF,0x00,0x00,0xFF,0x00,0x00,0xFF,0x00,0x00,0xFF,0x41,0x08,0xFF,0x00,0x00,0xFF,
    0x00,0x00,0xFF,0xBE,0xF7,0xFF,0xFF,0xFF,0xFF,0xA2,0x10,0xFF,0x00,0x00,0xFF,0x00,0x00,0xFF,0x00,0x00,0xFF,0x20,0x00,0xFF,0x08,0x42,0xFF,0xBE,0xF7,0xFF,0xFF,0xFF,0xFF,0xFF,0xFF,0xFF,
    0xBE,0xF7,0xFF,0xFF,0xFF,0xFF,0xFF,0xFF,0xFF,0xFF,0xFF,0xFF,0xFF,0xFF,0xFF,0x41,0x08,0xFF,0x82,0x10,0xFF,0x00,0x00,0xFF,0x00,0x00,0xFF,0x20,0x00,0xFF,0x41,0x08,0xFF,0xFF,0xFF,0xFF,
    0x00,0x00,0xFF,0x00,0x00,0xFF,0x00,0x00,0xFF,0x00,0x00,0xFF,0x00,0x00,0xFF,0x61,0x08,0xFF,0x61,0x08,0xFF,0x00,0x00,0xFF,0x20,0x00,0xFF,0x00,0x00,0xFF,0x00,0x00,0xFF,0x00,0x00,0xFF,
    0x00,0x00,0xFF,0x00,0x00,0xFF,0x00,0x00,0xFF,0x20,0x00,0xFF,0x00,0x00,0xFF,0x30,0x84,0xFF,0xFF,0xFF,0xFF,0xFF,0xFF,0xFF,0xDF,0xFF,0xFF,0xDF,0xFF,0xFF,0xDF,0xFF,0xFF,0xBE,0xF7,0xFF,
    0xFF,0xFF,0xFF,0x20,0x00,0xFF,0x41,0x08,0xFF,0x20,0x00,0xFF,0x00,0x00,0xFF,0x00,0x00,0xFF,0xC7,0x39,0xFF,0xFF,0xFF,0xFF,0xFF,0xFF,0xFF,0xFF,0xFF,0xFF,0xDF,0xFF,0xFF,0xDF,0xFF,0xFF,
    0xFF,0xFF,0xFF,0xDF,0xFF,0xFF,0xFF,0xFF,0xFF,0xD3,0x9C,0xFF,0x20,0x00,0xFF,0x00,0x00,0xFF,0x20,0x00,0xFF,0x00,0x00,0xFF,0x20,0x00,0xFF,0x41,0x08,0xFF,0x00,0x00,0xFF,0x00,0x00,0xFF,
    0x20,0x00,0xFF,0x00,0x00,0xFF,0x82,0x10,0xFF,0x00,0x00,0xFF,0x00,0x00,0xFF,0x49,0x4A,0xFF,0xDF,0xFF,0xFF,0xFF,0xFF,0xFF,0xFE,0xFF,0xFF,0xFE,0xFF,0xFF,0xFF,0xFF,0xFF,0xFF,0xFF,0xFF,
    0xFF,0xFF,0xFF,0xFF,0xFF,0xFF,0xFF,0xFF,0xFF,0xFF,0xFF,0xFF,0xFF,0xFF,0xFF,0xFF,0xFF,0xFF,0xFF,0xFF,0xFF,0xFF,0xFF,0xFF,0xFF,0xFF,0xFF,0xBF,0xF7,0xFF,0xFF,0xFF,0xFF,0xE8,0x39,0xFF,
    0x80,0x08,0xFF,0x00,0x00,0xFF,0x40,0x08,0xFF,0x00,0x00,0xFF,0x22,0x00,0xFF,0x42,0x08,0xFF,0x21,0x00,0xFF,0x00,0x00,0xFF,0x00,0x00,0xFF,0x00,0x00,0xFF,0x00,0x00,0xFF,0x00,0x00,0xFF,
    0x00,0x00,0xFF,0x00,0x00,0xFF,0x20,0x00,0xFF,0x20,0x00,0xFF,0x20,0x00,0xFF,0x00,0x00,0xFF,0x42,0x08,0xFF,0x42,0x08,0xFF,0x42,0x10,0xFF,0x00,0x00,0xFF,0x40,0x08,0xFF,0x80,0x08,0xFF,
    0x6C,0xE7,0xFF,0x65,0xDF,0xFF,0xE2,0xEF,0xFF,0xE0,0xF7,0xFF,0xE0,0xEF,0xFF,0xE0,0xF7,0xFF,0xE0,0xF7,0xFF,0xC1,0xEF,0xFF,0xE2,0xF7,0xFF,0xE2,0xF7,0xFF,0xE1,0xF7,0xFF,0xE0,0xF7,0xFF,
    0xE1,0xF7,0xFF,0xE1,0xF7,0xFF,0xE1,0xF7,0xFF,0xE1,0xF7,0xFF,0xE2,0xF7,0xFF,0xE4,0xF7,0xFF,0xC8,0xEF,0xFF,0x8C,0xEF,0xFF,0xA0,0x31,0xFF,0x20,0x00,0xFF,0x20,0x08,0xFF,0x00,0x00,0xFF,
    0x01,0x00,0xFF,0x01,0x00,0xFF,0x00,0x00,0xFF,0x00,0x00,0xFF,0x00,0x00,0xFF,0x00,0x00,0xFF,0x00,0x00,0xFF,0x00,0x00,0xFF,0x21,0x00,0xFF,0x00,0x00,0xFF,0x00,0x00,0xFF,0x20,0x00,0xFF,
    0x00,0x00,0xFF,0x60,0x08,0xFF,0x00,0x00,0xFF,0x9D,0xEF,0xFF,0xFF,0xFF,0xFF,0x7D,0xEF,0xFF,0xFF,0xFF,0xFF,0xFF,0xFF,0xFF,0xFF,0xFF,0xFF,0xFF,0xFF,0xFF,0xFF,0xFF,0xFF,0xFF,0xFF,0xFF,
    0xFF,0xFF,0xFF,0xFF,0xFF,0xFF,0xFF,0xFF,0xFF,0xFF,0xFF,0xFF,0xFF,0xFF,0xFF,0xFF,0xFF,0xFF,0xFF,0xFF,0xFF,0xFF,0xFF,0xFF,0xFF,0xFF,0xFF,0xFF,0xFF,0xFF,0xFF,0xFF,0xFF,0xFF,0xFF,0xFF,
    0xFF,0xFF,0xFF,0xFF,0xFF,0xFF,0xFF,0xFF,0xFF,0xFF,0xFF,0xFF,0xFF,0xFF,0xFF,0xFF,0xFF,0xFF,0xFF,0xFF,0xFF,0xFF,0xFF,0xFF,0xFF,0xFF,0xFF,0xFF,0xFF,0xFF,0xFF,0xFF,0xFF,0xFF,0xFF,0xFF,
    0xFF,0xFF,0xFF,0xFF,0xFF,0xFF,0xFF,0xFF,0xFF,0xFF,0xFF,0xFF,0xFF,0xFF,0xFF,0xFF,0xFF,0xFF,0xFF,0xFF,0xFF,0xFF,0xFF,0xFF,0xFF,0xFF,0xFF,0xFF,0xFF,0xFF,0xFF,0xFF,0xFF,0xFF,0xFF,0xFF,
    0xFF,0xFF,0xFF,0xFF,0xFF,0xFF,0xFF,0xFF,0xFF,0xFF,0xFF,0xFF,0xFF,0xFF,0xFF,0xFF,0xFF,0xFF,0xFF,0xFF,0xFF,0xFF,0xFF,0xFF,0xFF,0xFF,0xFF,0xFF,0xFF,0xFF,0xFF,0xFF,0xFF,0xFF,0xFF,0xFF,
    0xFF,0xFF,0xFF,0xFF,0xFF,0xFF,0xFF,0xFF,0xFF,0xFF,0xFF,0xFF,0xFF,0xFF,0xFF,0xFF,0xFF,0xFF,0xFF,0xFF,0xFF,0xFF,0xFF,0xFF,0xFF,0xFF,0xFF,0xFF,0xFF,0xFF,0xFF,0xFF,0xFF,0xFF,0xFF,0xFF,
    0xFF,0xFF,0xFF,0xFF,0xFF,0xFF,0xFF,0xFF,0xFF,0xFF,0xFF,0xFF,0xFF,0xFF,0xFF,0xFF,0xFF,0xFF,0xFF,0xFF,0xFF,0xFF,0xFF,0xFF,0xFF,0xFF,0xFF,0xFF,0xFF,0xFF,0xFF,0xFF,0xFF,0xFF,0xFF,0xFF,
    0xFF,0xFF,0xFF,0xFF,0xFF,0xFF,0xFF,0xFF,0xFF,0xFF,0xFF,0xFF,0xFF,0xFF,0xFF,0xFF,0xFF,0xFF,0xFF,0xFF,0xFF,0xFF,0xFF,0xFF,0xFF,0xFF,0xFF,0xFF,0xFF,0xFF,0xFF,0xFF,0xFF,0xFF,0xFF,0xFF,
    0xFF,0xFF,0xFF,0xFF,0xFF,0xFF,0xFF,0xFF,0xFF,0xFF,0xFF,0xFF,0xFF,0xFF,0xFF,0xFF,0xFF,0xFF,0xDF,0xFF,0xFF,0xFF,0xFF,0xFF,0xDF,0xFF,0xFF,0xFF,0xFF,0xFF,0xFF,0xFF,0xFF,0xFF,0xFF,0xFF,
    0xB6,0xB5,0xFF,0x41,0x08,0xFF,0x61,0x08,0xFF,0x00,0x00,0xFF,0x20,0x00,0xFF,0x00,0x00,0xFF,0x3C,0xE7,0xFF,0xCB,0x5A,0xFF,0x00,0x00,0xFF,0x00,0x00,0xFF,0x00,0x00,0xFF,0x00,0x00,0xFF,
    0x00,0x00,0xFF,0x00,0x00,0xFF,0x00,0x00,0xFF,0x20,0x00,0xFF,0x8E,0x73,0xFF,0xFB,0xDE,0xFF,0x00,0x00,0xFF,0x61,0x08,0xFF,0x00,0x00,0xFF,0x00,0x00,0xFF,0x41,0x08,0xFF,0x18,0xC6,0xFF,
    0xFF,0xFF,0xFF,0x20,0x00,0xFF,0x20,0x00,0xFF,0x00,0x00,0xFF,0x20,0x00,0xFF,0x20,0x00,0xFF,0x82,0x10,0xFF,0xFF,0xFF,0xFF,0xFF,0xFF,0xFF,0xBE,0xF7,0xFF,0xFF,0xFF,0xFF,0xFF,0xFF,0xFF,
    0x9E,0xF7,0xFF,0xFF,0xFF,0xFF,0x5D,0xEF,0xFF,0x41,0x08,0xFF,0x00,0x00,0xFF,0x41,0x08,0xFF,0x20,0x00,0xFF,0x20,0x00,0xFF,0x6D,0x6B,0xFF,0xDF,0xFF,0xFF,0xDF,0xFF,0xFF,0xFF,0xFF,0xFF,
    0x7D,0xEF,0xFF,0x18,0xC6,0xFF,0x61,0x08,0xFF,0x00,0x00,0xFF,0x00,0x00,0xFF,0x00,0x00,0xFF,0x00,0x00,0xFF,0xFB,0xDE,0xFF,0xFF,0xFF,0xFF,0xFF,0xFF,0xFF,0xDF,0xFF,0xFF,0xDF,0xFF,0xFF,
    0xDF,0xFF,0xFF,0x41,0x08,0xFF,0x41,0x08,0xFF,0x20,0x00,0xFF,0x00,0x00,0xFF,0x61,0x08,0xFF,0x45,0x29,0xFF,0xFF,0xFF,0xFF,0xFF,0xFF,0xFF,0xDF,0xFF,0xFF,0xFF,0xFF,0xFF,0xDF,0xFF,0xFF,
    0xFF,0xFF,0xFF,0xBE,0xF7,0xFF,0xD7,0xBD,0xFF,0x41,0x08,0xFF,0x20,0x00,0xFF,0x00,0x00,0xFF,0x00,0x00,0xFF,0x00,0x00,0xFF,0x75,0xAD,0xFF,0xDF,0xFF,0xFF,0x61,0x08,0xFF,0x00,0x00,0xFF,
    0x61,0x08,0xFF,0x00,0x00,0xFF,0x00,0x00,0xFF,0x20,0x00,0xFF,0x00,0x00,0xFF,0x00,0x00,0xFF,0x41,0x08,0xFF,0x20,0x00,0xFF,0x41,0x08,0xFF,0x41,0x08,0xFF,0x00,0x00,0xFF,0x00,0x00,0xFF,
    0x04,0x21,0xFF,0x8E,0x73,0xFF,0xDF,0xFF,0xFF,0xDF,0xFF,0xFF,0xDF,0xFF,0xFF,0xFF,0xFF,0xFF,0xFF,0xFF,0xFF,0xFF,0xFF,0xFF,0xFF,0xFF,0xFF,0xC7,0x39,0xFF,0x41,0x08,0xFF,0x00,0x00,0xFF,
    0x00,0x00,0xFF,0x00,0x00,0xFF,0x41,0x08,0xFF,0x00,0x00,0xFF,0x00,0x00,0xFF,0x41,0x08,0xFF,0x00,0x00,0xFF,0x00,0x00,0xFF,0x00,0x00,0xFF,0x00,0x00,0xFF,0xA2,0x10,0xFF,0xDF,0xFF,0xFF,
    0xFF,0xFF,0xFF,0x61,0x08,0xFF,0x00,0x00,0xFF,0x00,0x00,0xFF,0x00,0x00,0xFF,0x20,0x00,0xFF,0x00,0x00,0xFF,0x41,0x08,0xFF,0x00,0x00,0xFF,0x20,0x00,0xFF,0x61,0x08,0xFF,0x00,0x00,0xFF,
    0x00,0x00,0xFF,0x82,0x10,0xFF,0x00,0x00,0xFF,0x82,0x10,0xFF,0x00,0x00,0xFF,0x28,0x42,0xFF,0xFF,0xFF,0xFF,0xFF,0xFF,0xFF,0x9E,0xF7,0xFF,0x00,0x00,0xFF,0x41,0x08,0xFF,0x00,0x00,0xFF,
    0x00,0x00,0xFF,0x20,0x00,0xFF,0x45,0x29,0xFF,0xFF,0xFF,0xFF,0xFF,0xFF,0xFF,0xFF,0xFF,0xFF,0xDF,0xFF,0xFF,0xFF,0xFF,0xFF,0xBE,0xF7,0xFF,0xFF,0xFF,0xFF,0x18,0xC6,0xFF,0x82,0x10,0xFF,
    0x00,0x00,0xFF,0x00,0x00,0xFF,0x20,0x00,0xFF,0x00,0x00,0xFF,0x30,0x84,0xFF,0xFF,0xFF,0xFF,0x20,0x00,0xFF,0x20,0x00,0xFF,0x20,0x00,0xFF,0x00,0x00,0xFF,0x00,0x00,0xFF,0x00,0x00,0xFF,
    0x00,0x00,0xFF,0x00,0x00,0xFF,0x00,0x00,0xFF,0x41,0x08,0xFF,0x20,0x00,0xFF,0x61,0x08,0xFF,0x00,0x00,0xFF,0x41,0x08,0xFF,0x24,0x21,0xFF,0xEF,0x7B,0xFF,0xFF,0xFF,0xFF,0x7D,0xEF,0xFF,
    0xDF,0xFF,0xFF,0xFF,0xFF,0xFF,0xFF,0xFF,0xFF,0xFF,0xFF,0xFF,0xFF,0xFF,0xFF,0xFF,0xFF,0xFF,0x9A,0xD6,0xFF,0x00,0x00,0xFF,0x00,0x00,0xFF,0x00,0x00,0xFF,0x20,0x00,0xFF,0x41,0x08,0xFF,
    0x38,0xC6,0xFF,0xDF,0xFF,0xFF,0xDF,0xFF,0xFF,0xFF,0xFF,0xFF,0xDF,0xFF,0xFF,0xFF,0xFF,0xFF,0xFF,0xFF,0xFF,0x9E,0xF7,0xFF,0xFF,0xFF,0xFF,0xBE,0xF7,0xFF,0x10,0x84,0xFF,0x00,0x00,0xFF,
    0x00,0x00,0xFF,0x00,0x00,0xFF,0x00,0x00,0xFF,0x00,0x00,0xFF,0x00,0x00,0xFF,0x41,0x08,0xFF,0x00,0x00,0xFF,0x41,0x08,0xFF,0x00,0x00,0xFF,0x20,0x00,0xFF,0x20,0x00,0xFF,0x20,0x00,0xFF,
    0xFF,0xFF,0xFF,0xFF,0xFF,0xFF,0xFE,0xFF,0xFF,0xFE,0xFF,0xFF,0xFF,0xFF,0xFF,0xFF,0xFF,0xFF,0xFF,0xFF,0xFF,0xFF,0xFF,0xFF,0xFF,0xFF,0xFF,0xFF,0xFF,0xFF,0xDF,0xFF,0xFF,0xDF,0xF7,0xFF,
    0x7D,0xEF,0xFF,0xFF,0xFF,0xFF,0xBF,0xF7,0xFF,0xFF,0xFF,0xFF,0xFF,0xFF,0xFF,0xFF,0xFF,0xFF,0x51,0xAD,0xFF,0x60,0x08,0xFF,0x00,0x00,0xFF,0x61,0x08,0xFF,0x00,0x00,0xFF,0x00,0x00,0xFF,
    0x20,0x00,0xFF,0x00,0x00,0xFF,0x20,0x00,0xFF,0x00,0x00,0xFF,0x00,0x00,0xFF,0x00,0x00,0xFF,0x00,0x00,0xFF,0x00,0x00,0xFF,0x00,0x00,0xFF,0x20,0x00,0xFF,0x20,0x00,0xFF,0x00,0x00,0xFF,
    0x00,0x00,0xFF,0x01,0x00,0xFF,0x01,0x00,0xFF,0x21,0x08,0xFF,0x40,0x08,0xFF,0x60,0x10,0xFF,0xA1,0x73,0xFF,0xEC,0xFF,0xFF,0xA3,0xE7,0xFF,0xE1,0xF7,0xFF,0xE1,0xEF,0xFF,0xE1,0xEF,0xFF,
    0xE3,0xEF,0xFF,0xE3,0xF7,0xFF,0xE3,0xEF,0xFF,0xC2,0xEF,0xFF,0xE0,0xF7,0xFF,0xE0,0xF7,0xFF,0xE0,0xFF,0xFF,0xE1,0xF7,0xFF,0xE2,0xF7,0xFF,0xE2,0xF7,0xFF,0xE1,0xF7,0xFF,0xA1,0xE7,0xFF,
    0xC3,0xEF,0xFF,0xC7,0xEF,0xFF,0x6C,0xE7,0xFF,0xE0,0x39,0xFF,0x20,0x00,0xFF,0x00,0x00,0xFF,0x01,0x00,0xFF,0x01,0x00,0xFF,0x00,0x00,0xFF,0x00,0x00,0xFF,0x00,0x00,0xFF,0x00,0x00,0xFF,
    0x00,0x00,0xFF,0x01,0x00,0xFF,0x00,0x00,0xFF,0x20,0x00,0xFF,0x40,0x00,0xFF,0x20,0x00,0xFF,0x40,0x00,0xFF,0x80,0x08,0xFF,0x00,0x00,0xFF,0x41,0x08,0xFF,0xFF,0xFF,0xFF,0xDF,0xFF,0xFF,
    0xFF,0xFF,0xFF,0xFF,0xFF,0xFF,0xFF,0xFF,0xFF,0xFF,0xFF,0xFF,0xDF,0xFF,0xFF,0xFF,0xFF,0xFF,0xFF,0xFF,0xFF,0xFF,0xFF,0xFF,0xFF,0xFF,0xFF,0xFF,0xFF,0xFF,0xFF,0xFF,0xFF,0xFF,0xFF,0xFF,
    0xFF,0xFF,0xFF,0xFF,0xFF,0xFF,0xFF,0xFF,0xFF,0xFF,0xFF,0xFF,0xFF,0xFF,0xFF,0xFF,0xFF,0xFF,0xFF,0xFF,0xFF,0xFF,0xFF,0xFF,0xFF,0xFF,0xFF,0xFF,0xFF,0xFF,0xFF,0xFF,0xFF,0xFF,0xFF,0xFF,
    0xFF,0xFF,0xFF,0xFF,0xFF,0xFF,0xFF,0xFF,0xFF,0xFF,0xFF,0xFF,0xFF,0xFF,0xFF,0xFF,0xFF,0xFF,0xFF,0xFF,0xFF,0xFF,0xFF,0xFF,0xFF,0xFF,0xFF,0xFF,0xFF,0xFF,0xFF,0xFF,0xFF,0xFF,0xFF,0xFF,
    0xFF,0xFF,0xFF,0xFF,0xFF,0xFF,0xFF,0xFF,0xFF,0xFF,0xFF,0xFF,0xFF,0xFF,0xFF,0xFF,0xFF,0xFF,0xFF,0xFF,0xFF,0xFF,0xFF,0xFF,0xFF,0xFF,0xFF,0xFF,0xFF,0xFF,0xFF,0xFF,0xFF,0xFF,0xFF,0xFF,
    0xFF,0xFF,0xFF,0xFF,0xFF,0xFF,0xFF,0xFF,0xFF,0xFF,0xFF,0xFF,0xFF,0xFF,0xFF,0xFF,0xFF,0xFF,0xFF,0xFF,0xFF,0xFF,0xFF,0xFF,0xFF,0xFF,0xFF,0xFF,0xFF,0xFF,0xFF,0xFF,0xFF,0xFF,0xFF,0xFF,
    0xFF,0xFF,0xFF,0xFF,0xFF,0xFF,0xFF,0xFF,0xFF,0xFF,0xFF,0xFF,0xFF,0xFF,0xFF,0xFF,0xFF,0xFF,0xFF,0xFF,0xFF,0xFF,0xFF,0xFF,0xFF,0xFF,0xFF,0xFF,0xFF,0xFF,0xFF,0xFF,0xFF,0xFF,0xFF,0xFF,
    0xFF,0xFF,0xFF,0xFF,0xFF,0xFF,0xFF,0xFF,0xFF,0xFF,0xFF,0xFF,0xFF,0xFF,0xFF,0xFF,0xFF,0xFF,0xFF,0xFF,0xFF,0xFF,0xFF,0xFF,0xFF,0xFF,0xFF,0xFF,0xFF,0xFF,0xFF,0xFF,0xFF,0xFF,0xFF,0xFF,
    0xFF,0xFF,0xFF,0xFF,0xFF,0xFF,0xFF,0xFF,0xFF,0xFF,0xFF,0xFF,0xFF,0xFF,0xFF,0xFF,0xFF,0xFF,0xFF,0xFF,0xFF,0xFF,0xFF,0xFF,0xFF,0xFF,0xFF,0xFF,0xFF,0xFF,0xFF,0xFF,0xFF,0xFF,0xFF,0xFF,
    0xFF,0xFF,0xFF,0xFF,0xFF,0xFF,0xBE,0xF7,0xFF,0xBE,0xF7,0xFF,0xDF,0xFF,0xFF,0x9E,0xF7,0xFF,0x65,0x29,0xFF,0x00,0x00,0xFF,0x20,0x00,0xFF,0x00,0x00,0xFF,0x00,0x00,0xFF,0x41,0x08,0xFF,
    0xFF,0xFF,0xFF,0xB6,0xB5,0xFF,0x61,0x08,0xFF,0x00,0x00,0xFF,0x20,0x00,0xFF,0x00,0x00,0xFF,0x41,0x08,0xFF,0x00,0x00,0xFF,0x00,0x00,0xFF,0xAA,0x52,0xFF,0xDF,0xFF,0xFF,0xE7,0x39,0xFF,
    0x00,0x00,0xFF,0x20,0x00,0xFF,0x20,0x00,0xFF,0x20,0x00,0xFF,0x00,0x00,0xFF,0xDF,0xFF,0xFF,0xDF,0xFF,0xFF,0x00,0x00,0xFF,0x00,0x00,0xFF,0x20,0x00,0xFF,0x00,0x00,0xFF,0x41,0x08,0xFF,
    0x00,0x00,0xFF,0x9E,0xF7,0xFF,0x9E,0xF7,0xFF,0xFF,0xFF,0xFF,0xBE,0xF7,0xFF,0xFF,0xFF,0xFF,0xFF,0xFF,0xFF,0x3C,0xE7,0xFF,0x00,0x00,0xFF,0x00,0x00,0xFF,0x20,0x00,0xFF,0x00,0x00,0xFF,
    0x00,0x00,0xFF,0x00,0x00,0xFF,0xFF,0xFF,0xFF,0xFF,0xFF,0xFF,0xFF,0xFF,0xFF,0x7D,0xEF,0xFF,0xFF,0xFF,0xFF,0x45,0x29,0xFF,0x00,0x00,0xFF,0x00,0x00,0xFF,0x00,0x00,0xFF,0x00,0x00,0xFF,
    0x61,0x08,0xFF,0xFF,0xFF,0xFF,0xFF,0xFF,0xFF,0xFF,0xFF,0xFF,0xDF,0xFF,0xFF,0xFF,0xFF,0xFF,0xDF,0xFF,0xFF,0x00,0x00,0xFF,0x00,0x00,0xFF,0x41,0x08,0xFF,0x00,0x00,0xFF,0x00,0x00,0xFF,
    0x00,0x00,0xFF,0xFF,0xFF,0xFF,0x9E,0xF7,0xFF,0xFF,0xFF,0xFF,0xFF,0xFF,0xFF,0xFF,0xFF,0xFF,0xDF,0xFF,0xFF,0x9A,0xD6,0xFF,0x00,0x00,0xFF,0x00,0x00,0xFF,0x00,0x00,0xFF,0x00,0x00,0xFF,
    0x61,0x08,0xFF,0x00,0x00,0xFF,0xDF,0xFF,0xFF,0x71,0x8C,0xFF,0x00,0x00,0xFF,0x41,0x08,0xFF,0x00,0x00,0xFF,0x00,0x00,0xFF,0x41,0x08,0xFF,0x69,0x4A,0xFF,0x20,0x00,0xFF,0x20,0x00,0xFF,
    0x00,0x00,0xFF,0x00,0x00,0xFF,0x00,0x00,0xFF,0x00,0x00,0xFF,0x38,0xC6,0xFF,0xFF,0xFF,0xFF,0x7D,0xEF,0xFF,0xFF,0xFF,0xFF,0xBE,0xF7,0xFF,0xFF,0xFF,0xFF,0xFF,0xFF,0xFF,0x9E,0xF7,0xFF,
    0xFF,0xFF,0xFF,0xFF,0xFF,0xFF,0xBE,0xF7,0xFF,0xFF,0xFF,0xFF,0xFF,0xFF,0xFF,0xDF,0xFF,0xFF,0xDF,0xFF,0xFF,0xBE,0xF7,0xFF,0xBE,0xF7,0xFF,0xDF,0xFF,0xFF,0xFF,0xFF,0xFF,0xC7,0x39,0xFF,
    0x20,0x00,0xFF,0x20,0x00,0xFF,0x61,0x08,0xFF,0x20,0x00,0xFF,0x00,0x00,0xFF,0xFF,0xFF,0xFF,0x9E,0xF7,0xFF,0x00,0x00,0xFF,0x82,0x10,0xFF,0x00,0x00,0xFF,0x61,0x08,0xFF,0x00,0x00,0xFF,
    0x30,0x84,0xFF,0xB6,0xB5,0xFF,0xB6,0xB5,0xFF,0x38,0xC6,0xFF,0xB6,0xB5,0xFF,0x18,0xC6,0xFF,0x96,0xB5,0xFF,0xD7,0xBD,0xFF,0xB6,0xB5,0xFF,0x59,0xCE,0xFF,0xFF,0xFF,0xFF,0xFF,0xFF,0xFF,
    0xFF,0xFF,0xFF,0xDF,0xFF,0xFF,0xFF,0xFF,0xFF,0x00,0x00,0xFF,0x00,0x00,0xFF,0x00,0x00,0xFF,0x82,0x10,0xFF,0x00,0x00,0xFF,0x00,0x00,0xFF,0xDF,0xFF,0xFF,0x9E,0xF7,0xFF,0xDF,0xFF,0xFF,
    0xFF,0xFF,0xFF,0xFF,0xFF,0xFF,0xFF,0xFF,0xFF,0xDB,0xDE,0xFF,0x00,0x00,0xFF,0x00,0x00,0xFF,0x20,0x00,0xFF,0x20,0x00,0xFF,0x00,0x00,0xFF,0x00,0x00,0xFF,0xFF,0xFF,0xFF,0x4D,0x6B,0xFF,
    0x00,0x00,0xFF,0x61,0x08,0xFF,0x00,0x00,0xFF,0x00,0x00,0xFF,0x20,0x00,0xFF,0x08,0x42,0xFF,0x00,0x00,0xFF,0x41,0x08,0xFF,0x20,0x00,0xFF,0x00,0x00,0xFF,0x20,0x00,0xFF,0x00,0x00,0xFF,
    0xFB,0xDE,0xFF,0xFF,0xFF,0xFF,0xDF,0xFF,0xFF,0xFF,0xFF,0xFF,0x9E,0xF7,0xFF,0xFF,0xFF,0xFF,0xFF,0xFF,0xFF,0xBE,0xF7,0xFF,0xFF,0xFF,0xFF,0xFF,0xFF,0xFF,0xDF,0xFF,0xFF,0xDF,0xFF,0xFF,
    0x65,0x29,0xFF,0x00,0x00,0xFF,0x20,0x00,0xFF,0x00,0x00,0xFF,0x00,0x00,0xFF,0x41,0x08,0xFF,0xFF,0xFF,0xFF,0xFF,0xFF,0xFF,0x9E,0xF7,0xFF,0xFF,0xFF,0xFF,0xDF,0xFF,0xFF,0xFF,0xFF,0xFF,
    0xDF,0xFF,0xFF,0xFF,0xFF,0xFF,0xFF,0xFF,0xFF,0xFF,0xFF,0xFF,0xFF,0xFF,0xFF,0xDF,0xFF,0xFF,0xFF,0xFF,0xFF,0x5D,0xEF,0xFF,0xDF,0xFF,0xFF,0xFF,0xFF,0xFF,0xDF,0xFF,0xFF,0x9E,0xF7,0xFF,
    0x75,0xAD,0xFF,0x00,0x00,0xFF,0xA2,0x10,0xFF,0x20,0x00,0xFF,0x00,0x00,0xFF,0x41,0x08,0xFF,0xDF,0xFF,0xFF,0xDF,0xFF,0xFF,0xFF,0xFF,0xFF,0xFF,0xFF,0xFF,0xFF,0xFF,0xFF,0xFF,0xFF,0xFF,
    0xFF,0xFF,0xFF,0xFF,0xFF,0xFF,0xFF,0xFF,0xFF,0xFF,0xFF,0xFF,0xDF,0xF7,0xFF,0xFF,0xFF,0xFF,0xFF,0xFF,0xFF,0xBF,0xF7,0xFF,0xFF,0xFF,0xFF,0xFF,0xFF,0xFF,0x9D,0xEF,0xFF,0xDD,0xF7,0xFF,
    0x40,0x21,0xFF,0x60,0x08,0xFF,0x60,0x08,0xFF,0xA0,0x10,0xFF,0x00,0x00,0xFF,0x20,0x00,0xFF,0x00,0x00,0xFF,0x40,0x08,0xFF,0x20,0x00,0xFF,0x00,0x00,0xFF,0x00,0x00,0xFF,0x00,0x00,0xFF,
    0x00,0x00,0xFF,0x01,0x00,0xFF,0x01,0x00,0xFF,0x00,0x00,0xFF,0x00,0x00,0xFF,0x80,0x10,0xFF,0x01,0x00,0xFF,0x02,0x00,0xFF,0x84,0x18,0xFF,0x01,0x00,0xFF,0x01,0x08,0xFF,0x00,0x00,0xFF,
    0x60,0x08,0xFF,0xEB,0xD6,0xFF,0xA6,0xE7,0xFF,0xC3,0xE7,0xFF,0xE5,0xEF,0xFF,0x84,0xE7,0xFF,0xC7,0xEF,0xFF,0xE6,0xF7,0xFF,0xE3,0xEF,0xFF,0xE1,0xEF,0xFF,0xE0,0xEF,0xFF,0xE0,0xF7,0xFF,
    0xE0,0xF7,0xFF,0xE0,0xF7,0xFF,0xC2,0xF7,0xFF,0xE3,0xF7,0xFF,0xE3,0xFF,0xFF,0xA1,0xEF,0xFF,0xE3,0xFF,0xFF,0xE3,0xEF,0xFF,0xA6,0xE7,0xFF,0x4B,0xE7,0xFF,0x60,0x29,0xFF,0x20,0x08,0xFF,
    0x00,0x00,0xFF,0x00,0x00,0xFF,0x00,0x00,0xFF,0x00,0x00,0xFF,0x00,0x00,0xFF,0x00,0x00,0xFF,0x00,0x00,0xFF,0x00,0x00,0xFF,0x62,0x08,0xFF,0x00,0x00,0xFF,0x40,0x00,0xFF,0x00,0x00,0xFF,
    0x00,0x00,0xFF,0x00,0x00,0xFF,0x41,0x08,0xFF,0x00,0x00,0xFF,0x92,0x94,0xFF,0xFF,0xFF,0xFF,0xFF,0xFF,0xFF,0xFF,0xFF,0xFF,0xDF,0xFF,0xFF,0xFF,0xFF,0xFF,0xDF,0xFF,0xFF,0xFF,0xFF,0xFF,
    0xFF,0xFF,0xFF,0xFF,0xFF,0xFF,0xFF,0xFF,0xFF,0xFF,0xFF,0xFF,0xFF,0xFF,0xFF,0xFF,0xFF,0xFF,0xFF,0xFF,0xFF,0xFF,0xFF,0xFF,0xFF,0xFF,0xFF,0xFF,0xFF,0xFF,0xFF,0xFF,0xFF,0xFF,0xFF,0xFF,
    0xFF,0xFF,0xFF,0xFF,0xFF,0xFF,0xFF,0xFF,0xFF,0xFF,0xFF,0xFF,0xFF,0xFF,0xFF,0xFF,0xFF,0xFF,0xFF,0xFF,0xFF,0xFF,0xFF,0xFF,0xFF,0xFF,0xFF,0xFF,0xFF,0xFF,0xFF,0xFF,0xFF,0xFF,0xFF,0xFF,
    0xFF,0xFF,0xFF,0xFF,0xFF,0xFF,0xFF,0xFF,0xFF,0xFF,0xFF,0xFF,0xFF,0xFF,0xFF,0xFF,0xFF,0xFF,0xFF,0xFF,0xFF,0xFF,0xFF,0xFF,0xFF,0xFF,0xFF,0xFF,0xFF,0xFF,0xFF,0xFF,0xFF,0xFF,0xFF,0xFF,
    0xFF,0xFF,0xFF,0xFF,0xFF,0xFF,0xFF,0xFF,0xFF,0xFF,0xFF,0xFF,0xFF,0xFF,0xFF,0xFF,0xFF,0xFF,0xFF,0xFF,0xFF,0xFF,0xFF,0xFF,0xFF,0xFF,0xFF,0xFF,0xFF,0xFF,0xFF,0xFF,0xFF,0xFF,0xFF,0xFF,
    0xFF,0xFF,0xFF,0xFF,0xFF,0xFF,0xFF,0xFF,0xFF,0xFF,0xFF,0xFF,0xFF,0xFF,0xFF,0xFF,0xFF,0xFF,0xFF,0xFF,0xFF,0xFF,0xFF,0xFF,0xFF,0xFF,0xFF,0xFF,0xFF,0xFF,0xFF,0xFF,0xFF,0xFF,0xFF,0xFF,
    0xFF,0xFF,0xFF,0xFF,0xFF,0xFF,0xFF,0xFF,0xFF,0xFF,0xFF,0xFF,0xFF,0xFF,0xFF,0xFF,0xFF,0xFF,0xFF,0xFF,0xFF,0xFF,0xFF,0xFF,0xFF,0xFF,0xFF,0xFF,0xFF,0xFF,0xFF,0xFF,0xFF,0xFF,0xFF,0xFF,
    0xFF,0xFF,0xFF,0xFF,0xFF,0xFF,0xFF,0xFF,0xFF,0xFF,0xFF,0xFF,0xFF,0xFF,0xFF,0xFF,0xFF,0xFF,0xFF,0xFF,0xFF,0xFF,0xFF,0xFF,0xFF,0xFF,0xFF,0xFF,0xFF,0xFF,0xFF,0xFF,0xFF,0xFF,0xFF,0xFF,
    0xFF,0xFF,0xFF,0xFF,0xFF,0xFF,0xFF,0xFF,0xFF,0xFF,0xFF,0xFF,0xFF,0xFF,0xFF,0xFF,0xFF,0xFF,0xFF,0xFF,0xFF,0xFF,0xFF,0xFF,0xDF,0xFF,0xFF,0xFF,0xFF,0xFF,0xBE,0xF7,0xFF,0xFF,0xFF,0xFF,
    0x00,0x00,0xFF,0x20,0x00,0xFF,0x00,0x00,0xFF,0x20,0x00,0xFF,0x20,0x00,0xFF,0xAE,0x73,0xFF,0xBE,0xF7,0xFF,0x5D,0xEF,0xFF,0x41,0x08,0xFF,0x00,0x00,0xFF,0x00,0x00,0xFF,0x00,0x00,0xFF,
    0x00,0x00,0xFF,0x20,0x00,0xFF,0x86,0x31,0xFF,0x7D,0xEF,0xFF,0xFF,0xFF,0xFF,0x00,0x00,0xFF,0x41,0x08,0xFF,0x00,0x00,0xFF,0x20,0x00,0xFF,0x00,0x00,0xFF,0xC7,0x39,0xFF,0xFF,0xFF,0xFF,
    0xFF,0xFF,0xFF,0x20,0x00,0xFF,0x61,0x08,0xFF,0x00,0x00,0xFF,0x00,0x00,0xFF,0x00,0x00,0xFF,0x00,0x00,0xFF,0x41,0x08,0xFF,0xDF,0xFF,0xFF,0xFF,0xFF,0xFF,0xFF,0xFF,0xFF,0xBE,0xF7,0xFF,
    0x10,0x84,0xFF,0x20,0x00,0xFF,0x00,0x00,0xFF,0x41,0x08,0xFF,0x00,0x00,0xFF,0x20,0x00,0xFF,0x00,0x00,0xFF,0x30,0x84,0xFF,0xFF,0xFF,0xFF,0xDF,0xFF,0xFF,0xFF,0xFF,0xFF,0xFF,0xFF,0xFF,
    0xFF,0xFF,0xFF,0x00,0x00,0xFF,0x41,0x08,0xFF,0x00,0x00,0xFF,0x00,0x00,0xFF,0x20,0x00,0xFF,0xEB,0x5A,0xFF,0xFF,0xFF,0xFF,0xBE,0xF7,0xFF,0xDF,0xFF,0xFF,0xDF,0xFF,0xFF,0xFF,0xFF,0xFF,
    0xFF,0xFF,0xFF,0x00,0x00,0xFF,0x41,0x08,0xFF,0x00,0x00,0xFF,0x00,0x00,0xFF,0x20,0x00,0xFF,0x20,0x00,0xFF,0xA2,0x10,0xFF,0xFF,0xFF,0xFF,0xDF,0xFF,0xFF,0xFF,0xFF,0xFF,0x9E,0xF7,0xFF,
    0x4D,0x6B,0xFF,0x00,0x00,0xFF,0x00,0x00,0xFF,0x41,0x08,0xFF,0x00,0x00,0xFF,0x00,0x00,0xFF,0x00,0x00,0xFF,0xD7,0xBD,0xFF,0xDF,0xFF,0xFF,0x20,0x00,0xFF,0x00,0x00,0xFF,0x41,0x08,0xFF,
    0x00,0x00,0xFF,0x00,0x00,0xFF,0xA2,0x10,0xFF,0xFF,0xFF,0xFF,0x10,0x84,0xFF,0x00,0x00,0xFF,0x00,0x00,0xFF,0x20,0x00,0xFF,0x41,0x08,0xFF,0x00,0x00,0xFF,0x20,0x00,0xFF,0x59,0xCE,0xFF,
    0xFF,0xFF,0xFF,0xFF,0xFF,0xFF,0xFF,0xFF,0xFF,0xDF,0xFF,0xFF,0xDF,0xFF,0xFF,0xFF,0xFF,0xFF,0xFF,0xFF,0xFF,0xBE,0xF7,0xFF,0xFF,0xFF,0xFF,0xFF,0xFF,0xFF,0xFF,0xFF,0xFF,0xBE,0xF7,0xFF,
    0xFF,0xFF,0xFF,0xFF,0xFF,0xFF,0xBE,0xF7,0xFF,0xFF,0xFF,0xFF,0x9E,0xF7,0xFF,0x0C,0x63,0xFF,0x00,0x00,0xFF,0x61,0x08,0xFF,0x00,0x00,0xFF,0x00,0x00,0xFF,0x41,0x08,0xFF,0xFF,0xFF,0xFF,
    0x2C,0x63,0xFF,0x41,0x08,0xFF,0x00,0x00,0xFF,0x41,0x08,0xFF,0x00,0x00,0xFF,0x00,0x00,0xFF,0xFF,0xFF,0xFF,0xFF,0xFF,0xFF,0xFF,0xFF,0xFF,0xBE,0xF7,0xFF,0xFF,0xFF,0xFF,0xDF,0xFF,0xFF,
    0xFF,0xFF,0xFF,0xFF,0xFF,0xFF,0xFF,0xFF,0xFF,0xDF,0xFF,0xFF,0xFF,0xFF,0xFF,0xDF,0xFF,0xFF,0xFF,0xFF,0xFF,0xDF,0xFF,0xFF,0xDF,0xFF,0xFF,0x61,0x08,0xFF,0x00,0x00,0xFF,0x00,0x00,0xFF,
    0x00,0x00,0xFF,0x00,0x00,0xFF,0x00,0x00,0xFF,0x24,0x21,0xFF,0xDF,0xFF,0xFF,0xFF,0xFF,0xFF,0xBE,0xF7,0xFF,0xDF,0xFF,0xFF,0x6D,0x6B,0xFF,0x00,0x00,0xFF,0x00,0x00,0xFF,0x41,0x08,0xFF,
    0x00,0x00,0xFF,0x00,0x00,0xFF,0x20,0x00,0xFF,0x14,0xA5,0xFF,0xFF,0xFF,0xFF,0x00,0x00,0xFF,0x20,0x00,0xFF,0x00,0x00,0xFF,0x00,0x00,0xFF,0x00,0x00,0xFF,0x24,0x21,0xFF,0xDF,0xFF,0xFF,
    0xAE,0x73,0xFF,0x00,0x00,0xFF,0x41,0x08,0xFF,0x00,0x00,0xFF,0x00,0x00,0xFF,0x00,0x00,0xFF,0x20,0x00,0xFF,0xBA,0xD6,0xFF,0xFF,0xFF,0xFF,0xDF,0xFF,0xFF,0xFF,0xFF,0xFF,0xDF,0xFF,0xFF,
    0xDF,0xFF,0xFF,0xFF,0xFF,0xFF,0xFF,0xFF,0xFF,0xBE,0xF7,0xFF,0xFF,0xFF,0xFF,0xDF,0xFF,0xFF,0x00,0x00,0xFF,0x41,0x08,0xFF,0x00,0x00,0xFF,0x20,0x00,0xFF,0x20,0x00,0xFF,0xCB,0x5A,0xFF,
    0xFF,0xFF,0xFF,0xBE,0xF7,0xFF,0xFF,0xFF,0xFF,0xDF,0xFF,0xFF,0xFF,0xFF,0xFF,0xDF,0xFF,0xFF,0xFF,0xFF,0xFF,0xFF,0xFF,0xFF,0xFF,0xFF,0xFF,0xFF,0xFF,0xFF,0x7D,0xEF,0xFF,0xFF,0xFF,0xFF,
    0xFF,0xFF,0xFF,0xFF,0xFF,0xFF,0xFF,0xFF,0xFF,0xDF,0xFF,0xFF,0xBE,0xF7,0xFF,0xFF,0xFF,0xFF,0x38,0xC6,0xFF,0x20,0x00,0xFF,0x00,0x00,0xFF,0x00,0x00,0xFF,0x61,0x08,0xFF,0x00,0x00,0xFF,
    0xFF,0xFF,0xFF,0xFF,0xFF,0xFF,0xFF,0xFF,0xFF,0xFF,0xFF,0xFF,0xFF,0xFF,0xFF,0xFF,0xFF,0xFF,0xFF,0xFF,0xFF,0xFF,0xFF,0xFF,0xFF,0xFF,0xFF,0xFF,0xFF,0xFF,0xFF,0xFF,0xFF,0xDF,0xF7,0xFF,
    0xDF,0xFF,0xFF,0xFF,0xFF,0xFF,0xBD,0xF7,0xFF,0xFE,0xFF,0xFF,0x8B,0x73,0xFF,0x20,0x00,0xFF,0x60,0x00,0xFF,0x66,0x84,0xFF,0x32,0xDF,0xFF,0xD1,0xD6,0xFF,0x60,0x29,0xFF,0x40,0x00,0xFF,
    0x40,0x00,0xFF,0x00,0x00,0xFF,0x20,0x00,0xFF,0x20,0x00,0xFF,0x00,0x00,0xFF,0x00,0x00,0xFF,0x00,0x00,0xFF,0x01,0x00,0xFF,0x02,0x00,0xFF,0x01,0x00,0xFF,0x00,0x00,0xFF,0x00,0x00,0xFF,
    0x01,0x00,0xFF,0x22,0x00,0xFF,0x01,0x00,0xFF,0x01,0x08,0xFF,0x02,0x08,0xFF,0x00,0x08,0xFF,0x80,0x10,0xFF,0xA0,0x4A,0xFF,0xEC,0xF7,0xFF,0xC8,0xEF,0xFF,0x68,0xE7,0xFF,0xCB,0xEF,0xFF,
    0x4A,0xE7,0xFF,0xAA,0xEF,0xFF,0xE5,0xF7,0xFF,0xE1,0xEF,0xFF,0xE0,0xEF,0xFF,0xE0,0xEF,0xFF,0xE0,0xF7,0xFF,0xE0,0xF7,0xFF,0xE1,0xF7,0xFF,0xE2,0xF7,0xFF,0xA2,0xEF,0xFF,0xE3,0xFF,0xFF,
    0xC0,0xEF,0xFF,0xE0,0xEF,0xFF,0xE3,0xEF,0xFF,0xE9,0xF7,0xFF,0x2D,0xE7,0xFF,0x00,0x21,0xFF,0x20,0x08,0xFF,0x00,0x00,0xFF,0x00,0x00,0xFF,0x00,0x00,0xFF,0x00,0x00,0xFF,0x00,0x00,0xFF,
    0x00,0x00,0xFF,0x00,0x00,0xFF,0x00,0x00,0xFF,0x40,0x00,0xFF,0x00,0x00,0xFF,0x00,0x00,0xFF,0x00,0x00,0xFF,0x20,0x00,0xFF,0x00,0x00,0xFF,0x00,0x00,0xFF,0x20,0x00,0xFF,0xFF,0xFF,0xFF,
    0xFF,0xFF,0xFF,0xFF,0xFF,0xFF,0x7D,0xEF,0xFF,0xFF,0xFF,0xFF,0xFF,0xFF,0xFF,0xFF,0xFF,0xFF,0xFF,0xFF,0xFF,0xFF,0xFF,0xFF,0xFF,0xFF,0xFF,0xFF,0xFF,0xFF,0xFF,0xFF,0xFF,0xFF,0xFF,0xFF,
    0xFF,0xFF,0xFF,0xFF,0xFF,0xFF,0xFF,0xFF,0xFF,0xFF,0xFF,0xFF,0xFF,0xFF,0xFF,0xFF,0xFF,0xFF,0xFF,0xFF,0xFF,0xFF,0xFF,0xFF,0xFF,0xFF,0xFF,0xFF,0xFF,0xFF,0xFF,0xFF,0xFF,0xFF,0xFF,0xFF,
    0xFF,0xFF,0xFF,0xFF,0xFF,0xFF,0xFF,0xFF,0xFF,0xFF,0xFF,0xFF,0xFF,0xFF,0xFF,0xFF,0xFF,0xFF,0xFF,0xFF,0xFF,0xFF,0xFF,0xFF,0xFF,0xFF,0xFF,0xFF,0xFF,0xFF,0xFF,0xFF,0xFF,0xFF,0xFF,0xFF,
    0xFF,0xFF,0xFF,0xFF,0xFF,0xFF,0xFF,0xFF,0xFF,0xFF,0xFF,0xFF,0xFF,0xFF,0xFF,0xFF,0xFF,0xFF,0xFF,0xFF,0xFF,0xFF,0xFF,0xFF,0xFF,0xFF,0xFF,0xFF,0xFF,0xFF,0xFF,0xFF,0xFF,0xFF,0xFF,0xFF,
    0xFF,0xFF,0xFF,0xFF,0xFF,0xFF,0xFF,0xFF,0xFF,0xFF,0xFF,0xFF,0xFF,0xFF,0xFF,0xFF,0xFF,0xFF,0xFF,0xFF,0xFF,0xFF,0xFF,0xFF,0xFF,0xFF,0xFF,0xFF,0xFF,0xFF,0xFF,0xFF,0xFF,0xFF,0xFF,0xFF,
    0xFF,0xFF,0xFF,0xFF,0xFF,0xFF,0xFF,0xFF,0xFF,0xFF,0xFF,0xFF,0xFF,0xFF,0xFF,0xFF,0xFF,0xFF,0xFF,0xFF,0xFF,0xFF,0xFF,0xFF,0xFF,0xFF,0xFF,0xFF,0xFF,0xFF,0xFF,0xFF,0xFF,0xFF,0xFF,0xFF,
    0xFF,0xFF,0xFF,0xFF,0xFF,0xFF,0xFF,0xFF,0xFF,0xFF,0xFF,0xFF,0xFF,0xFF,0xFF,0xFF,0xFF,0xFF,0xFF,0xFF,0xFF,0xFF,0xFF,0xFF,0xFF,0xFF,0xFF,0xFF,0xFF,0xFF,0xFF,0xFF,0xFF,0xFF,0xFF,0xFF,
    0xFF,0xFF,0xFF,0xFF,0xFF,0xFF,0xFF,0xFF,0xFF,0xFF,0xFF,0xFF,0xFF,0xFF,0xFF,0xFF,0xFF,0xFF,0xFF,0xFF,0xFF,0xFF,0xFF,0xFF,0xFF,0xFF,0xFF,0xFF,0xFF,0xFF,0xFF,0xFF,0xFF,0xFF,0xFF,0xFF,
    0xFF,0xFF,0xFF,0xFF,0xFF,0xFF,0xDF,0xFF,0xFF,0xFF,0xFF,0xFF,0xFF,0xFF,0xFF,0x92,0x94,0xFF,0x00,0x00,0xFF,0x00,0x00,0xFF,0x41,0x08,0xFF,0x00,0x00,0xFF,0x00,0x00,0xFF,0xFF,0xFF,0xFF,
    0xDF,0xFF,0xFF,0xFF,0xFF,0xFF,0x00,0x00,0xFF,0x00,0x00,0xFF,0x41,0x08,0xFF,0x00,0x00,0xFF,0x00,0x00,0xFF,0x41,0x08,0xFF,0xFF,0xFF,0xFF,0xBE,0xF7,0xFF,0x9A,0xD6,0xFF,0x00,0x00,0xFF,
    0x00,0x00,0xFF,0x61,0x08,0xFF,0x00,0x00,0xFF,0x20,0x00,0xFF,0xDB,0xDE,0xFF,0x7D,0xEF,0xFF,0xFF,0xFF,0xFF,0xAA,0x52,0xFF,0x00,0x00,0xFF,0x41,0x08,0xFF,0x00,0x00,0xFF,0x20,0x00,0xFF,
    0x00,0x00,0xFF,0x20,0x00,0xFF,0x20,0x00,0xFF,0x20,0x00,0xFF,0x00,0x00,0xFF,0x20,0x00,0xFF,0x41,0x08,0xFF,0x20,0x00,0xFF,0x00,0x00,0xFF,0x00,0x00,0xFF,0x00,0x00,0xFF,0x20,0x00,0xFF,
    0x04,0x21,0xFF,0xFF,0xFF,0xFF,0xFF,0xFF,0xFF,0xBE,0xF7,0xFF,0xFF,0xFF,0xFF,0xFF,0xFF,0xFF,0x34,0xA5,0xFF,0x00,0x00,0xFF,0x00,0x00,0xFF,0x41,0x08,0xFF,0x00,0x00,0xFF,0x00,0x00,0xFF,
    0xDF,0xFF,0xFF,0xFF,0xFF,0xFF,0xFF,0xFF,0xFF,0xFF,0xFF,0xFF,0xFF,0xFF,0xFF,0xFF,0xFF,0xFF,0xDF,0xFF,0xFF,0xE3,0x18,0xFF,0x61,0x08,0xFF,0x61,0x08,0xFF,0x00,0x00,0xFF,0x20,0x00,0xFF,
    0x00,0x00,0xFF,0x00,0x00,0xFF,0x00,0x00,0xFF,0x20,0x00,0xFF,0x20,0x00,0xFF,0x20,0x00,0xFF,0x00,0x00,0xFF,0x00,0x00,0xFF,0x00,0x00,0xFF,0x41,0x08,0xFF,0x00,0x00,0xFF,0x00,0x00,0xFF,
    0xAA,0x52,0xFF,0xFF,0xFF,0xFF,0x7D,0xEF,0xFF,0x00,0x00,0xFF,0x00,0x00,0xFF,0x00,0x00,0xFF,0x82,0x10,0xFF,0x00,0x00,0xFF,0x75,0xAD,0xFF,0xFF,0xFF,0xFF,0xFF,0xFF,0xFF,0x14,0xA5,0xFF,
    0x00,0x00,0xFF,0x00,0x00,0xFF,0x00,0x00,0xFF,0x00,0x00,0xFF,0x41,0x08,0xFF,0x00,0x00,0xFF,0xDB,0xDE,0xFF,0xFF,0xFF,0xFF,0xFF,0xFF,0xFF,0x9E,0xF7,0xFF,0xFF,0xFF,0xFF,0xFF,0xFF,0xFF,
    0x30,0x84,0xFF,0x20,0x00,0xFF,0x41,0x08,0xFF,0x00,0x00,0xFF,0x00,0x00,0xFF,0x00,0x00,0xFF,0x00,0x00,0xFF,0x00,0x00,0xFF,0x00,0x00,0xFF,0x00,0x00,0xFF,0x00,0x00,0xFF,0x00,0x00,0xFF,
    0x20,0x00,0xFF,0x00,0x00,0xFF,0x20,0x00,0xFF,0x00,0x00,0xFF,0x86,0x31,0xFF,0xFF,0xFF,0xFF,0x00,0x00,0xFF,0x00,0x00,0xFF,0x00,0x00,0xFF,0x20,0x00,0xFF,0x00,0x00,0xFF,0x04,0x21,0xFF,
    0xFF,0xFF,0xFF,0xBE,0xF7,0xFF,0xDF,0xFF,0xFF,0xFF,0xFF,0xFF,0xFF,0xFF,0xFF,0xFF,0xFF,0xFF,0xFF,0xFF,0xFF,0xFF,0xFF,0xFF,0xFF,0xFF,0xFF,0xFF,0xFF,0xFF,0xFF,0xFF,0xFF,0xFF,0xFF,0xFF,
    0xFF,0xFF,0xFF,0xFF,0xFF,0xFF,0xFF,0xFF,0xFF,0x24,0x21,0xFF,0x20,0x00,0xFF,0x61,0x08,0xFF,0x00,0x00,0xFF,0x00,0x00,0xFF,0x00,0x00,0xFF,0x00,0x00,0xFF,0x00,0x00,0xFF,0x00,0x00,0xFF,
    0x20,0x00,0xFF,0x20,0x00,0xFF,0x00,0x00,0xFF,0x00,0x00,0xFF,0x00,0x00,0xFF,0x00,0x00,0xFF,0x20,0x00,0xFF,0x20,0x00,0xFF,0xE7,0x39,0xFF,0xFF,0xFF,0xFF,0x5D,0xEF,0xFF,0x00,0x00,0xFF,
    0x20,0x00,0xFF,0x00,0x00,0xFF,0x20,0x00,0xFF,0x00,0x00,0xFF,0x9A,0xD6,0xFF,0x9E,0xF7,0xFF,0xDF,0xFF,0xFF,0x51,0x8C,0xFF,0x00,0x00,0xFF,0x61,0x08,0xFF,0x00,0x00,0xFF,0x00,0x00,0xFF,
    0x61,0x08,0xFF,0x00,0x00,0xFF,0x1C,0xE7,0xFF,0xFF,0xFF,0xFF,0xFF,0xFF,0xFF,0xFF,0xFF,0xFF,0xDF,0xFF,0xFF,0xFF,0xFF,0xFF,0xFF,0xFF,0xFF,0xFF,0xFF,0xFF,0xFF,0xFF,0xFF,0x34,0xA5,0xFF,
    0x41,0x08,0xFF,0x00,0x00,0xFF,0x00,0x00,0xFF,0x41,0x08,0xFF,0x00,0x00,0xFF,0x3C,0xE7,0xFF,0xDF,0xFF,0xFF,0xFF,0xFF,0xFF,0xFF,0xFF,0xFF,0xFF,0xFF,0xFF,0xFF,0xFF,0xFF,0xDF,0xFF,0xFF,
    0xFF,0xFF,0xFF,0xBA,0xD6,0xFF,0x00,0x00,0xFF,0x00,0x00,0xFF,0x20,0x00,0xFF,0x00,0x00,0xFF,0x00,0x00,0xFF,0x00,0x00,0xFF,0x00,0x00,0xFF,0x00,0x00,0xFF,0x00,0x00,0xFF,0x00,0x00,0xFF,
    0x41,0x08,0xFF,0x00,0x00,0xFF,0x41,0x08,0xFF,0x00,0x00,0xFF,0x00,0x00,0xFF,0x00,0x00,0xFF,0xFF,0xFF,0xFF,0xBF,0xF7,0xFF,0xDF,0xFF,0xFF,0xDF,0xFF,0xFF,0xFF,0xFF,0xFF,0xFF,0xFF,0xFF,
    0xDD,0xF7,0xFF,0xFF,0xFF,0xFF,0xFF,0xFF,0xFF,0xFF,0xFF,0xFF,0xDF,0xFF,0xFF,0xDF,0xFF,0xFF,0xFF,0xFF,0xFF,0xFF,0xFF,0xFF,0x9B,0xF7,0xFF,0x80,0x08,0xFF,0x60,0x00,0xFF,0x60,0x21,0xFF,
    0x6C,0xDF,0xFF,0xCB,0xEF,0xFF,0x8B,0xE7,0xFF,0x4D,0xDF,0xFF,0xD1,0xEF,0xFF,0x06,0x7C,0xFF,0x60,0x08,0xFF,0x40,0x00,0xFF,0x00,0x00,0xFF,0x20,0x00,0xFF,0x40,0x00,0xFF,0x20,0x00,0xFF,
    0x00,0x00,0xFF,0x00,0x00,0xFF,0x22,0x00,0xFF,0x01,0x00,0xFF,0x00,0x00,0xFF,0x00,0x00,0xFF,0x01,0x00,0xFF,0x01,0x00,0xFF,0x00,0x00,0xFF,0x00,0x00,0xFF,0x01,0x00,0xFF,0x00,0x00,0xFF,
    0x00,0x00,0xFF,0xA0,0x10,0xFF,0x2F,0xDF,0xFF,0x8E,0xEF,0xFF,0x2E,0xE7,0xFF,0x20,0x21,0xFF,0xC0,0x10,0xFF,0x29,0xC6,0xFF,0xA7,0xEF,0xFF,0xC3,0xEF,0xFF,0xC2,0xEF,0xFF,0xE2,0xF7,0xFF,
    0xE1,0xFF,0xFF,0xE0,0xF7,0xFF,0xE1,0xF7,0xFF,0xE1,0xF7,0xFF,0xE2,0xF7,0xFF,0xE2,0xF7,0xFF,0xE0,0xF7,0xFF,0xE0,0xF7,0xFF,0xE1,0xEF,0xFF,0xE4,0xEF,0xFF,0xA8,0xEF,0xFF,0x6E,0xEF,0xFF,
    0x80,0x10,0xFF,0x40,0x08,0xFF,0x00,0x00,0xFF,0x00,0x00,0xFF,0x00,0x00,0xFF,0x01,0x00,0xFF,0x00,0x00,0xFF,0x00,0x00,0xFF,0x00,0x00,0xFF,0x00,0x00,0xFF,0x20,0x00,0xFF,0x00,0x00,0xFF,
    0x41,0x08,0xFF,0x20,0x00,0xFF,0x00,0x00,0xFF,0x00,0x00,0xFF,0x00,0x00,0xFF,0xC7,0x39,0xFF,0xBE,0xF7,0xFF,0xFF,0xFF,0xFF,0xFF,0xFF,0xFF,0xFF,0xFF,0xFF,0xFF,0xFF,0xFF,0xBE,0xF7,0xFF,
    0xFF,0xFF,0xFF,0xFF,0xFF,0xFF,0xFF,0xFF,0xFF,0xFF,0xFF,0xFF,0xFF,0xFF,0xFF,0xFF,0xFF,0xFF,0xFF,0xFF,0xFF,0xFF,0xFF,0xFF,0xFF,0xFF,0xFF,0xFF,0xFF,0xFF,0xFF,0xFF,0xFF,0xFF,0xFF,0xFF,
    0xFF,0xFF,0xFF,0xFF,0xFF,0xFF,0xFF,0xFF,0xFF,0xFF,0xFF,0xFF,0xFF,0xFF,0xFF,0xFF,0xFF,0xFF,0xFF,0xFF,0xFF,0xFF,0xFF,0xFF,0xFF,0xFF,0xFF,0xFF,0xFF,0xFF,0xFF,0xFF,0xFF,0xFF,0xFF,0xFF,
    0xFF,0xFF,0xFF,0xFF,0xFF,0xFF,0xFF,0xFF,0xFF,0xFF,0xFF,0xFF,0xFF,0xFF,0xFF,0xFF,0xFF,0xFF,0xFF,0xFF,0xFF,0xFF,0xFF,0xFF,0xFF,0xFF,0xFF,0xFF,0xFF,0xFF,0xFF,0xFF,0xFF,0xFF,0xFF,0xFF,
    0xFF,0xFF,0xFF,0xFF,0xFF,0xFF,0xFF,0xFF,0xFF,0xFF,0xFF,0xFF,0xFF,0xFF,0xFF,0xFF,0xFF,0xFF,0xFF,0xFF,0xFF,0xFF,0xFF,0xFF,0xFF,0xFF,0xFF,0xFF,0xFF,0xFF,0xFF,0xFF,0xFF,0xFF,0xFF,0xFF,
    0xFF,0xFF,0xFF,0xFF,0xFF,0xFF,0xFF,0xFF,0xFF,0xFF,0xFF,0xFF,0xFF,0xFF,0xFF,0xFF,0xFF,0xFF,0xFF,0xFF,0xFF,0xFF,0xFF,0xFF,0xFF,0xFF,0xFF,0xFF,0xFF,0xFF,0xFF,0xFF,0xFF,0xFF,0xFF,0xFF,
    0xFF,0xFF,0xFF,0xFF,0xFF,0xFF,0xFF,0xFF,0xFF,0xFF,0xFF,0xFF,0xFF,0xFF,0xFF,0xFF,0xFF,0xFF,0xFF,0xFF,0xFF,0xFF,0xFF,0xFF,0xFF,0xFF,0xFF,0xFF,0xFF,0xFF,0xFF,0xFF,0xFF,0xFF,0xFF,0xFF,
    0xFF,0xFF,0xFF,0xFF,0xFF,0xFF,0xFF,0xFF,0xFF,0xFF,0xFF,0xFF,0xFF,0xFF,0xFF,0xFF,0xFF,0xFF,0xFF,0xFF,0xFF,0xFF,0xFF,0xFF,0xFF,0xFF,0xFF,0xFF,0xFF,0xFF,0xFF,0xFF,0xFF,0xFF,0xFF,0xFF,
    0xFF,0xFF,0xFF,0xFF,0xFF,0xFF,0xFF,0xFF,0xFF,0xFF,0xFF,0xFF,0xFF,0xFF,0xFF,0xFF,0xFF,0xFF,0xFF,0xFF,0xFF,0xFF,0xFF,0xFF,0xFF,0xFF,0xFF,0x5D,0xEF,0xFF,0xFF,0xFF,0xFF,0x20,0x00,0xFF,
    0x00,0x00,0xFF,0x61,0x08,0xFF,0x00,0x00,0xFF,0x20,0x00,0xFF,0xC3,0x18,0xFF,0xFF,0xFF,0xFF,0x7D,0xEF,0xFF,0xDF,0xFF,0xFF,0x61,0x08,0xFF,0x00,0x00,0xFF,0x00,0x00,0xFF,0x00,0x00,0xFF,
    0x61,0x08,0xFF,0xFF,0xFF,0xFF,0xDF,0xFF,0xFF,0xDF,0xFF,0xFF,0xC3,0x18,0xFF,0x41,0x08,0xFF,0x00,0x00,0xFF,0x00,0x00,0xFF,0x41,0x08,0xFF,0x41,0x08,0xFF,0xDF,0xFF,0xFF,0xFF,0xFF,0xFF,
    0xFF,0xFF,0xFF,0x9E,0xF7,0xFF,0x41,0x08,0xFF,0x00,0x00,0xFF,0x00,0x00,0xFF,0x00,0x00,0xFF,0x20,0x00,0xFF,0x20,0x00,0xFF,0x00,0x00,0xFF,0x00,0x00,0xFF,0x41,0x08,0xFF,0x00,0x00,0xFF,
    0x00,0x00,0xFF,0x00,0x00,0xFF,0x61,0x08,0xFF,0x00,0x00,0xFF,0x00,0x00,0xFF,0x45,0x29,0xFF,0xFF,0xFF,0xFF,0xFF,0xFF,0xFF,0xFF,0xFF,0xFF,0xFF,0xFF,0xFF,0xFF,0xFF,0xFF,0xDF,0xFF,0xFF,
    0x20,0x00,0xFF,0x20,0x00,0xFF,0x41,0x08,0xFF,0x00,0x00,0xFF,0x00,0x00,0xFF,0xA2,0x10,0xFF,0xFF,0xFF,0xFF,0x9E,0xF7,0xFF,0x9E,0xF7,0xFF,0xFF,0xFF,0xFF,0xDF,0xFF,0xFF,0xBE,0xF7,0xFF,
    0xFF,0xFF,0xFF,0x5D,0xEF,0xFF,0x00,0x00,0xFF,0x00,0x00,0xFF,0x41,0x08,0xFF,0x00,0x00,0xFF,0x00,0x00,0xFF,0x00,0x00,0xFF,0x00,0x00,0xFF,0x00,0x00,0xFF,0x00,0x00,0xFF,0x00,0x00,0xFF,
    0x00,0x00,0xFF,0x00,0x00,0xFF,0x41,0x08,0xFF,0x00,0x00,0xFF,0x82,0x10,0xFF,0xCB,0x5A,0xFF,0xDF,0xFF,0xFF,0xDF,0xFF,0xFF,0xCB,0x5A,0xFF,0x20,0x00,0xFF,0x20,0x00,0xFF,0x20,0x00,0xFF,
    0x00,0x00,0xFF,0x20,0x00,0xFF,0xFF,0xFF,0xFF,0x9E,0xF7,0xFF,0xBE,0xF7,0xFF,0xFF,0xFF,0xFF,0xD7,0xBD,0xFF,0x00,0x00,0xFF,0x20,0x00,0xFF,0x00,0x00,0xFF,0x00,0x00,0xFF,0x20,0x00,0xFF,
    0x41,0x08,0xFF,0xBA,0xD6,0xFF,0xFF,0xFF,0xFF,0xFF,0xFF,0xFF,0xFF,0xFF,0xFF,0x59,0xCE,0xFF,0x61,0x08,0xFF,0x00,0x00,0xFF,0x00,0x00,0xFF,0x20,0x00,0xFF,0x00,0x00,0xFF,0x00,0x00,0xFF,
    0x00,0x00,0xFF,0x00,0x00,0xFF,0x00,0x00,0xFF,0x00,0x00,0xFF,0x00,0x00,0xFF,0x00,0x00,0xFF,0x41,0x08,0xFF,0x00,0x00,0xFF,0x00,0x00,0xFF,0x82,0x10,0xFF,0x9E,0xF7,0xFF,0x59,0xCE,0xFF,
    0x82,0x10,0xFF,0x00,0x00,0xFF,0x20,0x00,0xFF,0x00,0x00,0xFF,0x00,0x00,0xFF,0xB6,0xB5,0xFF,0xFF,0xFF,0xFF,0xDF,0xFF,0xFF,0xFF,0xFF,0xFF,0x9E,0xF7,0xFF,0xFF,0xFF,0xFF,0xFF,0xFF,0xFF,
    0xFF,0xFF,0xFF,0xFF,0xFF,0xFF,0xFF,0xFF,0xFF,0xFF,0xFF,0xFF,0xFF,0xFF,0xFF,0xFF,0xFF,0xFF,0xDF,0xFF,0xFF,0xBE,0xF7,0xFF,0xDF,0xFF,0xFF,0x9E,0xF7,0xFF,0x00,0x00,0xFF,0x00,0x00,0xFF,
    0x41,0x08,0xFF,0x00,0x00,0xFF,0x00,0x00,0xFF,0x00,0x00,0xFF,0x00,0x00,0xFF,0x00,0x00,0xFF,0x00,0x00,0xFF,0x00,0x00,0xFF,0x00,0x00,0xFF,0x00,0x00,0xFF,0x20,0x00,0xFF,0x61,0x08,0xFF,
    0x00,0x00,0xFF,0x08,0x42,0xFF,0xFF,0xFF,0xFF,0xDF,0xFF,0xFF,0xE7,0x39,0xFF,0x61,0x08,0xFF,0x20,0x00,0xFF,0x00,0x00,0xFF,0x41,0x08,0xFF,0x00,0x00,0xFF,0xBE,0xF7,0xFF,0xFF,0xFF,0xFF,
    0xFF,0xFF,0xFF,0xFF,0xFF,0xFF,0x34,0xA5,0xFF,0x00,0x00,0xFF,0x41,0x08,0xFF,0x00,0x00,0xFF,0x00,0x00,0xFF,0x41,0x08,0xFF,0x20,0x00,0xFF,0x1C,0xE7,0xFF,0xFF,0xFF,0xFF,0xDF,0xFF,0xFF,
    0xFF,0xFF,0xFF,0xDF,0xFF,0xFF,0xFF,0xFF,0xFF,0xBE,0xF7,0xFF,0xBE,0xF7,0xFF,0xE3,0x18,0xFF,0x00,0x00,0xFF,0x61,0x08,0xFF,0x00,0x00,0xFF,0x00,0x00,0xFF,0x61,0x08,0xFF,0xFF,0xFF,0xFF,
    0xFF,0xFF,0xFF,0xFF,0xFF,0xFF,0xFF,0xFF,0xFF,0xFF,0xFF,0xFF,0xFF,0xFF,0xFF,0xFF,0xFF,0xFF,0xDF,0xFF,0xFF,0x00,0x00,0xFF,0x20,0x00,0xFF,0x61,0x08,0xFF,0x00,0x00,0xFF,0x00,0x00,0xFF,
    0x00,0x00,0xFF,0x00,0x00,0xFF,0x00,0x00,0xFF,0x00,0x00,0xFF,0x00,0x00,0xFF,0x00,0x00,0xFF,0x00,0x00,0xFF,0x41,0x08,0xFF,0x00,0x00,0xFF,0x00,0x00,0xFF,0x00,0x00,0xFF,0x75,0xAD,0xFF,
    0x9E,0xF7,0xFF,0xFF,0xFF,0xFF,0xFF,0xFF,0xFF,0xFF,0xFF,0xFF,0xDF,0xFF,0xFF,0xFF,0xFF,0xFF,0xFF,0xFF,0xFF,0xDE,0xF7,0xFF,0xFF,0xFF,0xFF,0xDF,0xFF,0xFF,0xFF,0xFF,0xFF,0x9F,0xF7,0xFF,
    0xFF,0xFF,0xFF,0x6E,0x8C,0xFF,0x40,0x00,0xFF,0xE0,0x10,0xFF,0x02,0x74,0xFF,0xAD,0xEF,0xFF,0x68,0xDF,0xFF,0x88,0xE7,0xFF,0xEC,0xF7,0xFF,0x6D,0xE7,0xFF,0x2F,0xDF,0xFF,0xB5,0xF7,0xFF,
    0x6F,0xAD,0xFF,0x20,0x00,0xFF,0x80,0x10,0xFF,0x20,0x00,0xFF,0x00,0x00,0xFF,0x00,0x00,0xFF,0x20,0x00,0xFF,0x00,0x00,0xFF,0x00,0x00,0xFF,0x00,0x00,0xFF,0x00,0x00,0xFF,0x00,0x00,0xFF,
    0x01,0x00,0xFF,0x01,0x00,0xFF,0x00,0x00,0xFF,0x00,0x00,0xFF,0x01,0x00,0xFF,0x00,0x00,0xFF,0x00,0x00,0xFF,0x40,0x08,0xFF,0x64,0x6B,0xFF,0xF2,0xDE,0xFF,0x00,0x21,0xFF,0x40,0x08,0xFF,
    0x40,0x08,0xFF,0xA0,0x10,0xFF,0x2A,0xDF,0xFF,0xE7,0xF7,0xFF,0xC4,0xEF,0xFF,0xE3,0xF7,0xFF,0xC0,0xEF,0xFF,0xA0,0xE7,0xFF,0xE1,0xF7,0xFF,0xC0,0xF7,0xFF,0xE1,0xF7,0xFF,0xE1,0xF7,0xFF,
    0xE0,0xF7,0xFF,0xE0,0xF7,0xFF,0xE0,0xEF,0xFF,0xE2,0xEF,0xFF,0xC5,0xEF,0xFF,0x89,0xEF,0xFF,0x2F,0xE7,0xFF,0x20,0x00,0xFF,0x60,0x10,0xFF,0x00,0x00,0xFF,0x41,0x08,0xFF,0x01,0x00,0xFF,
    0x21,0x00,0xFF,0x00,0x00,0xFF,0x00,0x00,0xFF,0x00,0x00,0xFF,0x00,0x00,0xFF,0x00,0x00,0xFF,0x00,0x00,0xFF,0x00,0x00,0xFF,0x00,0x00,0xFF,0x41,0x08,0xFF,0x00,0x00,0xFF,0x00,0x00,0xFF,
    0x1C,0xE7,0xFF,0xDF,0xFF,0xFF,0xDF,0xFF,0xFF,0xDF,0xFF,0xFF,0x9E,0xF7,0xFF,0xFF,0xFF,0xFF,0xFF,0xFF,0xFF,0xFF,0xFF,0xFF,0xFF,0xFF,0xFF,0xFF,0xFF,0xFF,0xFF,0xFF,0xFF,0xFF,0xFF,0xFF,
    0xFF,0xFF,0xFF,0xFF,0xFF,0xFF,0xFF,0xFF,0xFF,0xFF,0xFF,0xFF,0xFF,0xFF,0xFF,0xFF,0xFF,0xFF,0xFF,0xFF,0xFF,0xFF,0xFF,0xFF,0xFF,0xFF,0xFF,0xFF,0xFF,0xFF,0xFF,0xFF,0xFF,0xFF,0xFF,0xFF,
    0xFF,0xFF,0xFF,0xFF,0xFF,0xFF,0xFF,0xFF,0xFF,0xFF,0xFF,0xFF,0xFF,0xFF,0xFF,0xFF,0xFF,0xFF,0xFF,0xFF,0xFF,0xFF,0xFF,0xFF,0xFF,0xFF,0xFF,0xFF,0xFF,0xFF,0xFF,0xFF,0xFF,0xFF,0xFF,0xFF,
    0xFF,0xFF,0xFF,0xFF,0xFF,0xFF,0xFF,0xFF,0xFF,0xFF,0xFF,0xFF,0xFF,0xFF,0xFF,0xFF,0xFF,0xFF,0xFF,0xFF,0xFF,0xFF,0xFF,0xFF,0xFF,0xFF,0xFF,0xFF,0xFF,0xFF,0xFF,0xFF,0xFF,0xFF,0xFF,0xFF,
    0xFF,0xFF,0xFF,0xFF,0xFF,0xFF,0xFF,0xFF,0xFF,0xFF,0xFF,0xFF,0xFF,0xFF,0xFF,0xFF,0xFF,0xFF,0xFF,0xFF,0xFF,0xFF,0xFF,0xFF,0xFF,0xFF,0xFF,0xFF,0xFF,0xFF,0xFF,0xFF,0xFF,0xFF,0xFF,0xFF,
    0xFF,0xFF,0xFF,0xFF,0xFF,0xFF,0xFF,0xFF,0xFF,0xFF,0xFF,0xFF,0xFF,0xFF,0xFF,0xFF,0xFF,0xFF,0xFF,0xFF,0xFF,0xFF,0xFF,0xFF,0xFF,0xFF,0xFF,0xFF,0xFF,0xFF,0xFF,0xFF,0xFF,0xFF,0xFF,0xFF,
    0xFF,0xFF,0xFF,0xFF,0xFF,0xFF,0xFF,0xFF,0xFF,0xFF,0xFF,0xFF,0xFF,0xFF,0xFF,0xFF,0xFF,0xFF,0xFF,0xFF,0xFF,0xFF,0xFF,0xFF,0xFF,0xFF,0xFF,0xFF,0xFF,0xFF,0xFF,0xFF,0xFF,0xFF,0xFF,0xFF,
    0xFF,0xFF,0xFF,0xFF,0xFF,0xFF,0xFF,0xFF,0xFF,0xFF,0xFF,0xFF,0xFF,0xFF,0xFF,0xFF,0xFF,0xFF,0xFF,0xFF,0xFF,0xFF,0xFF,0xFF,0xFF,0xFF,0xFF,0xFF,0xFF,0xFF,0xFF,0xFF,0xFF,0xFF,0xFF,0xFF,
    0xFF,0xFF,0xFF,0xFF,0xFF,0xFF,0xDF,0xFF,0xFF,0xFF,0xFF,0xFF,0xDF,0xFF,0xFF,0x00,0x00,0xFF,0x00,0x00,0xFF,0x00,0x00,0xFF,0x61,0x08,0xFF,0x00,0x00,0xFF,0xF3,0x9C,0xFF,0xFF,0xFF,0xFF,
    0xFF,0xFF,0xFF,0xDF,0xFF,0xFF,0x65,0x29,0xFF,0x00,0x00,0xFF,0x00,0x00,0xFF,0x20,0x00,0xFF,0xDF,0xFF,0xFF,0x9E,0xF7,0xFF,0xFF,0xFF,0xFF,0xFF,0xFF,0xFF,0x00,0x00,0xFF,0x82,0x10,0xFF,
    0x61,0x08,0xFF,0x00,0x00,0xFF,0x61,0x08,0xFF,0x0C,0x63,0xFF,0xDF,0xFF,0xFF,0xBE,0xF7,0xFF,0xDF,0xFF,0xFF,0xDF,0xFF,0xFF,0xBA,0xD6,0xFF,0x00,0x00,0xFF,0x00,0x00,0xFF,0x82,0x10,0xFF,
    0x00,0x00,0xFF,0x00,0x00,0xFF,0x20,0x00,0xFF,0x00,0x00,0xFF,0x00,0x00,0xFF,0x00,0x00,0xFF,0x20,0x00,0xFF,0x41,0x08,0xFF,0x00,0x00,0xFF,0x82,0x10,0xFF,0x92,0x94,0xFF,0xFF,0xFF,0xFF,
    0xBE,0xF7,0xFF,0xBE,0xF7,0xFF,0xFF,0xFF,0xFF,0xBE,0xF7,0xFF,0xDF,0xFF,0xFF,0xDF,0xFF,0xFF,0x00,0x00,0xFF,0x00,0x00,0xFF,0x41,0x08,0xFF,0x20,0x00,0xFF,0x00,0x00,0xFF,0xF3,0x9C,0xFF,
    0xFF,0xFF,0xFF,0xDF,0xFF,0xFF,0xFF,0xFF,0xFF,0xFF,0xFF,0xFF,0xFF,0xFF,0xFF,0xFF,0xFF,0xFF,0xFF,0xFF,0xFF,0xFF,0xFF,0xFF,0x75,0xAD,0xFF,0x61,0x08,0xFF,0x00,0x00,0xFF,0x00,0x00,0xFF,
    0x00,0x00,0xFF,0x00,0x00,0xFF,0x00,0x00,0xFF,0x00,0x00,0xFF,0x00,0x00,0xFF,0x00,0x00,0xFF,0x20,0x00,0xFF,0x41,0x08,0xFF,0x00,0x00,0xFF,0x00,0x00,0xFF,0x96,0xB5,0xFF,0xDF,0xFF,0xFF,
    0xFF,0xFF,0xFF,0xDF,0xFF,0xFF,0x00,0x00,0xFF,0x41,0x08,0xFF,0x00,0x00,0xFF,0x20,0x00,0xFF,0x00,0x00,0xFF,0x65,0x29,0xFF,0xFF,0xFF,0xFF,0xBE,0xF7,0xFF,0xFF,0xFF,0xFF,0xDF,0xFF,0xFF,
    0xDF,0xFF,0xFF,0x79,0xCE,0xFF,0x20,0x00,0xFF,0x00,0x00,0xFF,0x20,0x00,0xFF,0x00,0x00,0xFF,0x61,0x08,0xFF,0x00,0x00,0xFF,0x7D,0xEF,0xFF,0xBE,0xF7,0xFF,0x9E,0xF7,0xFF,0x00,0x00,0xFF,
    0x00,0x00,0xFF,0x41,0x08,0xFF,0x20,0x00,0xFF,0x00,0x00,0xFF,0x00,0x00,0xFF,0x00,0x00,0xFF,0x00,0x00,0xFF,0x00,0x00,0xFF,0x00,0x00,0xFF,0x00,0x00,0xFF,0x00,0x00,0xFF,0x00,0x00,0xFF,
    0x00,0x00,0xFF,0x00,0x00,0xFF,0x00,0x00,0xFF,0x8E,0x73,0xFF,0x9E,0xF7,0xFF,0xAA,0x52,0xFF,0x00,0x00,0xFF,0x41,0x08,0xFF,0x00,0x00,0xFF,0x00,0x00,0xFF,0x20,0x00,0xFF,0xFF,0xFF,0xFF,
    0xDF,0xFF,0xFF,0xDF,0xFF,0xFF,0xFF,0xFF,0xFF,0xBE,0xF7,0xFF,0xFF,0xFF,0xFF,0xFF,0xFF,0xFF,0xFF,0xFF,0xFF,0xFF,0xFF,0xFF,0xFF,0xFF,0xFF,0xFF,0xFF,0xFF,0xFF,0xFF,0xFF,0xFF,0xFF,0xFF,
    0xFF,0xFF,0xFF,0xFF,0xFF,0xFF,0xFF,0xFF,0xFF,0xFF,0xFF,0xFF,0xD7,0xBD,0xFF,0x41,0x08,0xFF,0x00,0x00,0xFF,0x20,0x00,0xFF,0x00,0x00,0xFF,0x00,0x00,0xFF,0x00,0x00,0xFF,0x00,0x00,0xFF,
    0x00,0x00,0xFF,0x00,0x00,0xFF,0x20,0x00,0xFF,0x20,0x00,0xFF,0x20,0x00,0xFF,0x00,0x00,0xFF,0x96,0xB5,0xFF,0xDF,0xFF,0xFF,0xDF,0xFF,0xFF,0xDF,0xFF,0xFF,0x00,0x00,0xFF,0x00,0x00,0xFF,
    0x20,0x00,0xFF,0x20,0x00,0xFF,0x00,0x00,0xFF,0x8A,0x52,0xFF,0xDF,0xFF,0xFF,0x5D,0xEF,0xFF,0xFF,0xFF,0xFF,0xBE,0xF7,0xFF,0xFF,0xFF,0xFF,0x38,0xC6,0xFF,0x41,0x08,0xFF,0x00,0x00,0xFF,
    0x20,0x00,0xFF,0x00,0x00,0xFF,0x20,0x00,0xFF,0x00,0x00,0xFF,0x5D,0xEF,0xFF,0xFF,0xFF,0xFF,0xFF,0xFF,0xFF,0xBE,0xF7,0xFF,0xFF,0xFF,0xFF,0xFF,0xFF,0xFF,0x7D,0xEF,0xFF,0x20,0x00,0xFF,
    0x00,0x00,0xFF,0x00,0x00,0xFF,0x20,0x00,0xFF,0x20,0x00,0xFF,0x10,0x84,0xFF,0xDF,0xFF,0xFF,0xFF,0xFF,0xFF,0x7D,0xEF,0xFF,0xDF,0xFF,0xFF,0xBE,0xF7,0xFF,0xFF,0xFF,0xFF,0xFF,0xFF,0xFF,
    0x41,0x08,0xFF,0x00,0x00,0xFF,0x20,0x00,0xFF,0x00,0x00,0xFF,0x00,0x00,0xFF,0x00,0x00,0xFF,0x00,0x00,0xFF,0x00,0x00,0xFF,0x00,0x00,0xFF,0x00,0x00,0xFF,0x00,0x00,0xFF,0x00,0x00,0xFF,
    0x00,0x00,0xFF,0x20,0x00,0xFF,0x00,0x00,0xFF,0x41,0x08,0xFF,0x86,0x31,0xFF,0xBE,0xF7,0xFF,0xFF,0xFF,0xFF,0xDF,0xFF,0xFF,0xBE,0xFF,0xFF,0xFF,0xFF,0xFF,0xFF,0xFF,0xFF,0x7C,0xEF,0xFF,
    0xFF,0xFF,0xFF,0xFF,0xFF,0xFF,0xBF,0xF7,0xFF,0xFF,0xFF,0xFF,0xFF,0xFF,0xFF,0xFF,0xFF,0xFF,0xE5,0x39,0xFF,0x60,0x08,0xFF,0xC0,0x10,0xFF,0xAA,0xCE,0xFF,0xCB,0xEF,0xFF,0xC9,0xEF,0xFF,
    0xCB,0xEF,0xFF,0x0B,0xDF,0xFF,0x60,0x6B,0xFF,0x20,0x21,0xFF,0xC0,0x18,0xFF,0x20,0x08,0xFF,0x00,0x00,0xFF,0x81,0x10,0xFF,0x00,0x00,0xFF,0x01,0x00,0xFF,0x22,0x00,0xFF,0x01,0x00,0xFF,
    0x00,0x00,0xFF,0x40,0x08,0xFF,0x60,0x00,0xFF,0x20,0x00,0xFF,0x00,0x00,0xFF,0x00,0x00,0xFF,0x01,0x00,0xFF,0x00,0x00,0xFF,0x00,0x00,0xFF,0x00,0x00,0xFF,0x00,0x00,0xFF,0x00,0x00,0xFF,
    0xA1,0x18,0xFF,0x00,0x00,0xFF,0x40,0x08,0xFF,0x0F,0xA5,0xFF,0x00,0x00,0xFF,0x20,0x08,0xFF,0x60,0x10,0xFF,0x20,0x08,0xFF,0x00,0x19,0xFF,0x6B,0xE7,0xFF,0x86,0xE7,0xFF,0xE4,0xF7,0xFF,
    0xA0,0xE7,0xFF,0xE1,0xF7,0xFF,0xE2,0xFF,0xFF,0xE1,0xF7,0xFF,0xE0,0xF7,0xFF,0xE0,0xF7,0xFF,0xE0,0xF7,0xFF,0xE0,0xF7,0xFF,0xE0,0xF7,0xFF,0xE1,0xEF,0xFF,0xC3,0xEF,0xFF,0xA6,0xEF,0xFF,
    0xAC,0xEF,0xFF,0xAD,0xCE,0xFF,0x60,0x08,0xFF,0x20,0x08,0xFF,0x00,0x00,0xFF,0x00,0x00,0xFF,0x00,0x00,0xFF,0x61,0x08,0xFF,0x00,0x00,0xFF,0x20,0x00,0xFF,0x21,0x00,0xFF,0x42,0x08,0xFF,
    0x22,0x08,0xFF,0x21,0x00,0xFF,0x01,0x00,0xFF,0x00,0x00,0xFF,0x82,0x10,0xFF,0x00,0x00,0xFF,0x04,0x21,0xFF,0xFF,0xFF,0xFF,0xDF,0xFF,0xFF,0xFF,0xFF,0xFF,0xFF,0xFF,0xFF,0x9E,0xF7,0xFF,
    0xFF,0xFF,0xFF,0xFF,0xFF,0xFF,0xFF,0xFF,0xFF,0xFF,0xFF,0xFF,0xFF,0xFF,0xFF,0xFF,0xFF,0xFF,0xFF,0xFF,0xFF,0xFF,0xFF,0xFF,0xFF,0xFF,0xFF,0xFF,0xFF,0xFF,0xFF,0xFF,0xFF,0xFF,0xFF,0xFF,
    0xFF,0xFF,0xFF,0xFF,0xFF,0xFF,0xFF,0xFF,0xFF,0xFF,0xFF,0xFF,0xFF,0xFF,0xFF,0xFF,0xFF,0xFF,0xFF,0xFF,0xFF,0xFF,0xFF,0xFF,0xFF,0xFF,0xFF,0xFF,0xFF,0xFF,0xFF,0xFF,0xFF,0xFF,0xFF,0xFF,
    0xFF,0xFF,0xFF,0xFF,0xFF,0xFF,0xFF,0xFF,0xFF,0xFF,0xFF,0xFF,0xFF,0xFF,0xFF,0xFF,0xFF,0xFF,0xFF,0xFF,0xFF,0xFF,0xFF,0xFF,0xFF,0xFF,0xFF,0xFF,0xFF,0xFF,0xFF,0xFF,0xFF,0xFF,0xFF,0xFF,
    0xFF,0xFF,0xFF,0xFF,0xFF,0xFF,0xFF,0xFF,0xFF,0xFF,0xFF,0xFF,0xFF,0xFF,0xFF,0xFF,0xFF,0xFF,0xFF,0xFF,0xFF,0xFF,0xFF,0xFF,0xFF,0xFF,0xFF,0xFF,0xFF,0xFF,0xFF,0xFF,0xFF,0xFF,0xFF,0xFF,
    0xFF,0xFF,0xFF,0xFF,0xFF,0xFF,0xFF,0xFF,0xFF,0xFF,0xFF,0xFF,0xFF,0xFF,0xFF,0xFF,0xFF,0xFF,0xFF,0xFF,0xFF,0xFF,0xFF,0xFF,0xFF,0xFF,0xFF,0xFF,0xFF,0xFF,0xFF,0xFF,0xFF,0xFF,0xFF,0xFF,
    0xFF,0xFF,0xFF,0xFF,0xFF,0xFF,0xFF,0xFF,0xFF,0xFF,0xFF,0xFF,0xFF,0xFF,0xFF,0xFF,0xFF,0xFF,0xFF,0xFF,0xFF,0xFF,0xFF,0xFF,0xFF,0xFF,0xFF,0xFF,0xFF,0xFF,0xFF,0xFF,0xFF,0xFF,0xFF,0xFF,
    0xFF,0xFF,0xFF,0xFF,0xFF,0xFF,0xFF,0xFF,0xFF,0xFF,0xFF,0xFF,0xFF,0xFF,0xFF,0xFF,0xFF,0xFF,0xFF,0xFF,0xFF,0xFF,0xFF,0xFF,0xFF,0xFF,0xFF,0xFF,0xFF,0xFF,0xFF,0xFF,0xFF,0xFF,0xFF,0xFF,
    0xFF,0xFF,0xFF,0xFF,0xFF,0xFF,0xFF,0xFF,0xFF,0xFF,0xFF,0xFF,0xFF,0xFF,0xFF,0xFF,0xFF,0xFF,0xFF,0xFF,0xFF,0xFF,0xFF,0xFF,0xFF,0xFF,0xFF,0xFF,0xFF,0xFF,0x2C,0x63,0xFF,0x00,0x00,0xFF,
    0x00,0x00,0xFF,0x00,0x00,0xFF,0x00,0x00,0xFF,0x00,0x00,0xFF,0xFF,0xFF,0xFF,0xDF,0xFF,0xFF,0xFF,0xFF,0xFF,0xFF,0xFF,0xFF,0x71,0x8C,0xFF,0x00,0x00,0xFF,0x00,0x00,0xFF,0x7D,0xEF,0xFF,
    0xFF,0xFF,0xFF,0xDF,0xFF,0xFF,0xFF,0xFF,0xFF,0xD3,0x9C,0xFF,0x61,0x08,0xFF,0x00,0x00,0xFF,0x00,0x00,0xFF,0x00,0x00,0xFF,0x00,0x00,0xFF,0xDF,0xFF,0xFF,0xFF,0xFF,0xFF,0xFF,0xFF,0xFF,
    0xFF,0xFF,0xFF,0xFF,0xFF,0xFF,0xFF,0xFF,0xFF,0xBE,0xF7,0xFF,0xB2,0x94,0xFF,0x04,0x21,0xFF,0x00,0x00,0xFF,0x00,0x00,0xFF,0x00,0x00,0xFF,0x41,0x08,0xFF,0x00,0x00,0xFF,0x82,0x10,0xFF,
    0x00,0x00,0xFF,0xE3,0x18,0xFF,0x92,0x94,0xFF,0xBE,0xF7,0xFF,0xFF,0xFF,0xFF,0x9E,0xF7,0xFF,0xFF,0xFF,0xFF,0xFF,0xFF,0xFF,0xDF,0xFF,0xFF,0xFF,0xFF,0xFF,0xFF,0xFF,0xFF,0xCF,0x7B,0xFF,
    0x00,0x00,0xFF,0x00,0x00,0xFF,0x00,0x00,0xFF,0x00,0x00,0xFF,0x00,0x00,0xFF,0xFF,0xFF,0xFF,0xFF,0xFF,0xFF,0x9E,0xF7,0xFF,0xDF,0xFF,0xFF,0xBE,0xF7,0xFF,0xFF,0xFF,0xFF,0xDF,0xFF,0xFF,
    0xDF,0xFF,0xFF,0xFF,0xFF,0xFF,0xFF,0xFF,0xFF,0xBE,0xF7,0xFF,0x71,0x8C,0xFF,0xA2,0x10,0xFF,0x20,0x00,0xFF,0x20,0x00,0xFF,0x20,0x00,0xFF,0x00,0x00,0xFF,0x00,0x00,0xFF,0x20,0x00,0xFF,
    0x41,0x08,0xFF,0x61,0x08,0xFF,0xB6,0xB5,0xFF,0xFF,0xFF,0xFF,0xFF,0xFF,0xFF,0xBE,0xF7,0xFF,0xDF,0xFF,0xFF,0xDB,0xDE,0xFF,0x00,0x00,0xFF,0x20,0x00,0xFF,0x61,0x08,0xFF,0x00,0x00,0xFF,
    0x20,0x00,0xFF,0x59,0xCE,0xFF,0xDF,0xFF,0xFF,0xFF,0xFF,0xFF,0x9E,0xF7,0xFF,0xDF,0xFF,0xFF,0xFF,0xFF,0xFF,0x9E,0xF7,0xFF,0x1C,0xE7,0xFF,0x00,0x00,0xFF,0x20,0x00,0xFF,0x61,0x08,0xFF,
    0x00,0x00,0xFF,0x20,0x00,0xFF,0x00,0x00,0xFF,0x9E,0xF7,0xFF,0x24,0x21,0xFF,0x00,0x00,0xFF,0x00,0x00,0xFF,0x00,0x00,0xFF,0x00,0x00,0xFF,0x82,0x10,0xFF,0x00,0x00,0xFF,0x00,0x00,0xFF,
    0x00,0x00,0xFF,0x00,0x00,0xFF,0x00,0x00,0xFF,0x00,0x00,0xFF,0x00,0x00,0xFF,0x00,0x00,0xFF,0x00,0x00,0xFF,0x00,0x00,0xFF,0x34,0xA5,0xFF,0xFF,0xFF,0xFF,0xFF,0xFF,0xFF,0x00,0x00,0xFF,
    0x00,0x00,0xFF,0x00,0x00,0xFF,0x00,0x00,0xFF,0x41,0x08,0xFF,0x28,0x42,0xFF,0x7D,0xEF,0xFF,0xDF,0xFF,0xFF,0xFF,0xFF,0xFF,0xDF,0xFF,0xFF,0xFF,0xFF,0xFF,0xFF,0xFF,0xFF,0xFF,0xFF,0xFF,
    0xFF,0xFF,0xFF,0xFF,0xFF,0xFF,0xFF,0xFF,0xFF,0xFF,0xFF,0xFF,0xFF,0xFF,0xFF,0xFF,0xFF,0xFF,0xBE,0xF7,0xFF,0xFF,0xFF,0xFF,0xDF,0xFF,0xFF,0xFF,0xFF,0xFF,0xFF,0xFF,0xFF,0xDF,0xFF,0xFF,
    0xB2,0x94,0xFF,0x82,0x10,0xFF,0x00,0x00,0xFF,0x00,0x00,0xFF,0x20,0x00,0xFF,0x00,0x00,0xFF,0x00,0x00,0xFF,0x00,0x00,0xFF,0x20,0x00,0xFF,0x41,0x08,0xFF,0x55,0xAD,0xFF,0xFF,0xFF,0xFF,
    0xDF,0xFF,0xFF,0xFF,0xFF,0xFF,0xBE,0xF7,0xFF,0x38,0xC6,0xFF,0x82,0x10,0xFF,0x00,0x00,0xFF,0x20,0x00,0xFF,0x00,0x00,0xFF,0x00,0x00,0xFF,0x5D,0xEF,0xFF,0xFF,0xFF,0xFF,0xFF,0xFF,0xFF,
    0xDF,0xFF,0xFF,0xDF,0xFF,0xFF,0xFF,0xFF,0xFF,0x7D,0xEF,0xFF,0x79,0xCE,0xFF,0x00,0x00,0xFF,0x20,0x00,0xFF,0x20,0x00,0xFF,0x00,0x00,0xFF,0x00,0x00,0xFF,0x00,0x00,0xFF,0x9E,0xF7,0xFF,
    0xBE,0xF7,0xFF,0xFF,0xFF,0xFF,0x9E,0xF7,0xFF,0xFF,0xFF,0xFF,0xCF,0x7B,0xFF,0x00,0x00,0xFF,0x00,0x00,0xFF,0x00,0x00,0xFF,0x00,0x00,0xFF,0x41,0x08,0xFF,0xFF,0xFF,0xFF,0xFF,0xFF,0xFF,
    0xDF,0xFF,0xFF,0xFF,0xFF,0xFF,0xFF,0xFF,0xFF,0xFF,0xFF,0xFF,0xBE,0xF7,0xFF,0xCB,0x5A,0xFF,0x82,0x10,0xFF,0x00,0x00,0xFF,0x20,0x00,0xFF,0x61,0x08,0xFF,0x00,0x00,0xFF,0x00,0x00,0xFF,
    0x00,0x00,0xFF,0x00,0x00,0xFF,0x00,0x00,0xFF,0x00,0x00,0xFF,0x00,0x00,0xFF,0x00,0x00,0xFF,0x41,0x08,0xFF,0x41,0x08,0xFF,0x20,0x00,0xFF,0x2C,0x63,0xFF,0xDF,0xFF,0xFF,0xFF,0xFF,0xFF,
    0xDF,0xFF,0xFF,0x9D,0xF7,0xFF,0xFF,0xFF,0xFF,0xFE,0xFF,0xFF,0xFE,0xFF,0xFF,0xFF,0xFF,0xFF,0xDE,0xFF,0xFF,0xFF,0xFF,0xFF,0x9E,0xF7,0xFF,0xFF,0xFF,0xFF,0xDE,0xFF,0xFF,0x00,0x00,0xFF,
    0x20,0x00,0xFF,0x60,0x4A,0xFF,0x8E,0xEF,0xFF,0xCA,0xF7,0xFF,0x64,0xE7,0xFF,0xE6,0xF7,0xFF,0x68,0xE7,0xFF,0xE0,0x7B,0xFF,0xE0,0x18,0xFF,0x20,0x21,0xFF,0x20,0x08,0xFF,0x00,0x08,0xFF,
    0xA0,0x18,0xFF,0x00,0x00,0xFF,0x00,0x00,0xFF,0x01,0x08,0xFF,0x22,0x08,0xFF,0x01,0x00,0xFF,0x01,0x00,0xFF,0x00,0x00,0xFF,0x00,0x00,0xFF,0x40,0x00,0xFF,0x00,0x00,0xFF,0x00,0x00,0xFF,
    0x00,0x00,0xFF,0x00,0x00,0xFF,0x00,0x00,0xFF,0x00,0x00,0xFF,0x00,0x00,0xFF,0x00,0x00,0xFF,0x00,0x00,0xFF,0x00,0x00,0xFF,0x00,0x00,0xFF,0x61,0x10,0xFF,0x00,0x00,0xFF,0x00,0x00,0xFF,
    0x00,0x00,0xFF,0x20,0x08,0xFF,0x60,0x08,0xFF,0x27,0xA5,0xFF,0xCA,0xEF,0xFF,0xE5,0xEF,0xFF,0xE2,0xF7,0xFF,0xE0,0xF7,0xFF,0xA0,0xE7,0xFF,0xC1,0xF7,0xFF,0xE0,0xF7,0xFF,0xE0,0xF7,0xFF,
    0xE0,0xF7,0xFF,0xE0,0xF7,0xFF,0xE0,0xF7,0xFF,0xE1,0xF7,0xFF,0xE2,0xF7,0xFF,0xC4,0xEF,0xFF,0x87,0xE7,0xFF,0x2A,0xDF,0xFF,0x81,0x6B,0xFF,0xA0,0x10,0xFF,0x00,0x00,0xFF,0x00,0x00,0xFF,
    0x00,0x00,0xFF,0x00,0x00,0xFF,0x41,0x00,0xFF,0x20,0x00,0xFF,0x00,0x00,0xFF,0x00,0x00,0xFF,0x00,0x00,0xFF,0x00,0x00,0xFF,0x00,0x00,0xFF,0x00,0x00,0xFF,0x00,0x00,0xFF,0x41,0x08,0xFF,
    0x00,0x00,0xFF,0x38,0xC6,0xFF,0xDF,0xFF,0xFF,0xFF,0xFF,0xFF,0xDF,0xFF,0xFF,0xFF,0xFF,0xFF,0xFF,0xFF,0xFF,0xFF,0xFF,0xFF,0xFF,0xFF,0xFF,0xFF,0xFF,0xFF,0xFF,0xFF,0xFF,0xFF,0xFF,0xFF,
    0xFF,0xFF,0xFF,0xFF,0xFF,0xFF,0xFF,0xFF,0xFF,0xFF,0xFF,0xFF,0xFF,0xFF,0xFF,0xFF,0xFF,0xFF,0xFF,0xFF,0xFF,0xFF,0xFF,0xFF,0xFF,0xFF,0xFF,0xFF,0xFF,0xFF,0xFF,0xFF,0xFF,0xFF,0xFF,0xFF,
    0xFF,0xFF,0xFF,0xFF,0xFF,0xFF,0xFF,0xFF,0xFF,0xFF,0xFF,0xFF,0xFF,0xFF,0xFF,0xFF,0xFF,0xFF,0xFF,0xFF,0xFF,0xFF,0xFF,0xFF,0xFF,0xFF,0xFF,0xFF,0xFF,0xFF,0xFF,0xFF,0xFF,0xFF,0xFF,0xFF,
    0xFF,0xFF,0xFF,0xFF,0xFF,0xFF,0xFF,0xFF,0xFF,0xFF,0xFF,0xFF,0xFF,0xFF,0xFF,0xFF,0xFF,0xFF,0xFF,0xFF,0xFF,0xFF,0xFF,0xFF,0xFF,0xFF,0xFF,0xFF,0xFF,0xFF,0xFF,0xFF,0xFF,0xFF,0xFF,0xFF,
    0xFF,0xFF,0xFF,0xFF,0xFF,0xFF,0xFF,0xFF,0xFF,0xFF,0xFF,0xFF,0xFF,0xFF,0xFF,0xFF,0xFF,0xFF,0xFF,0xFF,0xFF,0xFF,0xFF,0xFF,0xFF,0xFF,0xFF,0xFF,0xFF,0xFF,0xFF,0xFF,0xFF,0xFF,0xFF,0xFF,
    0xFF,0xFF,0xFF,0xFF,0xFF,0xFF,0xFF,0xFF,0xFF,0xFF,0xFF,0xFF,0xFF,0xFF,0xFF,0xFF,0xFF,0xFF,0xFF,0xFF,0xFF,0xFF,0xFF,0xFF,0xFF,0xFF,0xFF,0xFF,0xFF,0xFF,0xFF,0xFF,0xFF,0xFF,0xFF,0xFF,
    0xFF,0xFF,0xFF,0xFF,0xFF,0xFF,0xFF,0xFF,0xFF,0xFF,0xFF,0xFF,0xFF,0xFF,0xFF,0xFF,0xFF,0xFF,0xFF,0xFF,0xFF,0xFF,0xFF,0xFF,0xFF,0xFF,0xFF,0xFF,0xFF,0xFF,0xFF,0xFF,0xFF,0xFF,0xFF,0xFF,
    0xFF,0xFF,0xFF,0xFF,0xFF,0xFF,0xFF,0xFF,0xFF,0xFF,0xFF,0xFF,0xFF,0xFF,0xFF,0xFF,0xFF,0xFF,0xFF,0xFF,0xFF,0xFF,0xFF,0xFF,0xFF,0xFF,0xFF,0xFF,0xFF,0xFF,0xFF,0xFF,0xFF,0xFF,0xFF,0xFF,
    0xDF,0xFF,0xFF,0xFF,0xFF,0xFF,0xDF,0xFF,0xFF,0x9E,0xF7,0xFF,0xFF,0xFF,0xFF,0xFF,0xFF,0xFF,0xFF,0xFF,0xFF,0xFF,0xFF,0xFF,0xFF,0xFF,0xFF,0xFF,0xFF,0xFF,0xFF,0xFF,0xFF,0xDF,0xFF,0xFF,
    0xFF,0xFF,0xFF,0xBE,0xF7,0xFF,0x9E,0xF7,0xFF,0xFF,0xFF,0xFF,0xFF,0xFF,0xFF,0xFF,0xFF,0xFF,0xBE,0xF7,0xFF,0xFF,0xFF,0xFF,0xFF,0xFF,0xFF,0xFF,0xFF,0xFF,0xDF,0xFF,0xFF,0xFF,0xFF,0xFF,
    0xFF,0xFF,0xFF,0xFF,0xFF,0xFF,0xFF,0xFF,0xFF,0xFF,0xFF,0xFF,0xFF,0xFF,0xFF,0xDF,0xFF,0xFF,0xFF,0xFF,0xFF,0xBE,0xF7,0xFF,0xDF,0xFF,0xFF,0xFF,0xFF,0xFF,0xFF,0xFF,0xFF,0xDF,0xFF,0xFF,
    0xFF,0xFF,0xFF,0xFF,0xFF,0xFF,0xBE,0xF7,0xFF,0xFF,0xFF,0xFF,0xFF,0xFF,0xFF,0x7D,0xEF,0xFF,0xBE,0xF7,0xFF,0xFF,0xFF,0xFF,0xFF,0xFF,0xFF,0xFF,0xFF,0xFF,0xFF,0xFF,0xFF,0xFF,0xFF,0xFF,
    0xFF,0xFF,0xFF,0xDF,0xFF,0xFF,0xFF,0xFF,0xFF,0x7D,0xEF,0xFF,0xFF,0xFF,0xFF,0x7D,0xEF,0xFF,0xFF,0xFF,0xFF,0xFF,0xFF,0xFF,0xFF,0xFF,0xFF,0xFF,0xFF,0xFF,0xDF,0xFF,0xFF,0xDF,0xFF,0xFF,
    0xFF,0xFF,0xFF,0xFF,0xFF,0xFF,0xFF,0xFF,0xFF,0xFF,0xFF,0xFF,0xFF,0xFF,0xFF,0xDF,0xFF,0xFF,0xFF,0xFF,0xFF,0x9E,0xF7,0xFF,0xFF,0xFF,0xFF,0xFF,0xFF,0xFF,0x9E,0xF7,0xFF,0xFF,0xFF,0xFF,
    0xFF,0xFF,0xFF,0xFF,0xFF,0xFF,0xFF,0xFF,0xFF,0xFF,0xFF,0xFF,0xFF,0xFF,0xFF,0xFF,0xFF,0xFF,0xFF,0xFF,0xFF,0xFF,0xFF,0xFF,0xBE,0xF7,0xFF,0xDF,0xFF,0xFF,0xFF,0xFF,0xFF,0xFF,0xFF,0xFF,
    0xFF,0xFF,0xFF,0xFF,0xFF,0xFF,0xFF,0xFF,0xFF,0xDF,0xFF,0xFF,0xFF,0xFF,0xFF,0x9E,0xF7,0xFF,0xBE,0xF7,0xFF,0xFF,0xFF,0xFF,0xFF,0xFF,0xFF,0x9E,0xF7,0xFF,0xFF,0xFF,0xFF,0xDF,0xFF,0xFF,
    0xBE,0xF7,0xFF,0xFF,0xFF,0xFF,0xFF,0xFF,0xFF,0xFF,0xFF,0xFF,0xFF,0xFF,0xFF,0xFF,0xFF,0xFF,0xBE,0xF7,0xFF,0xFF,0xFF,0xFF,0xBE,0xF7,0xFF,0xFF,0xFF,0xFF,0xDF,0xFF,0xFF,0xBE,0xF7,0xFF,
    0xFF,0xFF,0xFF,0xDF,0xFF,0xFF,0xFF,0xFF,0xFF,0x7D,0xEF,0xFF,0xFF,0xFF,0xFF,0xFF,0xFF,0xFF,0xFF,0xFF,0xFF,0xFF,0xFF,0xFF,0xFF,0xFF,0xFF,0xFF,0xFF,0xFF,0xFF,0xFF,0xFF,0xFF,0xFF,0xFF,
    0xFF,0xFF,0xFF,0xFF,0xFF,0xFF,0xFF,0xFF,0xFF,0xFF,0xFF,0xFF,0xBE,0xF7,0xFF,0xFF,0xFF,0xFF,0xFF,0xFF,0xFF,0xFF,0xFF,0xFF,0xFF,0xFF,0xFF,0xBE,0xF7,0xFF,0xFF,0xFF,0xFF,0xDF,0xFF,0xFF,
    0xFF,0xFF,0xFF,0xFF,0xFF,0xFF,0x7D,0xEF,0xFF,0xFF,0xFF,0xFF,0xFF,0xFF,0xFF,0xFF,0xFF,0xFF,0xFF,0xFF,0xFF,0xFF,0xFF,0xFF,0xFF,0xFF,0xFF,0xFF,0xFF,0xFF,0xFF,0xFF,0xFF,0xFF,0xFF,0xFF,
    0xFF,0xFF,0xFF,0xDF,0xFF,0xFF,0xFF,0xFF,0xFF,0x9E,0xF7,0xFF,0xFF,0xFF,0xFF,0xFF,0xFF,0xFF,0xFF,0xFF,0xFF,0xBE,0xF7,0xFF,0xFF,0xFF,0xFF,0xFF,0xFF,0xFF,0xFF,0xFF,0xFF,0xFF,0xFF,0xFF,
    0xFF,0xFF,0xFF,0xFF,0xFF,0xFF,0xFF,0xFF,0xFF,0xFF,0xFF,0xFF,0xDF,0xFF,0xFF,0x7D,0xEF,0xFF,0xFF,0xFF,0xFF,0xFF,0xFF,0xFF,0xBE,0xF7,0xFF,0xBE,0xF7,0xFF,0xFF,0xFF,0xFF,0xFF,0xFF,0xFF,
    0xBE,0xF7,0xFF,0x9E,0xF7,0xFF,0xFF,0xFF,0xFF,0x7D,0xEF,0xFF,0xFF,0xFF,0xFF,0xFF,0xFF,0xFF,0xFF,0xFF,0xFF,0xFF,0xFF,0xFF,0xBE,0xF7,0xFF,0xFF,0xFF,0xFF,0xDF,0xFF,0xFF,0xFF,0xFF,0xFF,
    0xFF,0xFF,0xFF,0xDF,0xFF,0xFF,0xDF,0xFF,0xFF,0xFF,0xFF,0xFF,0xFF,0xFF,0xFF,0xFF,0xFF,0xFF,0xFF,0xFF,0xFF,0xDF,0xFF,0xFF,0xFF,0xFF,0xFF,0xFF,0xFF,0xFF,0xFF,0xFF,0xFF,0xDF,0xFF,0xFF,
    0xFF,0xFF,0xFF,0xFF,0xFF,0xFF,0xFF,0xFF,0xFF,0xFF,0xFF,0xFF,0xFF,0xFF,0xFF,0x9E,0xF7,0xFF,0xFF,0xFF,0xFF,0xBE,0xF7,0xFF,0xFF,0xFF,0xFF,0xDF,0xFF,0xFF,0xFF,0xFF,0xFF,0xDF,0xFF,0xFF,
    0xFF,0xFF,0xFF,0xDF,0xFF,0xFF,0xDF,0xFF,0xFF,0xDF,0xFF,0xFF,0xFF,0xFF,0xFF,0xFF,0xFF,0xFF,0xFF,0xFF,0xFF,0xFF,0xFF,0xFF,0xFF,0xFF,0xFF,0xFF,0xFF,0xFF,0xFF,0xFF,0xFF,0xFF,0xFF,0xFF,
    0xDF,0xFF,0xFF,0x9E,0xF7,0xFF,0xFF,0xFF,0xFF,0xDF,0xFF,0xFF,0xBE,0xF7,0xFF,0xDF,0xFF,0xFF,0xFF,0xFF,0xFF,0xFF,0xFF,0xFF,0xFE,0xFF,0xFF,0xFE,0xFF,0xFF,0xDE,0xFF,0xFF,0xFF,0xFF,0xFF,
    0xDF,0xFF,0xFF,0xFF,0xFF,0xFF,0xFE,0xFF,0xFF,0x93,0xAD,0xFF,0x60,0x08,0xFF,0xC0,0x10,0xFF,0xC2,0x73,0xFF,0x8D,0xEF,0xFF,0x67,0xE7,0xFF,0x64,0xE7,0xFF,0xE4,0xFF,0xFF,0xE3,0xF7,0xFF,
    0xE6,0xF7,0xFF,0xC8,0xF7,0xFF,0xA9,0xEF,0xFF,0x4A,0xE7,0xFF,0x20,0x63,0xFF,0x60,0x08,0xFF,0x60,0x10,0xFF,0x00,0x08,0xFF,0x40,0x10,0xFF,0x20,0x08,0xFF,0x00,0x00,0xFF,0x00,0x00,0xFF,
    0x00,0x00,0xFF,0x42,0x08,0xFF,0x02,0x00,0xFF,0x02,0x00,0xFF,0x00,0x00,0xFF,0x00,0x00,0xFF,0x00,0x00,0xFF,0x00,0x00,0xFF,0x00,0x00,0xFF,0x00,0x00,0xFF,0x00,0x00,0xFF,0x20,0x00,0xFF,
    0x00,0x00,0xFF,0x82,0x10,0xFF,0x42,0x08,0xFF,0x01,0x00,0xFF,0x01,0x00,0xFF,0x42,0x08,0xFF,0x01,0x00,0xFF,0x00,0x08,0xFF,0x40,0x08,0xFF,0x80,0x08,0xFF,0xAC,0xE7,0xFF,0x44,0xD7,0xFF,
    0xC1,0xE7,0xFF,0xE0,0xEF,0xFF,0xE2,0xF7,0xFF,0xE2,0xF7,0xFF,0xE1,0xF7,0xFF,0xE0,0xF7,0xFF,0xE0,0xF7,0xFF,0xE0,0xF7,0xFF,0xE0,0xF7,0xFF,0xE0,0xF7,0xFF,0xE1,0xF7,0xFF,0xE3,0xF7,0xFF,
    0xE5,0xF7,0xFF,0xC8,0xEF,0xFF,0xAD,0xEF,0xFF,0xE0,0x10,0xFF,0x20,0x00,0xFF,0x80,0x08,0xFF,0x00,0x00,0xFF,0x21,0x00,0xFF,0x00,0x00,0xFF,0x00,0x00,0xFF,0x00,0x00,0xFF,0x41,0x00,0xFF,
    0x20,0x00,0xFF,0x20,0x00,0xFF,0x00,0x00,0xFF,0x62,0x08,0xFF,0x00,0x00,0xFF,0x41,0x08,0xFF,0x00,0x00,0xFF,0xA2,0x10,0xFF,0xFF,0xFF,0xFF,0x9E,0xF7,0xFF,0xDF,0xFF,0xFF,0xFF,0xFF,0xFF,
    0xFF,0xFF,0xFF,0xFF,0xFF,0xFF,0xFF,0xFF,0xFF,0xFF,0xFF,0xFF,0xFF,0xFF,0xFF,0xFF,0xFF,0xFF,0xFF,0xFF,0xFF,0xFF,0xFF,0xFF,0xFF,0xFF,0xFF,0xFF,0xFF,0xFF,0xFF,0xFF,0xFF,0xFF,0xFF,0xFF,
    0xFF,0xFF,0xFF,0xFF,0xFF,0xFF,0xFF,0xFF,0xFF,0xFF,0xFF,0xFF,0xFF,0xFF,0xFF,0xFF,0xFF,0xFF,0xFF,0xFF,0xFF,0xFF,0xFF,0xFF,0xFF,0xFF,0xFF,0xFF,0xFF,0xFF,0xFF,0xFF,0xFF,0xFF,0xFF,0xFF,
    0xFF,0xFF,0xFF,0xFF,0xFF,0xFF,0xFF,0xFF,0xFF,0xFF,0xFF,0xFF,0xFF,0xFF,0xFF,0xFF,0xFF,0xFF,0xFF,0xFF,0xFF,0xFF,0xFF,0xFF,0xFF,0xFF,0xFF,0xFF,0xFF,0xFF,0xFF,0xFF,0xFF,0xFF,0xFF,0xFF,
    0xFF,0xFF,0xFF,0xFF,0xFF,0xFF,0xFF,0xFF,0xFF,0xFF,0xFF,0xFF,0xFF,0xFF,0xFF,0xFF,0xFF,0xFF,0xFF,0xFF,0xFF,0xFF,0xFF,0xFF,0xFF,0xFF,0xFF,0xFF,0xFF,0xFF,0xFF,0xFF,0xFF,0xFF,0xFF,0xFF,
    0xFF,0xFF,0xFF,0xFF,0xFF,0xFF,0xFF,0xFF,0xFF,0xFF,0xFF,0xFF,0xFF,0xFF,0xFF,0xFF,0xFF,0xFF,0xFF,0xFF,0xFF,0xFF,0xFF,0xFF,0xFF,0xFF,0xFF,0xFF,0xFF,0xFF,0xFF,0xFF,0xFF,0xFF,0xFF,0xFF,
    0xFF,0xFF,0xFF,0xFF,0xFF,0xFF,0xFF,0xFF,0xFF,0xFF,0xFF,0xFF,0xFF,0xFF,0xFF,0xFF,0xFF,0xFF,0xFF,0xFF,0xFF,0xFF,0xFF,0xFF,0xFF,0xFF,0xFF,0xFF,0xFF,0xFF,0xFF,0xFF,0xFF,0xFF,0xFF,0xFF,
    0xFF,0xFF,0xFF,0xFF,0xFF,0xFF,0xFF,0xFF,0xFF,0xFF,0xFF,0xFF,0xFF,0xFF,0xFF,0xFF,0xFF,0xFF,0xFF,0xFF,0xFF,0xFF,0xFF,0xFF,0xFF,0xFF,0xFF,0xFF,0xFF,0xFF,0xFF,0xFF,0xFF,0xFF,0xFF,0xFF,
    0xFF,0xFF,0xFF,0xFF,0xFF,0xFF,0xFF,0xFF,0xFF,0xFF,0xFF,0xFF,0xFF,0xFF,0xFF,0xFF,0xFF,0xFF,0xFF,0xFF,0xFF,0x9E,0xF7,0xFF,0xFF,0xFF,0xFF,0xFF,0xFF,0xFF,0xFF,0xFF,0xFF,0x7D,0xEF,0xFF,
    0xFF,0xFF,0xFF,0x7D,0xEF,0xFF,0xDF,0xFF,0xFF,0xFF,0xFF,0xFF,0x9E,0xF7,0xFF,0xFF,0xFF,0xFF,0x9E,0xF7,0xFF,0xFF,0xFF,0xFF,0xFF,0xFF,0xFF,0xFF,0xFF,0xFF,0xBE,0xF7,0xFF,0xFF,0xFF,0xFF,
    0xFF,0xFF,0xFF,0xFF,0xFF,0xFF,0xFF,0xFF,0xFF,0x9E,0xF7,0xFF,0xFF,0xFF,0xFF,0xDF,0xFF,0xFF,0xFF,0xFF,0xFF,0xFF,0xFF,0xFF,0xDF,0xFF,0xFF,0xFF,0xFF,0xFF,0xFF,0xFF,0xFF,0xFF,0xFF,0xFF,
    0x9E,0xF7,0xFF,0xFF,0xFF,0xFF,0xFF,0xFF,0xFF,0xFF,0xFF,0xFF,0x7D,0xEF,0xFF,0xFF,0xFF,0xFF,0xBE,0xF7,0xFF,0x9E,0xF7,0xFF,0xFF,0xFF,0xFF,0xBE,0xF7,0xFF,0xBE,0xF7,0xFF,0xFF,0xFF,0xFF,
    0xFF,0xFF,0xFF,0x7D,0xEF,0xFF,0xFF,0xFF,0xFF,0xFF,0xFF,0xFF,0xFF,0xFF,0xFF,0xFF,0xFF,0xFF,0xFF,0xFF,0xFF,0x7D,0xEF,0xFF,0xFF,0xFF,0xFF,0xFF,0xFF,0xFF,0xFF,0xFF,0xFF,0xFF,0xFF,0xFF,
    0xFF,0xFF,0xFF,0xDF,0xFF,0xFF,0xFF,0xFF,0xFF,0xDF,0xFF,0xFF,0xFF,0xFF,0xFF,0xDF,0xFF,0xFF,0xFF,0xFF,0xFF,0xBE,0xF7,0xFF,0xDF,0xFF,0xFF,0xFF,0xFF,0xFF,0xDF,0xFF,0xFF,0xFF,0xFF,0xFF,
    0xFF,0xFF,0xFF,0xFF,0xFF,0xFF,0xFF,0xFF,0xFF,0xFF,0xFF,0xFF,0xFF,0xFF,0xFF,0xFF,0xFF,0xFF,0xFF,0xFF,0xFF,0xFF,0xFF,0xFF,0xFF,0xFF,0xFF,0xFF,0xFF,0xFF,0xFF,0xFF,0xFF,0xFF,0xFF,0xFF,
    0xFF,0xFF,0xFF,0xFF,0xFF,0xFF,0xFF,0xFF,0xFF,0x5D,0xEF,0xFF,0xFF,0xFF,0xFF,0xFF,0xFF,0xFF,0xDF,0xFF,0xFF,0xFF,0xFF,0xFF,0xFF,0xFF,0xFF,0xFF,0xFF,0xFF,0xBE,0xF7,0xFF,0xFF,0xFF,0xFF,
    0xFF,0xFF,0xFF,0xFF,0xFF,0xFF,0xBE,0xF7,0xFF,0xFF,0xFF,0xFF,0xFF,0xFF,0xFF,0xFF,0xFF,0xFF,0xDF,0xFF,0xFF,0xFF,0xFF,0xFF,0xDF,0xFF,0xFF,0xBE,0xF7,0xFF,0xFF,0xFF,0xFF,0x9E,0xF7,0xFF,
    0xFF,0xFF,0xFF,0xDF,0xFF,0xFF,0xFF,0xFF,0xFF,0xBE,0xF7,0xFF,0xFF,0xFF,0xFF,0xFF,0xFF,0xFF,0xBE,0xF7,0xFF,0xFF,0xFF,0xFF,0x9E,0xF7,0xFF,0xFF,0xFF,0xFF,0xFF,0xFF,0xFF,0xFF,0xFF,0xFF,
    0xFF,0xFF,0xFF,0xFF,0xFF,0xFF,0xFF,0xFF,0xFF,0xFF,0xFF,0xFF,0xFF,0xFF,0xFF,0xFF,0xFF,0xFF,0xFF,0xFF,0xFF,0xFF,0xFF,0xFF,0xFF,0xFF,0xFF,0xFF,0xFF,0xFF,0xFF,0xFF,0xFF,0xDF,0xFF,0xFF,
    0xFF,0xFF,0xFF,0xBE,0xF7,0xFF,0xFF,0xFF,0xFF,0xFF,0xFF,0xFF,0xFF,0xFF,0xFF,0xFF,0xFF,0xFF,0xFF,0xFF,0xFF,0xFF,0xFF,0xFF,0xFF,0xFF,0xFF,0xFF,0xFF,0xFF,0xFF,0xFF,0xFF,0xFF,0xFF,0xFF,
    0xFF,0xFF,0xFF,0xFF,0xFF,0xFF,0xFF,0xFF,0xFF,0xFF,0xFF,0xFF,0xFF,0xFF,0xFF,0xFF,0xFF,0xFF,0xFF,0xFF,0xFF,0xBE,0xF7,0xFF,0xDF,0xFF,0xFF,0xFF,0xFF,0xFF,0xFF,0xFF,0xFF,0xBE,0xF7,0xFF,
    0xFF,0xFF,0xFF,0xFF,0xFF,0xFF,0xFF,0xFF,0xFF,0xFF,0xFF,0xFF,0xFF,0xFF,0xFF,0xFF,0xFF,0xFF,0xFF,0xFF,0xFF,0xFF,0xFF,0xFF,0xFF,0xFF,0xFF,0xFF,0xFF,0xFF,0xFF,0xFF,0xFF,0xFF,0xFF,0xFF,
    0xDF,0xFF,0xFF,0x9E,0xF7,0xFF,0xFF,0xFF,0xFF,0xDF,0xFF,0xFF,0xBE,0xF7,0xFF,0xFF,0xFF,0xFF,0xFF,0xFF,0xFF,0xFF,0xFF,0xFF,0xFF,0xFF,0xFF,0xFF,0xFF,0xFF,0xFF,0xFF,0xFF,0xFF,0xFF,0xFF,
    0x5D,0xEF,0xFF,0xFF,0xFF,0xFF,0xFF,0xFF,0xFF,0xFF,0xFF,0xFF,0xFF,0xFF,0xFF,0xDF,0xFF,0xFF,0xFF,0xFF,0xFF,0xBE,0xF7,0xFF,0xFF,0xFF,0xFF,0xFF,0xFF,0xFF,0xBE,0xF7,0xFF,0xFF,0xFF,0xFF,
    0xFF,0xFF,0xFF,0xFF,0xFF,0xFF,0xBE,0xF7,0xFF,0xFF,0xFF,0xFF,0xBE,0xF7,0xFF,0xFF,0xFF,0xFF,0xBE,0xF7,0xFF,0xFF,0xFF,0xFF,0x9E,0xF7,0xFF,0xFF,0xFF,0xFF,0xFF,0xFF,0xFF,0xFF,0xFF,0xFF,
    0xDF,0xFF,0xFF,0xFF,0xFF,0xFF,0xFF,0xFF,0xFF,0xBE,0xF7,0xFF,0xFF,0xFF,0xFF,0xFF,0xFF,0xFF,0x9E,0xF7,0xFF,0xFF,0xFF,0xFF,0x9E,0xF7,0xFF,0xFF,0xFF,0xFF,0xFF,0xFF,0xFF,0xFF,0xFF,0xFF,
    0xFF,0xFF,0xFF,0xFF,0xFF,0xFF,0xFF,0xFF,0xFF,0xFF,0xFF,0xFF,0xFF,0xFF,0xFF,0xFF,0xFF,0xFF,0xFF,0xFF,0xFF,0xFF,0xFF,0xFF,0x9E,0xF7,0xFF,0xDF,0xFF,0xFF,0xFF,0xFF,0xFF,0xFF,0xFF,0xFF,
    0x9E,0xF7,0xFF,0xFF,0xFF,0xFF,0xDE,0xFF,0xFF,0xDE,0xFF,0xFF,0xFF,0xFF,0xFF,0xDF,0xFF,0xFF,0xDF,0xFF,0xFF,0xFF,0xFF,0xFF,0x4A,0x63,0xFF,0x00,0x19,0xFF,0x60,0x08,0xFF,0x2A,0xBE,0xFF,
    0x8B,0xE7,0xFF,0xE8,0xF7,0xFF,0xA4,0xEF,0xFF,0xE4,0xFF,0xFF,0xA0,0xEF,0xFF,0xC1,0xF7,0xFF,0xA2,0xEF,0xFF,0xE4,0xF7,0xFF,0xA4,0xEF,0xFF,0xA6,0xEF,0xFF,0x89,0xEF,0xFF,0xAD,0xF7,0xFF,
    0xC9,0xB5,0xFF,0xE0,0x39,0xFF,0x60,0x08,0xFF,0x20,0x00,0xFF,0x80,0x10,0xFF,0x40,0x08,0xFF,0x00,0x00,0xFF,0x21,0x00,0xFF,0x02,0x00,0xFF,0x02,0x00,0xFF,0x00,0x00,0xFF,0x00,0x00,0xFF,
    0x00,0x00,0xFF,0x00,0x00,0xFF,0x00,0x00,0xFF,0x00,0x00,0xFF,0x00,0x00,0xFF,0x00,0x00,0xFF,0x20,0x00,0xFF,0x00,0x00,0xFF,0x01,0x00,0xFF,0x23,0x08,0xFF,0x22,0x08,0xFF,0x00,0x00,0xFF,
    0x22,0x08,0xFF,0x21,0x00,0xFF,0x00,0x00,0xFF,0x60,0x08,0xFF,0xA8,0xAD,0xFF,0xEA,0xF7,0xFF,0xC3,0xE7,0xFF,0xE1,0xEF,0xFF,0xE2,0xFF,0xFF,0xA0,0xE7,0xFF,0xE2,0xF7,0xFF,0xE1,0xF7,0xFF,
    0xE0,0xF7,0xFF,0xE0,0xF7,0xFF,0xE0,0xF7,0xFF,0xE0,0xF7,0xFF,0xE1,0xF7,0xFF,0xE1,0xF7,0xFF,0xE2,0xEF,0xFF,0xA4,0xE7,0xFF,0xE9,0xEF,0xFF,0x0C,0xDF,0xFF,0xA0,0x10,0xFF,0x40,0x00,0xFF,
    0x00,0x00,0xFF,0x21,0x00,0xFF,0x42,0x00,0xFF,0x21,0x00,0xFF,0x20,0x00,0xFF,0x00,0x00,0xFF,0x00,0x00,0xFF,0x20,0x00,0xFF,0x20,0x08,0xFF,0x2D,0x6B,0xFF,0xFF,0xFF,0xFF,0x9E,0xF7,0xFF,
    0x7D,0xEF,0xFF,0xA6,0x31,0xFF,0xD7,0xBD,0xFF,0xFF,0xFF,0xFF,0xFF,0xFF,0xFF,0xDF,0xFF,0xFF,0xFF,0xFF,0xFF,0xFF,0xFF,0xFF,0xFF,0xFF,0xFF,0xFF,0xFF,0xFF,0xFF,0xFF,0xFF,0xFF,0xFF,0xFF,
    0xFF,0xFF,0xFF,0xFF,0xFF,0xFF,0xFF,0xFF,0xFF,0xFF,0xFF,0xFF,0xFF,0xFF,0xFF,0xFF,0xFF,0xFF,0xFF,0xFF,0xFF,0xFF,0xFF,0xFF,0xFF,0xFF,0xFF,0xFF,0xFF,0xFF,0xFF,0xFF,0xFF,0xFF,0xFF,0xFF,
    0xFF,0xFF,0xFF,0xFF,0xFF,0xFF,0xFF,0xFF,0xFF,0xFF,0xFF,0xFF,0xFF,0xFF,0xFF,0xFF,0xFF,0xFF,0xFF,0xFF,0xFF,0xFF,0xFF,0xFF,0xFF,0xFF,0xFF,0xFF,0xFF,0xFF,0xFF,0xFF,0xFF,0xFF,0xFF,0xFF,
    0xFF,0xFF,0xFF,0xFF,0xFF,0xFF,0xFF,0xFF,0xFF,0xFF,0xFF,0xFF,0xFF,0xFF,0xFF,0xFF,0xFF,0xFF,0xFF,0xFF,0xFF,0xFF,0xFF,0xFF,0xFF,0xFF,0xFF,0xFF,0xFF,0xFF,0xFF,0xFF,0xFF,0xFF,0xFF,0xFF,
    0xFF,0xFF,0xFF,0xFF,0xFF,0xFF,0xFF,0xFF,0xFF,0xFF,0xFF,0xFF,0xFF,0xFF,0xFF,0xFF,0xFF,0xFF,0xFF,0xFF,0xFF,0xFF,0xFF,0xFF,0xFF,0xFF,0xFF,0xFF,0xFF,0xFF,0xFF,0xFF,0xFF,0xFF,0xFF,0xFF,
    0xFF,0xFF,0xFF,0xFF,0xFF,0xFF,0xFF,0xFF,0xFF,0xFF,0xFF,0xFF,0xFF,0xFF,0xFF,0xFF,0xFF,0xFF,0xFF,0xFF,0xFF,0xFF,0xFF,0xFF,0xFF,0xFF,0xFF,0xFF,0xFF,0xFF,0xFF,0xFF,0xFF,0xFF,0xFF,0xFF,
    0xFF,0xFF,0xFF,0xFF,0xFF,0xFF,0xFF,0xFF,0xFF,0xFF,0xFF,0xFF,0xFF,0xFF,0xFF,0xFF,0xFF,0xFF,0xFF,0xFF,0xFF,0xFF,0xFF,0xFF,0xFF,0xFF,0xFF,0xFF,0xFF,0xFF,0xFF,0xFF,0xFF,0xFF,0xFF,0xFF,
    0xFF,0xFF,0xFF,0xFF,0xFF,0xFF,0xFF,0xFF,0xFF,0xFF,0xFF,0xFF,0xFF,0xFF,0xFF,0xFF,0xFF,0xFF,0xFF,0xFF,0xFF,0xFF,0xFF,0xFF,0xFF,0xFF,0xFF,0xFF,0xFF,0xFF,0xFF,0xFF,0xFF,0xFF,0xFF,0xFF,
    0xFF,0xFF,0xFF,0xFF,0xFF,0xFF,0xFF,0xFF,0xFF,0xFF,0xFF,0xFF,0xFF,0xFF,0xFF,0x7D,0xEF,0xFF,0xFF,0xFF,0xFF,0xFF,0xFF,0xFF,0xFF,0xFF,0xFF,0xBE,0xF7,0xFF,0xFF,0xFF,0xFF,0xFF,0xFF,0xFF,
    0xFF,0xFF,0xFF,0xFF,0xFF,0xFF,0x9E,0xF7,0xFF,0xFF,0xFF,0xFF,0xFF,0xFF,0xFF,0xDF,0xFF,0xFF,0xFF,0xFF,0xFF,0xFF,0xFF,0xFF,0xBE,0xF7,0xFF,0xFF,0xFF,0xFF,0xDF,0xFF,0xFF,0xFF,0xFF,0xFF,
    0xFF,0xFF,0xFF,0xFF,0xFF,0xFF,0xDF,0xFF,0xFF,0xFF,0xFF,0xFF,0xFF,0xFF,0xFF,0xFF,0xFF,0xFF,0xFF,0xFF,0xFF,0x9E,0xF7,0xFF,0xFF,0xFF,0xFF,0xBE,0xF7,0xFF,0xFF,0xFF,0xFF,0xFF,0xFF,0xFF,
    0xFF,0xFF,0xFF,0xFF,0xFF,0xFF,0xDF,0xFF,0xFF,0xFF,0xFF,0xFF,0xFF,0xFF,0xFF,0xDF,0xFF,0xFF,0xFF,0xFF,0xFF,0xFF,0xFF,0xFF,0xFF,0xFF,0xFF,0xFF,0xFF,0xFF,0xFF,0xFF,0xFF,0xDF,0xFF,0xFF,
    0xFF,0xFF,0xFF,0xFF,0xFF,0xFF,0xFF,0xFF,0xFF,0xFF,0xFF,0xFF,0x9E,0xF7,0xFF,0xFF,0xFF,0xFF,0xFF,0xFF,0xFF,0xFF,0xFF,0xFF,0xBE,0xF7,0xFF,0xFF,0xFF,0xFF,0xFF,0xFF,0xFF,0xFF,0xFF,0xFF,
    0xFF,0xFF,0xFF,0xBE,0xF7,0xFF,0xFF,0xFF,0xFF,0xBE,0xF7,0xFF,0xDF,0xFF,0xFF,0xFF,0xFF,0xFF,0xFF,0xFF,0xFF,0xFF,0xFF,0xFF,0xFF,0xFF,0xFF,0xFF,0xFF,0xFF,0xFF,0xFF,0xFF,0xDF,0xFF,0xFF,
    0xFF,0xFF,0xFF,0xFF,0xFF,0xFF,0xFF,0xFF,0xFF,0xFF,0xFF,0xFF,0xFF,0xFF,0xFF,0xFF,0xFF,0xFF,0xFF,0xFF,0xFF,0xFF,0xFF,0xFF,0x7D,0xEF,0xFF,0xFF,0xFF,0xFF,0xBE,0xF7,0xFF,0xFF,0xFF,0xFF,
    0xDF,0xFF,0xFF,0xFF,0xFF,0xFF,0xFF,0xFF,0xFF,0xFF,0xFF,0xFF,0xFF,0xFF,0xFF,0xDF,0xFF,0xFF,0xFF,0xFF,0xFF,0xFF,0xFF,0xFF,0xDF,0xFF,0xFF,0xFF,0xFF,0xFF,0xFF,0xFF,0xFF,0xBE,0xF7,0xFF,
    0xFF,0xFF,0xFF,0xFF,0xFF,0xFF,0xFF,0xFF,0xFF,0xFF,0xFF,0xFF,0xFF,0xFF,0xFF,0xFF,0xFF,0xFF,0xFF,0xFF,0xFF,0xDF,0xFF,0xFF,0x9E,0xF7,0xFF,0xFF,0xFF,0xFF,0xFF,0xFF,0xFF,0xDF,0xFF,0xFF,
    0xFF,0xFF,0xFF,0xDF,0xFF,0xFF,0xFF,0xFF,0xFF,0xDF,0xFF,0xFF,0xFF,0xFF,0xFF,0xFF,0xFF,0xFF,0xFF,0xFF,0xFF,0xFF,0xFF,0xFF,0xFF,0xFF,0xFF,0xFF,0xFF,0xFF,0xFF,0xFF,0xFF,0xFF,0xFF,0xFF,
    0xFF,0xFF,0xFF,0xFF,0xFF,0xFF,0xFF,0xFF,0xFF,0xFF,0xFF,0xFF,0xFF,0xFF,0xFF,0xDF,0xFF,0xFF,0xFF,0xFF,0xFF,0xDF,0xFF,0xFF,0xFF,0xFF,0xFF,0xDF,0xFF,0xFF,0xDF,0xFF,0xFF,0xFF,0xFF,0xFF,
    0xBE,0xF7,0xFF,0xFF,0xFF,0xFF,0xFF,0xFF,0xFF,0xFF,0xFF,0xFF,0xFF,0xFF,0xFF,0xFF,0xFF,0xFF,0xFF,0xFF,0xFF,0xFF,0xFF,0xFF,0xFF,0xFF,0xFF,0xFF,0xFF,0xFF,0xFF,0xFF,0xFF,0xFF,0xFF,0xFF,
    0xFF,0xFF,0xFF,0xFF,0xFF,0xFF,0xDF,0xFF,0xFF,0xFF,0xFF,0xFF,0xFF,0xFF,0xFF,0xBE,0xF7,0xFF,0xFF,0xFF,0xFF,0xDF,0xFF,0xFF,0xFF,0xFF,0xFF,0xFF,0xFF,0xFF,0xFF,0xFF,0xFF,0xFF,0xFF,0xFF,
    0xFF,0xFF,0xFF,0xFF,0xFF,0xFF,0xFF,0xFF,0xFF,0xFF,0xFF,0xFF,0xBE,0xF7,0xFF,0xFF,0xFF,0xFF,0xFF,0xFF,0xFF,0xFF,0xFF,0xFF,0xDF,0xFF,0xFF,0xFF,0xFF,0xFF,0xFF,0xFF,0xFF,0xBE,0xF7,0xFF,
    0xFF,0xFF,0xFF,0xFF,0xFF,0xFF,0xDF,0xFF,0xFF,0xDF,0xFF,0xFF,0xFF,0xFF,0xFF,0xFF,0xFF,0xFF,0xFF,0xFF,0xFF,0xDF,0xFF,0xFF,0xDF,0xFF,0xFF,0xBE,0xF7,0xFF,0xFF,0xFF,0xFF,0xFF,0xFF,0xFF,
    0xFF,0xFF,0xFF,0xFF,0xFF,0xFF,0xFF,0xFF,0xFF,0xDF,0xFF,0xFF,0xFF,0xFF,0xFF,0xDF,0xFF,0xFF,0xBE,0xF7,0xFF,0xFF,0xFF,0xFF,0xFF,0xFF,0xFF,0xFF,0xFF,0xFF,0xFF,0xFF,0xFF,0xFF,0xFF,0xFF,
    0xFF,0xFF,0xFF,0xFF,0xFF,0xFF,0xDF,0xFF,0xFF,0xFF,0xFF,0xFF,0xFF,0xFF,0xFF,0xFF,0xFF,0xFF,0xBE,0xF7,0xFF,0xFF,0xFF,0xFF,0xFF,0xFF,0xFF,0xFF,0xFF,0xFF,0xFF,0xFF,0xFF,0xFF,0xFF,0xFF,
    0xFF,0xFF,0xFF,0xBE,0xF7,0xFF,0xFF,0xFF,0xFF,0xFF,0xFF,0xFF,0xFF,0xFF,0xFF,0xFF,0xFF,0xFF,0xFF,0xFF,0xFF,0xFF,0xFF,0xFF,0xFF,0xFF,0xFF,0xFF,0xFF,0xFF,0xFF,0xFF,0xFF,0xFF,0xFF,0xFF,
    0xDF,0xFF,0xFF,0xFF,0xFF,0xFF,0xFF,0xFF,0xFF,0xFF,0xFF,0xFF,0xFF,0xFF,0xFF,0xBE,0xF7,0xFF,0xFF,0xFF,0xFF,0x9E,0xF7,0xFF,0xFF,0xFF,0xFF,0xFF,0xFF,0xFF,0xBF,0xFF,0xFF,0xFF,0xFF,0xFF,
    0xFF,0xFF,0xFF,0xE5,0x39,0xFF,0x80,0x08,0xFF,0x80,0x00,0xFF,0x2C,0xD7,0xFF,0xEB,0xEF,0xFF,0xE6,0xEF,0xFF,0xA2,0xE7,0xFF,0xE2,0xF7,0xFF,0xE1,0xF7,0xFF,0xA0,0xEF,0xFF,0xE2,0xFF,0xFF,
    0xE2,0xFF,0xFF,0xE1,0xF7,0xFF,0xA2,0xEF,0xFF,0xC3,0xEF,0xFF,0xE6,0xF7,0xFF,0xA6,0xEF,0xFF,0x88,0xE7,0xFF,0x6A,0xE7,0xFF,0x8D,0xE7,0xFF,0x00,0x5B,0xFF,0xA0,0x08,0xFF,0x40,0x00,0xFF,
    0x20,0x00,0xFF,0x60,0x08,0xFF,0x00,0x00,0xFF,0x21,0x00,0xFF,0x00,0x00,0xFF,0x20,0x00,0xFF,0x00,0x00,0xFF,0x00,0x00,0xFF,0x01,0x00,0xFF,0x01,0x00,0xFF,0x00,0x00,0xFF,0x20,0x00,0xFF,
    0x20,0x00,0xFF,0x20,0x00,0xFF,0x01,0x00,0xFF,0x02,0x00,0xFF,0x41,0x08,0xFF,0x00,0x00,0xFF,0x41,0x08,0xFF,0x00,0x00,0xFF,0x00,0x00,0xFF,0x80,0x08,0xFF,0xA0,0x08,0xFF,0x6C,0xE7,0xFF,
    0xE8,0xF7,0xFF,0xC2,0xE7,0xFF,0xA0,0xE7,0xFF,0xE1,0xF7,0xFF,0xE2,0xF7,0xFF,0xC2,0xF7,0xFF,0xC2,0xF7,0xFF,0xE1,0xF7,0xFF,0xE0,0xF7,0xFF,0xE0,0xF7,0xFF,0xE0,0xF7,0xFF,0xE0,0xF7,0xFF,
    0xE1,0xFF,0xFF,0xC1,0xE7,0xFF,0x64,0xDF,0xFF,0x6A,0xE7,0xFF,0x00,0x3A,0xFF,0x80,0x10,0xFF,0x40,0x08,0xFF,0x01,0x00,0xFF,0x01,0x00,0xFF,0x00,0x00,0xFF,0x40,0x00,0xFF,0x40,0x00,0xFF,
    0x00,0x00,0xFF,0x20,0x00,0xFF,0x00,0x00,0xFF,0x72,0x94,0xFF,0xFF,0xFF,0xFF,0xFF,0xFF,0xFF,0x9E,0xF7,0xFF,0xFF,0xFF,0xFF,0x9E,0xF7,0xFF,0xFF,0xFF,0xFF,0xFF,0xFF,0xFF,0xFF,0xFF,0xFF,
    0xFF,0xFF,0xFF,0xFF,0xFF,0xFF,0xFF,0xFF,0xFF,0xFF,0xFF,0xFF,0xFF,0xFF,0xFF,0xFF,0xFF,0xFF,0xFF,0xFF,0xFF,0xFF,0xFF,0xFF,0xFF,0xFF,0xFF,0xFF,0xFF,0xFF,0xFF,0xFF,0xFF,0xFF,0xFF,0xFF,
    0xFF,0xFF,0xFF,0xFF,0xFF,0xFF,0xFF,0xFF,0xFF,0xFF,0xFF,0xFF,0xFF,0xFF,0xFF,0xFF,0xFF,0xFF,0xFF,0xFF,0xFF,0xFF,0xFF,0xFF,0xFF,0xFF,0xFF,0xFF,0xFF,0xFF,0xFF,0xFF,0xFF,0xFF,0xFF,0xFF,
    0xFF,0xFF,0xFF,0xFF,0xFF,0xFF,0xFF,0xFF,0xFF,0xFF,0xFF,0xFF,0xFF,0xFF,0xFF,0xFF,0xFF,0xFF,0xFF,0xFF,0xFF,0xFF,0xFF,0xFF,0xFF,0xFF,0xFF,0xFF,0xFF,0xFF,0xFF,0xFF,0xFF,0xFF,0xFF,0xFF,
    0xFF,0xFF,0xFF,0xFF,0xFF,0xFF,0xFF,0xFF,0xFF,0xFF,0xFF,0xFF,0xFF,0xFF,0xFF,0xFF,0xFF,0xFF,0xFF,0xFF,0xFF,0xFF,0xFF,0xFF,0xFF,0xFF,0xFF,0xFF,0xFF,0xFF,0xFF,0xFF,0xFF,0xFF,0xFF,0xFF,
    0xFF,0xFF,0xFF,0xFF,0xFF,0xFF,0xFF,0xFF,0xFF,0xFF,0xFF,0xFF,0xFF,0xFF,0xFF,0xFF,0xFF,0xFF,0xFF,0xFF,0xFF,0xFF,0xFF,0xFF,0xFF,0xFF,0xFF,0xFF,0xFF,0xFF,0xFF,0xFF,0xFF,0xFF,0xFF,0xFF,
    0xFF,0xFF,0xFF,0xFF,0xFF,0xFF,0xFF,0xFF,0xFF,0xFF,0xFF,0xFF,0xFF,0xFF,0xFF,0xFF,0xFF,0xFF,0xFF,0xFF,0xFF,0xFF,0xFF,0xFF,0xFF,0xFF,0xFF,0xFF,0xFF,0xFF,0xFF,0xFF,0xFF,0xFF,0xFF,0xFF,
    0xFF,0xFF,0xFF,0xFF,0xFF,0xFF,0xFF,0xFF,0xFF,0xFF,0xFF,0xFF,0xFF,0xFF,0xFF,0xFF,0xFF,0xFF,0xFF,0xFF,0xFF,0xFF,0xFF,0xFF,0xFF,0xFF,0xFF,0xFF,0xFF,0xFF,0xFF,0xFF,0xFF,0xFF,0xFF,0xFF,
    0xFF,0xFF,0xFF,0xFF,0xFF,0xFF,0xFF,0xFF,0xFF,0xFF,0xFF,0xFF,0xFF,0xFF,0xFF,0xFF,0xFF,0xFF,0xFF,0xFF,0xFF,0xFF,0xFF,0xFF,0xFF,0xFF,0xFF,0x9E,0xF7,0xFF,0xFF,0xFF,0xFF,0xFF,0xFF,0xFF,
    0x9E,0xF7,0xFF,0xFF,0xFF,0xFF,0xFF,0xFF,0xFF,0xFF,0xFF,0xFF,0xFF,0xFF,0xFF,0x9E,0xF7,0xFF,0xFF,0xFF,0xFF,0xFF,0xFF,0xFF,0xFF,0xFF,0xFF,0xFF,0xFF,0xFF,0xFF,0xFF,0xFF,0xFF,0xFF,0xFF,
    0xFF,0xFF,0xFF,0xFF,0xFF,0xFF,0xFF,0xFF,0xFF,0xFF,0xFF,0xFF,0xBE,0xF7,0xFF,0xFF,0xFF,0xFF,0xFF,0xFF,0xFF,0xFF,0xFF,0xFF,0xFF,0xFF,0xFF,0xFF,0xFF,0xFF,0xDF,0xFF,0xFF,0xDF,0xFF,0xFF,
    0xFF,0xFF,0xFF,0xFF,0xFF,0xFF,0xFF,0xFF,0xFF,0xDF,0xFF,0xFF,0xFF,0xFF,0xFF,0xBE,0xF7,0xFF,0xDF,0xFF,0xFF,0xFF,0xFF,0xFF,0xDF,0xFF,0xFF,0xFF,0xFF,0xFF,0xDF,0xFF,0xFF,0xFF,0xFF,0xFF,
    0xFF,0xFF,0xFF,0xFF,0xFF,0xFF,0xFF,0xFF,0xFF,0xFF,0xFF,0xFF,0xDF,0xFF,0xFF,0xFF,0xFF,0xFF,0xFF,0xFF,0xFF,0xDF,0xFF,0xFF,0xDF,0xFF,0xFF,0xFF,0xFF,0xFF,0xFF,0xFF,0xFF,0xFF,0xFF,0xFF,
    0xFF,0xFF,0xFF,0xFF,0xFF,0xFF,0xFF,0xFF,0xFF,0xFF,0xFF,0xFF,0xFF,0xFF,0xFF,0xDF,0xFF,0xFF,0xFF,0xFF,0xFF,0xFF,0xFF,0xFF,0xBE,0xF7,0xFF,0xFF,0xFF,0xFF,0xFF,0xFF,0xFF,0xDF,0xFF,0xFF,
    0xFF,0xFF,0xFF,0xFF,0xFF,0xFF,0xFF,0xFF,0xFF,0xFF,0xFF,0xFF,0xBE,0xF7,0xFF,0xFF,0xFF,0xFF,0xFF,0xFF,0xFF,0xFF,0xFF,0xFF,0xFF,0xFF,0xFF,0xFF,0xFF,0xFF,0xFF,0xFF,0xFF,0xFF,0xFF,0xFF,
    0xFF,0xFF,0xFF,0xFF,0xFF,0xFF,0xFF,0xFF,0xFF,0xFF,0xFF,0xFF,0xDF,0xFF,0xFF,0xFF,0xFF,0xFF,0xFF,0xFF,0xFF,0xDF,0xFF,0xFF,0xDF,0xFF,0xFF,0xFF,0xFF,0xFF,0xDF,0xFF,0xFF,0xFF,0xFF,0xFF,
    0xFF,0xFF,0xFF,0xFF,0xFF,0xFF,0xFF,0xFF,0xFF,0xDF,0xFF,0xFF,0xFF,0xFF,0xFF,0xFF,0xFF,0xFF,0xFF,0xFF,0xFF,0xFF,0xFF,0xFF,0xDF,0xFF,0xFF,0xFF,0xFF,0xFF,0xFF,0xFF,0xFF,0xFF,0xFF,0xFF,
    0xFF,0xFF,0xFF,0xFF,0xFF,0xFF,0xFF,0xFF,0xFF,0xFF,0xFF,0xFF,0x9E,0xF7,0xFF,0xFF,0xFF,0xFF,0xFF,0xFF,0xFF,0xFF,0xFF,0xFF,0xFF,0xFF,0xFF,0xFF,0xFF,0xFF,0xFF,0xFF,0xFF,0xFF,0xFF,0xFF,
    0xFF,0xFF,0xFF,0xFF,0xFF,0xFF,0xFF,0xFF,0xFF,0xFF,0xFF,0xFF,0xFF,0xFF,0xFF,0xFF,0xFF,0xFF,0xFF,0xFF,0xFF,0xFF,0xFF,0xFF,0xFF,0xFF,0xFF,0xBE,0xF7,0xFF,0xFF,0xFF,0xFF,0xFF,0xFF,0xFF,
    0xBE,0xF7,0xFF,0xFF,0xFF,0xFF,0xFF,0xFF,0xFF,0xFF,0xFF,0xFF,0xFF,0xFF,0xFF,0xFF,0xFF,0xFF,0xDF,0xFF,0xFF,0xFF,0xFF,0xFF,0xDF,0xFF,0xFF,0xFF,0xFF,0xFF,0xFF,0xFF,0xFF,0xFF,0xFF,0xFF,
    0xFF,0xFF,0xFF,0xFF,0xFF,0xFF,0xFF,0xFF,0xFF,0xFF,0xFF,0xFF,0xFF,0xFF,0xFF,0xFF,0xFF,0xFF,0xFF,0xFF,0xFF,0xFF,0xFF,0xFF,0xFF,0xFF,0xFF,0xFF,0xFF,0xFF,0xFF,0xFF,0xFF,0xFF,0xFF,0xFF,
    0xDF,0xFF,0xFF,0xFF,0xFF,0xFF,0xFF,0xFF,0xFF,0xFF,0xFF,0xFF,0xFF,0xFF,0xFF,0xFF,0xFF,0xFF,0xFF,0xFF,0xFF,0xFF,0xFF,0xFF,0xFF,0xFF,0xFF,0xDF,0xFF,0xFF,0xFF,0xFF,0xFF,0xFF,0xFF,0xFF,
    0xFF,0xFF,0xFF,0xBE,0xF7,0xFF,0xFF,0xFF,0xFF,0xBE,0xF7,0xFF,0xDF,0xFF,0xFF,0xFF,0xFF,0xFF,0xFF,0xFF,0xFF,0xDF,0xFF,0xFF,0xFF,0xFF,0xFF,0xFF,0xFF,0xFF,0xDF,0xFF,0xFF,0xFF,0xFF,0xFF,
    0xDF,0xFF,0xFF,0xFF,0xFF,0xFF,0xFF,0xFF,0xFF,0xFF,0xFF,0xFF,0xFF,0xFF,0xFF,0xFF,0xFF,0xFF,0xDF,0xFF,0xFF,0xDF,0xFF,0xFF,0xFF,0xFF,0xFF,0xFF,0xFF,0xFF,0xDF,0xFF,0xFF,0xFF,0xFF,0xFF,
    0xDF,0xFF,0xFF,0xFF,0xFF,0xFF,0xFF,0xFF,0xFF,0xDF,0xFF,0xFF,0xFF,0xFF,0xFF,0xFF,0xFF,0xFF,0xFF,0xFF,0xFF,0xDF,0xFF,0xFF,0xFF,0xFF,0xFF,0xFF,0xFF,0xFF,0xDF,0xFF,0xFF,0xFF,0xFF,0xFF,
    0xFF,0xFF,0xFF,0xFF,0xFF,0xFF,0xFF,0xFF,0xFF,0xFF,0xFF,0xFF,0xFF,0xFF,0xFF,0xFF,0xFF,0xFF,0xBE,0xF7,0xFF,0xFF,0xFF,0xFF,0xFF,0xFF,0xFF,0xDF,0xFF,0xFF,0xFF,0xFF,0xFF,0xFF,0xFF,0xFF,
    0xFF,0xFF,0xFF,0xFF,0xFF,0xFF,0xFF,0xFF,0xFF,0xFF,0xFF,0xFF,0xFF,0xFF,0xFF,0xFF,0xFF,0xFF,0xFF,0xFF,0xFF,0xFF,0xFF,0xFF,0xFF,0xFF,0xFF,0xDE,0xFF,0xFF,0xFF,0xFF,0xFF,0xFF,0xFF,0xFF,
    0xDF,0xFF,0xFF,0xFF,0xFF,0xFF,0xDF,0xFF,0xFF,0xFF,0xFF,0xFF,0xBF,0xF7,0xFF,0xFF,0xFF,0xFF,0xC1,0x18,0xFF,0x20,0x00,0xFF,0xA0,0x31,0xFF,0x6E,0xE7,0xFF,0xEB,0xEF,0xFF,0x85,0xE7,0xFF,
    0xA3,0xE7,0xFF,0xE2,0xFF,0xFF,0xC0,0xEF,0xFF,0xE0,0xEF,0xFF,0xE1,0xFF,0xFF,0xC0,0xEF,0xFF,0xE0,0xF7,0xFF,0xC0,0xEF,0xFF,0xE3,0xFF,0xFF,0xC1,0xEF,0xFF,0xE2,0xEF,0xFF,0xC2,0xEF,0xFF,
    0xE4,0xEF,0xFF,0xC4,0xE7,0xFF,0xC6,0xE7,0xFF,0x88,0xE7,0xFF,0xAD,0xEF,0xFF,0x85,0x8C,0xFF,0xC0,0x10,0xFF,0x20,0x00,0xFF,0x20,0x00,0xFF,0x00,0x00,0xFF,0x20,0x00,0xFF,0x00,0x00,0xFF,
    0x00,0x00,0xFF,0x00,0x00,0xFF,0x01,0x00,0xFF,0x01,0x00,0xFF,0x00,0x00,0xFF,0x00,0x00,0xFF,0x20,0x00,0xFF,0x20,0x00,0xFF,0x22,0x00,0xFF,0x01,0x00,0xFF,0x00,0x00,0xFF,0x00,0x00,0xFF,
    0x20,0x00,0xFF,0x20,0x00,0xFF,0x00,0x00,0xFF,0x20,0x00,0xFF,0x80,0x10,0xFF,0x8C,0xC6,0xFF,0xC9,0xEF,0xFF,0xE5,0xEF,0xFF,0xC3,0xEF,0xFF,0xE4,0xF7,0xFF,0xC4,0xEF,0xFF,0xC3,0xEF,0xFF,
    0xC2,0xF7,0xFF,0xE1,0xF7,0xFF,0xE0,0xF7,0xFF,0xE0,0xF7,0xFF,0xE0,0xF7,0xFF,0xE0,0xF7,0xFF,0xC0,0xE7,0xFF,0xE3,0xF7,0xFF,0xE6,0xEF,0xFF,0x8B,0xE7,0xFF,0x92,0xEF,0xFF,0x20,0x00,0xFF,
    0x00,0x00,0xFF,0x22,0x00,0xFF,0x42,0x00,0xFF,0x00,0x00,0xFF,0x40,0x00,0xFF,0x20,0x00,0xFF,0x20,0x00,0xFF,0x40,0x00,0xFF,0x00,0x00,0xFF,0x35,0xAD,0xFF,0xDF,0xFF,0xFF,0xFF,0xFF,0xFF,
    0xDF,0xFF,0xFF,0xFF,0xFF,0xFF,0xBE,0xF7,0xFF,0xDF,0xFF,0xFF,0xDF,0xFF,0xFF,0xFF,0xFF,0xFF,0xFF,0xFF,0xFF,0xFF,0xFF,0xFF,0xFF,0xFF,0xFF,0xFF,0xFF,0xFF,0xFF,0xFF,0xFF,0xFF,0xFF,0xFF,
    0xFF,0xFF,0xFF,0xFF,0xFF,0xFF,0xFF,0xFF,0xFF,0xFF,0xFF,0xFF,0xFF,0xFF,0xFF,0xFF,0xFF,0xFF,0xFF,0xFF,0xFF,0xFF,0xFF,0xFF,0xFF,0xFF,0xFF,0xFF,0xFF,0xFF,0xFF,0xFF,0xFF,0xFF,0xFF,0xFF,
    0xFF,0xFF,0xFF,0xFF,0xFF,0xFF,0xFF,0xFF,0xFF,0xFF,0xFF,0xFF,0xFF,0xFF,0xFF,0xFF,0xFF,0xFF,0xFF,0xFF,0xFF,0xFF,0xFF,0xFF,0xFF,0xFF,0xFF,0xFF,0xFF,0xFF,0xFF,0xFF,0xFF,0xFF,0xFF,0xFF,
    0xFF,0xFF,0xFF,0xFF,0xFF,0xFF,0xFF,0xFF,0xFF,0xFF,0xFF,0xFF,0xFF,0xFF,0xFF,0xFF,0xFF,0xFF,0xFF,0xFF,0xFF,0xFF,0xFF,0xFF,0xFF,0xFF,0xFF,0xFF,0xFF,0xFF,0xFF,0xFF,0xFF,0xFF,0xFF,0xFF,
    0xFF,0xFF,0xFF,0xFF,0xFF,0xFF,0xFF,0xFF,0xFF,0xFF,0xFF,0xFF,0xFF,0xFF,0xFF,0xFF,0xFF,0xFF,0xFF,0xFF,0xFF,0xFF,0xFF,0xFF,0xFF,0xFF,0xFF,0xFF,0xFF,0xFF,0xFF,0xFF,0xFF,0xFF,0xFF,0xFF,
    0xFF,0xFF,0xFF,0xFF,0xFF,0xFF,0xFF,0xFF,0xFF,0xFF,0xFF,0xFF,0xFF,0xFF,0xFF,0xFF,0xFF,0xFF,0xFF,0xFF,0xFF,0xFF,0xFF,0xFF,0xFF,0xFF,0xFF,0xFF,0xFF,0xFF,0xFF,0xFF,0xFF,0xFF,0xFF,0xFF,
    0xFF,0xFF,0xFF,0xFF,0xFF,0xFF,0xFF,0xFF,0xFF,0xFF,0xFF,0xFF,0xFF,0xFF,0xFF,0xFF,0xFF,0xFF,0xFF,0xFF,0xFF,0xFF,0xFF,0xFF,0xFF,0xFF,0xFF,0xFF,0xFF,0xFF,0xFF,0xFF,0xFF,0xFF,0xFF,0xFF,
    0xFF,0xFF,0xFF,0xFF,0xFF,0xFF,0xFF,0xFF,0xFF,0xFF,0xFF,0xFF,0xFF,0xFF,0xFF,0xFF,0xFF,0xFF,0xFF,0xFF,0xFF,0xFF,0xFF,0xFF,0xFF,0xFF,0xFF,0xFF,0xFF,0xFF,0xFF,0xFF,0xFF,0xFF,0xFF,0xFF,
    0xFF,0xFF,0xFF,0xFF,0xFF,0xFF,0xFF,0xFF,0xFF,0xFF,0xFF,0xFF,0xFF,0xFF,0xFF,0xFF,0xFF,0xFF,0xFF,0xFF,0xFF,0xFF,0xFF,0xFF,0xFF,0xFF,0xFF,0xFF,0xFF,0xFF,0xFF,0xFF,0xFF,0xFF,0xFF,0xFF,
    0xFF,0xFF,0xFF,0xFF,0xFF,0xFF,0xFF,0xFF,0xFF,0xFF,0xFF,0xFF,0xFF,0xFF,0xFF,0xFF,0xFF,0xFF,0xFF,0xFF,0xFF,0xFF,0xFF,0xFF,0xFF,0xFF,0xFF,0xFF,0xFF,0xFF,0xFF,0xFF,0xFF,0xFF,0xFF,0xFF,
    0xFF,0xFF,0xFF,0xFF,0xFF,0xFF,0xFF,0xFF,0xFF,0xFF,0xFF,0xFF,0xFF,0xFF,0xFF,0xFF,0xFF,0xFF,0xFF,0xFF,0xFF,0xFF,0xFF,0xFF,0xFF,0xFF,0xFF,0xFF,0xFF,0xFF,0xFF,0xFF,0xFF,0xFF,0xFF,0xFF,
    0xFF,0xFF,0xFF,0xFF,0xFF,0xFF,0xFF,0xFF,0xFF,0xFF,0xFF,0xFF,0xFF,0xFF,0xFF,0xFF,0xFF,0xFF,0xFF,0xFF,0xFF,0xFF,0xFF,0xFF,0xFF,0xFF,0xFF,0xFF,0xFF,0xFF,0xFF,0xFF,0xFF,0xFF,0xFF,0xFF,
    0xFF,0xFF,0xFF,0xFF,0xFF,0xFF,0xFF,0xFF,0xFF,0xFF,0xFF,0xFF,0xFF,0xFF,0xFF,0xFF,0xFF,0xFF,0xFF,0xFF,0xFF,0xFF,0xFF,0xFF,0xFF,0xFF,0xFF,0xFF,0xFF,0xFF,0xFF,0xFF,0xFF,0xFF,0xFF,0xFF,
    0xFF,0xFF,0xFF,0xFF,0xFF,0xFF,0xFF,0xFF,0xFF,0xFF,0xFF,0xFF,0xFF,0xFF,0xFF,0xFF,0xFF,0xFF,0xFF,0xFF,0xFF,0xFF,0xFF,0xFF,0xFF,0xFF,0xFF,0xFF,0xFF,0xFF,0xFF,0xFF,0xFF,0xFF,0xFF,0xFF,
    0xFF,0xFF,0xFF,0xFF,0xFF,0xFF,0xFF,0xFF,0xFF,0xFF,0xFF,0xFF,0xFF,0xFF,0xFF,0xFF,0xFF,0xFF,0xFF,0xFF,0xFF,0xFF,0xFF,0xFF,0xFF,0xFF,0xFF,0xFF,0xFF,0xFF,0xFF,0xFF,0xFF,0xFF,0xFF,0xFF,
    0xFF,0xFF,0xFF,0xFF,0xFF,0xFF,0xFF,0xFF,0xFF,0xFF,0xFF,0xFF,0xFF,0xFF,0xFF,0xFF,0xFF,0xFF,0xFF,0xFF,0xFF,0xFF,0xFF,0xFF,0xFF,0xFF,0xFF,0xFF,0xFF,0xFF,0xFF,0xFF,0xFF,0xFF,0xFF,0xFF,
    0xFF,0xFF,0xFF,0xFF,0xFF,0xFF,0xFF,0xFF,0xFF,0xFF,0xFF,0xFF,0xFF,0xFF,0xFF,0xFF,0xFF,0xFF,0xFF,0xFF,0xFF,0xFF,0xFF,0xFF,0xFF,0xFF,0xFF,0xFF,0xFF,0xFF,0xFF,0xFF,0xFF,0xFF,0xFF,0xFF,
    0xFF,0xFF,0xFF,0xFF,0xFF,0xFF,0xFF,0xFF,0xFF,0xFF,0xFF,0xFF,0xFF,0xFF,0xFF,0xFF,0xFF,0xFF,0xFF,0xFF,0xFF,0xFF,0xFF,0xFF,0xFF,0xFF,0xFF,0xFF,0xFF,0xFF,0xFF,0xFF,0xFF,0xFF,0xFF,0xFF,
    0xFF,0xFF,0xFF,0xFF,0xFF,0xFF,0xFF,0xFF,0xFF,0xFF,0xFF,0xFF,0xFF,0xFF,0xFF,0xFF,0xFF,0xFF,0xFF,0xFF,0xFF,0xFF,0xFF,0xFF,0xFF,0xFF,0xFF,0xFF,0xFF,0xFF,0xFF,0xFF,0xFF,0xFF,0xFF,0xFF,
    0xFF,0xFF,0xFF,0xFF,0xFF,0xFF,0xFF,0xFF,0xFF,0xFF,0xFF,0xFF,0xFF,0xFF,0xFF,0xFF,0xFF,0xFF,0xFF,0xFF,0xFF,0xFF,0xFF,0xFF,0xFF,0xFF,0xFF,0xFF,0xFF,0xFF,0xFF,0xFF,0xFF,0xFF,0xFF,0xFF,
    0xFF,0xFF,0xFF,0xFF,0xFF,0xFF,0xFF,0xFF,0xFF,0xFF,0xFF,0xFF,0xFF,0xFF,0xFF,0xFF,0xFF,0xFF,0xFF,0xFF,0xFF,0xFF,0xFF,0xFF,0xFF,0xFF,0xFF,0xFF,0xFF,0xFF,0xFF,0xFF,0xFF,0xFF,0xFF,0xFF,
    0xFF,0xFF,0xFF,0xFF,0xFF,0xFF,0xFF,0xFF,0xFF,0xFF,0xFF,0xFF,0xFF,0xFF,0xFF,0xFF,0xFF,0xFF,0xFF,0xFF,0xFF,0xFF,0xFF,0xFF,0xFF,0xFF,0xFF,0xFF,0xFF,0xFF,0xFF,0xFF,0xFF,0xFF,0xFF,0xFF,
    0xFF,0xFF,0xFF,0xFF,0xFF,0xFF,0xFF,0xFF,0xFF,0xFF,0xFF,0xFF,0xFF,0xFF,0xFF,0xFF,0xFF,0xFF,0xFF,0xFF,0xFF,0xFF,0xFF,0xFF,0xFF,0xFF,0xFF,0xFF,0xFF,0xFF,0xFF,0xFF,0xFF,0xFF,0xFF,0xFF,
    0xFF,0xFF,0xFF,0xFF,0xFF,0xFF,0xFF,0xFF,0xFF,0xFF,0xFF,0xFF,0xFF,0xFF,0xFF,0xFF,0xFF,0xFF,0xFF,0xFF,0xFF,0xFF,0xFF,0xFF,0xFF,0xFF,0xFF,0xFF,0xFF,0xFF,0xFF,0xFF,0xFF,0xFF,0xFF,0xFF,
    0xFF,0xFF,0xFF,0xFF,0xFF,0xFF,0xFF,0xFF,0xFF,0xFF,0xFF,0xFF,0xFF,0xFF,0xFF,0xFF,0xFF,0xFF,0xFF,0xFF,0xFF,0xFF,0xFF,0xFF,0xFF,0xFF,0xFF,0xFF,0xFF,0xFF,0xFF,0xFF,0xFF,0xFF,0xFF,0xFF,
    0xFF,0xFF,0xFF,0xFF,0xFF,0xFF,0xFF,0xFF,0xFF,0xFF,0xFF,0xFF,0xFF,0xFF,0xFF,0xFF,0xFF,0xFF,0xFF,0xFF,0xFF,0xFF,0xFF,0xFF,0xFF,0xFF,0xFF,0xFF,0xFF,0xFF,0xFF,0xFF,0xFF,0xFF,0xFF,0xFF,
    0xFF,0xFF,0xFF,0xDE,0xFF,0xFF,0xFF,0xFF,0xFF,0xFF,0xFF,0xFF,0xDF,0xFF,0xFF,0xBE,0xF7,0xFF,0xFF,0xFF,0xFF,0xDF,0xF7,0xFF,0xDF,0xFF,0xFF,0xDF,0xFF,0xFF,0x9F,0xF7,0xFF,0x40,0x08,0xFF,
    0x60,0x10,0xFF,0xE0,0x39,0xFF,0x8D,0xEF,0xFF,0xA9,0xF7,0xFF,0x86,0xEF,0xFF,0x83,0xEF,0xFF,0xE3,0xF7,0xFF,0xE1,0xF7,0xFF,0xC0,0xEF,0xFF,0xE0,0xF7,0xFF,0xE1,0xFF,0xFF,0xC0,0xE7,0xFF,
    0xE1,0xEF,0xFF,0xE2,0xEF,0xFF,0xE2,0xEF,0xFF,0xE1,0xEF,0xFF,0xE1,0xEF,0xFF,0xE1,0xEF,0xFF,0xE1,0xEF,0xFF,0xE1,0xEF,0xFF,0xC1,0xE7,0xFF,0xE5,0xFF,0xFF,0x45,0xDF,0xFF,0x49,0xE7,0xFF,
    0xCF,0xFF,0xFF,0xA6,0x9C,0xFF,0xC0,0x20,0xFF,0x00,0x08,0xFF,0x20,0x08,0xFF,0x60,0x10,0xFF,0x00,0x00,0xFF,0x00,0x00,0xFF,0x42,0x08,0xFF,0x42,0x08,0xFF,0x00,0x00,0xFF,0x00,0x00,0xFF,
    0x00,0x00,0xFF,0x00,0x00,0xFF,0x00,0x00,0xFF,0x20,0x00,0xFF,0x20,0x00,0xFF,0x20,0x00,0xFF,0x40,0x00,0xFF,0x20,0x00,0xFF,0x21,0x08,0xFF,0x00,0x00,0xFF,0x60,0x10,0xFF,0xC1,0x52,0xFF,
    0x4A,0xDF,0xFF,0xA8,0xE7,0xFF,0xEB,0xEF,0xFF,0x04,0xB6,0xFF,0xA8,0xE7,0xFF,0xE6,0xF7,0xFF,0xA0,0xE7,0xFF,0xE0,0xEF,0xFF,0xE1,0xF7,0xFF,0xE1,0xFF,0xFF,0xC0,0xF7,0xFF,0xE1,0xF7,0xFF,
    0xC0,0xEF,0xFF,0xE3,0xEF,0xFF,0xC9,0xEF,0xFF,0x2D,0xE7,0xFF,0x12,0xE7,0xFF,0xA0,0x10,0xFF,0x00,0x00,0xFF,0x20,0x00,0xFF,0x01,0x00,0xFF,0x01,0x00,0xFF,0x20,0x00,0xFF,0x20,0x00,0xFF,
    0x20,0x00,0xFF,0x00,0x00,0xFF,0x00,0x00,0xFF,0x59,0xCE,0xFF,0xFF,0xFF,0xFF,0xFF,0xFF,0xFF,0xFF,0xFF,0xFF,0xFF,0xFF,0xFF,0xFF,0xFF,0xFF,0xFF,0xFF,0xFF,0xFF,0xFF,0xFF,0xFF,0xFF,0xFF,
    0xFF,0xFF,0xFF,0xFF,0xFF,0xFF,0xFF,0xFF,0xFF,0xFF,0xFF,0xFF,0xFF,0xFF,0xFF,0xFF,0xFF,0xFF,0xFF,0xFF,0xFF,0xFF,0xFF,0xFF,0xFF,0xFF,0xFF,0xFF,0xFF,0xFF,0xFF,0xFF,0xFF,0xFF,0xFF,0xFF,
    0xFF,0xFF,0xFF,0xFF,0xFF,0xFF,0xFF,0xFF,0xFF,0xFF,0xFF,0xFF,0xFF,0xFF,0xFF,0xFF,0xFF,0xFF,0xFF,0xFF,0xFF,0xFF,0xFF,0xFF,0xFF,0xFF,0xFF,0xFF,0xFF,0xFF,0xFF,0xFF,0xFF,0xFF,0xFF,0xFF,
    0xFF,0xFF,0xFF,0xFF,0xFF,0xFF,0xFF,0xFF,0xFF,0xFF,0xFF,0xFF,0xFF,0xFF,0xFF,0xFF,0xFF,0xFF,0xFF,0xFF,0xFF,0xFF,0xFF,0xFF,0xFF,0xFF,0xFF,0xFF,0xFF,0xFF,0xFF,0xFF,0xFF,0xFF,0xFF,0xFF,
    0xFF,0xFF,0xFF,0xFF,0xFF,0xFF,0xFF,0xFF,0xFF,0xFF,0xFF,0xFF,0xFF,0xFF,0xFF,0xFF,0xFF,0xFF,0xFF,0xFF,0xFF,0xFF,0xFF,0xFF,0xFF,0xFF,0xFF,0xFF,0xFF,0xFF,0xFF,0xFF,0xFF,0xFF,0xFF,0xFF,
    0xFF,0xFF,0xFF,0xFF,0xFF,0xFF,0xFF,0xFF,0xFF,0xFF,0xFF,0xFF,0xFF,0xFF,0xFF,0xFF,0xFF,0xFF,0xFF,0xFF,0xFF,0xFF,0xFF,0xFF,0xFF,0xFF,0xFF,0xFF,0xFF,0xFF,0xFF,0xFF,0xFF,0xFF,0xFF,0xFF,
    0xFF,0xFF,0xFF,0xFF,0xFF,0xFF,0xFF,0xFF,0xFF,0xFF,0xFF,0xFF,0xFF,0xFF,0xFF,0xFF,0xFF,0xFF,0xFF,0xFF,0xFF,0xFF,0xFF,0xFF,0xFF,0xFF,0xFF,0xFF,0xFF,0xFF,0xFF,0xFF,0xFF,0xFF,0xFF,0xFF,
    0xFF,0xFF,0xFF,0xFF,0xFF,0xFF,0xFF,0xFF,0xFF,0xFF,0xFF,0xFF,0xFF,0xFF,0xFF,0xFF,0xFF,0xFF,0xFF,0xFF,0xFF,0xFF,0xFF,0xFF,0xFF,0xFF,0xFF,0xFF,0xFF,0xFF,0xFF,0xFF,0xFF,0xFF,0xFF,0xFF,
    0xFF,0xFF,0xFF,0xFF,0xFF,0xFF,0xFF,0xFF,0xFF,0xFF,0xFF,0xFF,0xFF,0xFF,0xFF,0xFF,0xFF,0xFF,0xFF,0xFF,0xFF,0xFF,0xFF,0xFF,0xFF,0xFF,0xFF,0xFF,0xFF,0xFF,0xFF,0xFF,0xFF,0xFF,0xFF,0xFF,
    0xFF,0xFF,0xFF,0xFF,0xFF,0xFF,0xFF,0xFF,0xFF,0xFF,0xFF,0xFF,0xFF,0xFF,0xFF,0xFF,0xFF,0xFF,0xFF,0xFF,0xFF,0xFF,0xFF,0xFF,0xFF,0xFF,0xFF,0xFF,0xFF,0xFF,0xFF,0xFF,0xFF,0xFF,0xFF,0xFF,
    0xFF,0xFF,0xFF,0xFF,0xFF,0xFF,0xFF,0xFF,0xFF,0xFF,0xFF,0xFF,0xFF,0xFF,0xFF,0xFF,0xFF,0xFF,0xFF,0xFF,0xFF,0xFF,0xFF,0xFF,0xFF,0xFF,0xFF,0xFF,0xFF,0xFF,0xFF,0xFF,0xFF,0xFF,0xFF,0xFF,
    0xFF,0xFF,0xFF,0xFF,0xFF,0xFF,0xFF,0xFF,0xFF,0xFF,0xFF,0xFF,0xFF,0xFF,0xFF,0xFF,0xFF,0xFF,0xFF,0xFF,0xFF,0xFF,0xFF,0xFF,0xFF,0xFF,0xFF,0xFF,0xFF,0xFF,0xFF,0xFF,0xFF,0xFF,0xFF,0xFF,
    0xFF,0xFF,0xFF,0xFF,0xFF,0xFF,0xFF,0xFF,0xFF,0xFF,0xFF,0xFF,0xFF,0xFF,0xFF,0xFF,0xFF,0xFF,0xFF,0xFF,0xFF,0xFF,0xFF,0xFF,0xFF,0xFF,0xFF,0xFF,0xFF,0xFF,0xFF,0xFF,0xFF,0xFF,0xFF,0xFF,
    0xFF,0xFF,0xFF,0xFF,0xFF,0xFF,0xFF,0xFF,0xFF,0xFF,0xFF,0xFF,0xFF,0xFF,0xFF,0xFF,0xFF,0xFF,0xFF,0xFF,0xFF,0xFF,0xFF,0xFF,0xFF,0xFF,0xFF,0xFF,0xFF,0xFF,0xFF,0xFF,0xFF,0xFF,0xFF,0xFF,
    0xFF,0xFF,0xFF,0xFF,0xFF,0xFF,0xFF,0xFF,0xFF,0xFF,0xFF,0xFF,0xFF,0xFF,0xFF,0xFF,0xFF,0xFF,0xFF,0xFF,0xFF,0xFF,0xFF,0xFF,0xFF,0xFF,0xFF,0xFF,0xFF,0xFF,0xFF,0xFF,0xFF,0xFF,0xFF,0xFF,
    0xFF,0xFF,0xFF,0xFF,0xFF,0xFF,0xFF,0xFF,0xFF,0xFF,0xFF,0xFF,0xFF,0xFF,0xFF,0xFF,0xFF,0xFF,0xFF,0xFF,0xFF,0xFF,0xFF,0xFF,0xFF,0xFF,0xFF,0xFF,0xFF,0xFF,0xFF,0xFF,0xFF,0xFF,0xFF,0xFF,
    0xFF,0xFF,0xFF,0xFF,0xFF,0xFF,0xFF,0xFF,0xFF,0xFF,0xFF,0xFF,0xFF,0xFF,0xFF,0xFF,0xFF,0xFF,0xFF,0xFF,0xFF,0xFF,0xFF,0xFF,0xFF,0xFF,0xFF,0xFF,0xFF,0xFF,0xFF,0xFF,0xFF,0xFF,0xFF,0xFF,
    0xFF,0xFF,0xFF,0xFF,0xFF,0xFF,0xFF,0xFF,0xFF,0xFF,0xFF,0xFF,0xFF,0xFF,0xFF,0xFF,0xFF,0xFF,0xFF,0xFF,0xFF,0xFF,0xFF,0xFF,0xFF,0xFF,0xFF,0xFF,0xFF,0xFF,0xFF,0xFF,0xFF,0xFF,0xFF,0xFF,
    0xFF,0xFF,0xFF,0xFF,0xFF,0xFF,0xFF,0xFF,0xFF,0xFF,0xFF,0xFF,0xFF,0xFF,0xFF,0xFF,0xFF,0xFF,0xFF,0xFF,0xFF,0xFF,0xFF,0xFF,0xFF,0xFF,0xFF,0xFF,0xFF,0xFF,0xFF,0xFF,0xFF,0xFF,0xFF,0xFF,
    0xFF,0xFF,0xFF,0xFF,0xFF,0xFF,0xFF,0xFF,0xFF,0xFF,0xFF,0xFF,0xFF,0xFF,0xFF,0xFF,0xFF,0xFF,0xFF,0xFF,0xFF,0xFF,0xFF,0xFF,0xFF,0xFF,0xFF,0xFF,0xFF,0xFF,0xFF,0xFF,0xFF,0xFF,0xFF,0xFF,
    0xFF,0xFF,0xFF,0xFF,0xFF,0xFF,0xFF,0xFF,0xFF,0xFF,0xFF,0xFF,0xFF,0xFF,0xFF,0xFF,0xFF,0xFF,0xFF,0xFF,0xFF,0xFF,0xFF,0xFF,0xFF,0xFF,0xFF,0xFF,0xFF,0xFF,0xFF,0xFF,0xFF,0xFF,0xFF,0xFF,
    0xFF,0xFF,0xFF,0xFF,0xFF,0xFF,0xFF,0xFF,0xFF,0xFF,0xFF,0xFF,0xFF,0xFF,0xFF,0xFF,0xFF,0xFF,0xFF,0xFF,0xFF,0xFF,0xFF,0xFF,0xFF,0xFF,0xFF,0xFF,0xFF,0xFF,0xFF,0xFF,0xFF,0xFF,0xFF,0xFF,
    0xFF,0xFF,0xFF,0xFF,0xFF,0xFF,0xFF,0xFF,0xFF,0xFF,0xFF,0xFF,0xFF,0xFF,0xFF,0xFF,0xFF,0xFF,0xFF,0xFF,0xFF,0xFF,0xFF,0xFF,0xFF,0xFF,0xFF,0xFF,0xFF,0xFF,0xFF,0xFF,0xFF,0xFF,0xFF,0xFF,
    0xFF,0xFF,0xFF,0xFF,0xFF,0xFF,0xFF,0xFF,0xFF,0xFF,0xFF,0xFF,0xFF,0xFF,0xFF,0xFF,0xFF,0xFF,0xFF,0xFF,0xFF,0xFF,0xFF,0xFF,0xFF,0xFF,0xFF,0xFF,0xFF,0xFF,0xFF,0xFF,0xFF,0xFF,0xFF,0xFF,
    0xFF,0xFF,0xFF,0xFF,0xFF,0xFF,0xFF,0xFF,0xFF,0xFF,0xFF,0xFF,0xFF,0xFF,0xFF,0xFF,0xFF,0xFF,0xFF,0xFF,0xFF,0xFF,0xFF,0xFF,0xFF,0xFF,0xFF,0xFF,0xFF,0xFF,0xFF,0xFF,0xFF,0xFF,0xFF,0xFF,
    0xFF,0xFF,0xFF,0xFF,0xFF,0xFF,0xFF,0xFF,0xFF,0xFF,0xFF,0xFF,0xFF,0xFF,0xFF,0xFF,0xFF,0xFF,0xFF,0xFF,0xFF,0xFF,0xFF,0xFF,0xFF,0xFF,0xFF,0xFF,0xFF,0xFF,0xFF,0xFF,0xFF,0xFF,0xFF,0xFF,
    0xFF,0xFF,0xFF,0xFF,0xFF,0xFF,0xFF,0xFF,0xFF,0xFF,0xFF,0xFF,0xFF,0xFF,0xFF,0xFF,0xFF,0xFF,0xBE,0xF7,0xFF,0xFF,0xFF,0xFF,0xFF,0xFF,0xFF,0xBE,0xF7,0xFF,0xFF,0xFF,0xFF,0xDE,0xFF,0xFF,
    0xFF,0xFF,0xFF,0xFF,0xFF,0xFF,0xFF,0xFF,0xFF,0x5C,0xE7,0xFF,0x00,0x00,0xFF,0x20,0x00,0xFF,0x63,0x6B,0xFF,0xCF,0xF7,0xFF,0xA9,0xEF,0xFF,0x85,0xEF,0xFF,0xE5,0xFF,0xFF,0xE4,0xFF,0xFF,
    0xA2,0xEF,0xFF,0xA0,0xEF,0xFF,0xE1,0xF7,0xFF,0xE0,0xEF,0xFF,0xC0,0xE7,0xFF,0xE2,0xFF,0xFF,0xE1,0xEF,0xFF,0xE2,0xEF,0xFF,0xE2,0xEF,0xFF,0xE1,0xEF,0xFF,0xE1,0xEF,0xFF,0xE0,0xEF,0xFF,
    0xE0,0xEF,0xFF,0xE0,0xEF,0xFF,0xE0,0xF7,0xFF,0xA0,0xE7,0xFF,0xE4,0xFF,0xFF,0xE6,0xFF,0xFF,0x47,0xE7,0xFF,0xAB,0xF7,0xFF,0x0C,0xEF,0xFF,0xC6,0x9C,0xFF,0x80,0x10,0xFF,0x20,0x08,0xFF,
    0x00,0x00,0xFF,0x40,0x10,0xFF,0x00,0x00,0xFF,0x00,0x00,0xFF,0x00,0x00,0xFF,0x01,0x00,0xFF,0x00,0x00,0xFF,0x00,0x00,0xFF,0x00,0x00,0xFF,0x00,0x00,0xFF,0x00,0x00,0xFF,0x20,0x00,0xFF,
    0x20,0x00,0xFF,0x20,0x00,0xFF,0x00,0x00,0xFF,0x00,0x00,0xFF,0x60,0x10,0xFF,0x60,0x08,0xFF,0x8E,0xE7,0xFF,0xCC,0xE7,0xFF,0xA0,0x6B,0xFF,0x00,0x11,0xFF,0x8C,0xE7,0xFF,0xC9,0xEF,0xFF,
    0xE3,0xF7,0xFF,0xE2,0xFF,0xFF,0xA0,0xEF,0xFF,0xA0,0xEF,0xFF,0xE3,0xFF,0xFF,0x80,0xEF,0xFF,0xE2,0xFF,0xFF,0x41,0xDF,0xFF,0x06,0xDF,0xFF,0xA0,0x08,0xFF,0x80,0x10,0xFF,0x20,0x00,0xFF,
    0x40,0x08,0xFF,0x20,0x00,0xFF,0x01,0x00,0xFF,0x01,0x00,0xFF,0x20,0x00,0xFF,0x00,0x00,0xFF,0x20,0x00,0xFF,0x20,0x00,0xFF,0x20,0x00,0xFF,0x1D,0xE7,0xFF,0xFF,0xFF,0xFF,0xFF,0xFF,0xFF,
    0xFF,0xFF,0xFF,0xFF,0xFF,0xFF,0xFF,0xFF,0xFF,0xFF,0xFF,0xFF,0xFF,0xFF,0xFF,0xFF,0xFF,0xFF,0xFF,0xFF,0xFF,0xFF,0xFF,0xFF,0xFF,0xFF,0xFF,0xFF,0xFF,0xFF,0xFF,0xFF,0xFF,0xFF,0xFF,0xFF,
    0xFF,0xFF,0xFF,0xFF,0xFF,0xFF,0xFF,0xFF,0xFF,0xFF,0xFF,0xFF,0xFF,0xFF,0xFF,0xFF,0xFF,0xFF,0xFF,0xFF,0xFF,0xFF,0xFF,0xFF,0xFF,0xFF,0xFF,0xFF,0xFF,0xFF,0xFF,0xFF,0xFF,0xFF,0xFF,0xFF,
    0xFF,0xFF,0xFF,0xFF,0xFF,0xFF,0xFF,0xFF,0xFF,0xFF,0xFF,0xFF,0xFF,0xFF,0xFF,0xFF,0xFF,0xFF,0xFF,0xFF,0xFF,0xFF,0xFF,0xFF,0xFF,0xFF,0xFF,0xFF,0xFF,0xFF,0xFF,0xFF,0xFF,0xFF,0xFF,0xFF,
    0xFF,0xFF,0xFF,0xFF,0xFF,0xFF,0xFF,0xFF,0xFF,0xFF,0xFF,0xFF,0xFF,0xFF,0xFF,0xFF,0xFF,0xFF,0xFF,0xFF,0xFF,0xFF,0xFF,0xFF,0xFF,0xFF,0xFF,0xFF,0xFF,0xFF,0xFF,0xFF,0xFF,0xFF,0xFF,0xFF,
    0xFF,0xFF,0xFF,0xFF,0xFF,0xFF,0xFF,0xFF,0xFF,0xFF,0xFF,0xFF,0xFF,0xFF,0xFF,0xFF,0xFF,0xFF,0xFF,0xFF,0xFF,0xFF,0xFF,0xFF,0xFF,0xFF,0xFF,0xFF,0xFF,0xFF,0xFF,0xFF,0xFF,0xFF,0xFF,0xFF,
    0xFF,0xFF,0xFF,0xFF,0xFF,0xFF,0xFF,0xFF,0xFF,0xFF,0xFF,0xFF,0xFF,0xFF,0xFF,0xFF,0xFF,0xFF,0xFF,0xFF,0xFF,0xFF,0xFF,0xFF,0xFF,0xFF,0xFF,0xFF,0xFF,0xFF,0xFF,0xFF,0xFF,0xFF,0xFF,0xFF,
    0xFF,0xFF,0xFF,0xFF,0xFF,0xFF,0xFF,0xFF,0xFF,0xFF,0xFF,0xFF,0xFF,0xFF,0xFF,0xFF,0xFF,0xFF,0xFF,0xFF,0xFF,0xFF,0xFF,0xFF,0xFF,0xFF,0xFF,0xFF,0xFF,0xFF,0xFF,0xFF,0xFF,0xFF,0xFF,0xFF,
    0xFF,0xFF,0xFF,0xFF,0xFF,0xFF,0xFF,0xFF,0xFF,0xFF,0xFF,0xFF,0xFF,0xFF,0xFF,0xFF,0xFF,0xFF,0xFF,0xFF,0xFF,0xFF,0xFF,0xFF,0xFF,0xFF,0xFF,0xFF,0xFF,0xFF,0xFF,0xFF,0xFF,0xFF,0xFF,0xFF,
    0xFF,0xFF,0xFF,0xFF,0xFF,0xFF,0xFF,0xFF,0xFF,0xFF,0xFF,0xFF,0xFF,0xFF,0xFF,0xFF,0xFF,0xFF,0xFF,0xFF,0xFF,0xFF,0xFF,0xFF,0xFF,0xFF,0xFF,0xFF,0xFF,0xFF,0xFF,0xFF,0xFF,0xFF,0xFF,0xFF,
    0xFF,0xFF,0xFF,0xFF,0xFF,0xFF,0xFF,0xFF,0xFF,0xFF,0xFF,0xFF,0xFF,0xFF,0xFF,0xFF,0xFF,0xFF,0xFF,0xFF,0xFF,0xFF,0xFF,0xFF,0xFF,0xFF,0xFF,0xFF,0xFF,0xFF,0xFF,0xFF,0xFF,0xFF,0xFF,0xFF,
    0xFF,0xFF,0xFF,0xFF,0xFF,0xFF,0xFF,0xFF,0xFF,0xFF,0xFF,0xFF,0xFF,0xFF,0xFF,0xFF,0xFF,0xFF,0xFF,0xFF,0xFF,0xFF,0xFF,0xFF,0xFF,0xFF,0xFF,0xFF,0xFF,0xFF,0xFF,0xFF,0xFF,0xFF,0xFF,0xFF,
    0xFF,0xFF,0xFF,0xFF,0xFF,0xFF,0xFF,0xFF,0xFF,0xFF,0xFF,0xFF,0xFF,0xFF,0xFF,0xFF,0xFF,0xFF,0xFF,0xFF,0xFF,0xFF,0xFF,0xFF,0xFF,0xFF,0xFF,0xFF,0xFF,0xFF,0xFF,0xFF,0xFF,0xFF,0xFF,0xFF,
    0xFF,0xFF,0xFF,0xFF,0xFF,0xFF,0xFF,0xFF,0xFF,0xFF,0xFF,0xFF,0xFF,0xFF,0xFF,0xFF,0xFF,0xFF,0xFF,0xFF,0xFF,0xFF,0xFF,0xFF,0xFF,0xFF,0xFF,0xFF,0xFF,0xFF,0xFF,0xFF,0xFF,0xFF,0xFF,0xFF,
    0xFF,0xFF,0xFF,0xFF,0xFF,0xFF,0xFF,0xFF,0xFF,0xFF,0xFF,0xFF,0xFF,0xFF,0xFF,0xFF,0xFF,0xFF,0xFF,0xFF,0xFF,0xFF,0xFF,0xFF,0xFF,0xFF,0xFF,0xFF,0xFF,0xFF,0xFF,0xFF,0xFF,0xFF,0xFF,0xFF,
    0xFF,0xFF,0xFF,0xFF,0xFF,0xFF,0xFF,0xFF,0xFF,0xFF,0xFF,0xFF,0xFF,0xFF,0xFF,0xFF,0xFF,0xFF,0xFF,0xFF,0xFF,0xFF,0xFF,0xFF,0xFF,0xFF,0xFF,0xFF,0xFF,0xFF,0xFF,0xFF,0xFF,0xFF,0xFF,0xFF,
    0xFF,0xFF,0xFF,0xFF,0xFF,0xFF,0xFF,0xFF,0xFF,0xFF,0xFF,0xFF,0xFF,0xFF,0xFF,0xFF,0xFF,0xFF,0xFF,0xFF,0xFF,0xFF,0xFF,0xFF,0xFF,0xFF,0xFF,0xFF,0xFF,0xFF,0xFF,0xFF,0xFF,0xFF,0xFF,0xFF,
    0xFF,0xFF,0xFF,0xFF,0xFF,0xFF,0xFF,0xFF,0xFF,0xFF,0xFF,0xFF,0xFF,0xFF,0xFF,0xFF,0xFF,0xFF,0xFF,0xFF,0xFF,0xFF,0xFF,0xFF,0xFF,0xFF,0xFF,0xFF,0xFF,0xFF,0xFF,0xFF,0xFF,0xFF,0xFF,0xFF,
    0xFF,0xFF,0xFF,0xFF,0xFF,0xFF,0xFF,0xFF,0xFF,0xFF,0xFF,0xFF,0xFF,0xFF,0xFF,0xFF,0xFF,0xFF,0xFF,0xFF,0xFF,0xFF,0xFF,0xFF,0xFF,0xFF,0xFF,0xFF,0xFF,0xFF,0xFF,0xFF,0xFF,0xFF,0xFF,0xFF,
    0xFF,0xFF,0xFF,0xFF,0xFF,0xFF,0xFF,0xFF,0xFF,0xFF,0xFF,0xFF,0xFF,0xFF,0xFF,0xFF,0xFF,0xFF,0xFF,0xFF,0xFF,0xFF,0xFF,0xFF,0xFF,0xFF,0xFF,0xFF,0xFF,0xFF,0xFF,0xFF,0xFF,0xFF,0xFF,0xFF,
    0xFF,0xFF,0xFF,0xFF,0xFF,0xFF,0xFF,0xFF,0xFF,0xFF,0xFF,0xFF,0xFF,0xFF,0xFF,0xFF,0xFF,0xFF,0xFF,0xFF,0xFF,0xFF,0xFF,0xFF,0xFF,0xFF,0xFF,0xFF,0xFF,0xFF,0xFF,0xFF,0xFF,0xFF,0xFF,0xFF,
    0xFF,0xFF,0xFF,0xFF,0xFF,0xFF,0xFF,0xFF,0xFF,0xFF,0xFF,0xFF,0xFF,0xFF,0xFF,0xFF,0xFF,0xFF,0xFF,0xFF,0xFF,0xFF,0xFF,0xFF,0xFF,0xFF,0xFF,0xFF,0xFF,0xFF,0xFF,0xFF,0xFF,0xFF,0xFF,0xFF,
    0xFF,0xFF,0xFF,0xFF,0xFF,0xFF,0xFF,0xFF,0xFF,0xFF,0xFF,0xFF,0xFF,0xFF,0xFF,0xFF,0xFF,0xFF,0xFF,0xFF,0xFF,0xFF,0xFF,0xFF,0xFF,0xFF,0xFF,0xFF,0xFF,0xFF,0xFF,0xFF,0xFF,0xFF,0xFF,0xFF,
    0xFF,0xFF,0xFF,0xFF,0xFF,0xFF,0xFF,0xFF,0xFF,0xFF,0xFF,0xFF,0xFF,0xFF,0xFF,0xFF,0xFF,0xFF,0xFF,0xFF,0xFF,0xFF,0xFF,0xFF,0xFF,0xFF,0xFF,0xFF,0xFF,0xFF,0xFF,0xFF,0xFF,0xFF,0xFF,0xFF,
    0xFF,0xFF,0xFF,0xFF,0xFF,0xFF,0xFF,0xFF,0xFF,0xFF,0xFF,0xFF,0xFF,0xFF,0xFF,0xFF,0xFF,0xFF,0xFF,0xFF,0xFF,0xFF,0xFF,0xFF,0xFF,0xFF,0xFF,0xFF,0xFF,0xFF,0xFF,0xFF,0xFF,0xFF,0xFF,0xFF,
    0xFF,0xFF,0xFF,0xFF,0xFF,0xFF,0xFF,0xFF,0xFF,0xFF,0xFF,0xFF,0xFF,0xFF,0xFF,0xFF,0xFF,0xFF,0xFF,0xFF,0xFF,0xFF,0xFF,0xFF,0xFF,0xFF,0xFF,0xFF,0xFF,0xFF,0xFF,0xFF,0xFF,0xFF,0xFF,0xFF,
    0xFF,0xFF,0xFF,0xFF,0xFF,0xFF,0xFF,0xFF,0xFF,0xFF,0xFF,0xFF,0xFF,0xFF,0xFF,0xFF,0xFF,0xFF,0xFF,0xFF,0xFF,0xFF,0xFF,0xFF,0xFF,0xFF,0xFF,0xFF,0xFF,0xFF,0xFF,0xFF,0xFF,0xFF,0xFF,0xFF,
    0xFF,0xFF,0xFF,0xDE,0xFF,0xFF,0x9D,0xF7,0xFF,0xFF,0xFF,0xFF,0xFF,0xFF,0xFF,0xFF,0xFF,0xFF,0xDE,0xF7,0xFF,0xFF,0xFF,0xFF,0x93,0xAD,0xFF,0x40,0x00,0xFF,0xE0,0x08,0xFF,0xA4,0x84,0xFF,
    0xED,0xEF,0xFF,0x67,0xDF,0xFF,0xC6,0xEF,0xFF,0xC5,0xF7,0xFF,0xA4,0xEF,0xFF,0xA4,0xEF,0xFF,0xC3,0xF7,0xFF,0xE3,0xF7,0xFF,0xE2,0xF7,0xFF,0xE1,0xF7,0xFF,0xE0,0xF7,0xFF,0xA0,0xE7,0xFF,
    0xE1,0xEF,0xFF,0xE1,0xF7,0xFF,0xE1,0xF7,0xFF,0xE1,0xF7,0xFF,0xE1,0xF7,0xFF,0xE1,0xF7,0xFF,0xE0,0xF7,0xFF,0xE0,0xF7,0xFF,0xE0,0xF7,0xFF,0xA0,0xE7,0xFF,0xE0,0xF7,0xFF,0xE1,0xF7,0xFF,
    0x40,0xDF,0xFF,0xE5,0xF7,0xFF,0xE8,0xFF,0xFF,0x05,0xDF,0xFF,0x8C,0xEF,0xFF,0xE2,0x73,0xFF,0xA0,0x10,0xFF,0x00,0x00,0xFF,0x00,0x00,0xFF,0x83,0x10,0xFF,0x00,0x00,0xFF,0x41,0x08,0xFF,
    0x00,0x00,0xFF,0x00,0x00,0xFF,0x01,0x00,0xFF,0x02,0x00,0xFF,0x02,0x00,0xFF,0x02,0x00,0xFF,0x01,0x00,0xFF,0x00,0x00,0xFF,0x00,0x00,0xFF,0x00,0x00,0xFF,0x00,0x00,0xFF,0x60,0x08,0xFF,
    0x0D,0xBE,0xFF,0xB2,0xEF,0xFF,0xA0,0x10,0xFF,0x80,0x08,0xFF,0x00,0x19,0xFF,0x8D,0xEF,0xFF,0x85,0xE7,0xFF,0xA1,0xE7,0xFF,0xE1,0xF7,0xFF,0xC0,0xF7,0xFF,0xE0,0xFF,0xFF,0xE0,0xFF,0xFF,
    0xE0,0xEF,0xFF,0xE3,0xF7,0xFF,0x86,0xE7,0xFF,0xE2,0x94,0xFF,0x80,0x10,0xFF,0x40,0x08,0xFF,0x00,0x00,0xFF,0x00,0x00,0xFF,0x21,0x00,0xFF,0x01,0x00,0xFF,0x00,0x00,0xFF,0x20,0x00,0xFF,
    0x00,0x00,0xFF,0x00,0x00,0xFF,0x00,0x00,0xFF,0xBF,0xF7,0xFF,0xFF,0xFF,0xFF,0xFF,0xFF,0xFF,0xFF,0xFF,0xFF,0xFF,0xFF,0xFF,0xFF,0xFF,0xFF,0xFF,0xFF,0xFF,0xFF,0xFF,0xFF,0xFF,0xFF,0xFF,
    0xFF,0xFF,0xFF,0xFF,0xFF,0xFF,0xFF,0xFF,0xFF,0xFF,0xFF,0xFF,0xFF,0xFF,0xFF,0xFF,0xFF,0xFF,0xFF,0xFF,0xFF,0xFF,0xFF,0xFF,0xFF,0xFF,0xFF,0xFF,0xFF,0xFF,0xFF,0xFF,0xFF,0xFF,0xFF,0xFF,
    0xFF,0xFF,0xFF,0xFF,0xFF,0xFF,0xFF,0xFF,0xFF,0xFF,0xFF,0xFF,0xFF,0xFF,0xFF,0xFF,0xFF,0xFF,0xFF,0xFF,0xFF,0xFF,0xFF,0xFF,0xFF,0xFF,0xFF,0xFF,0xFF,0xFF,0xFF,0xFF,0xFF,0xFF,0xFF,0xFF,
    0xFF,0xFF,0xFF,0xFF,0xFF,0xFF,0xFF,0xFF,0xFF,0xFF,0xFF,0xFF,0xFF,0xFF,0xFF,0xFF,0xFF,0xFF,0xFF,0xFF,0xFF,0xFF,0xFF,0xFF,0xFF,0xFF,0xFF,0xFF,0xFF,0xFF,0xFF,0xFF,0xFF,0xFF,0xFF,0xFF,
    0xFF,0xFF,0xFF,0xFF,0xFF,0xFF,0xFF,0xFF,0xFF,0xFF,0xFF,0xFF,0xFF,0xFF,0xFF,0xFF,0xFF,0xFF,0xFF,0xFF,0xFF,0xFF,0xFF,0xFF,0xFF,0xFF,0xFF,0xFF,0xFF,0xFF,0xFF,0xFF,0xFF,0xFF,0xFF,0xFF,
    0xFF,0xFF,0xFF,0xFF,0xFF,0xFF,0xFF,0xFF,0xFF,0xFF,0xFF,0xFF,0xFF,0xFF,0xFF,0xFF,0xFF,0xFF,0xFF,0xFF,0xFF,0xFF,0xFF,0xFF,0xFF,0xFF,0xFF,0xFF,0xFF,0xFF,0xFF,0xFF,0xFF,0xFF,0xFF,0xFF,
    0xFF,0xFF,0xFF,0xFF,0xFF,0xFF,0xFF,0xFF,0xFF,0xFF,0xFF,0xFF,0xFF,0xFF,0xFF,0xFF,0xFF,0xFF,0xFF,0xFF,0xFF,0xFF,0xFF,0xFF,0xFF,0xFF,0xFF,0xFF,0xFF,0xFF,0xFF,0xFF,0xFF,0xFF,0xFF,0xFF,
    0xFF,0xFF,0xFF,0xFF,0xFF,0xFF,0xFF,0xFF,0xFF,0xFF,0xFF,0xFF,0xFF,0xFF,0xFF,0xFF,0xFF,0xFF,0xFF,0xFF,0xFF,0xFF,0xFF,0xFF,0xFF,0xFF,0xFF,0xFF,0xFF,0xFF,0xFF,0xFF,0xFF,0xFF,0xFF,0xFF,
    0xFF,0xFF,0xFF,0xFF,0xFF,0xFF,0xFF,0xFF,0xFF,0xFF,0xFF,0xFF,0xFF,0xFF,0xFF,0xFF,0xFF,0xFF,0xFF,0xFF,0xFF,0xFF,0xFF,0xFF,0xFF,0xFF,0xFF,0xFF,0xFF,0xFF,0xFF,0xFF,0xFF,0xFF,0xFF,0xFF,
    0xFF,0xFF,0xFF,0xFF,0xFF,0xFF,0xFF,0xFF,0xFF,0xFF,0xFF,0xFF,0xFF,0xFF,0xFF,0xFF,0xFF,0xFF,0xFF,0xFF,0xFF,0xFF,0xFF,0xFF,0xFF,0xFF,0xFF,0xFF,0xFF,0xFF,0xFF,0xFF,0xFF,0xFF,0xFF,0xFF,
    0xFF,0xFF,0xFF,0xFF,0xFF,0xFF,0xFF,0xFF,0xFF,0xFF,0xFF,0xFF,0xFF,0xFF,0xFF,0xFF,0xFF,0xFF,0xFF,0xFF,0xFF,0xFF,0xFF,0xFF,0xFF,0xFF,0xFF,0xFF,0xFF,0xFF,0xFF,0xFF,0xFF,0xFF,0xFF,0xFF,
    0xFF,0xFF,0xFF,0xFF,0xFF,0xFF,0xFF,0xFF,0xFF,0xFF,0xFF,0xFF,0xFF,0xFF,0xFF,0xFF,0xFF,0xFF,0xFF,0xFF,0xFF,0xFF,0xFF,0xFF,0xFF,0xFF,0xFF,0xFF,0xFF,0xFF,0xFF,0xFF,0xFF,0xFF,0xFF,0xFF,
    0xFF,0xFF,0xFF,0xFF,0xFF,0xFF,0xFF,0xFF,0xFF,0xFF,0xFF,0xFF,0xFF,0xFF,0xFF,0xFF,0xFF,0xFF,0xFF,0xFF,0xFF,0xFF,0xFF,0xFF,0xFF,0xFF,0xFF,0xFF,0xFF,0xFF,0xFF,0xFF,0xFF,0xFF,0xFF,0xFF,
    0xFF,0xFF,0xFF,0xFF,0xFF,0xFF,0xFF,0xFF,0xFF,0xFF,0xFF,0xFF,0xFF,0xFF,0xFF,0xFF,0xFF,0xFF,0xFF,0xFF,0xFF,0xFF,0xFF,0xFF,0xFF,0xFF,0xFF,0xFF,0xFF,0xFF,0xFF,0xFF,0xFF,0xFF,0xFF,0xFF,
    0xFF,0xFF,0xFF,0xFF,0xFF,0xFF,0xFF,0xFF,0xFF,0xFF,0xFF,0xFF,0xFF,0xFF,0xFF,0xFF,0xFF,0xFF,0xFF,0xFF,0xFF,0xFF,0xFF,0xFF,0xFF,0xFF,0xFF,0xFF,0xFF,0xFF,0xFF,0xFF,0xFF,0xFF,0xFF,0xFF,
    0xFF,0xFF,0xFF,0xFF,0xFF,0xFF,0xFF,0xFF,0xFF,0xFF,0xFF,0xFF,0xFF,0xFF,0xFF,0xFF,0xFF,0xFF,0xFF,0xFF,0xFF,0xFF,0xFF,0xFF,0xFF,0xFF,0xFF,0xFF,0xFF,0xFF,0xFF,0xFF,0xFF,0xFF,0xFF,0xFF,
    0xFF,0xFF,0xFF,0xFF,0xFF,0xFF,0xFF,0xFF,0xFF,0xFF,0xFF,0xFF,0xFF,0xFF,0xFF,0xFF,0xFF,0xFF,0xFF,0xFF,0xFF,0xFF,0xFF,0xFF,0xFF,0xFF,0xFF,0xFF,0xFF,0xFF,0xFF,0xFF,0xFF,0xFF,0xFF,0xFF,
    0xFF,0xFF,0xFF,0xFF,0xFF,0xFF,0xFF,0xFF,0xFF,0xFF,0xFF,0xFF,0xFF,0xFF,0xFF,0xFF,0xFF,0xFF,0xFF,0xFF,0xFF,0xFF,0xFF,0xFF,0xFF,0xFF,0xFF,0xFF,0xFF,0xFF,0xFF,0xFF,0xFF,0xFF,0xFF,0xFF,
    0xFF,0xFF,0xFF,0xFF,0xFF,0xFF,0xFF,0xFF,0xFF,0xFF,0xFF,0xFF,0xFF,0xFF,0xFF,0xFF,0xFF,0xFF,0xFF,0xFF,0xFF,0xFF,0xFF,0xFF,0xFF,0xFF,0xFF,0xFF,0xFF,0xFF,0xFF,0xFF,0xFF,0xFF,0xFF,0xFF,
    0xFF,0xFF,0xFF,0xFF,0xFF,0xFF,0xFF,0xFF,0xFF,0xFF,0xFF,0xFF,0xFF,0xFF,0xFF,0xFF,0xFF,0xFF,0xFF,0xFF,0xFF,0xFF,0xFF,0xFF,0xFF,0xFF,0xFF,0xFF,0xFF,0xFF,0xFF,0xFF,0xFF,0xFF,0xFF,0xFF,
    0xFF,0xFF,0xFF,0xFF,0xFF,0xFF,0xFF,0xFF,0xFF,0xFF,0xFF,0xFF,0xFF,0xFF,0xFF,0xFF,0xFF,0xFF,0xFF,0xFF,0xFF,0xFF,0xFF,0xFF,0xFF,0xFF,0xFF,0xFF,0xFF,0xFF,0xFF,0xFF,0xFF,0xFF,0xFF,0xFF,
    0xFF,0xFF,0xFF,0xFF,0xFF,0xFF,0xFF,0xFF,0xFF,0xFF,0xFF,0xFF,0xFF,0xFF,0xFF,0xFF,0xFF,0xFF,0xFF,0xFF,0xFF,0xFF,0xFF,0xFF,0xFF,0xFF,0xFF,0xFF,0xFF,0xFF,0xFF,0xFF,0xFF,0xFF,0xFF,0xFF,
    0xFF,0xFF,0xFF,0xFF,0xFF,0xFF,0xFF,0xFF,0xFF,0xFF,0xFF,0xFF,0xFF,0xFF,0xFF,0xFF,0xFF,0xFF,0xFF,0xFF,0xFF,0xFF,0xFF,0xFF,0xFF,0xFF,0xFF,0xFF,0xFF,0xFF,0xFF,0xFF,0xFF,0xFF,0xFF,0xFF,
    0xFF,0xFF,0xFF,0xFF,0xFF,0xFF,0xFF,0xFF,0xFF,0xFF,0xFF,0xFF,0xFF,0xFF,0xFF,0xFF,0xFF,0xFF,0xFF,0xFF,0xFF,0xFF,0xFF,0xFF,0xFF,0xFF,0xFF,0xFF,0xFF,0xFF,0xFF,0xFF,0xFF,0xFF,0xFF,0xFF,
    0xFF,0xFF,0xFF,0xFF,0xFF,0xFF,0xFF,0xFF,0xFF,0xFF,0xFF,0xFF,0xFF,0xFF,0xFF,0xFF,0xFF,0xFF,0xFF,0xFF,0xFF,0xFF,0xFF,0xFF,0xFF,0xFF,0xFF,0xFF,0xFF,0xFF,0xFF,0xFF,0xFF,0xFF,0xFF,0xFF,
    0xFF,0xFF,0xFF,0xFF,0xFF,0xFF,0xFF,0xFF,0xFF,0xFF,0xFF,0xFF,0xFF,0xFF,0xFF,0xFF,0xFF,0xFF,0xFF,0xFF,0xFF,0xFF,0xFF,0xFF,0xFF,0xFF,0xFF,0xFF,0xFF,0xFF,0xFF,0xFF,0xFF,0xFF,0xFF,0xFF,
    0xFF,0xFF,0xFF,0xFF,0xFF,0xFF,0xFF,0xFF,0xFF,0xFF,0xFF,0xFF,0xFF,0xFF,0xFF,0xFF,0xFF,0xFF,0xFF,0xFF,0xFF,0xFF,0xFF,0xFF,0xFF,0xFF,0xFF,0xFF,0xFF,0xFF,0x9D,0xF7,0xFF,0xFE,0xFF,0xFF,
    0xFF,0xFF,0xFF,0xEE,0x7B,0xFF,0x80,0x08,0xFF,0xE0,0x10,0xFF,0x8A,0xA5,0xFF,0x0C,0xCF,0xFF,0x4A,0xDF,0xFF,0xEB,0xEF,0xFF,0x88,0xE7,0xFF,0xE8,0xF7,0xFF,0xE6,0xF7,0xFF,0x63,0xE7,0xFF,
    0xC3,0xEF,0xFF,0xE4,0xFF,0xFF,0xE2,0xF7,0xFF,0xA1,0xEF,0xFF,0xE1,0xF7,0xFF,0xE2,0xF7,0xFF,0xE1,0xF7,0xFF,0xE1,0xF7,0xFF,0xE1,0xF7,0xFF,0xE2,0xF7,0xFF,0xE2,0xF7,0xFF,0xE2,0xF7,0xFF,
    0xE1,0xF7,0xFF,0xE1,0xF7,0xFF,0xE1,0xF7,0xFF,0xE0,0xF7,0xFF,0xE0,0xEF,0xFF,0xE0,0xF7,0xFF,0xE1,0xFF,0xFF,0xC0,0xEF,0xFF,0x80,0xE7,0xFF,0xE4,0xF7,0xFF,0xE6,0xEF,0xFF,0x48,0xDF,0xFF,
    0xAB,0xCE,0xFF,0x40,0x21,0xFF,0x60,0x08,0xFF,0x20,0x00,0xFF,0x20,0x00,0xFF,0x00,0x00,0xFF,0x00,0x00,0xFF,0x00,0x00,0xFF,0x01,0x00,0xFF,0x01,0x00,0xFF,0x02,0x00,0xFF,0x02,0x00,0xFF,
    0x02,0x00,0xFF,0x01,0x00,0xFF,0x00,0x00,0xFF,0x80,0x10,0xFF,0x20,0x00,0xFF,0x60,0x08,0xFF,0xA0,0x31,0xFF,0x6E,0xAD,0xFF,0x20,0x00,0xFF,0xA0,0x10,0xFF,0xA0,0x10,0xFF,0x08,0x9D,0xFF,
    0xEA,0xF7,0xFF,0xE5,0xF7,0xFF,0xE3,0xFF,0xFF,0xE0,0xF7,0xFF,0xC0,0xEF,0xFF,0xE0,0xF7,0xFF,0xE0,0xF7,0xFF,0xE3,0xFF,0xFF,0xE6,0xF7,0xFF,0xEB,0xF7,0xFF,0x00,0x42,0xFF,0x60,0x08,0xFF,
    0x00,0x00,0xFF,0x62,0x08,0xFF,0x01,0x00,0xFF,0x00,0x00,0xFF,0x00,0x00,0xFF,0x20,0x00,0xFF,0x00,0x00,0xFF,0x00,0x00,0xFF,0x00,0x00,0xFF,0xFF,0xFF,0xFF,0xFF,0xFF,0xFF,0xFF,0xFF,0xFF,
    0xFF,0xFF,0xFF,0xFF,0xFF,0xFF,0xFF,0xFF,0xFF,0xFF,0xFF,0xFF,0xFF,0xFF,0xFF,0xFF,0xFF,0xFF,0xFF,0xFF,0xFF,0xFF,0xFF,0xFF,0xFF,0xFF,0xFF,0xFF,0xFF,0xFF,0xFF,0xFF,0xFF,0xFF,0xFF,0xFF,
    0xFF,0xFF,0xFF,0xFF,0xFF,0xFF,0xFF,0xFF,0xFF,0xFF,0xFF,0xFF,0xFF,0xFF,0xFF,0xFF,0xFF,0xFF,0xFF,0xFF,0xFF,0xFF,0xFF,0xFF,0xFF,0xFF,0xFF,0xFF,0xFF,0xFF,0xFF,0xFF,0xFF,0xFF,0xFF,0xFF,
    0xFF,0xFF,0xFF,0xFF,0xFF,0xFF,0xFF,0xFF,0xFF,0xFF,0xFF,0xFF,0xFF,0xFF,0xFF,0xFF,0xFF,0xFF,0xFF,0xFF,0xFF,0xFF,0xFF,0xFF,0xFF,0xFF,0xFF,0xFF,0xFF,0xFF,0xFF,0xFF,0xFF,0xFF,0xFF,0xFF,
    0xFF,0xFF,0xFF,0xFF,0xFF,0xFF,0xFF,0xFF,0xFF,0xFF,0xFF,0xFF,0xFF,0xFF,0xFF,0xFF,0xFF,0xFF,0xFF,0xFF,0xFF,0xFF,0xFF,0xFF,0xFF,0xFF,0xFF,0xFF,0xFF,0xFF,0xFF,0xFF,0xFF,0xFF,0xFF,0xFF,
    0xFF,0xFF,0xFF,0xFF,0xFF,0xFF,0xFF,0xFF,0xFF,0xFF,0xFF,0xFF,0xFF,0xFF,0xFF,0xFF,0xFF,0xFF,0xFF,0xFF,0xFF,0xFF,0xFF,0xFF,0xFF,0xFF,0xFF,0xFF,0xFF,0xFF,0xFF,0xFF,0xFF,0xFF,0xFF,0xFF,
    0xFF,0xFF,0xFF,0xFF,0xFF,0xFF,0xFF,0xFF,0xFF,0xFF,0xFF,0xFF,0xFF,0xFF,0xFF,0xFF,0xFF,0xFF,0xFF,0xFF,0xFF,0xFF,0xFF,0xFF,0xFF,0xFF,0xFF,0xFF,0xFF,0xFF,0xFF,0xFF,0xFF,0xFF,0xFF,0xFF,
    0xFF,0xFF,0xFF,0xFF,0xFF,0xFF,0xFF,0xFF,0xFF,0xFF,0xFF,0xFF,0xFF,0xFF,0xFF,0xFF,0xFF,0xFF,0xFF,0xFF,0xFF,0xFF,0xFF,0xFF,0xFF,0xFF,0xFF,0xFF,0xFF,0xFF,0xFF,0xFF,0xFF,0xFF,0xFF,0xFF,
    0xFF,0xFF,0xFF,0xFF,0xFF,0xFF,0xFF,0xFF,0xFF,0xFF,0xFF,0xFF,0xFF,0xFF,0xFF,0xFF,0xFF,0xFF,0xFF,0xFF,0xFF,0xFF,0xFF,0xFF,0xFF,0xFF,0xFF,0xFF,0xFF,0xFF,0xFF,0xFF,0xFF,0xFF,0xFF,0xFF,
    0xFF,0xFF,0xFF,0xFF,0xFF,0xFF,0xFF,0xFF,0xFF,0xFF,0xFF,0xFF,0xFF,0xFF,0xFF,0xFF,0xFF,0xFF,0xFF,0xFF,0xFF,0xFF,0xFF,0xFF,0xFF,0xFF,0xFF,0xFF,0xFF,0xFF,0xFF,0xFF,0xFF,0xFF,0xFF,0xFF,
    0xFF,0xFF,0xFF,0xFF,0xFF,0xFF,0xFF,0xFF,0xFF,0xFF,0xFF,0xFF,0xFF,0xFF,0xFF,0xFF,0xFF,0xFF,0xFF,0xFF,0xFF,0xFF,0xFF,0xFF,0xFF,0xFF,0xFF,0xFF,0xFF,0xFF,0xFF,0xFF,0xFF,0xFF,0xFF,0xFF,
    0xFF,0xFF,0xFF,0xFF,0xFF,0xFF,0xFF,0xFF,0xFF,0xFF,0xFF,0xFF,0xFF,0xFF,0xFF,0xFF,0xFF,0xFF,0xFF,0xFF,0xFF,0xFF,0xFF,0xFF,0xFF,0xFF,0xFF,0xFF,0xFF,0xFF,0xFF,0xFF,0xFF,0xFF,0xFF,0xFF,
    0xFF,0xFF,0xFF,0xFF,0xFF,0xFF,0xFF,0xFF,0xFF,0xFF,0xFF,0xFF,0xFF,0xFF,0xFF,0xFF,0xFF,0xFF,0xFF,0xFF,0xFF,0xFF,0xFF,0xFF,0xFF,0xFF,0xFF,0xFF,0xFF,0xFF,0xFF,0xFF,0xFF,0xFF,0xFF,0xFF,
    0xFF,0xFF,0xFF,0xFF,0xFF,0xFF,0xFF,0xFF,0xFF,0xFF,0xFF,0xFF,0xFF,0xFF,0xFF,0xFF,0xFF,0xFF,0xFF,0xFF,0xFF,0xFF,0xFF,0xFF,0xFF,0xFF,0xFF,0xFF,0xFF,0xFF,0xFF,0xFF,0xFF,0xFF,0xFF,0xFF,
    0xFF,0xFF,0xFF,0xFF,0xFF,0xFF,0xFF,0xFF,0xFF,0xFF,0xFF,0xFF,0xFF,0xFF,0xFF,0xFF,0xFF,0xFF,0xFF,0xFF,0xFF,0xFF,0xFF,0xFF,0xFF,0xFF,0xFF,0xFF,0xFF,0xFF,0xFF,0xFF,0xFF,0xFF,0xFF,0xFF,
    0xFF,0xFF,0xFF,0xFF,0xFF,0xFF,0xFF,0xFF,0xFF,0xFF,0xFF,0xFF,0xFF,0xFF,0xFF,0xFF,0xFF,0xFF,0xFF,0xFF,0xFF,0xFF,0xFF,0xFF,0xFF,0xFF,0xFF,0xFF,0xFF,0xFF,0xFF,0xFF,0xFF,0xFF,0xFF,0xFF,
    0xFF,0xFF,0xFF,0xFF,0xFF,0xFF,0xFF,0xFF,0xFF,0xFF,0xFF,0xFF,0xFF,0xFF,0xFF,0xFF,0xFF,0xFF,0xFF,0xFF,0xFF,0xFF,0xFF,0xFF,0xFF,0xFF,0xFF,0xFF,0xFF,0xFF,0xFF,0xFF,0xFF,0xFF,0xFF,0xFF,
    0xFF,0xFF,0xFF,0xFF,0xFF,0xFF,0xFF,0xFF,0xFF,0xFF,0xFF,0xFF,0xFF,0xFF,0xFF,0xFF,0xFF,0xFF,0xFF,0xFF,0xFF,0xFF,0xFF,0xFF,0xFF,0xFF,0xFF,0xFF,0xFF,0xFF,0xFF,0xFF,0xFF,0xFF,0xFF,0xFF,
    0xFF,0xFF,0xFF,0xFF,0xFF,0xFF,0xFF,0xFF,0xFF,0xFF,0xFF,0xFF,0xFF,0xFF,0xFF,0xFF,0xFF,0xFF,0xFF,0xFF,0xFF,0xFF,0xFF,0xFF,0xFF,0xFF,0xFF,0xFF,0xFF,0xFF,0xFF,0xFF,0xFF,0xFF,0xFF,0xFF,
    0xFF,0xFF,0xFF,0xFF,0xFF,0xFF,0xFF,0xFF,0xFF,0xFF,0xFF,0xFF,0xFF,0xFF,0xFF,0xFF,0xFF,0xFF,0xFF,0xFF,0xFF,0xFF,0xFF,0xFF,0xFF,0xFF,0xFF,0xFF,0xFF,0xFF,0xFF,0xFF,0xFF,0xFF,0xFF,0xFF,
    0xFF,0xFF,0xFF,0xFF,0xFF,0xFF,0xFF,0xFF,0xFF,0xFF,0xFF,0xFF,0xFF,0xFF,0xFF,0xFF,0xFF,0xFF,0xFF,0xFF,0xFF,0xFF,0xFF,0xFF,0xFF,0xFF,0xFF,0xFF,0xFF,0xFF,0xFF,0xFF,0xFF,0xFF,0xFF,0xFF,
    0xFF,0xFF,0xFF,0xFF,0xFF,0xFF,0xFF,0xFF,0xFF,0xFF,0xFF,0xFF,0xFF,0xFF,0xFF,0xFF,0xFF,0xFF,0xFF,0xFF,0xFF,0xFF,0xFF,0xFF,0xFF,0xFF,0xFF,0xFF,0xFF,0xFF,0xFF,0xFF,0xFF,0xFF,0xFF,0xFF,
    0xFF,0xFF,0xFF,0xFF,0xFF,0xFF,0xFF,0xFF,0xFF,0xFF,0xFF,0xFF,0xFF,0xFF,0xFF,0xFF,0xFF,0xFF,0xFF,0xFF,0xFF,0xFF,0xFF,0xFF,0xFF,0xFF,0xFF,0xFF,0xFF,0xFF,0xFF,0xFF,0xFF,0xFF,0xFF,0xFF,
    0xFF,0xFF,0xFF,0xFF,0xFF,0xFF,0xFF,0xFF,0xFF,0xFF,0xFF,0xFF,0xFF,0xFF,0xFF,0xFF,0xFF,0xFF,0xFF,0xFF,0xFF,0xFF,0xFF,0xFF,0xFF,0xFF,0xFF,0xFF,0xFF,0xFF,0xFF,0xFF,0xFF,0xFF,0xFF,0xFF,
    0xFF,0xFF,0xFF,0xFF,0xFF,0xFF,0xFF,0xFF,0xFF,0xFF,0xFF,0xFF,0xFF,0xFF,0xFF,0xFF,0xFF,0xFF,0xFF,0xFF,0xFF,0xFF,0xFF,0xFF,0xFF,0xFF,0xFF,0xFF,0xFF,0xFF,0xFF,0xFF,0xFF,0xFF,0xFF,0xFF,
    0xFF,0xFF,0xFF,0xFF,0xFF,0xFF,0xFF,0xFF,0xFF,0xFF,0xFF,0xFF,0xFF,0xFF,0xFF,0xFF,0xFF,0xFF,0xFF,0xFF,0xFF,0xFF,0xFF,0xFF,0xFF,0xFF,0xFF,0xFF,0xFF,0xFF,0xFF,0xFF,0xFF,0xFF,0xFF,0xFF,
    0xFF,0xFF,0xFF,0xFF,0xFF,0xFF,0xFF,0xFF,0xFF,0xFF,0xFF,0xFF,0xFF,0xFF,0xFF,0xFF,0xFF,0xFF,0xFF,0xFF,0xFF,0xFF,0xFF,0xFF,0xFF,0xFF,0xFF,0xFF,0xFF,0xFF,0xFF,0xFF,0xFF,0xFF,0xFF,0xFF,
    0xFF,0xFF,0xFF,0xFF,0xFF,0xFF,0xFF,0xFF,0xFF,0xBE,0xF7,0xFF,0xFF,0xFF,0xFF,0xFF,0xFF,0xFF,0xEB,0x5A,0xFF,0x20,0x00,0xFF,0x00,0x00,0xFF,0xF2,0xB5,0xFF,0x92,0xC6,0xFF,0xAC,0xAD,0xFF,
    0xA8,0x8C,0xFF,0xA0,0x4A,0xFF,0x00,0x3A,0xFF,0x00,0x3A,0xFF,0x60,0x63,0xFF,0x01,0xD7,0xFF,0xE4,0xFF,0xFF,0xA0,0xE7,0xFF,0x80,0xE7,0xFF,0xE2,0xF7,0xFF,0xE2,0xF7,0xFF,0xC2,0xF7,0xFF,
    0xE2,0xF7,0xFF,0xE1,0xF7,0xFF,0xE2,0xF7,0xFF,0xE2,0xF7,0xFF,0xC3,0xF7,0xFF,0xE3,0xF7,0xFF,0xE3,0xF7,0xFF,0xE2,0xF7,0xFF,0xC1,0xEF,0xFF,0xC1,0xEF,0xFF,0xE0,0xEF,0xFF,0xE0,0xEF,0xFF,
    0xC0,0xEF,0xFF,0xC0,0xEF,0xFF,0xE1,0xEF,0xFF,0xE1,0xEF,0xFF,0xE3,0xF7,0xFF,0xC4,0xE7,0xFF,0xEA,0xF7,0xFF,0x8C,0xE7,0xFF,0x61,0x63,0xFF,0x60,0x08,0xFF,0x60,0x08,0xFF,0x80,0x08,0xFF,
    0x00,0x00,0xFF,0x00,0x00,0xFF,0x00,0x00,0xFF,0x00,0x00,0xFF,0x00,0x00,0xFF,0x01,0x00,0xFF,0x02,0x00,0xFF,0x01,0x00,0xFF,0x20,0x00,0xFF,0x00,0x00,0xFF,0x20,0x00,0xFF,0x00,0x00,0xFF,
    0x00,0x00,0xFF,0xA5,0x31,0xFF,0x20,0x00,0xFF,0x00,0x00,0xFF,0x40,0x08,0xFF,0x40,0x08,0xFF,0x8C,0xEF,0xFF,0xA6,0xEF,0xFF,0xA2,0xEF,0xFF,0xE1,0xF7,0xFF,0xE0,0xF7,0xFF,0xE0,0xF7,0xFF,
    0xE0,0xF7,0xFF,0x60,0xE7,0xFF,0xA2,0xEF,0xFF,0xC7,0xF7,0xFF,0x6D,0xEF,0xFF,0x80,0x10,0xFF,0x80,0x10,0xFF,0x00,0x00,0xFF,0x00,0x00,0xFF,0x00,0x00,0xFF,0x00,0x00,0xFF,0x41,0x08,0xFF,
    0x00,0x00,0xFF,0x01,0x00,0xFF,0x01,0x00,0xFF,0xFF,0xFF,0xFF,0xFF,0xFF,0xFF,0xFF,0xFF,0xFF,0xFF,0xFF,0xFF,0xFF,0xFF,0xFF,0xFF,0xFF,0xFF,0xFF,0xFF,0xFF,0xFF,0xFF,0xFF,0xFF,0xFF,0xFF,
    0xFF,0xFF,0xFF,0xFF,0xFF,0xFF,0xFF,0xFF,0xFF,0xFF,0xFF,0xFF,0xFF,0xFF,0xFF,0xFF,0xFF,0xFF,0xFF,0xFF,0xFF,0xFF,0xFF,0xFF,0xFF,0xFF,0xFF,0xFF,0xFF,0xFF,0xFF,0xFF,0xFF,0xFF,0xFF,0xFF,
    0xFF,0xFF,0xFF,0xFF,0xFF,0xFF,0xFF,0xFF,0xFF,0xFF,0xFF,0xFF,0xFF,0xFF,0xFF,0xFF,0xFF,0xFF,0xFF,0xFF,0xFF,0xFF,0xFF,0xFF,0xFF,0xFF,0xFF,0xFF,0xFF,0xFF,0xFF,0xFF,0xFF,0xFF,0xFF,0xFF,
    0xFF,0xFF,0xFF,0xFF,0xFF,0xFF,0xFF,0xFF,0xFF,0xFF,0xFF,0xFF,0xFF,0xFF,0xFF,0xFF,0xFF,0xFF,0xFF,0xFF,0xFF,0xFF,0xFF,0xFF,0xFF,0xFF,0xFF,0xFF,0xFF,0xFF,0xFF,0xFF,0xFF,0xFF,0xFF,0xFF,
    0xFF,0xFF,0xFF,0xFF,0xFF,0xFF,0xFF,0xFF,0xFF,0xFF,0xFF,0xFF,0xFF,0xFF,0xFF,0xFF,0xFF,0xFF,0xFF,0xFF,0xFF,0xFF,0xFF,0xFF,0xFF,0xFF,0xFF,0xFF,0xFF,0xFF,0xFF,0xFF,0xFF,0xFF,0xFF,0xFF,
    0xFF,0xFF,0xFF,0xFF,0xFF,0xFF,0xFF,0xFF,0xFF,0xFF,0xFF,0xFF,0xFF,0xFF,0xFF,0xFF,0xFF,0xFF,0xFF,0xFF,0xFF,0xFF,0xFF,0xFF,0xFF,0xFF,0xFF,0xFF,0xFF,0xFF,0xFF,0xFF,0xFF,0xFF,0xFF,0xFF,
    0xFF,0xFF,0xFF,0xFF,0xFF,0xFF,0xFF,0xFF,0xFF,0xFF,0xFF,0xFF,0xFF,0xFF,0xFF,0xFF,0xFF,0xFF,0xFF,0xFF,0xFF,0xFF,0xFF,0xFF,0xFF,0xFF,0xFF,0xFF,0xFF,0xFF,0xFF,0xFF,0xFF,0xFF,0xFF,0xFF,
    0xFF,0xFF,0xFF,0xFF,0xFF,0xFF,0xFF,0xFF,0xFF,0xFF,0xFF,0xFF,0xFF,0xFF,0xFF,0xFF,0xFF,0xFF,0xFF,0xFF,0xFF,0xFF,0xFF,0xFF,0xFF,0xFF,0xFF,0xFF,0xFF,0xFF,0xFF,0xFF,0xFF,0xFF,0xFF,0xFF,
    0xFF,0xFF,0xFF,0xFF,0xFF,0xFF,0xFF,0xFF,0xFF,0xFF,0xFF,0xFF,0xFF,0xFF,0xFF,0xFF,0xFF,0xFF,0xFF,0xFF,0xFF,0xFF,0xFF,0xFF,0xFF,0xFF,0xFF,0xFF,0xFF,0xFF,0xFF,0xFF,0xFF,0xFF,0xFF,0xFF,
    0xFF,0xFF,0xFF,0xFF,0xFF,0xFF,0xFF,0xFF,0xFF,0xFF,0xFF,0xFF,0xFF,0xFF,0xFF,0xFF,0xFF,0xFF,0xFF,0xFF,0xFF,0xFF,0xFF,0xFF,0xFF,0xFF,0xFF,0xFF,0xFF,0xFF,0xFF,0xFF,0xFF,0xFF,0xFF,0xFF,
    0xFF,0xFF,0xFF,0xFF,0xFF,0xFF,0xFF,0xFF,0xFF,0xFF,0xFF,0xFF,0xFF,0xFF,0xFF,0xFF,0xFF,0xFF,0xFF,0xFF,0xFF,0xFF,0xFF,0xFF,0xFF,0xFF,0xFF,0xFF,0xFF,0xFF,0xFF,0xFF,0xFF,0xFF,0xFF,0xFF,
    0xFF,0xFF,0xFF,0xFF,0xFF,0xFF,0xFF,0xFF,0xFF,0xFF,0xFF,0xFF,0xFF,0xFF,0xFF,0xFF,0xFF,0xFF,0xFF,0xFF,0xFF,0xFF,0xFF,0xFF,0xFF,0xFF,0xFF,0xFF,0xFF,0xFF,0xFF,0xFF,0xFF,0xFF,0xFF,0xFF,
    0xFF,0xFF,0xFF,0xFF,0xFF,0xFF,0xFF,0xFF,0xFF,0xFF,0xFF,0xFF,0xFF,0xFF,0xFF,0xFF,0xFF,0xFF,0xFF,0xFF,0xFF,0xFF,0xFF,0xFF,0xFF,0xFF,0xFF,0xFF,0xFF,0xFF,0xFF,0xFF,0xFF,0xFF,0xFF,0xFF,
    0xFF,0xFF,0xFF,0xFF,0xFF,0xFF,0xFF,0xFF,0xFF,0xFF,0xFF,0xFF,0xFF,0xFF,0xFF,0xFF,0xFF,0xFF,0xFF,0xFF,0xFF,0xFF,0xFF,0xFF,0xFF,0xFF,0xFF,0xFF,0xFF,0xFF,0xFF,0xFF,0xFF,0xFF,0xFF,0xFF,
    0xFF,0xFF,0xFF,0xFF,0xFF,0xFF,0xFF,0xFF,0xFF,0xFF,0xFF,0xFF,0xFF,0xFF,0xFF,0xFF,0xFF,0xFF,0xFF,0xFF,0xFF,0xFF,0xFF,0xFF,0xFF,0xFF,0xFF,0xFF,0xFF,0xFF,0xFF,0xFF,0xFF,0xFF,0xFF,0xFF,
    0xFF,0xFF,0xFF,0xFF,0xFF,0xFF,0xFF,0xFF,0xFF,0xFF,0xFF,0xFF,0xFF,0xFF,0xFF,0xFF,0xFF,0xFF,0xFF,0xFF,0xFF,0xFF,0xFF,0xFF,0xFF,0xFF,0xFF,0xFF,0xFF,0xFF,0xFF,0xFF,0xFF,0xFF,0xFF,0xFF,
    0xFF,0xFF,0xFF,0xFF,0xFF,0xFF,0xFF,0xFF,0xFF,0xFF,0xFF,0xFF,0xFF,0xFF,0xFF,0xFF,0xFF,0xFF,0xFF,0xFF,0xFF,0xFF,0xFF,0xFF,0xFF,0xFF,0xFF,0xFF,0xFF,0xFF,0xFF,0xFF,0xFF,0xFF,0xFF,0xFF,
    0xFF,0xFF,0xFF,0xFF,0xFF,0xFF,0xFF,0xFF,0xFF,0xFF,0xFF,0xFF,0xFF,0xFF,0xFF,0xFF,0xFF,0xFF,0xFF,0xFF,0xFF,0xFF,0xFF,0xFF,0xFF,0xFF,0xFF,0xFF,0xFF,0xFF,0xFF,0xFF,0xFF,0xFF,0xFF,0xFF,
    0xFF,0xFF,0xFF,0xFF,0xFF,0xFF,0xFF,0xFF,0xFF,0xFF,0xFF,0xFF,0xFF,0xFF,0xFF,0xFF,0xFF,0xFF,0xFF,0xFF,0xFF,0xFF,0xFF,0xFF,0xFF,0xFF,0xFF,0xFF,0xFF,0xFF,0xFF,0xFF,0xFF,0xFF,0xFF,0xFF,
    0xFF,0xFF,0xFF,0xFF,0xFF,0xFF,0xFF,0xFF,0xFF,0xFF,0xFF,0xFF,0xFF,0xFF,0xFF,0xFF,0xFF,0xFF,0xFF,0xFF,0xFF,0xFF,0xFF,0xFF,0xFF,0xFF,0xFF,0xFF,0xFF,0xFF,0xFF,0xFF,0xFF,0xFF,0xFF,0xFF,
    0xFF,0xFF,0xFF,0xFF,0xFF,0xFF,0xFF,0xFF,0xFF,0xFF,0xFF,0xFF,0xFF,0xFF,0xFF,0xFF,0xFF,0xFF,0xFF,0xFF,0xFF,0xFF,0xFF,0xFF,0xFF,0xFF,0xFF,0xFF,0xFF,0xFF,0xFF,0xFF,0xFF,0xFF,0xFF,0xFF,
    0xFF,0xFF,0xFF,0xFF,0xFF,0xFF,0xFF,0xFF,0xFF,0xFF,0xFF,0xFF,0xFF,0xFF,0xFF,0xFF,0xFF,0xFF,0xFF,0xFF,0xFF,0xFF,0xFF,0xFF,0xFF,0xFF,0xFF,0xFF,0xFF,0xFF,0xFF,0xFF,0xFF,0xFF,0xFF,0xFF,
    0xFF,0xFF,0xFF,0xFF,0xFF,0xFF,0xFF,0xFF,0xFF,0xFF,0xFF,0xFF,0xFF,0xFF,0xFF,0xFF,0xFF,0xFF,0xFF,0xFF,0xFF,0xFF,0xFF,0xFF,0xFF,0xFF,0xFF,0xFF,0xFF,0xFF,0xFF,0xFF,0xFF,0xFF,0xFF,0xFF,
    0xFF,0xFF,0xFF,0xFF,0xFF,0xFF,0xFF,0xFF,0xFF,0xFF,0xFF,0xFF,0xFF,0xFF,0xFF,0xFF,0xFF,0xFF,0xFF,0xFF,0xFF,0xFF,0xFF,0xFF,0xFF,0xFF,0xFF,0xFF,0xFF,0xFF,0xFF,0xFF,0xFF,0xFF,0xFF,0xFF,
    0xFF,0xFF,0xFF,0xFF,0xFF,0xFF,0xFF,0xFF,0xFF,0xFF,0xFF,0xFF,0xFF,0xFF,0xFF,0xFF,0xFF,0xFF,0xFF,0xFF,0xFF,0xFF,0xFF,0xFF,0xFF,0xFF,0xFF,0xFF,0xFF,0xFF,0xFF,0xFF,0xFF,0xFF,0xFF,0xFF,
    0xFF,0xFF,0xFF,0xFF,0xFF,0xFF,0xFF,0xFF,0xFF,0xFF,0xFF,0xFF,0xFF,0xFF,0xFF,0xFF,0xFF,0xFF,0xFF,0xFF,0xFF,0xFF,0xFF,0xFF,0xFF,0xFF,0xFF,0xFF,0xFF,0xFF,0xFF,0xFF,0xFF,0xFF,0xFF,0xFF,
    0xFF,0xFF,0xFF,0xFF,0xFF,0xFF,0xFF,0xFF,0xFF,0xFF,0xFF,0xFF,0xFF,0xFF,0xFF,0xFF,0xFF,0xFF,0xDE,0xFF,0xFF,0xFF,0xFF,0xFF,0x9D,0xF7,0xFF,0xFF,0xFF,0xFF,0xDF,0xFF,0xFF,0xA6,0x31,0xFF,
    0x00,0x00,0xFF,0x00,0x00,0xFF,0xA0,0x10,0xFF,0x20,0x00,0xFF,0xA0,0x08,0xFF,0x80,0x08,0xFF,0x20,0x00,0xFF,0x80,0x08,0xFF,0x00,0x19,0xFF,0x86,0x8C,0xFF,0x2A,0xDF,0xFF,0xA7,0xEF,0xFF,
    0xA3,0xE7,0xFF,0xA2,0xE7,0xFF,0xE4,0xFF,0xFF,0xE3,0xF7,0xFF,0xA2,0xF7,0xFF,0xE3,0xFF,0xFF,0xE1,0xF7,0xFF,0xE1,0xF7,0xFF,0xE2,0xF7,0xFF,0xE2,0xF7,0xFF,0xE3,0xF7,0xFF,0xC3,0xF7,0xFF,
    0xE3,0xF7,0xFF,0xE3,0xF7,0xFF,0xE3,0xF7,0xFF,0xE2,0xF7,0xFF,0xE2,0xF7,0xFF,0xE1,0xF7,0xFF,0xE0,0xEF,0xFF,0xE1,0xF7,0xFF,0xE1,0xF7,0xFF,0xE0,0xEF,0xFF,0xE1,0xEF,0xFF,0xC1,0xE7,0xFF,
    0xE4,0xE7,0xFF,0xE9,0xF7,0xFF,0x0A,0xD7,0xFF,0x8E,0xCE,0xFF,0x60,0x08,0xFF,0x00,0x00,0xFF,0x00,0x00,0xFF,0x00,0x00,0xFF,0x00,0x00,0xFF,0x00,0x00,0xFF,0x00,0x00,0xFF,0x00,0x00,0xFF,
    0x01,0x00,0xFF,0x01,0x00,0xFF,0x20,0x00,0xFF,0x00,0x00,0xFF,0x00,0x00,0xFF,0x20,0x00,0xFF,0x42,0x08,0xFF,0x01,0x00,0xFF,0x21,0x00,0xFF,0x00,0x00,0xFF,0x00,0x00,0xFF,0x80,0x10,0xFF,
    0x06,0x9D,0xFF,0xA9,0xEF,0xFF,0xA4,0xEF,0xFF,0xE2,0xF7,0xFF,0xC0,0xEF,0xFF,0xE0,0xF7,0xFF,0xA0,0xEF,0xFF,0xE4,0xFF,0xFF,0xE2,0xF7,0xFF,0xC4,0xEF,0xFF,0x89,0xEF,0xFF,0xAD,0xD6,0xFF,
    0x40,0x08,0xFF,0x00,0x00,0xFF,0x00,0x00,0xFF,0x00,0x00,0xFF,0x00,0x00,0xFF,0x41,0x08,0xFF,0x00,0x00,0xFF,0x01,0x00,0xFF,0x42,0x08,0xFF,0xDF,0xF7,0xFF,0xFF,0xFF,0xFF,0xFF,0xFF,0xFF,
    0xFF,0xFF,0xFF,0xFF,0xFF,0xFF,0xFF,0xFF,0xFF,0xFF,0xFF,0xFF,0xFF,0xFF,0xFF,0xFF,0xFF,0xFF,0xFF,0xFF,0xFF,0xFF,0xFF,0xFF,0xFF,0xFF,0xFF,0xFF,0xFF,0xFF,0xFF,0xFF,0xFF,0xFF,0xFF,0xFF,
    0xFF,0xFF,0xFF,0xFF,0xFF,0xFF,0xFF,0xFF,0xFF,0xFF,0xFF,0xFF,0xFF,0xFF,0xFF,0xFF,0xFF,0xFF,0xFF,0xFF,0xFF,0xFF,0xFF,0xFF,0xFF,0xFF,0xFF,0xFF,0xFF,0xFF,0xFF,0xFF,0xFF,0xFF,0xFF,0xFF,
    0xFF,0xFF,0xFF,0xFF,0xFF,0xFF,0xFF,0xFF,0xFF,0xFF,0xFF,0xFF,0xFF,0xFF,0xFF,0xFF,0xFF,0xFF,0xFF,0xFF,0xFF,0xFF,0xFF,0xFF,0xFF,0xFF,0xFF,0xFF,0xFF,0xFF,0xFF,0xFF,0xFF,0xFF,0xFF,0xFF,
    0xFF,0xFF,0xFF,0xFF,0xFF,0xFF,0xFF,0xFF,0xFF,0xFF,0xFF,0xFF,0xFF,0xFF,0xFF,0xFF,0xFF,0xFF,0xFF,0xFF,0xFF,0xFF,0xFF,0xFF,0xFF,0xFF,0xFF,0xFF,0xFF,0xFF,0xFF,0xFF,0xFF,0xFF,0xFF,0xFF,
    0xFF,0xFF,0xFF,0xFF,0xFF,0xFF,0xFF,0xFF,0xFF,0xFF,0xFF,0xFF,0xFF,0xFF,0xFF,0xFF,0xFF,0xFF,0xFF,0xFF,0xFF,0xFF,0xFF,0xFF,0xFF,0xFF,0xFF,0xFF,0xFF,0xFF,0xFF,0xFF,0xFF,0xFF,0xFF,0xFF,
    0xFF,0xFF,0xFF,0xFF,0xFF,0xFF,0xFF,0xFF,0xFF,0xFF,0xFF,0xFF,0xFF,0xFF,0xFF,0xFF,0xFF,0xFF,0xFF,0xFF,0xFF,0xFF,0xFF,0xFF,0xFF,0xFF,0xFF,0xFF,0xFF,0xFF,0xFF,0xFF,0xFF,0xFF,0xFF,0xFF,
    0xFF,0xFF,0xFF,0xFF,0xFF,0xFF,0xFF,0xFF,0xFF,0xFF,0xFF,0xFF,0xFF,0xFF,0xFF,0xFF,0xFF,0xFF,0xFF,0xFF,0xFF,0xFF,0xFF,0xFF,0xFF,0xFF,0xFF,0xFF,0xFF,0xFF,0xFF,0xFF,0xFF,0xFF,0xFF,0xFF,
    0xFF,0xFF,0xFF,0xFF,0xFF,0xFF,0xFF,0xFF,0xFF,0xFF,0xFF,0xFF,0xFF,0xFF,0xFF,0xFF,0xFF,0xFF,0xFF,0xFF,0xFF,0xFF,0xFF,0xFF,0xFF,0xFF,0xFF,0xFF,0xFF,0xFF,0xFF,0xFF,0xFF,0xFF,0xFF,0xFF,
    0xFF,0xFF,0xFF,0xFF,0xFF,0xFF,0xFF,0xFF,0xFF,0xFF,0xFF,0xFF,0xFF,0xFF,0xFF,0xFF,0xFF,0xFF,0xFF,0xFF,0xFF,0xFF,0xFF,0xFF,0xFF,0xFF,0xFF,0xFF,0xFF,0xFF,0xFF,0xFF,0xFF,0xFF,0xFF,0xFF,
    0xFF,0xFF,0xFF,0xFF,0xFF,0xFF,0xFF,0xFF,0xFF,0xFF,0xFF,0xFF,0xFF,0xFF,0xFF,0xFF,0xFF,0xFF,0xFF,0xFF,0xFF,0xFF,0xFF,0xFF,0xFF,0xFF,0xFF,0xFF,0xFF,0xFF,0xFF,0xFF,0xFF,0xFF,0xFF,0xFF,
    0xFF,0xFF,0xFF,0xFF,0xFF,0xFF,0xFF,0xFF,0xFF,0xFF,0xFF,0xFF,0xFF,0xFF,0xFF,0xFF,0xFF,0xFF,0xFF,0xFF,0xFF,0xFF,0xFF,0xFF,0xFF,0xFF,0xFF,0xFF,0xFF,0xFF,0xFF,0xFF,0xFF,0xFF,0xFF,0xFF,
    0xFF,0xFF,0xFF,0xFF,0xFF,0xFF,0xFF,0xFF,0xFF,0xFF,0xFF,0xFF,0xFF,0xFF,0xFF,0xFF,0xFF,0xFF,0xFF,0xFF,0xFF,0xFF,0xFF,0xFF,0xFF,0xFF,0xFF,0xFF,0xFF,0xFF,0xFF,0xFF,0xFF,0xFF,0xFF,0xFF,
    0xFF,0xFF,0xFF,0xFF,0xFF,0xFF,0xFF,0xFF,0xFF,0xFF,0xFF,0xFF,0xFF,0xFF,0xFF,0xFF,0xFF,0xFF,0xFF,0xFF,0xFF,0xFF,0xFF,0xFF,0xFF,0xFF,0xFF,0xFF,0xFF,0xFF,0xFF,0xFF,0xFF,0xFF,0xFF,0xFF,
    0xFF,0xFF,0xFF,0xFF,0xFF,0xFF,0xFF,0xFF,0xFF,0xFF,0xFF,0xFF,0xFF,0xFF,0xFF,0xFF,0xFF,0xFF,0xFF,0xFF,0xFF,0xFF,0xFF,0xFF,0xFF,0xFF,0xFF,0xFF,0xFF,0xFF,0xFF,0xFF,0xFF,0xFF,0xFF,0xFF,
    0xFF,0xFF,0xFF,0xFF,0xFF,0xFF,0xFF,0xFF,0xFF,0xFF,0xFF,0xFF,0xFF,0xFF,0xFF,0xFF,0xFF,0xFF,0xFF,0xFF,0xFF,0xFF,0xFF,0xFF,0xFF,0xFF,0xFF,0xFF,0xFF,0xFF,0xFF,0xFF,0xFF,0xFF,0xFF,0xFF,
    0xFF,0xFF,0xFF,0xFF,0xFF,0xFF,0xFF,0xFF,0xFF,0xFF,0xFF,0xFF,0xFF,0xFF,0xFF,0xFF,0xFF,0xFF,0xFF,0xFF,0xFF,0xFF,0xFF,0xFF,0xFF,0xFF,0xFF,0xFF,0xFF,0xFF,0xFF,0xFF,0xFF,0xFF,0xFF,0xFF,
    0xFF,0xFF,0xFF,0xFF,0xFF,0xFF,0xFF,0xFF,0xFF,0xFF,0xFF,0xFF,0xFF,0xFF,0xFF,0xFF,0xFF,0xFF,0xFF,0xFF,0xFF,0xFF,0xFF,0xFF,0xFF,0xFF,0xFF,0xFF,0xFF,0xFF,0xFF,0xFF,0xFF,0xFF,0xFF,0xFF,
    0xFF,0xFF,0xFF,0xFF,0xFF,0xFF,0xFF,0xFF,0xFF,0xFF,0xFF,0xFF,0xFF,0xFF,0xFF,0xFF,0xFF,0xFF,0xFF,0xFF,0xFF,0xFF,0xFF,0xFF,0xFF,0xFF,0xFF,0xFF,0xFF,0xFF,0xFF,0xFF,0xFF,0xFF,0xFF,0xFF,
    0xFF,0xFF,0xFF,0xFF,0xFF,0xFF,0xFF,0xFF,0xFF,0xFF,0xFF,0xFF,0xFF,0xFF,0xFF,0xFF,0xFF,0xFF,0xFF,0xFF,0xFF,0xFF,0xFF,0xFF,0xFF,0xFF,0xFF,0xFF,0xFF,0xFF,0xFF,0xFF,0xFF,0xFF,0xFF,0xFF,
    0xFF,0xFF,0xFF,0xFF,0xFF,0xFF,0xFF,0xFF,0xFF,0xFF,0xFF,0xFF,0xFF,0xFF,0xFF,0xFF,0xFF,0xFF,0xFF,0xFF,0xFF,0xFF,0xFF,0xFF,0xFF,0xFF,0xFF,0xFF,0xFF,0xFF,0xFF,0xFF,0xFF,0xFF,0xFF,0xFF,
    0xFF,0xFF,0xFF,0xFF,0xFF,0xFF,0xFF,0xFF,0xFF,0xFF,0xFF,0xFF,0xFF,0xFF,0xFF,0xFF,0xFF,0xFF,0xFF,0xFF,0xFF,0xFF,0xFF,0xFF,0xFF,0xFF,0xFF,0xFF,0xFF,0xFF,0xFF,0xFF,0xFF,0xFF,0xFF,0xFF,
    0xFF,0xFF,0xFF,0xFF,0xFF,0xFF,0xFF,0xFF,0xFF,0xFF,0xFF,0xFF,0xFF,0xFF,0xFF,0xFF,0xFF,0xFF,0xFF,0xFF,0xFF,0xFF,0xFF,0xFF,0xFF,0xFF,0xFF,0xFF,0xFF,0xFF,0xFF,0xFF,0xFF,0xFF,0xFF,0xFF,
    0xFF,0xFF,0xFF,0xFF,0xFF,0xFF,0xFF,0xFF,0xFF,0xFF,0xFF,0xFF,0xFF,0xFF,0xFF,0xFF,0xFF,0xFF,0xFF,0xFF,0xFF,0xFF,0xFF,0xFF,0xFF,0xFF,0xFF,0xFF,0xFF,0xFF,0xFF,0xFF,0xFF,0xFF,0xFF,0xFF,
    0xFF,0xFF,0xFF,0xFF,0xFF,0xFF,0xFF,0xFF,0xFF,0xFF,0xFF,0xFF,0xFF,0xFF,0xFF,0xFF,0xFF,0xFF,0xFF,0xFF,0xFF,0xFF,0xFF,0xFF,0xFF,0xFF,0xFF,0xFF,0xFF,0xFF,0xFF,0xFF,0xFF,0xFF,0xFF,0xFF,
    0xFF,0xFF,0xFF,0xFF,0xFF,0xFF,0xFF,0xFF,0xFF,0xFF,0xFF,0xFF,0xFF,0xFF,0xFF,0xFF,0xFF,0xFF,0xFF,0xFF,0xFF,0xFF,0xFF,0xFF,0xFF,0xFF,0xFF,0xFF,0xFF,0xFF,0xFF,0xFF,0xFF,0xFF,0xFF,0xFF,
    0xFF,0xFF,0xFF,0xFF,0xFF,0xFF,0xFF,0xFF,0xFF,0xFF,0xFF,0xFF,0xFF,0xFF,0xFF,0xFF,0xFF,0xFF,0xFF,0xFF,0xFF,0xFF,0xFF,0xFF,0xFF,0xFF,0xFF,0xFF,0xFF,0xFF,0xFF,0xFF,0xFF,0xFF,0xFF,0xFF,
    0xFF,0xFF,0xFF,0xFF,0xFF,0xFF,0xFF,0xFF,0xFF,0x9E,0xF7,0xFF,0xA6,0x31,0xFF,0x00,0x00,0xFF,0x00,0x00,0xFF,0x60,0x08,0xFF,0x00,0x00,0xFF,0x00,0x00,0xFF,0x40,0x00,0xFF,0x00,0x00,0xFF,
    0x00,0x00,0xFF,0x60,0x08,0xFF,0x8D,0x8C,0xFF,0xB1,0xCE,0xFF,0x90,0xE7,0xFF,0x8C,0xE7,0xFF,0xCA,0xEF,0xFF,0xC8,0xF7,0xFF,0x86,0xEF,0xFF,0x84,0xEF,0xFF,0xC2,0xF7,0xFF,0xC1,0xF7,0xFF,
    0xE0,0xF7,0xFF,0xE0,0xF7,0xFF,0xE0,0xF7,0xFF,0xE1,0xF7,0xFF,0xE1,0xF7,0xFF,0xE1,0xF7,0xFF,0xE1,0xF7,0xFF,0xE1,0xF7,0xFF,0xA0,0xEF,0xFF,0xE1,0xF7,0xFF,0xC0,0xEF,0xFF,0xE0,0xEF,0xFF,
    0xE2,0xFF,0xFF,0xE1,0xF7,0xFF,0xA0,0xEF,0xFF,0xE2,0xF7,0xFF,0xE2,0xF7,0xFF,0xE2,0xEF,0xFF,0xE3,0xEF,0xFF,0xC6,0xEF,0xFF,0xEB,0xEF,0xFF,0x4E,0xDF,0xFF,0x72,0xCE,0xFF,0xA0,0x10,0xFF,
    0x00,0x00,0xFF,0x00,0x00,0xFF,0x20,0x00,0xFF,0x20,0x00,0xFF,0x20,0x00,0xFF,0x00,0x00,0xFF,0x00,0x00,0xFF,0x01,0x00,0xFF,0x00,0x00,0xFF,0x61,0x08,0xFF,0x41,0x08,0xFF,0x01,0x00,0xFF,
    0x02,0x00,0xFF,0x02,0x00,0xFF,0x20,0x00,0xFF,0x00,0x00,0xFF,0x82,0x10,0xFF,0x40,0x08,0xFF,0x60,0x08,0xFF,0x4B,0xDF,0xFF,0x85,0xE7,0xFF,0xC2,0xEF,0xFF,0xE3,0xF7,0xFF,0xE2,0xF7,0xFF,
    0xA1,0xF7,0xFF,0xC1,0xF7,0xFF,0x80,0xEF,0xFF,0xA1,0xEF,0xFF,0xC6,0xEF,0xFF,0x4A,0xE7,0xFF,0xC0,0x5A,0xFF,0x40,0x08,0xFF,0x20,0x08,0xFF,0x20,0x00,0xFF,0x00,0x00,0xFF,0x21,0x00,0xFF,
    0x00,0x00,0xFF,0x00,0x00,0xFF,0x25,0x21,0xFF,0x9E,0xF7,0xFF,0xFF,0xFF,0xFF,0xFF,0xFF,0xFF,0xFF,0xFF,0xFF,0xFF,0xFF,0xFF,0xFF,0xFF,0xFF,0xFF,0xFF,0xFF,0xFF,0xFF,0xFF,0xFF,0xFF,0xFF,
    0xFF,0xFF,0xFF,0xFF,0xFF,0xFF,0xFF,0xFF,0xFF,0xFF,0xFF,0xFF,0xFF,0xFF,0xFF,0xFF,0xFF,0xFF,0xFF,0xFF,0xFF,0xFF,0xFF,0xFF,0xFF,0xFF,0xFF,0xFF,0xFF,0xFF,0xFF,0xFF,0xFF,0xFF,0xFF,0xFF,
    0xFF,0xFF,0xFF,0xFF,0xFF,0xFF,0xFF,0xFF,0xFF,0xFF,0xFF,0xFF,0xFF,0xFF,0xFF,0xFF,0xFF,0xFF,0xFF,0xFF,0xFF,0xFF,0xFF,0xFF,0xFF,0xFF,0xFF,0xFF,0xFF,0xFF,0xFF,0xFF,0xFF,0xFF,0xFF,0xFF,
    0xFF,0xFF,0xFF,0xFF,0xFF,0xFF,0xFF,0xFF,0xFF,0xFF,0xFF,0xFF,0xFF,0xFF,0xFF,0xFF,0xFF,0xFF,0xFF,0xFF,0xFF,0xFF,0xFF,0xFF,0xFF,0xFF,0xFF,0xFF,0xFF,0xFF,0xFF,0xFF,0xFF,0xFF,0xFF,0xFF,
    0xFF,0xFF,0xFF,0xFF,0xFF,0xFF,0xFF,0xFF,0xFF,0xFF,0xFF,0xFF,0xFF,0xFF,0xFF,0xFF,0xFF,0xFF,0xFF,0xFF,0xFF,0xFF,0xFF,0xFF,0xFF,0xFF,0xFF,0xFF,0xFF,0xFF,0xFF,0xFF,0xFF,0xFF,0xFF,0xFF,
    0xFF,0xFF,0xFF,0xFF,0xFF,0xFF,0xFF,0xFF,0xFF,0xFF,0xFF,0xFF,0xFF,0xFF,0xFF,0xFF,0xFF,0xFF,0xFF,0xFF,0xFF,0xFF,0xFF,0xFF,0xFF,0xFF,0xFF,0xFF,0xFF,0xFF,0xFF,0xFF,0xFF,0xFF,0xFF,0xFF,
    0xFF,0xFF,0xFF,0xFF,0xFF,0xFF,0xFF,0xFF,0xFF,0xFF,0xFF,0xFF,0xFF,0xFF,0xFF,0xFF,0xFF,0xFF,0xFF,0xFF,0xFF,0xFF,0xFF,0xFF,0xFF,0xFF,0xFF,0xFF,0xFF,0xFF,0xFF,0xFF,0xFF,0xFF,0xFF,0xFF,
    0xFF,0xFF,0xFF,0xFF,0xFF,0xFF,0xFF,0xFF,0xFF,0xFF,0xFF,0xFF,0xFF,0xFF,0xFF,0xFF,0xFF,0xFF,0xFF,0xFF,0xFF,0xFF,0xFF,0xFF,0xFF,0xFF,0xFF,0xFF,0xFF,0xFF,0xFF,0xFF,0xFF,0xFF,0xFF,0xFF,
    0xFF,0xFF,0xFF,0xFF,0xFF,0xFF,0xFF,0xFF,0xFF,0xFF,0xFF,0xFF,0xFF,0xFF,0xFF,0xFF,0xFF,0xFF,0xFF,0xFF,0xFF,0xFF,0xFF,0xFF,0xFF,0xFF,0xFF,0xFF,0xFF,0xFF,0xFF,0xFF,0xFF,0xFF,0xFF,0xFF,
    0xFF,0xFF,0xFF,0xFF,0xFF,0xFF,0xFF,0xFF,0xFF,0xFF,0xFF,0xFF,0xFF,0xFF,0xFF,0xFF,0xFF,0xFF,0xFF,0xFF,0xFF,0xFF,0xFF,0xFF,0xFF,0xFF,0xFF,0xFF,0xFF,0xFF,0xFF,0xFF,0xFF,0xFF,0xFF,0xFF,
    0xFF,0xFF,0xFF,0xFF,0xFF,0xFF,0xFF,0xFF,0xFF,0xFF,0xFF,0xFF,0xFF,0xFF,0xFF,0xFF,0xFF,0xFF,0xFF,0xFF,0xFF,0xFF,0xFF,0xFF,0xFF,0xFF,0xFF,0xFF,0xFF,0xFF,0xFF,0xFF,0xFF,0xFF,0xFF,0xFF,
    0xFF,0xFF,0xFF,0xFF,0xFF,0xFF,0xFF,0xFF,0xFF,0xFF,0xFF,0xFF,0xFF,0xFF,0xFF,0xFF,0xFF,0xFF,0xFF,0xFF,0xFF,0xFF,0xFF,0xFF,0xFF,0xFF,0xFF,0xFF,0xFF,0xFF,0xFF,0xFF,0xFF,0xFF,0xFF,0xFF,
    0xFF,0xFF,0xFF,0xFF,0xFF,0xFF,0xFF,0xFF,0xFF,0xFF,0xFF,0xFF,0xFF,0xFF,0xFF,0xFF,0xFF,0xFF,0xFF,0xFF,0xFF,0xFF,0xFF,0xFF,0xFF,0xFF,0xFF,0xFF,0xFF,0xFF,0xFF,0xFF,0xFF,0xFF,0xFF,0xFF,
    0xFF,0xFF,0xFF,0xFF,0xFF,0xFF,0xFF,0xFF,0xFF,0xFF,0xFF,0xFF,0xFF,0xFF,0xFF,0xFF,0xFF,0xFF,0xFF,0xFF,0xFF,0xFF,0xFF,0xFF,0xFF,0xFF,0xFF,0xFF,0xFF,0xFF,0xFF,0xFF,0xFF,0xFF,0xFF,0xFF,
    0xFF,0xFF,0xFF,0xFF,0xFF,0xFF,0xFF,0xFF,0xFF,0xFF,0xFF,0xFF,0xFF,0xFF,0xFF,0xFF,0xFF,0xFF,0xFF,0xFF,0xFF,0xFF,0xFF,0xFF,0xFF,0xFF,0xFF,0xFF,0xFF,0xFF,0xFF,0xFF,0xFF,0xFF,0xFF,0xFF,
    0xFF,0xFF,0xFF,0xFF,0xFF,0xFF,0xFF,0xFF,0xFF,0xFF,0xFF,0xFF,0xFF,0xFF,0xFF,0xFF,0xFF,0xFF,0xFF,0xFF,0xFF,0xFF,0xFF,0xFF,0xFF,0xFF,0xFF,0xFF,0xFF,0xFF,0xFF,0xFF,0xFF,0xFF,0xFF,0xFF,
    0xFF,0xFF,0xFF,0xFF,0xFF,0xFF,0xFF,0xFF,0xFF,0xFF,0xFF,0xFF,0xFF,0xFF,0xFF,0xFF,0xFF,0xFF,0xFF,0xFF,0xFF,0xFF,0xFF,0xFF,0xFF,0xFF,0xFF,0xFF,0xFF,0xFF,0xFF,0xFF,0xFF,0xFF,0xFF,0xFF,
    0xFF,0xFF,0xFF,0xFF,0xFF,0xFF,0xFF,0xFF,0xFF,0xFF,0xFF,0xFF,0xFF,0xFF,0xFF,0xFF,0xFF,0xFF,0xFF,0xFF,0xFF,0xFF,0xFF,0xFF,0xFF,0xFF,0xFF,0xFF,0xFF,0xFF,0xFF,0xFF,0xFF,0xFF,0xFF,0xFF,
    0xFF,0xFF,0xFF,0xFF,0xFF,0xFF,0xFF,0xFF,0xFF,0xFF,0xFF,0xFF,0xFF,0xFF,0xFF,0xFF,0xFF,0xFF,0xFF,0xFF,0xFF,0xFF,0xFF,0xFF,0xFF,0xFF,0xFF,0xFF,0xFF,0xFF,0xFF,0xFF,0xFF,0xFF,0xFF,0xFF,
    0xFF,0xFF,0xFF,0xFF,0xFF,0xFF,0xFF,0xFF,0xFF,0xFF,0xFF,0xFF,0xFF,0xFF,0xFF,0xFF,0xFF,0xFF,0xFF,0xFF,0xFF,0xFF,0xFF,0xFF,0xFF,0xFF,0xFF,0xFF,0xFF,0xFF,0xFF,0xFF,0xFF,0xFF,0xFF,0xFF,
    0xFF,0xFF,0xFF,0xFF,0xFF,0xFF,0xFF,0xFF,0xFF,0xFF,0xFF,0xFF,0xFF,0xFF,0xFF,0xFF,0xFF,0xFF,0xFF,0xFF,0xFF,0xFF,0xFF,0xFF,0xFF,0xFF,0xFF,0xFF,0xFF,0xFF,0xFF,0xFF,0xFF,0xFF,0xFF,0xFF,
    0xFF,0xFF,0xFF,0xFF,0xFF,0xFF,0xFF,0xFF,0xFF,0xFF,0xFF,0xFF,0xFF,0xFF,0xFF,0xFF,0xFF,0xFF,0xFF,0xFF,0xFF,0xFF,0xFF,0xFF,0xFF,0xFF,0xFF,0xFF,0xFF,0xFF,0xFF,0xFF,0xFF,0xFF,0xFF,0xFF,
    0xFF,0xFF,0xFF,0xFF,0xFF,0xFF,0xFF,0xFF,0xFF,0xFF,0xFF,0xFF,0xFF,0xFF,0xFF,0xFF,0xFF,0xFF,0xFF,0xFF,0xFF,0xFF,0xFF,0xFF,0xFF,0xFF,0xFF,0xFF,0xFF,0xFF,0xFF,0xFF,0xFF,0xFF,0xFF,0xFF,
    0xFF,0xFF,0xFF,0xFF,0xFF,0xFF,0xFF,0xFF,0xFF,0xFF,0xFF,0xFF,0xFF,0xFF,0xFF,0xFF,0xFF,0xFF,0xFF,0xFF,0xFF,0xFF,0xFF,0xFF,0xFF,0xFF,0xFF,0xFF,0xFF,0xFF,0xFF,0xFF,0xFF,0xFF,0xFF,0xFF,
    0xFF,0xFF,0xFF,0xFF,0xFF,0xFF,0xFF,0xFF,0xFF,0xFF,0xFF,0xFF,0xFF,0xFF,0xFF,0xFF,0xFF,0xFF,0xFF,0xFF,0xFF,0xFF,0xFF,0xFF,0xFF,0xFF,0xFF,0xFF,0xFF,0xFF,0xFF,0xFF,0xFF,0xFF,0xFF,0xFF,
    0xFF,0xFF,0xFF,0xFF,0xFF,0xFF,0xFF,0xFF,0xFF,0xFF,0xFF,0xFF,0xFF,0xFF,0xFF,0xFF,0xFF,0xFF,0xFF,0xFF,0xFF,0xFF,0xFF,0xFF,0xFF,0xFF,0xFF,0xFF,0xFF,0xFF,0xFF,0xFF,0xFF,0xFF,0xFF,0xFF,
    0xFF,0xFF,0xFF,0xFF,0xFF,0xFF,0xFF,0xFF,0xFF,0xFF,0xFF,0xFF,0xFF,0xFF,0xFF,0xFF,0xFF,0xFF,0xFF,0xFF,0xFF,0xBE,0xF7,0xFF,0xFF,0xFF,0xFF,0x08,0x42,0xFF,0x38,0xC6,0xFF,0xFF,0xFF,0xFF,
    0xBE,0xF7,0xFF,0x7D,0xEF,0xFF,0x00,0x00,0xFF,0x40,0x08,0xFF,0x00,0x00,0xFF,0x41,0x08,0xFF,0x20,0x00,0xFF,0x00,0x00,0xFF,0x20,0x00,0xFF,0x60,0x08,0xFF,0x40,0x00,0xFF,0xC0,0x10,0xFF,
    0xA0,0x08,0xFF,0x40,0x42,0xFF,0xE3,0xBD,0xFF,0xE7,0xFF,0xFF,0xC2,0xF7,0xFF,0xA0,0xEF,0xFF,0xE0,0xF7,0xFF,0xE0,0xF7,0xFF,0xE0,0xF7,0xFF,0xE0,0xF7,0xFF,0xE0,0xF7,0xFF,0xE0,0xF7,0xFF,
    0xE0,0xF7,0xFF,0xE0,0xF7,0xFF,0xE1,0xF7,0xFF,0xE1,0xF7,0xFF,0xE1,0xF7,0xFF,0xC0,0xEF,0xFF,0xC0,0xEF,0xFF,0xE1,0xF7,0xFF,0xE2,0xF7,0xFF,0xE1,0xEF,0xFF,0xE1,0xEF,0xFF,0xE2,0xEF,0xFF,
    0xE4,0xF7,0xFF,0x86,0xE7,0xFF,0xEC,0xEF,0xFF,0x4F,0xE7,0xFF,0xA8,0x73,0xFF,0x00,0x00,0xFF,0x00,0x00,0xFF,0x00,0x00,0xFF,0x20,0x00,0xFF,0x20,0x00,0xFF,0x20,0x00,0xFF,0x00,0x00,0xFF,
    0x00,0x00,0xFF,0x01,0x00,0xFF,0x21,0x00,0xFF,0x00,0x00,0xFF,0x21,0x00,0xFF,0x01,0x00,0xFF,0x23,0x00,0xFF,0x02,0x00,0xFF,0x00,0x00,0xFF,0x20,0x00,0xFF,0x00,0x00,0xFF,0x00,0x00,0xFF,
    0x60,0x08,0xFF,0xEA,0xB5,0xFF,0xE9,0xF7,0xFF,0xE4,0xF7,0xFF,0xC2,0xEF,0xFF,0xA1,0xEF,0xFF,0xC3,0xF7,0xFF,0xA1,0xF7,0xFF,0xE2,0xFF,0xFF,0xE1,0xFF,0xFF,0xA2,0xE7,0xFF,0xE8,0xF7,0xFF,
    0x0C,0xDF,0xFF,0x60,0x08,0xFF,0x20,0x00,0xFF,0x00,0x00,0xFF,0x00,0x00,0xFF,0x21,0x00,0xFF,0x00,0x00,0xFF,0x21,0x00,0xFF,0x29,0x42,0xFF,0xFF,0xFF,0xFF,0xFF,0xFF,0xFF,0xFF,0xFF,0xFF,
    0xFF,0xFF,0xFF,0xFF,0xFF,0xFF,0xFF,0xFF,0xFF,0xFF,0xFF,0xFF,0xFF,0xFF,0xFF,0xFF,0xFF,0xFF,0xFF,0xFF,0xFF,0xFF,0xFF,0xFF,0xFF,0xFF,0xFF,0xFF,0xFF,0xFF,0xFF,0xFF,0xFF,0xFF,0xFF,0xFF,
    0xFF,0xFF,0xFF,0xFF,0xFF,0xFF,0xFF,0xFF,0xFF,0xFF,0xFF,0xFF,0xFF,0xFF,0xFF,0xFF,0xFF,0xFF,0xFF,0xFF,0xFF,0xFF,0xFF,0xFF,0xFF,0xFF,0xFF,0xFF,0xFF,0xFF,0xFF,0xFF,0xFF,0xFF,0xFF,0xFF,
    0xFF,0xFF,0xFF,0xFF,0xFF,0xFF,0xFF,0xFF,0xFF,0xFF,0xFF,0xFF,0xFF,0xFF,0xFF,0xFF,0xFF,0xFF,0xFF,0xFF,0xFF,0xFF,0xFF,0xFF,0xFF,0xFF,0xFF,0xFF,0xFF,0xFF,0xFF,0xFF,0xFF,0xFF,0xFF,0xFF,
    0xFF,0xFF,0xFF,0xFF,0xFF,0xFF,0xFF,0xFF,0xFF,0xFF,0xFF,0xFF,0xFF,0xFF,0xFF,0xFF,0xFF,0xFF,0xFF,0xFF,0xFF,0xFF,0xFF,0xFF,0xFF,0xFF,0xFF,0xFF,0xFF,0xFF,0xFF,0xFF,0xFF,0xFF,0xFF,0xFF,
    0xFF,0xFF,0xFF,0xFF,0xFF,0xFF,0xFF,0xFF,0xFF,0xFF,0xFF,0xFF,0xFF,0xFF,0xFF,0xFF,0xFF,0xFF,0xFF,0xFF,0xFF,0xFF,0xFF,0xFF,0xFF,0xFF,0xFF,0xFF,0xFF,0xFF,0xFF,0xFF,0xFF,0xFF,0xFF,0xFF,
    0xFF,0xFF,0xFF,0xFF,0xFF,0xFF,0xFF,0xFF,0xFF,0xFF,0xFF,0xFF,0xFF,0xFF,0xFF,0xFF,0xFF,0xFF,0xFF,0xFF,0xFF,0xFF,0xFF,0xFF,0xFF,0xFF,0xFF,0xFF,0xFF,0xFF,0xFF,0xFF,0xFF,0xFF,0xFF,0xFF,
    0xFF,0xFF,0xFF,0xFF,0xFF,0xFF,0xFF,0xFF,0xFF,0xFF,0xFF,0xFF,0xFF,0xFF,0xFF,0xFF,0xFF,0xFF,0xFF,0xFF,0xFF,0xFF,0xFF,0xFF,0xFF,0xFF,0xFF,0xFF,0xFF,0xFF,0xFF,0xFF,0xFF,0xFF,0xFF,0xFF,
    0xFF,0xFF,0xFF,0xFF,0xFF,0xFF,0xFF,0xFF,0xFF,0xFF,0xFF,0xFF,0xFF,0xFF,0xFF,0xFF,0xFF,0xFF,0xFF,0xFF,0xFF,0xFF,0xFF,0xFF,0xFF,0xFF,0xFF,0xFF,0xFF,0xFF,0xFF,0xFF,0xFF,0xFF,0xFF,0xFF,
    0xFF,0xFF,0xFF,0xFF,0xFF,0xFF,0xFF,0xFF,0xFF,0xFF,0xFF,0xFF,0xFF,0xFF,0xFF,0xFF,0xFF,0xFF,0xFF,0xFF,0xFF,0xFF,0xFF,0xFF,0xFF,0xFF,0xFF,0xFF,0xFF,0xFF,0xFF,0xFF,0xFF,0xFF,0xFF,0xFF,
    0xFF,0xFF,0xFF,0xFF,0xFF,0xFF,0xFF,0xFF,0xFF,0xFF,0xFF,0xFF,0xFF,0xFF,0xFF,0xFF,0xFF,0xFF,0xFF,0xFF,0xFF,0xFF,0xFF,0xFF,0xFF,0xFF,0xFF,0xFF,0xFF,0xFF,0xFF,0xFF,0xFF,0xFF,0xFF,0xFF,
    0xFF,0xFF,0xFF,0xFF,0xFF,0xFF,0xFF,0xFF,0xFF,0xFF,0xFF,0xFF,0xFF,0xFF,0xFF,0xFF,0xFF,0xFF,0xFF,0xFF,0xFF,0xFF,0xFF,0xFF,0xFF,0xFF,0xFF,0xFF,0xFF,0xFF,0xFF,0xFF,0xFF,0xFF,0xFF,0xFF,
    0xFF,0xFF,0xFF,0xFF,0xFF,0xFF,0xFF,0xFF,0xFF,0xFF,0xFF,0xFF,0xFF,0xFF,0xFF,0xFF,0xFF,0xFF,0xFF,0xFF,0xFF,0xFF,0xFF,0xFF,0xFF,0xFF,0xFF,0xFF,0xFF,0xFF,0xFF,0xFF,0xFF,0xFF,0xFF,0xFF,
    0xFF,0xFF,0xFF,0xFF,0xFF,0xFF,0xFF,0xFF,0xFF,0xFF,0xFF,0xFF,0xFF,0xFF,0xFF,0xFF,0xFF,0xFF,0xFF,0xFF,0xFF,0xFF,0xFF,0xFF,0xFF,0xFF,0xFF,0xFF,0xFF,0xFF,0xFF,0xFF,0xFF,0xFF,0xFF,0xFF,
    0xFF,0xFF,0xFF,0xFF,0xFF,0xFF,0xFF,0xFF,0xFF,0xFF,0xFF,0xFF,0xFF,0xFF,0xFF,0xFF,0xFF,0xFF,0xFF,0xFF,0xFF,0xFF,0xFF,0xFF,0xFF,0xFF,0xFF,0xFF,0xFF,0xFF,0xFF,0xFF,0xFF,0xFF,0xFF,0xFF,
    0xFF,0xFF,0xFF,0xFF,0xFF,0xFF,0xFF,0xFF,0xFF,0xFF,0xFF,0xFF,0xFF,0xFF,0xFF,0xFF,0xFF,0xFF,0xFF,0xFF,0xFF,0xFF,0xFF,0xFF,0xFF,0xFF,0xFF,0xFF,0xFF,0xFF,0xFF,0xFF,0xFF,0xFF,0xFF,0xFF,
    0xFF,0xFF,0xFF,0xFF,0xFF,0xFF,0xFF,0xFF,0xFF,0xFF,0xFF,0xFF,0xFF,0xFF,0xFF,0xFF,0xFF,0xFF,0xFF,0xFF,0xFF,0xFF,0xFF,0xFF,0xFF,0xFF,0xFF,0xFF,0xFF,0xFF,0xFF,0xFF,0xFF,0xFF,0xFF,0xFF,
    0xFF,0xFF,0xFF,0xFF,0xFF,0xFF,0xFF,0xFF,0xFF,0xFF,0xFF,0xFF,0xFF,0xFF,0xFF,0xFF,0xFF,0xFF,0xFF,0xFF,0xFF,0xFF,0xFF,0xFF,0xFF,0xFF,0xFF,0xFF,0xFF,0xFF,0xFF,0xFF,0xFF,0xFF,0xFF,0xFF,
    0xFF,0xFF,0xFF,0xFF,0xFF,0xFF,0xFF,0xFF,0xFF,0xFF,0xFF,0xFF,0xFF,0xFF,0xFF,0xFF,0xFF,0xFF,0xFF,0xFF,0xFF,0xFF,0xFF,0xFF,0xFF,0xFF,0xFF,0xFF,0xFF,0xFF,0xFF,0xFF,0xFF,0xFF,0xFF,0xFF,
    0xFF,0xFF,0xFF,0xFF,0xFF,0xFF,0xFF,0xFF,0xFF,0xFF,0xFF,0xFF,0xFF,0xFF,0xFF,0xFF,0xFF,0xFF,0xFF,0xFF,0xFF,0xFF,0xFF,0xFF,0xFF,0xFF,0xFF,0xFF,0xFF,0xFF,0xFF,0xFF,0xFF,0xFF,0xFF,0xFF,
    0xFF,0xFF,0xFF,0xFF,0xFF,0xFF,0xFF,0xFF,0xFF,0xFF,0xFF,0xFF,0xFF,0xFF,0xFF,0xFF,0xFF,0xFF,0xFF,0xFF,0xFF,0xFF,0xFF,0xFF,0xFF,0xFF,0xFF,0xFF,0xFF,0xFF,0xFF,0xFF,0xFF,0xFF,0xFF,0xFF,
    0xFF,0xFF,0xFF,0xFF,0xFF,0xFF,0xFF,0xFF,0xFF,0xFF,0xFF,0xFF,0xFF,0xFF,0xFF,0xFF,0xFF,0xFF,0xFF,0xFF,0xFF,0xFF,0xFF,0xFF,0xFF,0xFF,0xFF,0xFF,0xFF,0xFF,0xFF,0xFF,0xFF,0xFF,0xFF,0xFF,
    0xFF,0xFF,0xFF,0xFF,0xFF,0xFF,0xFF,0xFF,0xFF,0xFF,0xFF,0xFF,0xFF,0xFF,0xFF,0xFF,0xFF,0xFF,0xFF,0xFF,0xFF,0xFF,0xFF,0xFF,0xFF,0xFF,0xFF,0xFF,0xFF,0xFF,0xFF,0xFF,0xFF,0xFF,0xFF,0xFF,
    0xFF,0xFF,0xFF,0xFF,0xFF,0xFF,0xFF,0xFF,0xFF,0xFF,0xFF,0xFF,0xFF,0xFF,0xFF,0xFF,0xFF,0xFF,0xFF,0xFF,0xFF,0xFF,0xFF,0xFF,0xFF,0xFF,0xFF,0xFF,0xFF,0xFF,0x9E,0xF7,0xFF,0x96,0xB5,0xFF,
    0xFF,0xFF,0xFF,0xFF,0xFF,0xFF,0xFF,0xFF,0xFF,0xBE,0xF7,0xFF,0xFF,0xFF,0xFF,0x9E,0xF7,0xFF,0xFF,0xFF,0xFF,0xFF,0xFF,0xFF,0xDF,0xFF,0xFF,0xFF,0xFF,0xFF,0xBE,0xF7,0xFF,0xFF,0xFF,0xFF,
    0xFF,0xFF,0xFF,0xFF,0xFF,0xFF,0xFF,0xFF,0xFF,0xFF,0xFF,0xFF,0xFF,0xFF,0xFF,0xFF,0xFF,0xFF,0xFF,0xFF,0xFF,0xFF,0xFF,0xFF,0xFF,0xFF,0xFF,0xFF,0xFF,0xFF,0xFF,0xFF,0xFF,0xFF,0xFF,0xFF,
    0xFF,0xFF,0xFF,0xFF,0xFF,0xFF,0xFF,0xFF,0xFF,0xFF,0xFF,0xFF,0xFF,0xFF,0xFF,0xFF,0xFF,0xFF,0xFF,0xFF,0xFF,0xFF,0xFF,0xFF,0xFF,0xFF,0xFF,0xFF,0xFF,0xFF,0xFF,0xFF,0xFF,0xFF,0xFF,0xFF,
    0xDE,0xFF,0xFF,0xFF,0xFF,0xFF,0xFF,0xFF,0xFF,0xFF,0xFF,0xFF,0xFF,0xFF,0xFF,0xFF,0xFF,0xFF,0xBE,0xF7,0xFF,0x61,0x08,0xFF,0x00,0x00,0xFF,0x01,0x00,0xFF,0x01,0x00,0xFF,0x01,0x00,0xFF,
    0x01,0x00,0xFF,0x00,0x00,0xFF,0x20,0x00,0xFF,0x20,0x00,0xFF,0x20,0x00,0xFF,0x00,0x00,0xFF,0x00,0x00,0xFF,0x80,0x10,0xFF,0x60,0x08,0xFF,0x44,0xCE,0xFF,0xA3,0xF7,0xFF,0xE2,0xFF,0xFF,
    0xE0,0xF7,0xFF,0xE1,0xFF,0xFF,0xE1,0xFF,0xFF,0xC0,0xEF,0xFF,0xE1,0xFF,0xFF,0xC0,0xEF,0xFF,0xE0,0xEF,0xFF,0xE0,0xF7,0xFF,0xE0,0xF7,0xFF,0xE0,0xF7,0xFF,0xE1,0xF7,0xFF,0xE1,0xF7,0xFF,
    0xE1,0xF7,0xFF,0xE1,0xF7,0xFF,0xE1,0xF7,0xFF,0xE1,0xEF,0xFF,0xE0,0xEF,0xFF,0xE4,0xFF,0xFF,0xA4,0xE7,0xFF,0xA6,0xCE,0xFF,0x20,0x42,0xFF,0xA0,0x10,0xFF,0x40,0x08,0xFF,0x00,0x00,0xFF,
    0x00,0x00,0xFF,0x41,0x08,0xFF,0x00,0x00,0xFF,0x00,0x00,0xFF,0x20,0x00,0xFF,0x00,0x00,0xFF,0x01,0x00,0xFF,0x02,0x00,0xFF,0x02,0x00,0xFF,0x01,0x00,0xFF,0x01,0x00,0xFF,0x00,0x00,0xFF,
    0x01,0x00,0xFF,0x00,0x00,0xFF,0x20,0x00,0xFF,0x20,0x00,0xFF,0x00,0x00,0xFF,0x40,0x08,0xFF,0x20,0x08,0xFF,0x40,0x21,0xFF,0x8A,0xE7,0xFF,0xA4,0xE7,0xFF,0xE3,0xEF,0xFF,0xE2,0xF7,0xFF,
    0xE4,0xFF,0xFF,0xA2,0xF7,0xFF,0xC0,0xF7,0xFF,0xC0,0xEF,0xFF,0xE0,0xF7,0xFF,0xE4,0xEF,0xFF,0x6A,0xE7,0xFF,0x41,0x63,0xFF,0x60,0x08,0xFF,0x00,0x00,0xFF,0x00,0x00,0xFF,0x42,0x08,0xFF,
    0x00,0x00,0xFF,0x00,0x00,0xFF,0xD3,0x9C,0xFF,0xDF,0xFF,0xFF,0xFF,0xFF,0xFF,0xFF,0xFF,0xFF,0xFF,0xFF,0xFF,0xFF,0xFF,0xFF,0xFF,0xFF,0xFF,0xFF,0xFF,0xFF,0xFF,0xFF,0xFF,0xFF,0xFF,0xFF,
    0xFF,0xFF,0xFF,0xFF,0xFF,0xFF,0xFF,0xFF,0xFF,0xFF,0xFF,0xFF,0xFF,0xFF,0xFF,0xFF,0xFF,0xFF,0xFF,0xFF,0xFF,0xFF,0xFF,0xFF,0xFF,0xFF,0xFF,0xFF,0xFF,0xFF,0xFF,0xFF,0xFF,0xFF,0xFF,0xFF,
    0xFF,0xFF,0xFF,0xFF,0xFF,0xFF,0xFF,0xFF,0xFF,0xFF,0xFF,0xFF,0xFF,0xFF,0xFF,0xFF,0xFF,0xFF,0xFF,0xFF,0xFF,0xFF,0xFF,0xFF,0xFF,0xFF,0xFF,0xFF,0xFF,0xFF,0xFF,0xFF,0xFF,0xFF,0xFF,0xFF,
    0xFF,0xFF,0xFF,0xFF,0xFF,0xFF,0xFF,0xFF,0xFF,0xFF,0xFF,0xFF,0xFF,0xFF,0xFF,0xFF,0xFF,0xFF,0xFF,0xFF,0xFF,0xFF,0xFF,0xFF,0xFF,0xFF,0xFF,0xFF,0xFF,0xFF,0xFF,0xFF,0xFF,0xFF,0xFF,0xFF,
    0xFF,0xFF,0xFF,0xFF,0xFF,0xFF,0xFF,0xFF,0xFF,0xFF,0xFF,0xFF,0xFF,0xFF,0xFF,0xFF,0xFF,0xFF,0xFF,0xFF,0xFF,0xFF,0xFF,0xFF,0xFF,0xFF,0xFF,0xFF,0xFF,0xFF,0xFF,0xFF,0xFF,0xFF,0xFF,0xFF,
    0xFF,0xFF,0xFF,0xFF,0xFF,0xFF,0xFF,0xFF,0xFF,0xFF,0xFF,0xFF,0xFF,0xFF,0xFF,0xFF,0xFF,0xFF,0xFF,0xFF,0xFF,0xFF,0xFF,0xFF,0xFF,0xFF,0xFF,0xFF,0xFF,0xFF,0xFF,0xFF,0xFF,0xFF,0xFF,0xFF,
    0xFF,0xFF,0xFF,0xFF,0xFF,0xFF,0xFF,0xFF,0xFF,0xFF,0xFF,0xFF,0xFF,0xFF,0xFF,0xFF,0xFF,0xFF,0xFF,0xFF,0xFF,0xFF,0xFF,0xFF,0xFF,0xFF,0xFF,0xFF,0xFF,0xFF,0xFF,0xFF,0xFF,0xFF,0xFF,0xFF,
    0xFF,0xFF,0xFF,0xFF,0xFF,0xFF,0xFF,0xFF,0xFF,0xFF,0xFF,0xFF,0xFF,0xFF,0xFF,0xFF,0xFF,0xFF,0xFF,0xFF,0xFF,0xFF,0xFF,0xFF,0xFF,0xFF,0xFF,0xFF,0xFF,0xFF,0xFF,0xFF,0xFF,0xFF,0xFF,0xFF,
    0xFF,0xFF,0xFF,0xFF,0xFF,0xFF,0xFF,0xFF,0xFF,0xFF,0xFF,0xFF,0xFF,0xFF,0xFF,0xFF,0xFF,0xFF,0xFF,0xFF,0xFF,0xFF,0xFF,0xFF,0xFF,0xFF,0xFF,0xFF,0xFF,0xFF,0xFF,0xFF,0xFF,0xFF,0xFF,0xFF,
    0xFF,0xFF,0xFF,0xFF,0xFF,0xFF,0xFF,0xFF,0xFF,0xFF,0xFF,0xFF,0xFF,0xFF,0xFF,0xFF,0xFF,0xFF,0xFF,0xFF,0xFF,0xFF,0xFF,0xFF,0xFF,0xFF,0xFF,0xFF,0xFF,0xFF,0xFF,0xFF,0xFF,0xFF,0xFF,0xFF,
    0xFF,0xFF,0xFF,0xFF,0xFF,0xFF,0xFF,0xFF,0xFF,0xFF,0xFF,0xFF,0xFF,0xFF,0xFF,0xFF,0xFF,0xFF,0xFF,0xFF,0xFF,0xFF,0xFF,0xFF,0xFF,0xFF,0xFF,0xFF,0xFF,0xFF,0xFF,0xFF,0xFF,0xFF,0xFF,0xFF,
    0xFF,0xFF,0xFF,0xFF,0xFF,0xFF,0xFF,0xFF,0xFF,0xFF,0xFF,0xFF,0xFF,0xFF,0xFF,0xFF,0xFF,0xFF,0xFF,0xFF,0xFF,0xFF,0xFF,0xFF,0xFF,0xFF,0xFF,0xFF,0xFF,0xFF,0xFF,0xFF,0xFF,0xFF,0xFF,0xFF,
    0xFF,0xFF,0xFF,0xFF,0xFF,0xFF,0xFF,0xFF,0xFF,0xFF,0xFF,0xFF,0xFF,0xFF,0xFF,0xFF,0xFF,0xFF,0xFF,0xFF,0xFF,0xFF,0xFF,0xFF,0xFF,0xFF,0xFF,0xFF,0xFF,0xFF,0xFF,0xFF,0xFF,0xFF,0xFF,0xFF,
    0xFF,0xFF,0xFF,0xFF,0xFF,0xFF,0xFF,0xFF,0xFF,0xFF,0xFF,0xFF,0xFF,0xFF,0xFF,0xFF,0xFF,0xFF,0xFF,0xFF,0xFF,0xFF,0xFF,0xFF,0xFF,0xFF,0xFF,0xFF,0xFF,0xFF,0xFF,0xFF,0xFF,0xFF,0xFF,0xFF,
    0xFF,0xFF,0xFF,0xFF,0xFF,0xFF,0xFF,0xFF,0xFF,0xFF,0xFF,0xFF,0xFF,0xFF,0xFF,0xFF,0xFF,0xFF,0xFF,0xFF,0xFF,0xFF,0xFF,0xFF,0xFF,0xFF,0xFF,0xFF,0xFF,0xFF,0xFF,0xFF,0xFF,0xFF,0xFF,0xFF,
    0xFF,0xFF,0xFF,0xFF,0xFF,0xFF,0xFF,0xFF,0xFF,0xFF,0xFF,0xFF,0xFF,0xFF,0xFF,0xFF,0xFF,0xFF,0xFF,0xFF,0xFF,0xFF,0xFF,0xFF,0xFF,0xFF,0xFF,0xFF,0xFF,0xFF,0xFF,0xFF,0xFF,0xFF,0xFF,0xFF,
    0xFF,0xFF,0xFF,0xFF,0xFF,0xFF,0xFF,0xFF,0xFF,0xFF,0xFF,0xFF,0xFF,0xFF,0xFF,0xFF,0xFF,0xFF,0xFF,0xFF,0xFF,0xFF,0xFF,0xFF,0xFF,0xFF,0xFF,0xFF,0xFF,0xFF,0xFF,0xFF,0xFF,0xFF,0xFF,0xFF,
    0xFF,0xFF,0xFF,0xFF,0xFF,0xFF,0xFF,0xFF,0xFF,0xFF,0xFF,0xFF,0xFF,0xFF,0xFF,0xFF,0xFF,0xFF,0xFF,0xFF,0xFF,0xFF,0xFF,0xFF,0xFF,0xFF,0xFF,0xFF,0xFF,0xFF,0xFF,0xFF,0xFF,0xFF,0xFF,0xFF,
    0xFF,0xFF,0xFF,0xFF,0xFF,0xFF,0xFF,0xFF,0xFF,0xFF,0xFF,0xFF,0xFF,0xFF,0xFF,0xFF,0xFF,0xFF,0xFF,0xFF,0xFF,0xFF,0xFF,0xFF,0xFF,0xFF,0xFF,0xFF,0xFF,0xFF,0xFF,0xFF,0xFF,0xFF,0xFF,0xFF,
    0xFF,0xFF,0xFF,0xFF,0xFF,0xFF,0xFF,0xFF,0xFF,0xFF,0xFF,0xFF,0xFF,0xFF,0xFF,0xFF,0xFF,0xFF,0xFF,0xFF,0xFF,0xFF,0xFF,0xFF,0xFF,0xFF,0xFF,0xFF,0xFF,0xFF,0xFF,0xFF,0xFF,0xFF,0xFF,0xFF,
    0xFF,0xFF,0xFF,0xFF,0xFF,0xFF,0xFF,0xFF,0xFF,0xFF,0xFF,0xFF,0xFF,0xFF,0xFF,0xFF,0xFF,0xFF,0xFF,0xFF,0xFF,0xFF,0xFF,0xFF,0xFF,0xFF,0xFF,0xFF,0xFF,0xFF,0xFF,0xFF,0xFF,0xFF,0xFF,0xFF,
    0xFF,0xFF,0xFF,0xFF,0xFF,0xFF,0xFF,0xFF,0xFF,0xFF,0xFF,0xFF,0xFF,0xFF,0xFF,0xFF,0xFF,0xFF,0xFF,0xFF,0xFF,0xFF,0xFF,0xFF,0xFF,0xFF,0xFF,0xFF,0xFF,0xFF,0xFF,0xFF,0xFF,0xFF,0xFF,0xFF,
    0xFF,0xFF,0xFF,0xFF,0xFF,0xFF,0xFF,0xFF,0xFF,0xFF,0xFF,0xFF,0xFF,0xFF,0xFF,0xFF,0xFF,0xFF,0xFF,0xFF,0xFF,0xFF,0xFF,0xFF,0xFF,0xFF,0xFF,0xFF,0xFF,0xFF,0xFF,0xFF,0xFF,0xFF,0xFF,0xFF,
    0xFF,0xFF,0xFF,0xFF,0xFF,0xFF,0xDF,0xFF,0xFF,0xFF,0xFF,0xFF,0xFF,0xFF,0xFF,0x9E,0xF7,0xFF,0x41,0x08,0xFF,0x7D,0xEF,0xFF,0xFF,0xFF,0xFF,0xFF,0xFF,0xFF,0xBE,0xF7,0xFF,0xFF,0xFF,0xFF,
    0xFF,0xFF,0xFF,0xDF,0xFF,0xFF,0xFF,0xFF,0xFF,0xBE,0xF7,0xFF,0xFF,0xFF,0xFF,0xDF,0xFF,0xFF,0xFF,0xFF,0xFF,0xFF,0xFF,0xFF,0xFF,0xFF,0xFF,0xFF,0xFF,0xFF,0xFF,0xFF,0xFF,0xFF,0xFF,0xFF,
    0xFF,0xFF,0xFF,0xFF,0xFF,0xFF,0xFF,0xFF,0xFF,0xFF,0xFF,0xFF,0xFF,0xFF,0xFF,0xFF,0xFF,0xFF,0xFF,0xFF,0xFF,0xFF,0xFF,0xFF,0xFF,0xFF,0xFF,0xFF,0xFF,0xFF,0xFF,0xFF,0xFF,0xFF,0xFF,0xFF,
    0xFF,0xFF,0xFF,0xFF,0xFF,0xFF,0xFF,0xFF,0xFF,0xFF,0xFF,0xFF,0xFF,0xFF,0xFF,0xFF,0xFF,0xFF,0xFF,0xFF,0xFF,0xFF,0xFF,0xFF,0x3C,0xE7,0xFF,0x9E,0xF7,0xFF,0xFF,0xFF,0xFF,0xFF,0xFF,0xFF,
    0x8E,0x73,0xFF,0x20,0x00,0xFF,0x01,0x00,0xFF,0x01,0x00,0xFF,0x02,0x00,0xFF,0x01,0x00,0xFF,0x00,0x00,0xFF,0x20,0x00,0xFF,0x20,0x00,0xFF,0x01,0x00,0xFF,0x02,0x00,0xFF,0x22,0x08,0xFF,
    0x40,0x08,0xFF,0x80,0x10,0xFF,0xB0,0xF7,0xFF,0x88,0xEF,0xFF,0xE5,0xFF,0xFF,0x80,0xE7,0xFF,0xE2,0xF7,0xFF,0x20,0xDF,0xFF,0xE1,0xF7,0xFF,0xE1,0xF7,0xFF,0xE0,0xEF,0xFF,0xC0,0xEF,0xFF,
    0xE1,0xF7,0xFF,0xC0,0xEF,0xFF,0xE1,0xF7,0xFF,0xE1,0xF7,0xFF,0xE1,0xF7,0xFF,0xE1,0xF7,0xFF,0xE1,0xF7,0xFF,0xE1,0xF7,0xFF,0xE1,0xF7,0xFF,0xE0,0xF7,0xFF,0xC0,0xEF,0xFF,0x80,0xE7,0xFF,
    0xE5,0xF7,0xFF,0xCB,0xF7,0xFF,0x40,0x21,0xFF,0x20,0x08,0xFF,0x00,0x00,0xFF,0x40,0x10,0xFF,0x00,0x00,0xFF,0x00,0x00,0xFF,0x00,0x00,0xFF,0x00,0x00,0xFF,0x00,0x00,0xFF,0x01,0x00,0xFF,
    0x21,0x00,0xFF,0x01,0x00,0xFF,0x02,0x00,0xFF,0x01,0x00,0xFF,0x01,0x00,0xFF,0x00,0x00,0xFF,0x00,0x00,0xFF,0x20,0x00,0xFF,0x20,0x00,0xFF,0x20,0x00,0xFF,0x20,0x00,0xFF,0x00,0x00,0xFF,
    0x40,0x08,0xFF,0xE0,0x18,0xFF,0x2B,0xDF,0xFF,0xE6,0xEF,0xFF,0xE4,0xF7,0xFF,0xE2,0xEF,0xFF,0x82,0xEF,0xFF,0xE5,0xFF,0xFF,0xE1,0xFF,0xFF,0xE0,0xEF,0xFF,0xA0,0xE7,0xFF,0xE2,0xEF,0xFF,
    0xE9,0xEF,0xFF,0x8F,0xE7,0xFF,0x40,0x00,0xFF,0x40,0x08,0xFF,0x41,0x08,0xFF,0x00,0x00,0xFF,0x40,0x08,0xFF,0x00,0x00,0xFF,0x59,0xCE,0xFF,0xFF,0xFF,0xFF,0xFF,0xFF,0xFF,0xFF,0xFF,0xFF,
    0xFF,0xFF,0xFF,0xFF,0xFF,0xFF,0xFF,0xFF,0xFF,0xFF,0xFF,0xFF,0xFF,0xFF,0xFF,0xFF,0xFF,0xFF,0xFF,0xFF,0xFF,0xFF,0xFF,0xFF,0xFF,0xFF,0xFF,0xFF,0xFF,0xFF,0xFF,0xFF,0xFF,0xFF,0xFF,0xFF,
    0xFF,0xFF,0xFF,0xFF,0xFF,0xFF,0xFF,0xFF,0xFF,0xFF,0xFF,0xFF,0xFF,0xFF,0xFF,0xFF,0xFF,0xFF,0xFF,0xFF,0xFF,0xFF,0xFF,0xFF,0xFF,0xFF,0xFF,0xFF,0xFF,0xFF,0xFF,0xFF,0xFF,0xFF,0xFF,0xFF,
    0xFF,0xFF,0xFF,0xFF,0xFF,0xFF,0xFF,0xFF,0xFF,0xFF,0xFF,0xFF,0xFF,0xFF,0xFF,0xFF,0xFF,0xFF,0xFF,0xFF,0xFF,0xFF,0xFF,0xFF,0xFF,0xFF,0xFF,0xFF,0xFF,0xFF,0xFF,0xFF,0xFF,0xFF,0xFF,0xFF,
    0xFF,0xFF,0xFF,0xFF,0xFF,0xFF,0xFF,0xFF,0xFF,0xFF,0xFF,0xFF,0xFF,0xFF,0xFF,0xFF,0xFF,0xFF,0xFF,0xFF,0xFF,0xFF,0xFF,0xFF,0xFF,0xFF,0xFF,0xFF,0xFF,0xFF,0xFF,0xFF,0xFF,0xFF,0xFF,0xFF,
    0xFF,0xFF,0xFF,0xFF,0xFF,0xFF,0xFF,0xFF,0xFF,0xFF,0xFF,0xFF,0xFF,0xFF,0xFF,0xFF,0xFF,0xFF,0xFF,0xFF,0xFF,0xFF,0xFF,0xFF,0xFF,0xFF,0xFF,0xFF,0xFF,0xFF,0xFF,0xFF,0xFF,0xFF,0xFF,0xFF,
    0xFF,0xFF,0xFF,0xFF,0xFF,0xFF,0xFF,0xFF,0xFF,0xFF,0xFF,0xFF,0xFF,0xFF,0xFF,0xFF,0xFF,0xFF,0xFF,0xFF,0xFF,0xFF,0xFF,0xFF,0xFF,0xFF,0xFF,0xFF,0xFF,0xFF,0xFF,0xFF,0xFF,0xFF,0xFF,0xFF,
    0xFF,0xFF,0xFF,0xFF,0xFF,0xFF,0xFF,0xFF,0xFF,0xFF,0xFF,0xFF,0xFF,0xFF,0xFF,0xFF,0xFF,0xFF,0xFF,0xFF,0xFF,0xFF,0xFF,0xFF,0xFF,0xFF,0xFF,0xFF,0xFF,0xFF,0xFF,0xFF,0xFF,0xFF,0xFF,0xFF,
    0xFF,0xFF,0xFF,0xFF,0xFF,0xFF,0xFF,0xFF,0xFF,0xFF,0xFF,0xFF,0xFF,0xFF,0xFF,0xFF,0xFF,0xFF,0xFF,0xFF,0xFF,0xFF,0xFF,0xFF,0xFF,0xFF,0xFF,0xFF,0xFF,0xFF,0xFF,0xFF,0xFF,0xFF,0xFF,0xFF,
    0xFF,0xFF,0xFF,0xFF,0xFF,0xFF,0xFF,0xFF,0xFF,0xFF,0xFF,0xFF,0xFF,0xFF,0xFF,0xFF,0xFF,0xFF,0xFF,0xFF,0xFF,0xFF,0xFF,0xFF,0xFF,0xFF,0xFF,0xFF,0xFF,0xFF,0xFF,0xFF,0xFF,0xFF,0xFF,0xFF,
    0xFF,0xFF,0xFF,0xFF,0xFF,0xFF,0xFF,0xFF,0xFF,0xFF,0xFF,0xFF,0xFF,0xFF,0xFF,0xFF,0xFF,0xFF,0xFF,0xFF,0xFF,0xFF,0xFF,0xFF,0xFF,0xFF,0xFF,0xFF,0xFF,0xFF,0xFF,0xFF,0xFF,0xFF,0xFF,0xFF,
    0xFF,0xFF,0xFF,0xFF,0xFF,0xFF,0xFF,0xFF,0xFF,0xFF,0xFF,0xFF,0xFF,0xFF,0xFF,0xFF,0xFF,0xFF,0xFF,0xFF,0xFF,0xFF,0xFF,0xFF,0xFF,0xFF,0xFF,0xFF,0xFF,0xFF,0xFF,0xFF,0xFF,0xFF,0xFF,0xFF,
    0xFF,0xFF,0xFF,0xFF,0xFF,0xFF,0xFF,0xFF,0xFF,0xFF,0xFF,0xFF,0xFF,0xFF,0xFF,0xFF,0xFF,0xFF,0xFF,0xFF,0xFF,0xFF,0xFF,0xFF,0xFF,0xFF,0xFF,0xFF,0xFF,0xFF,0xFF,0xFF,0xFF,0xFF,0xFF,0xFF,
    0xFF,0xFF,0xFF,0xFF,0xFF,0xFF,0xFF,0xFF,0xFF,0xFF,0xFF,0xFF,0xFF,0xFF,0xFF,0xFF,0xFF,0xFF,0xFF,0xFF,0xFF,0xFF,0xFF,0xFF,0xFF,0xFF,0xFF,0xFF,0xFF,0xFF,0xFF,0xFF,0xFF,0xFF,0xFF,0xFF,
    0xFF,0xFF,0xFF,0xFF,0xFF,0xFF,0xFF,0xFF,0xFF,0xFF,0xFF,0xFF,0xFF,0xFF,0xFF,0xFF,0xFF,0xFF,0xFF,0xFF,0xFF,0xFF,0xFF,0xFF,0xFF,0xFF,0xFF,0xFF,0xFF,0xFF,0xFF,0xFF,0xFF,0xFF,0xFF,0xFF,
    0xFF,0xFF,0xFF,0xFF,0xFF,0xFF,0xFF,0xFF,0xFF,0xFF,0xFF,0xFF,0xFF,0xFF,0xFF,0xFF,0xFF,0xFF,0xFF,0xFF,0xFF,0xFF,0xFF,0xFF,0xFF,0xFF,0xFF,0xFF,0xFF,0xFF,0xFF,0xFF,0xFF,0xFF,0xFF,0xFF,
    0xFF,0xFF,0xFF,0xFF,0xFF,0xFF,0xFF,0xFF,0xFF,0xFF,0xFF,0xFF,0xFF,0xFF,0xFF,0xFF,0xFF,0xFF,0xFF,0xFF,0xFF,0xFF,0xFF,0xFF,0xFF,0xFF,0xFF,0xFF,0xFF,0xFF,0xFF,0xFF,0xFF,0xFF,0xFF,0xFF,
    0xFF,0xFF,0xFF,0xFF,0xFF,0xFF,0xFF,0xFF,0xFF,0xFF,0xFF,0xFF,0xFF,0xFF,0xFF,0xFF,0xFF,0xFF,0xFF,0xFF,0xFF,0xFF,0xFF,0xFF,0xFF,0xFF,0xFF,0xFF,0xFF,0xFF,0xFF,0xFF,0xFF,0xFF,0xFF,0xFF,
    0xFF,0xFF,0xFF,0xFF,0xFF,0xFF,0xFF,0xFF,0xFF,0xFF,0xFF,0xFF,0xFF,0xFF,0xFF,0xFF,0xFF,0xFF,0xFF,0xFF,0xFF,0xFF,0xFF,0xFF,0xFF,0xFF,0xFF,0xFF,0xFF,0xFF,0xFF,0xFF,0xFF,0xFF,0xFF,0xFF,
    0xFF,0xFF,0xFF,0xFF,0xFF,0xFF,0xFF,0xFF,0xFF,0xFF,0xFF,0xFF,0xFF,0xFF,0xFF,0xFF,0xFF,0xFF,0xFF,0xFF,0xFF,0xFF,0xFF,0xFF,0xFF,0xFF,0xFF,0xFF,0xFF,0xFF,0xFF,0xFF,0xFF,0xFF,0xFF,0xFF,
    0xFF,0xFF,0xFF,0xFF,0xFF,0xFF,0xFF,0xFF,0xFF,0xFF,0xFF,0xFF,0xFF,0xFF,0xFF,0xFF,0xFF,0xFF,0xFF,0xFF,0xFF,0xFF,0xFF,0xFF,0xFF,0xFF,0xFF,0xFF,0xFF,0xFF,0xFF,0xFF,0xFF,0xFF,0xFF,0xFF,
    0xFF,0xFF,0xFF,0xFF,0xFF,0xFF,0xFF,0xFF,0xFF,0xFF,0xFF,0xFF,0xFF,0xFF,0xFF,0xFF,0xFF,0xFF,0xFF,0xFF,0xFF,0xFF,0xFF,0xFF,0xFF,0xFF,0xFF,0xFF,0xFF,0xFF,0xFF,0xFF,0xFF,0xFF,0xFF,0xFF,
    0xFF,0xFF,0xFF,0xFF,0xFF,0xFF,0xFF,0xFF,0xFF,0xFF,0xFF,0xFF,0xFF,0xFF,0xFF,0xFF,0xFF,0xFF,0xFF,0xFF,0xFF,0xFF,0xFF,0xFF,0xFF,0xFF,0xFF,0xFF,0xFF,0xFF,0xFF,0xFF,0xFF,0xFF,0xFF,0xFF,
    0xFF,0xFF,0xFF,0xFF,0xFF,0xFF,0xFF,0xFF,0xFF,0xFF,0xFF,0xFF,0xFF,0xFF,0xFF,0xFF,0xFF,0xFF,0xFF,0xFF,0xFF,0xFF,0xFF,0xFF,0xFF,0xFF,0xFF,0xDF,0xFF,0xFF,0xBE,0xF7,0xFF,0xFF,0xFF,0xFF,
    0xDF,0xFF,0xFF,0x00,0x00,0xFF,0x10,0x84,0xFF,0xFF,0xFF,0xFF,0xFF,0xFF,0xFF,0xDF,0xFF,0xFF,0xDF,0xFF,0xFF,0xFF,0xFF,0xFF,0xFF,0xFF,0xFF,0xFF,0xFF,0xFF,0x9E,0xF7,0xFF,0xFF,0xFF,0xFF,
    0xFF,0xFF,0xFF,0xFF,0xFF,0xFF,0xFF,0xFF,0xFF,0xFF,0xFF,0xFF,0xFF,0xFF,0xFF,0xFF,0xFF,0xFF,0xFF,0xFF,0xFF,0xFF,0xFF,0xFF,0xFF,0xFF,0xFF,0xFF,0xFF,0xFF,0xFF,0xFF,0xFF,0xFF,0xFF,0xFF,
    0xFF,0xFF,0xFF,0xFF,0xFF,0xFF,0xFF,0xFF,0xFF,0xFF,0xFF,0xFF,0xFF,0xFF,0xFF,0xFF,0xFF,0xFF,0xFF,0xFF,0xFF,0xFF,0xFF,0xFF,0xFF,0xFF,0xFF,0xFF,0xFF,0xFF,0xFF,0xFF,0xFF,0xFF,0xFF,0xFF,
    0xDF,0xFF,0xFF,0xFF,0xFF,0xFF,0xFF,0xFF,0xFF,0xFF,0xFF,0xFF,0xBE,0xF7,0xFF,0xDF,0xFF,0xFF,0x00,0x00,0xFF,0x00,0x00,0xFF,0x00,0x00,0xFF,0x00,0x00,0xFF,0x00,0x00,0xFF,0x00,0x00,0xFF,
    0x20,0x00,0xFF,0x20,0x00,0xFF,0x20,0x00,0xFF,0x00,0x00,0xFF,0x42,0x08,0xFF,0x00,0x00,0xFF,0x60,0x08,0xFF,0x92,0xEF,0xFF,0x8A,0xE7,0xFF,0xA5,0xE7,0xFF,0xA2,0xE7,0xFF,0xE3,0xFF,0xFF,
    0xC0,0xE7,0xFF,0xE2,0xFF,0xFF,0xE2,0xFF,0xFF,0x80,0xE7,0xFF,0xE1,0xF7,0xFF,0xE2,0xF7,0xFF,0xA0,0xEF,0xFF,0xE2,0xF7,0xFF,0xE2,0xF7,0xFF,0xE2,0xF7,0xFF,0xE2,0xF7,0xFF,0xE2,0xF7,0xFF,
    0xE2,0xF7,0xFF,0xE1,0xF7,0xFF,0xE1,0xF7,0xFF,0xE0,0xF7,0xFF,0xE0,0xF7,0xFF,0xE1,0xF7,0xFF,0xC3,0xEF,0xFF,0x66,0xE7,0xFF,0x2B,0xE7,0xFF,0xC0,0x39,0xFF,0x40,0x08,0xFF,0x00,0x00,0xFF,
    0x41,0x08,0xFF,0x01,0x00,0xFF,0x02,0x00,0xFF,0x01,0x00,0xFF,0x01,0x00,0xFF,0x00,0x00,0xFF,0x00,0x00,0xFF,0x00,0x00,0xFF,0x01,0x00,0xFF,0x01,0x00,0xFF,0x00,0x00,0xFF,0x20,0x00,0xFF,
    0x20,0x00,0xFF,0x20,0x00,0xFF,0x20,0x00,0xFF,0x20,0x00,0xFF,0x20,0x00,0xFF,0x00,0x00,0xFF,0x42,0x10,0xFF,0x00,0x00,0xFF,0x22,0x7C,0xFF,0x87,0xE7,0xFF,0xE3,0xE7,0xFF,0xE1,0xEF,0xFF,
    0xE4,0xFF,0xFF,0x20,0xDF,0xFF,0xE1,0xF7,0xFF,0xE2,0xFF,0xFF,0xE0,0xEF,0xFF,0xE1,0xE7,0xFF,0xA7,0xE7,0xFF,0x6E,0xE7,0xFF,0xC0,0x10,0xFF,0x60,0x08,0xFF,0x00,0x00,0xFF,0x00,0x00,0xFF,
    0x80,0x08,0xFF,0x00,0x00,0xFF,0xDE,0xFF,0xFF,0xDF,0xFF,0xFF,0xFF,0xFF,0xFF,0xFF,0xFF,0xFF,0xFF,0xFF,0xFF,0xFF,0xFF,0xFF,0xFF,0xFF,0xFF,0xFF,0xFF,0xFF,0xFF,0xFF,0xFF,0xFF,0xFF,0xFF,
    0xFF,0xFF,0xFF,0xFF,0xFF,0xFF,0xFF,0xFF,0xFF,0xFF,0xFF,0xFF,0xFF,0xFF,0xFF,0xFF,0xFF,0xFF,0xFF,0xFF,0xFF,0xFF,0xFF,0xFF,0xFF,0xFF,0xFF,0xFF,0xFF,0xFF,0xFF,0xFF,0xFF,0xFF,0xFF,0xFF,
    0xFF,0xFF,0xFF,0xFF,0xFF,0xFF,0xFF,0xFF,0xFF,0xFF,0xFF,0xFF,0xFF,0xFF,0xFF,0xFF,0xFF,0xFF,0xFF,0xFF,0xFF,0xFF,0xFF,0xFF,0xFF,0xFF,0xFF,0xFF,0xFF,0xFF,0xFF,0xFF,0xFF,0xFF,0xFF,0xFF,
    0xFF,0xFF,0xFF,0xFF,0xFF,0xFF,0xFF,0xFF,0xFF,0xFF,0xFF,0xFF,0xFF,0xFF,0xFF,0xFF,0xFF,0xFF,0xFF,0xFF,0xFF,0xFF,0xFF,0xFF,0xFF,0xFF,0xFF,0xFF,0xFF,0xFF,0xFF,0xFF,0xFF,0xFF,0xFF,0xFF,
    0xFF,0xFF,0xFF,0xFF,0xFF,0xFF,0xFF,0xFF,0xFF,0xFF,0xFF,0xFF,0xFF,0xFF,0xFF,0xFF,0xFF,0xFF,0xFF,0xFF,0xFF,0xFF,0xFF,0xFF,0xFF,0xFF,0xFF,0xFF,0xFF,0xFF,0xFF,0xFF,0xFF,0xFF,0xFF,0xFF,
    0xFF,0xFF,0xFF,0xFF,0xFF,0xFF,0xFF,0xFF,0xFF,0xFF,0xFF,0xFF,0xFF,0xFF,0xFF,0xFF,0xFF,0xFF,0xFF,0xFF,0xFF,0xFF,0xFF,0xFF,0xFF,0xFF,0xFF,0xFF,0xFF,0xFF,0xFF,0xFF,0xFF,0xFF,0xFF,0xFF,
    0xFF,0xFF,0xFF,0xFF,0xFF,0xFF,0xFF,0xFF,0xFF,0xFF,0xFF,0xFF,0xFF,0xFF,0xFF,0xFF,0xFF,0xFF,0xFF,0xFF,0xFF,0xFF,0xFF,0xFF,0xFF,0xFF,0xFF,0xFF,0xFF,0xFF,0xFF,0xFF,0xFF,0xFF,0xFF,0xFF,
    0xFF,0xFF,0xFF,0xFF,0xFF,0xFF,0xFF,0xFF,0xFF,0xFF,0xFF,0xFF,0xFF,0xFF,0xFF,0xFF,0xFF,0xFF,0xFF,0xFF,0xFF,0xFF,0xFF,0xFF,0xFF,0xFF,0xFF,0xFF,0xFF,0xFF,0xFF,0xFF,0xFF,0xFF,0xFF,0xFF,
    0xFF,0xFF,0xFF,0xFF,0xFF,0xFF,0xFF,0xFF,0xFF,0xFF,0xFF,0xFF,0xFF,0xFF,0xFF,0xFF,0xFF,0xFF,0xFF,0xFF,0xFF,0xFF,0xFF,0xFF,0xFF,0xFF,0xFF,0xFF,0xFF,0xFF,0xFF,0xFF,0xFF,0xFF,0xFF,0xFF,
    0xFF,0xFF,0xFF,0xFF,0xFF,0xFF,0xFF,0xFF,0xFF,0xFF,0xFF,0xFF,0xFF,0xFF,0xFF,0xFF,0xFF,0xFF,0xFF,0xFF,0xFF,0xFF,0xFF,0xFF,0xFF,0xFF,0xFF,0xFF,0xFF,0xFF,0xFF,0xFF,0xFF,0xFF,0xFF,0xFF,
    0xFF,0xFF,0xFF,0xFF,0xFF,0xFF,0xFF,0xFF,0xFF,0xFF,0xFF,0xFF,0xFF,0xFF,0xFF,0xFF,0xFF,0xFF,0xFF,0xFF,0xFF,0xFF,0xFF,0xFF,0xFF,0xFF,0xFF,0xFF,0xFF,0xFF,0xFF,0xFF,0xFF,0xFF,0xFF,0xFF,
    0xFF,0xFF,0xFF,0xFF,0xFF,0xFF,0xFF,0xFF,0xFF,0xFF,0xFF,0xFF,0xFF,0xFF,0xFF,0xFF,0xFF,0xFF,0xFF,0xFF,0xFF,0xFF,0xFF,0xFF,0xFF,0xFF,0xFF,0xFF,0xFF,0xFF,0xFF,0xFF,0xFF,0xFF,0xFF,0xFF,
    0xFF,0xFF,0xFF,0xFF,0xFF,0xFF,0xFF,0xFF,0xFF,0xFF,0xFF,0xFF,0xFF,0xFF,0xFF,0xFF,0xFF,0xFF,0xFF,0xFF,0xFF,0xFF,0xFF,0xFF,0xFF,0xFF,0xFF,0xFF,0xFF,0xFF,0xFF,0xFF,0xFF,0xFF,0xFF,0xFF,
    0xFF,0xFF,0xFF,0xFF,0xFF,0xFF,0xFF,0xFF,0xFF,0xFF,0xFF,0xFF,0xFF,0xFF,0xFF,0xFF,0xFF,0xFF,0xFF,0xFF,0xFF,0xFF,0xFF,0xFF,0xFF,0xFF,0xFF,0xFF,0xFF,0xFF,0xFF,0xFF,0xFF,0xFF,0xFF,0xFF,
    0xFF,0xFF,0xFF,0xFF,0xFF,0xFF,0xFF,0xFF,0xFF,0xFF,0xFF,0xFF,0xFF,0xFF,0xFF,0xFF,0xFF,0xFF,0xFF,0xFF,0xFF,0xFF,0xFF,0xFF,0xFF,0xFF,0xFF,0xFF,0xFF,0xFF,0xFF,0xFF,0xFF,0xFF,0xFF,0xFF,
    0xFF,0xFF,0xFF,0xFF,0xFF,0xFF,0xFF,0xFF,0xFF,0xFF,0xFF,0xFF,0xFF,0xFF,0xFF,0xFF,0xFF,0xFF,0xFF,0xFF,0xFF,0xFF,0xFF,0xFF,0xFF,0xFF,0xFF,0xFF,0xFF,0xFF,0xFF,0xFF,0xFF,0xFF,0xFF,0xFF,
    0xFF,0xFF,0xFF,0xFF,0xFF,0xFF,0xFF,0xFF,0xFF,0xFF,0xFF,0xFF,0xFF,0xFF,0xFF,0xFF,0xFF,0xFF,0xFF,0xFF,0xFF,0xFF,0xFF,0xFF,0xFF,0xFF,0xFF,0xFF,0xFF,0xFF,0xFF,0xFF,0xFF,0xFF,0xFF,0xFF,
    0xFF,0xFF,0xFF,0xFF,0xFF,0xFF,0xFF,0xFF,0xFF,0xFF,0xFF,0xFF,0xFF,0xFF,0xFF,0xFF,0xFF,0xFF,0xFF,0xFF,0xFF,0xFF,0xFF,0xFF,0xFF,0xFF,0xFF,0xFF,0xFF,0xFF,0xFF,0xFF,0xFF,0xFF,0xFF,0xFF,
    0xFF,0xFF,0xFF,0xFF,0xFF,0xFF,0xFF,0xFF,0xFF,0xFF,0xFF,0xFF,0xFF,0xFF,0xFF,0xFF,0xFF,0xFF,0xFF,0xFF,0xFF,0xFF,0xFF,0xFF,0xFF,0xFF,0xFF,0xFF,0xFF,0xFF,0xFF,0xFF,0xFF,0xFF,0xFF,0xFF,
    0xFF,0xFF,0xFF,0xFF,0xFF,0xFF,0xFF,0xFF,0xFF,0xFF,0xFF,0xFF,0xFF,0xFF,0xFF,0xFF,0xFF,0xFF,0xFF,0xFF,0xFF,0xFF,0xFF,0xFF,0xFF,0xFF,0xFF,0xFF,0xFF,0xFF,0xFF,0xFF,0xFF,0xFF,0xFF,0xFF,
    0xFF,0xFF,0xFF,0xFF,0xFF,0xFF,0xFF,0xFF,0xFF,0xFF,0xFF,0xFF,0xFF,0xFF,0xFF,0xFF,0xFF,0xFF,0xFF,0xFF,0xFF,0xFF,0xFF,0xFF,0xFF,0xFF,0xFF,0xFF,0xFF,0xFF,0xFF,0xFF,0xFF,0xFF,0xFF,0xFF,
    0xFF,0xFF,0xFF,0xFF,0xFF,0xFF,0xFF,0xFF,0xFF,0xFF,0xFF,0xFF,0xFF,0xFF,0xFF,0xFF,0xFF,0xFF,0xFF,0xFF,0xFF,0xFF,0xFF,0xFF,0xFF,0xFF,0xFF,0xFF,0xFF,0xFF,0xFF,0xFF,0xFF,0xFF,0xFF,0xFF,
    0xFF,0xFF,0xFF,0xFF,0xFF,0xFF,0xFF,0xFF,0xFF,0xFF,0xFF,0xFF,0xFF,0xFF,0xFF,0xFF,0xFF,0xFF,0xFF,0xFF,0xFF,0xFF,0xFF,0xFF,0xFF,0xFF,0xFF,0xFF,0xFF,0xFF,0xFF,0xFF,0xFF,0xFF,0xFF,0xFF,
    0xFF,0xFF,0xFF,0xFF,0xFF,0xFF,0xFF,0xFF,0xFF,0xBE,0xF7,0xFF,0xFF,0xFF,0xFF,0xFF,0xFF,0xFF,0xDF,0xFF,0xFF,0xB6,0xB5,0xFF,0x00,0x00,0xFF,0x61,0x08,0xFF,0x9E,0xF7,0xFF,0xFF,0xFF,0xFF,
    0xBE,0xF7,0xFF,0xFF,0xFF,0xFF,0xFF,0xFF,0xFF,0xBE,0xF7,0xFF,0xFF,0xFF,0xFF,0xFF,0xFF,0xFF,0xFF,0xFF,0xFF,0xFF,0xFF,0xFF,0xFF,0xFF,0xFF,0xFF,0xFF,0xFF,0xFF,0xFF,0xFF,0xFF,0xFF,0xFF,
    0xFF,0xFF,0xFF,0xFF,0xFF,0xFF,0xFF,0xFF,0xFF,0xFF,0xFF,0xFF,0xFF,0xFF,0xFF,0xFF,0xFF,0xFF,0xFF,0xFF,0xFF,0xFF,0xFF,0xFF,0xFF,0xFF,0xFF,0xFF,0xFF,0xFF,0xFF,0xFF,0xFF,0xFF,0xFF,0xFF,
    0xFF,0xFF,0xFF,0xFF,0xFF,0xFF,0xFF,0xFF,0xFF,0xFF,0xFF,0xFF,0xFF,0xFF,0xFF,0xFF,0xFF,0xFF,0xFF,0xFF,0xFF,0xBE,0xF7,0xFF,0xBE,0xF7,0xFF,0xFF,0xFF,0xFF,0x9E,0xF7,0xFF,0xAA,0x52,0xFF,
    0x00,0x00,0xFF,0x41,0x08,0xFF,0x00,0x00,0xFF,0x00,0x00,0xFF,0x00,0x00,0xFF,0x00,0x00,0xFF,0x20,0x00,0xFF,0x20,0x00,0xFF,0x20,0x00,0xFF,0x00,0x00,0xFF,0x21,0x00,0xFF,0x81,0x10,0xFF,
    0xA8,0x73,0xFF,0x0F,0xDF,0xFF,0xEC,0xF7,0xFF,0xC7,0xE7,0xFF,0xA5,0xE7,0xFF,0xE4,0xEF,0xFF,0xE5,0xF7,0xFF,0xC2,0xE7,0xFF,0xC1,0xE7,0xFF,0xE2,0xEF,0xFF,0xE1,0xEF,0xFF,0xA0,0xE7,0xFF,
    0xE1,0xEF,0xFF,0xE1,0xEF,0xFF,0xE2,0xF7,0xFF,0xE2,0xF7,0xFF,0xE2,0xF7,0xFF,0xE2,0xF7,0xFF,0xE2,0xF7,0xFF,0xE1,0xF7,0xFF,0xE1,0xF7,0xFF,0xE0,0xF7,0xFF,0xE0,0xF7,0xFF,0xE1,0xFF,0xFF,
    0xC1,0xEF,0xFF,0xE5,0xF7,0xFF,0xE9,0xF7,0xFF,0x6C,0xE7,0xFF,0xE0,0x5A,0xFF,0x20,0x00,0xFF,0x00,0x00,0xFF,0x21,0x08,0xFF,0x02,0x08,0xFF,0x01,0x00,0xFF,0x21,0x00,0xFF,0x00,0x00,0xFF,
    0x00,0x00,0xFF,0x00,0x00,0xFF,0x00,0x00,0xFF,0x00,0x00,0xFF,0x00,0x00,0xFF,0x20,0x00,0xFF,0x20,0x00,0xFF,0x20,0x00,0xFF,0x00,0x00,0xFF,0x00,0x00,0xFF,0x00,0x00,0xFF,0x41,0x08,0xFF,
    0x02,0x00,0xFF,0x00,0x00,0xFF,0x00,0x19,0xFF,0xAA,0xE7,0xFF,0xC3,0xE7,0xFF,0xE1,0xEF,0xFF,0xE2,0xF7,0xFF,0xA1,0xEF,0xFF,0xE2,0xF7,0xFF,0xE1,0xEF,0xFF,0xC1,0xEF,0xFF,0xC4,0xE7,0xFF,
    0xEC,0xF7,0xFF,0x4F,0xDF,0xFF,0x60,0x29,0xFF,0x40,0x08,0xFF,0x21,0x08,0xFF,0x21,0x00,0xFF,0x00,0x00,0xFF,0x00,0x00,0xFF,0xFF,0xFF,0xFF,0xDE,0xFF,0xFF,0xFF,0xFF,0xFF,0xFF,0xFF,0xFF,
    0xFF,0xFF,0xFF,0xFF,0xFF,0xFF,0xFF,0xFF,0xFF,0xFF,0xFF,0xFF,0xFF,0xFF,0xFF,0xFF,0xFF,0xFF,0xFF,0xFF,0xFF,0xFF,0xFF,0xFF,0xFF,0xFF,0xFF,0xFF,0xFF,0xFF,0xFF,0xFF,0xFF,0xFF,0xFF,0xFF,
    0xFF,0xFF,0xFF,0xFF,0xFF,0xFF,0xFF,0xFF,0xFF,0xFF,0xFF,0xFF,0xFF,0xFF,0xFF,0xFF,0xFF,0xFF,0xFF,0xFF,0xFF,0xFF,0xFF,0xFF,0xFF,0xFF,0xFF,0xFF,0xFF,0xFF,0xFF,0xFF,0xFF,0xFF,0xFF,0xFF,
    0xFF,0xFF,0xFF,0xFF,0xFF,0xFF,0xFF,0xFF,0xFF,0xFF,0xFF,0xFF,0xFF,0xFF,0xFF,0xFF,0xFF,0xFF,0xFF,0xFF,0xFF,0xFF,0xFF,0xFF,0xFF,0xFF,0xFF,0xFF,0xFF,0xFF,0xFF,0xFF,0xFF,0xFF,0xFF,0xFF,
    0xFF,0xFF,0xFF,0xFF,0xFF,0xFF,0xFF,0xFF,0xFF,0xFF,0xFF,0xFF,0xFF,0xFF,0xFF,0xFF,0xFF,0xFF,0xFF,0xFF,0xFF,0xFF,0xFF,0xFF,0xFF,0xFF,0xFF,0xFF,0xFF,0xFF,0xFF,0xFF,0xFF,0xFF,0xFF,0xFF,
    0xFF,0xFF,0xFF,0xFF,0xFF,0xFF,0xFF,0xFF,0xFF,0xFF,0xFF,0xFF,0xFF,0xFF,0xFF,0xFF,0xFF,0xFF,0xFF,0xFF,0xFF,0xFF,0xFF,0xFF,0xFF,0xFF,0xFF,0xFF,0xFF,0xFF,0xFF,0xFF,0xFF,0xFF,0xFF,0xFF,
    0xFF,0xFF,0xFF,0xFF,0xFF,0xFF,0xFF,0xFF,0xFF,0xFF,0xFF,0xFF,0xFF,0xFF,0xFF,0xFF,0xFF,0xFF,0xFF,0xFF,0xFF,0xFF,0xFF,0xFF,0xFF,0xFF,0xFF,0xFF,0xFF,0xFF,0xFF,0xFF,0xFF,0xFF,0xFF,0xFF,
    0xFF,0xFF,0xFF,0xFF,0xFF,0xFF,0xFF,0xFF,0xFF,0xFF,0xFF,0xFF,0xFF,0xFF,0xFF,0xFF,0xFF,0xFF,0xFF,0xFF,0xFF,0xFF,0xFF,0xFF,0xFF,0xFF,0xFF,0xFF,0xFF,0xFF,0xFF,0xFF,0xFF,0xFF,0xFF,0xFF,
    0xFF,0xFF,0xFF,0xFF,0xFF,0xFF,0xFF,0xFF,0xFF,0xFF,0xFF,0xFF,0xFF,0xFF,0xFF,0xFF,0xFF,0xFF,0xFF,0xFF,0xFF,0xFF,0xFF,0xFF,0xFF,0xFF,0xFF,0xFF,0xFF,0xFF,0xFF,0xFF,0xFF,0xFF,0xFF,0xFF,
    0xFF,0xFF,0xFF,0xFF,0xFF,0xFF,0xFF,0xFF,0xFF,0xFF,0xFF,0xFF,0xFF,0xFF,0xFF,0xFF,0xFF,0xFF,0xFF,0xFF,0xFF,0xFF,0xFF,0xFF,0xFF,0xFF,0xFF,0xFF,0xFF,0xFF,0xFF,0xFF,0xFF,0xFF,0xFF,0xFF,
    0xFF,0xFF,0xFF,0xFF,0xFF,0xFF,0xFF,0xFF,0xFF,0xFF,0xFF,0xFF,0xFF,0xFF,0xFF,0xFF,0xFF,0xFF,0xFF,0xFF,0xFF,0xFF,0xFF,0xFF,0xFF,0xFF,0xFF,0xFF,0xFF,0xFF,0xFF,0xFF,0xFF,0xFF,0xFF,0xFF,
    0xFF,0xFF,0xFF,0xFF,0xFF,0xFF,0xFF,0xFF,0xFF,0xFF,0xFF,0xFF,0xFF,0xFF,0xFF,0xFF,0xFF,0xFF,0xFF,0xFF,0xFF,0xFF,0xFF,0xFF,0xFF,0xFF,0xFF,0xFF,0xFF,0xFF,0xFF,0xFF,0xFF,0xFF,0xFF,0xFF,
    0xFF,0xFF,0xFF,0xFF,0xFF,0xFF,0xFF,0xFF,0xFF,0xFF,0xFF,0xFF,0xFF,0xFF,0xFF,0xFF,0xFF,0xFF,0xFF,0xFF,0xFF,0xFF,0xFF,0xFF,0xFF,0xFF,0xFF,0xFF,0xFF,0xFF,0xFF,0xFF,0xFF,0xFF,0xFF,0xFF,
    0xFF,0xFF,0xFF,0xFF,0xFF,0xFF,0xFF,0xFF,0xFF,0xFF,0xFF,0xFF,0xFF,0xFF,0xFF,0xFF,0xFF,0xFF,0xFF,0xFF,0xFF,0xFF,0xFF,0xFF,0xFF,0xFF,0xFF,0xFF,0xFF,0xFF,0xFF,0xFF,0xFF,0xFF,0xFF,0xFF,
    0xFF,0xFF,0xFF,0xFF,0xFF,0xFF,0xFF,0xFF,0xFF,0xFF,0xFF,0xFF,0xFF,0xFF,0xFF,0xFF,0xFF,0xFF,0xFF,0xFF,0xFF,0xFF,0xFF,0xFF,0xFF,0xFF,0xFF,0xFF,0xFF,0xFF,0xFF,0xFF,0xFF,0xFF,0xFF,0xFF,
    0xFF,0xFF,0xFF,0xFF,0xFF,0xFF,0xFF,0xFF,0xFF,0xFF,0xFF,0xFF,0xFF,0xFF,0xFF,0xFF,0xFF,0xFF,0xFF,0xFF,0xFF,0xFF,0xFF,0xFF,0xFF,0xFF,0xFF,0xFF,0xFF,0xFF,0xFF,0xFF,0xFF,0xFF,0xFF,0xFF,
    0xFF,0xFF,0xFF,0xFF,0xFF,0xFF,0xFF,0xFF,0xFF,0xFF,0xFF,0xFF,0xFF,0xFF,0xFF,0xFF,0xFF,0xFF,0xFF,0xFF,0xFF,0xFF,0xFF,0xFF,0xFF,0xFF,0xFF,0xFF,0xFF,0xFF,0xFF,0xFF,0xFF,0xFF,0xFF,0xFF,
    0xFF,0xFF,0xFF,0xFF,0xFF,0xFF,0xFF,0xFF,0xFF,0xFF,0xFF,0xFF,0xFF,0xFF,0xFF,0xFF,0xFF,0xFF,0xFF,0xFF,0xFF,0xFF,0xFF,0xFF,0xFF,0xFF,0xFF,0xFF,0xFF,0xFF,0xFF,0xFF,0xFF,0xFF,0xFF,0xFF,
    0xFF,0xFF,0xFF,0xFF,0xFF,0xFF,0xFF,0xFF,0xFF,0xFF,0xFF,0xFF,0xFF,0xFF,0xFF,0xFF,0xFF,0xFF,0xFF,0xFF,0xFF,0xFF,0xFF,0xFF,0xFF,0xFF,0xFF,0xFF,0xFF,0xFF,0xFF,0xFF,0xFF,0xFF,0xFF,0xFF,
    0xFF,0xFF,0xFF,0xFF,0xFF,0xFF,0xFF,0xFF,0xFF,0xFF,0xFF,0xFF,0xFF,0xFF,0xFF,0xFF,0xFF,0xFF,0xFF,0xFF,0xFF,0xFF,0xFF,0xFF,0xFF,0xFF,0xFF,0xFF,0xFF,0xFF,0xFF,0xFF,0xFF,0xFF,0xFF,0xFF,
    0xFF,0xFF,0xFF,0xFF,0xFF,0xFF,0xFF,0xFF,0xFF,0xFF,0xFF,0xFF,0xFF,0xFF,0xFF,0xFF,0xFF,0xFF,0xFF,0xFF,0xFF,0xFF,0xFF,0xFF,0xFF,0xFF,0xFF,0xFF,0xFF,0xFF,0xFF,0xFF,0xFF,0xFF,0xFF,0xFF,
    0xFF,0xFF,0xFF,0xFF,0xFF,0xFF,0xFF,0xFF,0xFF,0xFF,0xFF,0xFF,0xFF,0xFF,0xFF,0xFF,0xFF,0xFF,0xFF,0xFF,0xFF,0xFF,0xFF,0xFF,0xFF,0xFF,0xFF,0xFF,0xFF,0xFF,0xFF,0xFF,0xFF,0xFF,0xFF,0xFF,
    0xFF,0xFF,0xFF,0xFF,0xFF,0xFF,0xFF,0xFF,0xFF,0xFF,0xFF,0xFF,0xFF,0xFF,0xFF,0xFF,0xFF,0xFF,0xFF,0xFF,0xFF,0xFF,0xFF,0xFF,0xFF,0xFF,0xFF,0xFF,0xFF,0xFF,0xFF,0xFF,0xFF,0xFF,0xFF,0xFF,
    0xFF,0xFF,0xFF,0xFF,0xFF,0xFF,0xFF,0xFF,0xFF,0xFF,0xFF,0xFF,0xFF,0xFF,0xFF,0xFF,0xFF,0xFF,0xFF,0xFF,0xFF,0xFF,0xFF,0xFF,0xFF,0xFF,0xFF,0xFF,0xFF,0xFF,0x7D,0xEF,0xFF,0xFF,0xFF,0xFF,
    0xBE,0xF7,0xFF,0xDF,0xFF,0xFF,0x2C,0x63,0xFF,0x00,0x00,0xFF,0x20,0x00,0xFF,0x8E,0x73,0xFF,0xBE,0xF7,0xFF,0xFF,0xFF,0xFF,0xFF,0xFF,0xFF,0xFF,0xFF,0xFF,0xDF,0xFF,0xFF,0x9E,0xF7,0xFF,
    0xFF,0xFF,0xFF,0xFF,0xFF,0xFF,0xFF,0xFF,0xFF,0xFF,0xFF,0xFF,0xFF,0xFF,0xFF,0xFF,0xFF,0xFF,0xFF,0xFF,0xFF,0xFF,0xFF,0xFF,0xFF,0xFF,0xFF,0xFF,0xFF,0xFF,0xFF,0xFF,0xFF,0xFF,0xFF,0xFF,
    0xFF,0xFF,0xFF,0xFF,0xFF,0xFF,0xFF,0xFF,0xFF,0xFF,0xFF,0xFF,0xFF,0xFF,0xFF,0xFF,0xFF,0xFF,0xFF,0xFF,0xFF,0xFF,0xFF,0xFF,0xFF,0xFF,0xFF,0xFF,0xFF,0xFF,0xFF,0xFF,0xFF,0xFF,0xFF,0xFF,
    0xFF,0xFF,0xFF,0xFF,0xFF,0xFF,0xFF,0xFF,0xFF,0xFF,0xFF,0xFF,0x9E,0xF7,0xFF,0x00,0x00,0xFF,0x00,0x00,0xFF,0x00,0x00,0xFF,0x00,0x00,0xFF,0x00,0x00,0xFF,0x00,0x00,0xFF,0x20,0x00,0xFF,
    0x20,0x00,0xFF,0x20,0x00,0xFF,0x00,0x00,0xFF,0x00,0x00,0xFF,0x01,0x00,0xFF,0x00,0x00,0xFF,0x80,0x10,0xFF,0xC0,0x10,0xFF,0xC0,0x31,0xFF,0xC7,0xAD,0xFF,0x6C,0xE7,0xFF,0xEB,0xEF,0xFF,
    0x86,0xE7,0xFF,0xE6,0xEF,0xFF,0xA3,0xE7,0xFF,0xE4,0xF7,0xFF,0xE2,0xF7,0xFF,0xE1,0xEF,0xFF,0xE3,0xFF,0xFF,0xA0,0xE7,0xFF,0xE1,0xEF,0xFF,0xE1,0xEF,0xFF,0xE1,0xF7,0xFF,0xE1,0xEF,0xFF,
    0xE1,0xF7,0xFF,0xE0,0xF7,0xFF,0xE0,0xF7,0xFF,0xE0,0xF7,0xFF,0xC0,0xEF,0xFF,0xE1,0xFF,0xFF,0xE0,0xF7,0xFF,0xE0,0xEF,0xFF,0xC1,0xE7,0xFF,0xE6,0xEF,0xFF,0xAB,0xEF,0xFF,0xA1,0x6B,0xFF,
    0x40,0x08,0xFF,0x20,0x08,0xFF,0x20,0x08,0xFF,0x01,0x08,0xFF,0x00,0x00,0xFF,0x20,0x00,0xFF,0x40,0x00,0xFF,0x00,0x00,0xFF,0x00,0x00,0xFF,0x00,0x00,0xFF,0x20,0x00,0xFF,0x20,0x00,0xFF,
    0x20,0x00,0xFF,0x00,0x00,0xFF,0x00,0x00,0xFF,0x00,0x00,0xFF,0x00,0x00,0xFF,0x21,0x00,0xFF,0x02,0x00,0xFF,0x00,0x08,0xFF,0x40,0x08,0xFF,0x8E,0xEF,0xFF,0xE6,0xF7,0xFF,0xC1,0xE7,0xFF,
    0xE2,0xF7,0xFF,0xE2,0xF7,0xFF,0xC2,0xEF,0xFF,0xA3,0xE7,0xFF,0xE6,0xF7,0xFF,0x88,0xE7,0xFF,0x4D,0xDF,0xFF,0x80,0x29,0xFF,0x20,0x00,0xFF,0x00,0x00,0xFF,0x00,0x00,0xFF,0x21,0x00,0xFF,
    0x41,0x08,0xFF,0x81,0x10,0xFF,0xBE,0xF7,0xFF,0xFF,0xFF,0xFF,0xFF,0xFF,0xFF,0xFF,0xFF,0xFF,0xFF,0xFF,0xFF,0xFF,0xFF,0xFF,0xFF,0xFF,0xFF,0xFF,0xFF,0xFF,0xFF,0xFF,0xFF,0xFF,0xFF,0xFF,
    0xFF,0xFF,0xFF,0xFF,0xFF,0xFF,0xFF,0xFF,0xFF,0xFF,0xFF,0xFF,0xFF,0xFF,0xFF,0xFF,0xFF,0xFF,0xFF,0xFF,0xFF,0xFF,0xFF,0xFF,0xFF,0xFF,0xFF,0xFF,0xFF,0xFF,0xFF,0xFF,0xFF,0xFF,0xFF,0xFF,
    0xFF,0xFF,0xFF,0xFF,0xFF,0xFF,0xFF,0xFF,0xFF,0xFF,0xFF,0xFF,0xFF,0xFF,0xFF,0xFF,0xFF,0xFF,0xFF,0xFF,0xFF,0xFF,0xFF,0xFF,0xFF,0xFF,0xFF,0xFF,0xFF,0xFF,0xFF,0xFF,0xFF,0xFF,0xFF,0xFF,
    0xFF,0xFF,0xFF,0xFF,0xFF,0xFF,0xFF,0xFF,0xFF,0xFF,0xFF,0xFF,0xFF,0xFF,0xFF,0xFF,0xFF,0xFF,0xFF,0xFF,0xFF,0xFF,0xFF,0xFF,0xFF,0xFF,0xFF,0xFF,0xFF,0xFF,0xFF,0xFF,0xFF,0xFF,0xFF,0xFF,
    0xFF,0xFF,0xFF,0xFF,0xFF,0xFF,0xFF,0xFF,0xFF,0xFF,0xFF,0xFF,0xFF,0xFF,0xFF,0xFF,0xFF,0xFF,0xFF,0xFF,0xFF,0xFF,0xFF,0xFF,0xFF,0xFF,0xFF,0xFF,0xFF,0xFF,0xFF,0xFF,0xFF,0xFF,0xFF,0xFF,
    0xFF,0xFF,0xFF,0xFF,0xFF,0xFF,0xFF,0xFF,0xFF,0xFF,0xFF,0xFF,0xFF,0xFF,0xFF,0xFF,0xFF,0xFF,0xFF,0xFF,0xFF,0xFF,0xFF,0xFF,0xFF,0xFF,0xFF,0xFF,0xFF,0xFF,0xFF,0xFF,0xFF,0xFF,0xFF,0xFF,
    0xFF,0xFF,0xFF,0xFF,0xFF,0xFF,0xFF,0xFF,0xFF,0xFF,0xFF,0xFF,0xFF,0xFF,0xFF,0xFF,0xFF,0xFF,0xFF,0xFF,0xFF,0xFF,0xFF,0xFF,0xFF,0xFF,0xFF,0xFF,0xFF,0xFF,0xFF,0xFF,0xFF,0xFF,0xFF,0xFF,
    0xFF,0xFF,0xFF,0xFF,0xFF,0xFF,0xFF,0xFF,0xFF,0xFF,0xFF,0xFF,0xFF,0xFF,0xFF,0xFF,0xFF,0xFF,0xFF,0xFF,0xFF,0xFF,0xFF,0xFF,0xFF,0xFF,0xFF,0xFF,0xFF,0xFF,0xFF,0xFF,0xFF,0xFF,0xFF,0xFF,
    0xFF,0xFF,0xFF,0xFF,0xFF,0xFF,0xFF,0xFF,0xFF,0xFF,0xFF,0xFF,0xFF,0xFF,0xFF,0xFF,0xFF,0xFF,0xFF,0xFF,0xFF,0xFF,0xFF,0xFF,0xFF,0xFF,0xFF,0xFF,0xFF,0xFF,0xFF,0xFF,0xFF,0xFF,0xFF,0xFF,
    0xFF,0xFF,0xFF,0xFF,0xFF,0xFF,0xFF,0xFF,0xFF,0xFF,0xFF,0xFF,0xFF,0xFF,0xFF,0xFF,0xFF,0xFF,0xFF,0xFF,0xFF,0xFF,0xFF,0xFF,0xFF,0xFF,0xFF,0xFF,0xFF,0xFF,0xFF,0xFF,0xFF,0xFF,0xFF,0xFF,
    0xFF,0xFF,0xFF,0xFF,0xFF,0xFF,0xFF,0xFF,0xFF,0xFF,0xFF,0xFF,0xFF,0xFF,0xFF,0xFF,0xFF,0xFF,0xFF,0xFF,0xFF,0xFF,0xFF,0xFF,0xFF,0xFF,0xFF,0xFF,0xFF,0xFF,0xFF,0xFF,0xFF,0xFF,0xFF,0xFF,
    0xFF,0xFF,0xFF,0xFF,0xFF,0xFF,0xFF,0xFF,0xFF,0xFF,0xFF,0xFF,0xFF,0xFF,0xFF,0xFF,0xFF,0xFF,0xFF,0xFF,0xFF,0xFF,0xFF,0xFF,0xFF,0xFF,0xFF,0xFF,0xFF,0xFF,0xFF,0xFF,0xFF,0xFF,0xFF,0xFF,
    0xFF,0xFF,0xFF,0xFF,0xFF,0xFF,0xFF,0xFF,0xFF,0xFF,0xFF,0xFF,0xFF,0xFF,0xFF,0xFF,0xFF,0xFF,0xFF,0xFF,0xFF,0xFF,0xFF,0xFF,0xFF,0xFF,0xFF,0xFF,0xFF,0xFF,0xFF,0xFF,0xFF,0xFF,0xFF,0xFF,
    0xFF,0xFF,0xFF,0xFF,0xFF,0xFF,0xFF,0xFF,0xFF,0xFF,0xFF,0xFF,0xFF,0xFF,0xFF,0xFF,0xFF,0xFF,0xFF,0xFF,0xFF,0xFF,0xFF,0xFF,0xFF,0xFF,0xFF,0xFF,0xFF,0xFF,0xFF,0xFF,0xFF,0xFF,0xFF,0xFF,
    0xFF,0xFF,0xFF,0xFF,0xFF,0xFF,0xFF,0xFF,0xFF,0xFF,0xFF,0xFF,0xFF,0xFF,0xFF,0xFF,0xFF,0xFF,0xFF,0xFF,0xFF,0xFF,0xFF,0xFF,0xFF,0xFF,0xFF,0xFF,0xFF,0xFF,0xFF,0xFF,0xFF,0xFF,0xFF,0xFF,
    0xFF,0xFF,0xFF,0xFF,0xFF,0xFF,0xFF,0xFF,0xFF,0xFF,0xFF,0xFF,0xFF,0xFF,0xFF,0xFF,0xFF,0xFF,0xFF,0xFF,0xFF,0xFF,0xFF,0xFF,0xFF,0xFF,0xFF,0xFF,0xFF,0xFF,0xFF,0xFF,0xFF,0xFF,0xFF,0xFF,
    0xFF,0xFF,0xFF,0xFF,0xFF,0xFF,0xFF,0xFF,0xFF,0xFF,0xFF,0xFF,0xFF,0xFF,0xFF,0xFF,0xFF,0xFF,0xFF,0xFF,0xFF,0xFF,0xFF,0xFF,0xFF,0xFF,0xFF,0xFF,0xFF,0xFF,0xFF,0xFF,0xFF,0xFF,0xFF,0xFF,
    0xFF,0xFF,0xFF,0xFF,0xFF,0xFF,0xFF,0xFF,0xFF,0xFF,0xFF,0xFF,0xFF,0xFF,0xFF,0xFF,0xFF,0xFF,0xFF,0xFF,0xFF,0xFF,0xFF,0xFF,0xFF,0xFF,0xFF,0xFF,0xFF,0xFF,0xFF,0xFF,0xFF,0xFF,0xFF,0xFF,
    0xFF,0xFF,0xFF,0xFF,0xFF,0xFF,0xFF,0xFF,0xFF,0xFF,0xFF,0xFF,0xFF,0xFF,0xFF,0xFF,0xFF,0xFF,0xFF,0xFF,0xFF,0xFF,0xFF,0xFF,0xFF,0xFF,0xFF,0xFF,0xFF,0xFF,0xFF,0xFF,0xFF,0xFF,0xFF,0xFF,
    0xFF,0xFF,0xFF,0xFF,0xFF,0xFF,0xFF,0xFF,0xFF,0xFF,0xFF,0xFF,0xFF,0xFF,0xFF,0xFF,0xFF,0xFF,0xFF,0xFF,0xFF,0xFF,0xFF,0xFF,0xFF,0xFF,0xFF,0xFF,0xFF,0xFF,0xFF,0xFF,0xFF,0xFF,0xFF,0xFF,
    0xFF,0xFF,0xFF,0xFF,0xFF,0xFF,0xFF,0xFF,0xFF,0xFF,0xFF,0xFF,0xFF,0xFF,0xFF,0xFF,0xFF,0xFF,0xFF,0xFF,0xFF,0xFF,0xFF,0xFF,0xFF,0xFF,0xFF,0xFF,0xFF,0xFF,0xFF,0xFF,0xFF,0xFF,0xFF,0xFF,
    0xFF,0xFF,0xFF,0xFF,0xFF,0xFF,0xFF,0xFF,0xFF,0xFF,0xFF,0xFF,0xFF,0xFF,0xFF,0xFF,0xFF,0xFF,0xFF,0xFF,0xFF,0xFF,0xFF,0xFF,0xFF,0xFF,0xFF,0xFF,0xFF,0xFF,0xFF,0xFF,0xFF,0xFF,0xFF,0xFF,
    0xFF,0xFF,0xFF,0xFF,0xFF,0xFF,0xFF,0xFF,0xFF,0xFF,0xFF,0xFF,0xFF,0xFF,0xFF,0xFF,0xFF,0xFF,0xFF,0xFF,0xFF,0xFF,0xFF,0xFF,0xFF,0xFF,0xFF,0xFF,0xFF,0xFF,0xFF,0xFF,0xFF,0xFF,0xFF,0xFF,
    0xFF,0xFF,0xFF,0xFF,0xFF,0xFF,0xFF,0xFF,0xFF,0xFF,0xFF,0xFF,0xFF,0xFF,0xFF,0xBE,0xF7,0xFF,0xFF,0xFF,0xFF,0xBE,0xF7,0xFF,0x9E,0xF7,0xFF,0xE3,0x18,0xFF,0x00,0x00,0xFF,0x00,0x00,0xFF,
    0x61,0x08,0xFF,0x38,0xC6,0xFF,0xDF,0xFF,0xFF,0xFF,0xFF,0xFF,0xFF,0xFF,0xFF,0xFF,0xFF,0xFF,0xFF,0xFF,0xFF,0xFF,0xFF,0xFF,0xFF,0xFF,0xFF,0xFF,0xFF,0xFF,0xFF,0xFF,0xFF,0xFF,0xFF,0xFF,
    0xFF,0xFF,0xFF,0xFF,0xFF,0xFF,0xFF,0xFF,0xFF,0xFF,0xFF,0xFF,0xFF,0xFF,0xFF,0xFF,0xFF,0xFF,0xFF,0xFF,0xFF,0xFF,0xFF,0xFF,0xFF,0xFF,0xFF,0xFF,0xFF,0xFF,0xFF,0xFF,0xFF,0xFF,0xFF,0xFF,
    0xFF,0xFF,0xFF,0xFF,0xFF,0xFF,0xFF,0xFF,0xFF,0xFF,0xFF,0xFF,0xFF,0xFF,0xFF,0xFF,0xFF,0xFF,0xDF,0xFF,0xFF,0xFF,0xFF,0xFF,0xFF,0xFF,0xFF,0x9E,0xF7,0xFF,0x49,0x4A,0xFF,0x20,0x00,0xFF,
    0x00,0x00,0xFF,0x00,0x00,0xFF,0x01,0x00,0xFF,0x00,0x00,0xFF,0x00,0x00,0xFF,0x00,0x00,0xFF,0x20,0x00,0xFF,0x00,0x00,0xFF,0x00,0x00,0xFF,0x00,0x00,0xFF,0x00,0x00,0xFF,0x01,0x00,0xFF,
    0x00,0x00,0xFF,0x20,0x00,0xFF,0x20,0x00,0xFF,0x80,0x08,0xFF,0x80,0x00,0xFF,0x20,0x19,0xFF,0xE7,0xB5,0xFF,0xCC,0xEF,0xFF,0x89,0xE7,0xFF,0xE7,0xEF,0xFF,0xE5,0xEF,0xFF,0x81,0xDF,0xFF,
    0xC1,0xE7,0xFF,0xE1,0xF7,0xFF,0xE0,0xEF,0xFF,0xE0,0xEF,0xFF,0xE0,0xEF,0xFF,0xE0,0xEF,0xFF,0xE0,0xEF,0xFF,0xE0,0xF7,0xFF,0xE0,0xF7,0xFF,0xE1,0xF7,0xFF,0xE1,0xFF,0xFF,0xE1,0xF7,0xFF,
    0xE0,0xF7,0xFF,0xE0,0xF7,0xFF,0xE0,0xEF,0xFF,0xE2,0xF7,0xFF,0xA5,0xE7,0xFF,0xCB,0xEF,0xFF,0x44,0x84,0xFF,0xC0,0x10,0xFF,0x00,0x00,0xFF,0x40,0x08,0xFF,0x00,0x00,0xFF,0x00,0x00,0xFF,
    0x60,0x08,0xFF,0x00,0x00,0xFF,0x00,0x00,0xFF,0x00,0x00,0xFF,0x00,0x00,0xFF,0x00,0x00,0xFF,0x00,0x00,0xFF,0x01,0x00,0xFF,0x01,0x00,0xFF,0x00,0x00,0xFF,0x20,0x00,0xFF,0x00,0x00,0xFF,
    0x01,0x00,0xFF,0x21,0x08,0xFF,0x60,0x10,0xFF,0xE7,0x9C,0xFF,0xE8,0xEF,0xFF,0xE2,0xEF,0xFF,0xE1,0xEF,0xFF,0xE1,0xF7,0xFF,0xE5,0xFF,0xFF,0xA5,0xEF,0xFF,0xA9,0xEF,0xFF,0xCE,0xEF,0xFF,
    0xC0,0x31,0xFF,0xE0,0x18,0xFF,0x20,0x00,0xFF,0x70,0x8C,0xFF,0x21,0x00,0xFF,0x01,0x00,0xFF,0x00,0x00,0xFF,0xE8,0x41,0xFF,0xFF,0xFF,0xFF,0xDE,0xFF,0xFF,0xFF,0xFF,0xFF,0xFF,0xFF,0xFF,
    0xFF,0xFF,0xFF,0xFF,0xFF,0xFF,0xFF,0xFF,0xFF,0xFF,0xFF,0xFF,0xFF,0xFF,0xFF,0xFF,0xFF,0xFF,0xFF,0xFF,0xFF,0xFF,0xFF,0xFF,0xFF,0xFF,0xFF,0xFF,0xFF,0xFF,0xFF,0xFF,0xFF,0xFF,0xFF,0xFF,
    0xFF,0xFF,0xFF,0xFF,0xFF,0xFF,0xFF,0xFF,0xFF,0xFF,0xFF,0xFF,0xFF,0xFF,0xFF,0xFF,0xFF,0xFF,0xFF,0xFF,0xFF,0xFF,0xFF,0xFF,0xFF,0xFF,0xFF,0xFF,0xFF,0xFF,0xFF,0xFF,0xFF,0xFF,0xFF,0xFF,
    0xFF,0xFF,0xFF,0xFF,0xFF,0xFF,0xFF,0xFF,0xFF,0xFF,0xFF,0xFF,0xFF,0xFF,0xFF,0xFF,0xFF,0xFF,0xFF,0xFF,0xFF,0xFF,0xFF,0xFF,0xFF,0xFF,0xFF,0xFF,0xFF,0xFF,0xFF,0xFF,0xFF,0xFF,0xFF,0xFF,
    0xFF,0xFF,0xFF,0xFF,0xFF,0xFF,0xFF,0xFF,0xFF,0xFF,0xFF,0xFF,0xFF,0xFF,0xFF,0xFF,0xFF,0xFF,0xFF,0xFF,0xFF,0xFF,0xFF,0xFF,0xFF,0xFF,0xFF,0xFF,0xFF,0xFF,0xFF,0xFF,0xFF,0xFF,0xFF,0xFF,
    0xFF,0xFF,0xFF,0xFF,0xFF,0xFF,0xFF,0xFF,0xFF,0xFF,0xFF,0xFF,0xFF,0xFF,0xFF,0xFF,0xFF,0xFF,0xFF,0xFF,0xFF,0xFF,0xFF,0xFF,0xFF,0xFF,0xFF,0xFF,0xFF,0xFF,0xFF,0xFF,0xFF,0xFF,0xFF,0xFF,
    0xFF,0xFF,0xFF,0xFF,0xFF,0xFF,0xFF,0xFF,0xFF,0xFF,0xFF,0xFF,0xFF,0xFF,0xFF,0xFF,0xFF,0xFF,0xFF,0xFF,0xFF,0xFF,0xFF,0xFF,0xFF,0xFF,0xFF,0xFF,0xFF,0xFF,0xFF,0xFF,0xFF,0xFF,0xFF,0xFF,
    0xFF,0xFF,0xFF,0xFF,0xFF,0xFF,0xFF,0xFF,0xFF,0xFF,0xFF,0xFF,0xFF,0xFF,0xFF,0xFF,0xFF,0xFF,0xFF,0xFF,0xFF,0xFF,0xFF,0xFF,0xFF,0xFF,0xFF,0xFF,0xFF,0xFF,0xFF,0xFF,0xFF,0xFF,0xFF,0xFF,
    0xFF,0xFF,0xFF,0xFF,0xFF,0xFF,0xFF,0xFF,0xFF,0xFF,0xFF,0xFF,0xFF,0xFF,0xFF,0xFF,0xFF,0xFF,0xFF,0xFF,0xFF,0xFF,0xFF,0xFF,0xFF,0xFF,0xFF,0xFF,0xFF,0xFF,0xFF,0xFF,0xFF,0xFF,0xFF,0xFF,
    0xFF,0xFF,0xFF,0xFF,0xFF,0xFF,0xFF,0xFF,0xFF,0xFF,0xFF,0xFF,0xFF,0xFF,0xFF,0xFF,0xFF,0xFF,0xFF,0xFF,0xFF,0xFF,0xFF,0xFF,0xFF,0xFF,0xFF,0xFF,0xFF,0xFF,0xFF,0xFF,0xFF,0xFF,0xFF,0xFF,
    0xFF,0xFF,0xFF,0xFF,0xFF,0xFF,0xFF,0xFF,0xFF,0xFF,0xFF,0xFF,0xFF,0xFF,0xFF,0xFF,0xFF,0xFF,0xFF,0xFF,0xFF,0xFF,0xFF,0xFF,0xFF,0xFF,0xFF,0xFF,0xFF,0xFF,0xFF,0xFF,0xFF,0xFF,0xFF,0xFF,
    0xFF,0xFF,0xFF,0xFF,0xFF,0xFF,0xFF,0xFF,0xFF,0xFF,0xFF,0xFF,0xFF,0xFF,0xFF,0xFF,0xFF,0xFF,0xFF,0xFF,0xFF,0xFF,0xFF,0xFF,0xFF,0xFF,0xFF,0xFF,0xFF,0xFF,0xFF,0xFF,0xFF,0xFF,0xFF,0xFF,
    0xFF,0xFF,0xFF,0xFF,0xFF,0xFF,0xFF,0xFF,0xFF,0xFF,0xFF,0xFF,0xFF,0xFF,0xFF,0xFF,0xFF,0xFF,0xFF,0xFF,0xFF,0xFF,0xFF,0xFF,0xFF,0xFF,0xFF,0xFF,0xFF,0xFF,0xFF,0xFF,0xFF,0xFF,0xFF,0xFF,
    0xFF,0xFF,0xFF,0xFF,0xFF,0xFF,0xFF,0xFF,0xFF,0xFF,0xFF,0xFF,0xFF,0xFF,0xFF,0xFF,0xFF,0xFF,0xFF,0xFF,0xFF,0xFF,0xFF,0xFF,0xFF,0xFF,0xFF,0xFF,0xFF,0xFF,0xFF,0xFF,0xFF,0xFF,0xFF,0xFF,
    0xFF,0xFF,0xFF,0xFF,0xFF,0xFF,0xFF,0xFF,0xFF,0xFF,0xFF,0xFF,0xFF,0xFF,0xFF,0xFF,0xFF,0xFF,0xFF,0xFF,0xFF,0xFF,0xFF,0xFF,0xFF,0xFF,0xFF,0xFF,0xFF,0xFF,0xFF,0xFF,0xFF,0xFF,0xFF,0xFF,
    0xFF,0xFF,0xFF,0xFF,0xFF,0xFF,0xFF,0xFF,0xFF,0xFF,0xFF,0xFF,0xFF,0xFF,0xFF,0xFF,0xFF,0xFF,0xFF,0xFF,0xFF,0xFF,0xFF,0xFF,0xFF,0xFF,0xFF,0xFF,0xFF,0xFF,0xFF,0xFF,0xFF,0xFF,0xFF,0xFF,
    0xFF,0xFF,0xFF,0xFF,0xFF,0xFF,0xFF,0xFF,0xFF,0xFF,0xFF,0xFF,0xFF,0xFF,0xFF,0xFF,0xFF,0xFF,0xFF,0xFF,0xFF,0xFF,0xFF,0xFF,0xFF,0xFF,0xFF,0xFF,0xFF,0xFF,0xFF,0xFF,0xFF,0xFF,0xFF,0xFF,
    0xFF,0xFF,0xFF,0xFF,0xFF,0xFF,0xFF,0xFF,0xFF,0xFF,0xFF,0xFF,0xFF,0xFF,0xFF,0xFF,0xFF,0xFF,0xFF,0xFF,0xFF,0xFF,0xFF,0xFF,0xFF,0xFF,0xFF,0xFF,0xFF,0xFF,0xFF,0xFF,0xFF,0xFF,0xFF,0xFF,
    0xFF,0xFF,0xFF,0xFF,0xFF,0xFF,0xFF,0xFF,0xFF,0xFF,0xFF,0xFF,0xFF,0xFF,0xFF,0xFF,0xFF,0xFF,0xFF,0xFF,0xFF,0xFF,0xFF,0xFF,0xFF,0xFF,0xFF,0xFF,0xFF,0xFF,0xFF,0xFF,0xFF,0xFF,0xFF,0xFF,
    0xFF,0xFF,0xFF,0xFF,0xFF,0xFF,0xFF,0xFF,0xFF,0xFF,0xFF,0xFF,0xFF,0xFF,0xFF,0xFF,0xFF,0xFF,0xFF,0xFF,0xFF,0xFF,0xFF,0xFF,0xFF,0xFF,0xFF,0xFF,0xFF,0xFF,0xFF,0xFF,0xFF,0xFF,0xFF,0xFF,
    0xFF,0xFF,0xFF,0xFF,0xFF,0xFF,0xFF,0xFF,0xFF,0xFF,0xFF,0xFF,0xFF,0xFF,0xFF,0xFF,0xFF,0xFF,0xFF,0xFF,0xFF,0xFF,0xFF,0xFF,0xFF,0xFF,0xFF,0xFF,0xFF,0xFF,0xFF,0xFF,0xFF,0xFF,0xFF,0xFF,
    0xFF,0xFF,0xFF,0xFF,0xFF,0xFF,0xFF,0xFF,0xFF,0xFF,0xFF,0xFF,0xFF,0xFF,0xFF,0xFF,0xFF,0xFF,0xFF,0xFF,0xFF,0xFF,0xFF,0xFF,0xFF,0xFF,0xFF,0xFF,0xFF,0xFF,0xFF,0xFF,0xFF,0xFF,0xFF,0xFF,
    0xFF,0xFF,0xFF,0xFF,0xFF,0xFF,0xFF,0xFF,0xFF,0xFF,0xFF,0xFF,0xFF,0xFF,0xFF,0xFF,0xFF,0xFF,0xFF,0xFF,0xFF,0xFF,0xFF,0xFF,0xFF,0xFF,0xFF,0xFF,0xFF,0xFF,0xFF,0xFF,0xFF,0xFF,0xFF,0xFF,
    0xFF,0xFF,0xFF,0xFF,0xFF,0xFF,0xFF,0xFF,0xFF,0xFF,0xFF,0xFF,0xFF,0xFF,0xFF,0xFF,0xFF,0xFF,0xFF,0xFF,0xFF,0xFF,0xFF,0xFF,0xFF,0xFF,0xFF,0x9E,0xF7,0xFF,0xFF,0xFF,0xFF,0xFF,0xFF,0xFF,
    0xDF,0xFF,0xFF,0xFF,0xFF,0xFF,0xFF,0xFF,0xFF,0xFF,0xFF,0xFF,0x20,0x00,0xFF,0x20,0x00,0xFF,0x00,0x00,0xFF,0x00,0x00,0xFF,0xA2,0x10,0xFF,0x5D,0xEF,0xFF,0xDF,0xFF,0xFF,0xFF,0xFF,0xFF,
    0xFF,0xFF,0xFF,0xFF,0xFF,0xFF,0xFF,0xFF,0xFF,0xFF,0xFF,0xFF,0xFF,0xFF,0xFF,0xFF,0xFF,0xFF,0xFF,0xFF,0xFF,0xFF,0xFF,0xFF,0xFF,0xFF,0xFF,0xFF,0xFF,0xFF,0xFF,0xFF,0xFF,0xFF,0xFF,0xFF,
    0xFF,0xFF,0xFF,0xFF,0xFF,0xFF,0xFF,0xFF,0xFF,0xFF,0xFF,0xFF,0xFF,0xFF,0xFF,0xFF,0xFF,0xFF,0xFF,0xFF,0xFF,0xFF,0xFF,0xFF,0xFF,0xFF,0xFF,0xFF,0xFF,0xFF,0xFF,0xFF,0xFF,0xFF,0xFF,0xFF,
    0xFF,0xFF,0xFF,0xFF,0xFF,0xFF,0x9E,0xF7,0xFF,0xDF,0xFF,0xFF,0x41,0x08,0xFF,0x00,0x00,0xFF,0x20,0x00,0xFF,0x00,0x00,0xFF,0x01,0x00,0xFF,0x01,0x00,0xFF,0x00,0x00,0xFF,0x00,0x00,0xFF,
    0x00,0x00,0xFF,0x00,0x00,0xFF,0x00,0x00,0xFF,0x00,0x00,0xFF,0x00,0x00,0xFF,0x00,0x00,0xFF,0x01,0x00,0xFF,0x01,0x00,0xFF,0x83,0x10,0xFF,0x00,0x00,0xFF,0x60,0x08,0xFF,0x40,0x00,0xFF,
    0x40,0x08,0xFF,0xE0,0x20,0xFF,0xC3,0x73,0xFF,0x2C,0xDF,0xFF,0xAA,0xEF,0xFF,0xE7,0xEF,0xFF,0xE3,0xEF,0xFF,0xE2,0xEF,0xFF,0xE0,0xEF,0xFF,0xE0,0xEF,0xFF,0xE0,0xEF,0xFF,0xE0,0xEF,0xFF,
    0xE0,0xEF,0xFF,0xE1,0xF7,0xFF,0xE1,0xF7,0xFF,0xE1,0xF7,0xFF,0x81,0xEF,0xFF,0xE3,0xFF,0xFF,0x80,0xE7,0xFF,0xE2,0xFF,0xFF,0xC0,0xE7,0xFF,0xE0,0xEF,0xFF,0xE3,0xF7,0xFF,0x63,0xD7,0xFF,
    0xEB,0xEF,0xFF,0xE1,0x73,0xFF,0xC0,0x10,0xFF,0x20,0x08,0xFF,0x00,0x00,0xFF,0x01,0x00,0xFF,0x00,0x00,0xFF,0x20,0x00,0xFF,0x00,0x00,0xFF,0x00,0x00,0xFF,0x00,0x00,0xFF,0x00,0x00,0xFF,
    0x01,0x00,0xFF,0x02,0x00,0xFF,0x01,0x00,0xFF,0x00,0x00,0xFF,0x20,0x00,0xFF,0x00,0x00,0xFF,0x21,0x08,0xFF,0x00,0x00,0xFF,0x00,0x08,0xFF,0xA0,0x31,0xFF,0x89,0xE7,0xFF,0xE4,0xEF,0xFF,
    0xE2,0xF7,0xFF,0x80,0xE7,0xFF,0xE3,0xEF,0xFF,0xA7,0xEF,0xFF,0x8D,0xEF,0xFF,0x60,0x4A,0xFF,0x60,0x08,0xFF,0x00,0x00,0xFF,0x3B,0xE7,0xFF,0xFE,0xFF,0xFF,0xE4,0x18,0xFF,0x21,0x00,0xFF,
    0x84,0x10,0xFF,0xB4,0x9C,0xFF,0xDE,0xFF,0xFF,0xFF,0xFF,0xFF,0xFF,0xFF,0xFF,0xFF,0xFF,0xFF,0xFF,0xFF,0xFF,0xFF,0xFF,0xFF,0xFF,0xFF,0xFF,0xFF,0xFF,0xFF,0xFF,0xFF,0xFF,0xFF,0xFF,0xFF,
    0xFF,0xFF,0xFF,0xFF,0xFF,0xFF,0xFF,0xFF,0xFF,0xFF,0xFF,0xFF,0xFF,0xFF,0xFF,0xFF,0xFF,0xFF,0xFF,0xFF,0xFF,0xFF,0xFF,0xFF,0xFF,0xFF,0xFF,0xFF,0xFF,0xFF,0xFF,0xFF,0xFF,0xFF,0xFF,0xFF,
    0xFF,0xFF,0xFF,0xFF,0xFF,0xFF,0xFF,0xFF,0xFF,0xFF,0xFF,0xFF,0xFF,0xFF,0xFF,0xFF,0xFF,0xFF,0xFF,0xFF,0xFF,0xFF,0xFF,0xFF,0xFF,0xFF,0xFF,0xFF,0xFF,0xFF,0xFF,0xFF,0xFF,0xFF,0xFF,0xFF,
    0xFF,0xFF,0xFF,0xFF,0xFF,0xFF,0xFF,0xFF,0xFF,0xFF,0xFF,0xFF,0xFF,0xFF,0xFF,0xFF,0xFF,0xFF,0xFF,0xFF,0xFF,0xFF,0xFF,0xFF,0xFF,0xFF,0xFF,0xFF,0xFF,0xFF,0xFF,0xFF,0xFF,0xFF,0xFF,0xFF,
    0xFF,0xFF,0xFF,0xFF,0xFF,0xFF,0xFF,0xFF,0xFF,0xFF,0xFF,0xFF,0xFF,0xFF,0xFF,0xFF,0xFF,0xFF,0xFF,0xFF,0xFF,0xFF,0xFF,0xFF,0xFF,0xFF,0xFF,0xFF,0xFF,0xFF,0xFF,0xFF,0xFF,0xFF,0xFF,0xFF,
    0xFF,0xFF,0xFF,0xFF,0xFF,0xFF,0xFF,0xFF,0xFF,0xFF,0xFF,0xFF,0xFF,0xFF,0xFF,0xFF,0xFF,0xFF,0xFF,0xFF,0xFF,0xFF,0xFF,0xFF,0xFF,0xFF,0xFF,0xFF,0xFF,0xFF,0xFF,0xFF,0xFF,0xFF,0xFF,0xFF,
    0xFF,0xFF,0xFF,0xFF,0xFF,0xFF,0xFF,0xFF,0xFF,0xFF,0xFF,0xFF,0xFF,0xFF,0xFF,0xFF,0xFF,0xFF,0xFF,0xFF,0xFF,0xFF,0xFF,0xFF,0xFF,0xFF,0xFF,0xFF,0xFF,0xFF,0xFF,0xFF,0xFF,0xFF,0xFF,0xFF,
    0xFF,0xFF,0xFF,0xFF,0xFF,0xFF,0xFF,0xFF,0xFF,0xFF,0xFF,0xFF,0xFF,0xFF,0xFF,0xFF,0xFF,0xFF,0xFF,0xFF,0xFF,0xFF,0xFF,0xFF,0xFF,0xFF,0xFF,0xFF,0xFF,0xFF,0xFF,0xFF,0xFF,0xFF,0xFF,0xFF,
    0xFF,0xFF,0xFF,0xFF,0xFF,0xFF,0xFF,0xFF,0xFF,0xFF,0xFF,0xFF,0xFF,0xFF,0xFF,0xFF,0xFF,0xFF,0xFF,0xFF,0xFF,0xFF,0xFF,0xFF,0xFF,0xFF,0xFF,0xFF,0xFF,0xFF,0xFF,0xFF,0xFF,0xFF,0xFF,0xFF,
    0xFF,0xFF,0xFF,0xFF,0xFF,0xFF,0xFF,0xFF,0xFF,0xFF,0xFF,0xFF,0xFF,0xFF,0xFF,0xFF,0xFF,0xFF,0xFF,0xFF,0xFF,0xFF,0xFF,0xFF,0xFF,0xFF,0xFF,0xFF,0xFF,0xFF,0xFF,0xFF,0xFF,0xFF,0xFF,0xFF,
    0xFF,0xFF,0xFF,0xFF,0xFF,0xFF,0xFF,0xFF,0xFF,0xFF,0xFF,0xFF,0xFF,0xFF,0xFF,0xFF,0xFF,0xFF,0xFF,0xFF,0xFF,0xFF,0xFF,0xFF,0xFF,0xFF,0xFF,0xFF,0xFF,0xFF,0xFF,0xFF,0xFF,0xFF,0xFF,0xFF,
    0xFF,0xFF,0xFF,0xFF,0xFF,0xFF,0xFF,0xFF,0xFF,0xFF,0xFF,0xFF,0xFF,0xFF,0xFF,0xFF,0xFF,0xFF,0xFF,0xFF,0xFF,0xFF,0xFF,0xFF,0xFF,0xFF,0xFF,0xFF,0xFF,0xFF,0xFF,0xFF,0xFF,0xFF,0xFF,0xFF,
    0xFF,0xFF,0xFF,0xFF,0xFF,0xFF,0xFF,0xFF,0xFF,0xFF,0xFF,0xFF,0xFF,0xFF,0xFF,0xFF,0xFF,0xFF,0xFF,0xFF,0xFF,0xFF,0xFF,0xFF,0xFF,0xFF,0xFF,0xFF,0xFF,0xFF,0xFF,0xFF,0xFF,0xFF,0xFF,0xFF,
    0xFF,0xFF,0xFF,0xFF,0xFF,0xFF,0xFF,0xFF,0xFF,0xFF,0xFF,0xFF,0xFF,0xFF,0xFF,0xFF,0xFF,0xFF,0xFF,0xFF,0xFF,0xFF,0xFF,0xFF,0xFF,0xFF,0xFF,0xFF,0xFF,0xFF,0xFF,0xFF,0xFF,0xFF,0xFF,0xFF,
    0xFF,0xFF,0xFF,0xFF,0xFF,0xFF,0xFF,0xFF,0xFF,0xFF,0xFF,0xFF,0xFF,0xFF,0xFF,0xFF,0xFF,0xFF,0xFF,0xFF,0xFF,0xFF,0xFF,0xFF,0xFF,0xFF,0xFF,0xFF,0xFF,0xFF,0xFF,0xFF,0xFF,0xFF,0xFF,0xFF,
    0xFF,0xFF,0xFF,0xFF,0xFF,0xFF,0xFF,0xFF,0xFF,0xFF,0xFF,0xFF,0xFF,0xFF,0xFF,0xFF,0xFF,0xFF,0xFF,0xFF,0xFF,0xFF,0xFF,0xFF,0xFF,0xFF,0xFF,0xFF,0xFF,0xFF,0xFF,0xFF,0xFF,0xFF,0xFF,0xFF,
    0xFF,0xFF,0xFF,0xFF,0xFF,0xFF,0xFF,0xFF,0xFF,0xFF,0xFF,0xFF,0xFF,0xFF,0xFF,0xFF,0xFF,0xFF,0xFF,0xFF,0xFF,0xFF,0xFF,0xFF,0xFF,0xFF,0xFF,0xFF,0xFF,0xFF,0xFF,0xFF,0xFF,0xFF,0xFF,0xFF,
    0xFF,0xFF,0xFF,0xFF,0xFF,0xFF,0xFF,0xFF,0xFF,0xFF,0xFF,0xFF,0xFF,0xFF,0xFF,0xFF,0xFF,0xFF,0xFF,0xFF,0xFF,0xFF,0xFF,0xFF,0xFF,0xFF,0xFF,0xFF,0xFF,0xFF,0xFF,0xFF,0xFF,0xFF,0xFF,0xFF,
    0xFF,0xFF,0xFF,0xFF,0xFF,0xFF,0xFF,0xFF,0xFF,0xFF,0xFF,0xFF,0xFF,0xFF,0xFF,0xFF,0xFF,0xFF,0xFF,0xFF,0xFF,0xFF,0xFF,0xFF,0xFF,0xFF,0xFF,0xFF,0xFF,0xFF,0xFF,0xFF,0xFF,0xFF,0xFF,0xFF,
    0xFF,0xFF,0xFF,0xFF,0xFF,0xFF,0xFF,0xFF,0xFF,0xFF,0xFF,0xFF,0xFF,0xFF,0xFF,0xFF,0xFF,0xFF,0xFF,0xFF,0xFF,0xFF,0xFF,0xFF,0xFF,0xFF,0xFF,0xFF,0xFF,0xFF,0xFF,0xFF,0xFF,0xFF,0xFF,0xFF,
    0xFF,0xFF,0xFF,0xFF,0xFF,0xFF,0xFF,0xFF,0xFF,0xFF,0xFF,0xFF,0xFF,0xFF,0xFF,0xFF,0xFF,0xFF,0xFF,0xFF,0xFF,0xFF,0xFF,0xFF,0xFF,0xFF,0xFF,0xFF,0xFF,0xFF,0xFF,0xFF,0xFF,0xFF,0xFF,0xFF,
    0xFF,0xFF,0xFF,0xFF,0xFF,0xFF,0xFF,0xFF,0xFF,0xFF,0xFF,0xFF,0xFF,0xFF,0xFF,0xFF,0xFF,0xFF,0xFF,0xFF,0xFF,0xFF,0xFF,0xFF,0xFF,0xFF,0xFF,0xFF,0xFF,0xFF,0xFF,0xFF,0xFF,0xFF,0xFF,0xFF,
    0xFF,0xFF,0xFF,0xFF,0xFF,0xFF,0xFF,0xFF,0xFF,0xFF,0xFF,0xFF,0xFF,0xFF,0xFF,0xFF,0xFF,0xFF,0xFF,0xFF,0xFF,0xFF,0xFF,0xFF,0xFF,0xFF,0xFF,0xFF,0xFF,0xFF,0xFF,0xFF,0xFF,0xFF,0xFF,0xFF,
    0xFF,0xFF,0xFF,0xFF,0xFF,0xFF,0xDF,0xFF,0xFF,0xFF,0xFF,0xFF,0xFF,0xFF,0xFF,0xBE,0xF7,0xFF,0xFF,0xFF,0xFF,0x9E,0xF7,0xFF,0xDF,0xFF,0xFF,0xDF,0xFF,0xFF,0xDF,0xFF,0xFF,0x00,0x00,0xFF,
    0x20,0x00,0xFF,0x00,0x00,0xFF,0x00,0x00,0xFF,0x41,0x08,0xFF,0x86,0x31,0xFF,0xBE,0xF7,0xFF,0xFF,0xFF,0xFF,0xFF,0xFF,0xFF,0xFF,0xFF,0xFF,0xFF,0xFF,0xFF,0xFF,0xFF,0xFF,0xFF,0xFF,0xFF,
    0xFF,0xFF,0xFF,0xFF,0xFF,0xFF,0xFF,0xFF,0xFF,0xFF,0xFF,0xFF,0xFF,0xFF,0xFF,0xFF,0xFF,0xFF,0xFF,0xFF,0xFF,0xFF,0xFF,0xFF,0xFF,0xFF,0xFF,0xFF,0xFF,0xFF,0xFF,0xFF,0xFF,0xFF,0xFF,0xFF,
    0xFF,0xFF,0xFF,0xFF,0xFF,0xFF,0xFF,0xFF,0xFF,0xFF,0xFF,0xFF,0xFF,0xFF,0xFF,0xFF,0xFF,0xFF,0xFF,0xFF,0xFF,0x9E,0xF7,0xFF,0xFF,0xFF,0xFF,0xEF,0x7B,0xFF,0x00,0x00,0xFF,0x00,0x00,0xFF,
    0x00,0x00,0xFF,0x00,0x00,0xFF,0x01,0x00,0xFF,0x01,0x00,0xFF,0x00,0x00,0xFF,0x00,0x00,0xFF,0x00,0x00,0xFF,0x00,0x00,0xFF,0x00,0x00,0xFF,0x00,0x00,0xFF,0x00,0x00,0xFF,0x00,0x00,0xFF,
    0x01,0x00,0xFF,0x64,0x10,0xFF,0x03,0x00,0xFF,0x02,0x00,0xFF,0x00,0x00,0xFF,0x20,0x00,0xFF,0x00,0x00,0xFF,0x20,0x08,0xFF,0x40,0x08,0xFF,0x80,0x10,0xFF,0x60,0x63,0xFF,0xAD,0xEF,0xFF,
    0xC9,0xEF,0xFF,0xA5,0xE7,0xFF,0xE3,0xEF,0xFF,0xE1,0xEF,0xFF,0xE0,0xEF,0xFF,0xE0,0xEF,0xFF,0xC0,0xEF,0xFF,0xC1,0xF7,0xFF,0xE1,0xF7,0xFF,0xE2,0xF7,0xFF,0xC2,0xF7,0xFF,0xC2,0xF7,0xFF,
    0xE2,0xF7,0xFF,0xE2,0xF7,0xFF,0xE1,0xF7,0xFF,0xE0,0xE7,0xFF,0xE0,0xEF,0xFF,0xE3,0xEF,0xFF,0xE8,0xEF,0xFF,0x6C,0xE7,0xFF,0xA5,0x73,0xFF,0x20,0x00,0xFF,0x00,0x00,0xFF,0x42,0x08,0xFF,
    0x00,0x00,0xFF,0x00,0x00,0xFF,0x01,0x00,0xFF,0x00,0x00,0xFF,0x00,0x00,0xFF,0x00,0x00,0xFF,0x02,0x00,0xFF,0x02,0x00,0xFF,0x00,0x00,0xFF,0x00,0x00,0xFF,0x00,0x00,0xFF,0x00,0x00,0xFF,
    0x21,0x08,0xFF,0x00,0x00,0xFF,0x20,0x08,0xFF,0x80,0x10,0xFF,0xCC,0xEF,0xFF,0xA5,0xE7,0xFF,0xC1,0xE7,0xFF,0xE4,0xFF,0xFF,0xA5,0xE7,0xFF,0xAB,0xEF,0xFF,0xA0,0x52,0xFF,0x80,0x10,0xFF,
    0x40,0x08,0xFF,0x34,0xA5,0xFF,0xBE,0xF7,0xFF,0xBE,0xF7,0xFF,0x5E,0xEF,0xFF,0x00,0x00,0xFF,0x01,0x00,0xFF,0x7E,0xEF,0xFF,0xFF,0xFF,0xFF,0xFF,0xFF,0xFF,0xFF,0xFF,0xFF,0xFF,0xFF,0xFF,
    0xFF,0xFF,0xFF,0xFF,0xFF,0xFF,0xFF,0xFF,0xFF,0xFF,0xFF,0xFF,0xFF,0xFF,0xFF,0xFF,0xFF,0xFF,0xFF,0xFF,0xFF,0xFF,0xFF,0xFF,0xFF,0xFF,0xFF,0xFF,0xFF,0xFF,0xFF,0xFF,0xFF,0xFF,0xFF,0xFF,
    0xFF,0xFF,0xFF,0xFF,0xFF,0xFF,0xFF,0xFF,0xFF,0xFF,0xFF,0xFF,0xFF,0xFF,0xFF,0xFF,0xFF,0xFF,0xFF,0xFF,0xFF,0xFF,0xFF,0xFF,0xFF,0xFF,0xFF,0xFF,0xFF,0xFF,0xFF,0xFF,0xFF,0xFF,0xFF,0xFF,
    0xFF,0xFF,0xFF,0xFF,0xFF,0xFF,0xFF,0xFF,0xFF,0xFF,0xFF,0xFF,0xFF,0xFF,0xFF,0xFF,0xFF,0xFF,0xFF,0xFF,0xFF,0xFF,0xFF,0xFF,0xFF,0xFF,0xFF,0xFF,0xFF,0xFF,0xFF,0xFF,0xFF,0xFF,0xFF,0xFF,
    0xFF,0xFF,0xFF,0xFF,0xFF,0xFF,0xFF,0xFF,0xFF,0xFF,0xFF,0xFF,0xFF,0xFF,0xFF,0xFF,0xFF,0xFF,0xFF,0xFF,0xFF,0xFF,0xFF,0xFF,0xFF,0xFF,0xFF,0xFF,0xFF,0xFF,0xFF,0xFF,0xFF,0xFF,0xFF,0xFF,
    0xFF,0xFF,0xFF,0xFF,0xFF,0xFF,0xFF,0xFF,0xFF,0xFF,0xFF,0xFF,0xFF,0xFF,0xFF,0xFF,0xFF,0xFF,0xFF,0xFF,0xFF,0xFF,0xFF,0xFF,0xFF,0xFF,0xFF,0xFF,0xFF,0xFF,0xFF,0xFF,0xFF,0xFF,0xFF,0xFF,
    0xFF,0xFF,0xFF,0xFF,0xFF,0xFF,0xFF,0xFF,0xFF,0xFF,0xFF,0xFF,0xFF,0xFF,0xFF,0xFF,0xFF,0xFF,0xFF,0xFF,0xFF,0xFF,0xFF,0xFF,0xFF,0xFF,0xFF,0xFF,0xFF,0xFF,0xFF,0xFF,0xFF,0xFF,0xFF,0xFF,
    0xFF,0xFF,0xFF,0xFF,0xFF,0xFF,0xFF,0xFF,0xFF,0xFF,0xFF,0xFF,0xFF,0xFF,0xFF,0xFF,0xFF,0xFF,0xFF,0xFF,0xFF,0xFF,0xFF,0xFF,0xFF,0xFF,0xFF,0xFF,0xFF,0xFF,0xFF,0xFF,0xFF,0xFF,0xFF,0xFF,
    0xFF,0xFF,0xFF,0xFF,0xFF,0xFF,0xFF,0xFF,0xFF,0xFF,0xFF,0xFF,0xFF,0xFF,0xFF,0xFF,0xFF,0xFF,0xFF,0xFF,0xFF,0xFF,0xFF,0xFF,0xFF,0xFF,0xFF,0xFF,0xFF,0xFF,0xFF,0xFF,0xFF,0xFF,0xFF,0xFF,
    0xFF,0xFF,0xFF,0xFF,0xFF,0xFF,0xFF,0xFF,0xFF,0xFF,0xFF,0xFF,0xFF,0xFF,0xFF,0xFF,0xFF,0xFF,0xFF,0xFF,0xFF,0xFF,0xFF,0xFF,0xFF,0xFF,0xFF,0xFF,0xFF,0xFF,0xFF,0xFF,0xFF,0xFF,0xFF,0xFF,
    0xFF,0xFF,0xFF,0xFF,0xFF,0xFF,0xFF,0xFF,0xFF,0xFF,0xFF,0xFF,0xFF,0xFF,0xFF,0xFF,0xFF,0xFF,0xFF,0xFF,0xFF,0xFF,0xFF,0xFF,0xFF,0xFF,0xFF,0xFF,0xFF,0xFF,0xFF,0xFF,0xFF,0xFF,0xFF,0xFF,
    0xFF,0xFF,0xFF,0xFF,0xFF,0xFF,0xFF,0xFF,0xFF,0xFF,0xFF,0xFF,0xFF,0xFF,0xFF,0xFF,0xFF,0xFF,0xFF,0xFF,0xFF,0xFF,0xFF,0xFF,0xFF,0xFF,0xFF,0xFF,0xFF,0xFF,0xFF,0xFF,0xFF,0xFF,0xFF,0xFF,
    0xFF,0xFF,0xFF,0xFF,0xFF,0xFF,0xFF,0xFF,0xFF,0xFF,0xFF,0xFF,0xFF,0xFF,0xFF,0xFF,0xFF,0xFF,0xFF,0xFF,0xFF,0xFF,0xFF,0xFF,0xFF,0xFF,0xFF,0xFF,0xFF,0xFF,0xFF,0xFF,0xFF,0xFF,0xFF,0xFF,
    0xFF,0xFF,0xFF,0xFF,0xFF,0xFF,0xFF,0xFF,0xFF,0xFF,0xFF,0xFF,0xFF,0xFF,0xFF,0xFF,0xFF,0xFF,0xFF,0xFF,0xFF,0xFF,0xFF,0xFF,0xFF,0xFF,0xFF,0xFF,0xFF,0xFF,0xFF,0xFF,0xFF,0xFF,0xFF,0xFF,
    0xFF,0xFF,0xFF,0xFF,0xFF,0xFF,0xFF,0xFF,0xFF,0xFF,0xFF,0xFF,0xFF,0xFF,0xFF,0xFF,0xFF,0xFF,0xFF,0xFF,0xFF,0xFF,0xFF,0xFF,0xFF,0xFF,0xFF,0xFF,0xFF,0xFF,0xFF,0xFF,0xFF,0xFF,0xFF,0xFF,
    0xFF,0xFF,0xFF,0xFF,0xFF,0xFF,0xFF,0xFF,0xFF,0xFF,0xFF,0xFF,0xFF,0xFF,0xFF,0xFF,0xFF,0xFF,0xFF,0xFF,0xFF,0xFF,0xFF,0xFF,0xFF,0xFF,0xFF,0xFF,0xFF,0xFF,0xFF,0xFF,0xFF,0xFF,0xFF,0xFF,
    0xFF,0xFF,0xFF,0xFF,0xFF,0xFF,0xFF,0xFF,0xFF,0xFF,0xFF,0xFF,0xFF,0xFF,0xFF,0xFF,0xFF,0xFF,0xFF,0xFF,0xFF,0xFF,0xFF,0xFF,0xFF,0xFF,0xFF,0xFF,0xFF,0xFF,0xFF,0xFF,0xFF,0xFF,0xFF,0xFF,
    0xFF,0xFF,0xFF,0xFF,0xFF,0xFF,0xFF,0xFF,0xFF,0xFF,0xFF,0xFF,0xFF,0xFF,0xFF,0xFF,0xFF,0xFF,0xFF,0xFF,0xFF,0xFF,0xFF,0xFF,0xFF,0xFF,0xFF,0xFF,0xFF,0xFF,0xFF,0xFF,0xFF,0xFF,0xFF,0xFF,
    0xFF,0xFF,0xFF,0xFF,0xFF,0xFF,0xFF,0xFF,0xFF,0xFF,0xFF,0xFF,0xFF,0xFF,0xFF,0xFF,0xFF,0xFF,0xFF,0xFF,0xFF,0xFF,0xFF,0xFF,0xFF,0xFF,0xFF,0xFF,0xFF,0xFF,0xFF,0xFF,0xFF,0xFF,0xFF,0xFF,
    0xFF,0xFF,0xFF,0xFF,0xFF,0xFF,0xFF,0xFF,0xFF,0xFF,0xFF,0xFF,0xFF,0xFF,0xFF,0xFF,0xFF,0xFF,0xFF,0xFF,0xFF,0xFF,0xFF,0xFF,0xFF,0xFF,0xFF,0xFF,0xFF,0xFF,0xFF,0xFF,0xFF,0xFF,0xFF,0xFF,
    0xFF,0xFF,0xFF,0xFF,0xFF,0xFF,0xFF,0xFF,0xFF,0xFF,0xFF,0xFF,0xFF,0xFF,0xFF,0xFF,0xFF,0xFF,0xFF,0xFF,0xFF,0xFF,0xFF,0xFF,0xFF,0xFF,0xFF,0xFF,0xFF,0xFF,0xFF,0xFF,0xFF,0xFF,0xFF,0xFF,
    0xFF,0xFF,0xFF,0xFF,0xFF,0xFF,0xFF,0xFF,0xFF,0xFF,0xFF,0xFF,0xFF,0xFF,0xFF,0xFF,0xFF,0xFF,0xFF,0xFF,0xFF,0xFF,0xFF,0xFF,0xFF,0xFF,0xFF,0xFF,0xFF,0xFF,0xFF,0xFF,0xFF,0xFF,0xFF,0xFF,
    0xFF,0xFF,0xFF,0xFF,0xFF,0xFF,0xFF,0xFF,0xFF,0xFF,0xFF,0xFF,0xFF,0xFF,0xFF,0xFF,0xFF,0xFF,0xFF,0xFF,0xFF,0xFF,0xFF,0xFF,0xFF,0xFF,0xFF,0xFF,0xFF,0xFF,0xFF,0xFF,0xFF,0xFF,0xFF,0xFF,
    0xFF,0xFF,0xFF,0xFF,0xFF,0xFF,0xFF,0xFF,0xFF,0xFF,0xFF,0xFF,0xFF,0xFF,0xFF,0xFF,0xFF,0xFF,0xFF,0xFF,0xFF,0xFF,0xFF,0xFF,0xFF,0xFF,0xFF,0xFF,0xFF,0xFF,0xFF,0xFF,0xFF,0xFF,0xFF,0xFF,
    0xFF,0xFF,0xFF,0xFF,0xFF,0xFF,0xFF,0xFF,0xFF,0xFF,0xFF,0xFF,0xBE,0xF7,0xFF,0xFB,0xDE,0xFF,0x20,0x00,0xFF,0x00,0x00,0xFF,0x20,0x00,0xFF,0x20,0x00,0xFF,0x00,0x00,0xFF,0x00,0x00,0xFF,
    0xE7,0x39,0xFF,0x7D,0xEF,0xFF,0xDF,0xFF,0xFF,0xFF,0xFF,0xFF,0xFF,0xFF,0xFF,0xBE,0xF7,0xFF,0xFF,0xFF,0xFF,0xBE,0xF7,0xFF,0xDF,0xFF,0xFF,0xFF,0xFF,0xFF,0xFF,0xFF,0xFF,0xFF,0xFF,0xFF,
    0xFF,0xFF,0xFF,0xDF,0xFF,0xFF,0xFF,0xFF,0xFF,0xFF,0xFF,0xFF,0xFF,0xFF,0xFF,0xFF,0xFF,0xFF,0xFF,0xFF,0xFF,0xDF,0xFF,0xFF,0xFF,0xFF,0xFF,0xFF,0xFF,0xFF,0xFF,0xFF,0xFF,0xDF,0xFF,0xFF,
    0xDF,0xFF,0xFF,0xFF,0xFF,0xFF,0xDF,0xFF,0xFF,0x00,0x00,0xFF,0x00,0x00,0xFF,0x00,0x00,0xFF,0x00,0x00,0xFF,0x20,0x00,0xFF,0x00,0x00,0xFF,0x00,0x00,0xFF,0x00,0x00,0xFF,0x00,0x00,0xFF,
    0x00,0x00,0xFF,0x00,0x00,0xFF,0x00,0x00,0xFF,0x00,0x00,0xFF,0x00,0x00,0xFF,0x00,0x00,0xFF,0x00,0x00,0xFF,0x01,0x00,0xFF,0x01,0x00,0xFF,0x01,0x00,0xFF,0x00,0x00,0xFF,0x00,0x00,0xFF,
    0x01,0x00,0xFF,0x01,0x00,0xFF,0x20,0x08,0xFF,0x20,0x08,0xFF,0x20,0x00,0xFF,0xC0,0x10,0xFF,0x43,0x84,0xFF,0x4B,0xDF,0xFF,0xC8,0xE7,0xFF,0xE5,0xF7,0xFF,0xE2,0xEF,0xFF,0xE0,0xEF,0xFF,
    0xE0,0xEF,0xFF,0xE1,0xF7,0xFF,0xE2,0xF7,0xFF,0xE2,0xF7,0xFF,0xE2,0xF7,0xFF,0xE2,0xF7,0xFF,0xC2,0xEF,0xFF,0xA1,0xEF,0xFF,0xE1,0xEF,0xFF,0xE2,0xF7,0xFF,0xE1,0xEF,0xFF,0xC2,0xE7,0xFF,
    0xE7,0xEF,0xFF,0x4A,0xDF,0xFF,0x93,0xEF,0xFF,0x03,0x42,0xFF,0x00,0x00,0xFF,0x20,0x00,0xFF,0x20,0x00,0xFF,0x20,0x00,0xFF,0x00,0x00,0xFF,0x01,0x00,0xFF,0x00,0x00,0xFF,0x00,0x00,0xFF,
    0x01,0x00,0xFF,0x01,0x00,0xFF,0x00,0x00,0xFF,0x00,0x00,0xFF,0x20,0x00,0xFF,0x00,0x00,0xFF,0x21,0x00,0xFF,0x00,0x00,0xFF,0x20,0x00,0xFF,0x80,0x08,0xFF,0x4B,0xD7,0xFF,0xE8,0xE7,0xFF,
    0xC5,0xE7,0xFF,0xE8,0xF7,0xFF,0x6B,0xE7,0xFF,0x00,0x5B,0xFF,0x60,0x10,0xFF,0x00,0x00,0xFF,0x2D,0x6B,0xFF,0xDF,0xFF,0xFF,0xFF,0xFF,0xFF,0xDF,0xFF,0xFF,0xFF,0xFF,0xFF,0x41,0x08,0xFF,
    0x00,0x00,0xFF,0xBF,0xF7,0xFF,0xFF,0xFF,0xFF,0xDE,0xF7,0xFF,0xFF,0xFF,0xFF,0xFF,0xFF,0xFF,0xFF,0xFF,0xFF,0xFF,0xFF,0xFF,0xFF,0xFF,0xFF,0xFF,0xFF,0xFF,0xFF,0xFF,0xFF,0xFF,0xFF,0xFF,
    0xFF,0xFF,0xFF,0xFF,0xFF,0xFF,0xFF,0xFF,0xFF,0xFF,0xFF,0xFF,0xFF,0xFF,0xFF,0xFF,0xFF,0xFF,0xFF,0xFF,0xFF,0xFF,0xFF,0xFF,0xFF,0xFF,0xFF,0xFF,0xFF,0xFF,0xFF,0xFF,0xFF,0xFF,0xFF,0xFF,
    0xFF,0xFF,0xFF,0xFF,0xFF,0xFF,0xFF,0xFF,0xFF,0xFF,0xFF,0xFF,0xFF,0xFF,0xFF,0xFF,0xFF,0xFF,0xFF,0xFF,0xFF,0xFF,0xFF,0xFF,0xFF,0xFF,0xFF,0xFF,0xFF,0xFF,0xFF,0xFF,0xFF,0xFF,0xFF,0xFF,
    0xFF,0xFF,0xFF,0xFF,0xFF,0xFF,0xFF,0xFF,0xFF,0xFF,0xFF,0xFF,0xFF,0xFF,0xFF,0xFF,0xFF,0xFF,0xFF,0xFF,0xFF,0xFF,0xFF,0xFF,0xFF,0xFF,0xFF,0xFF,0xFF,0xFF,0xFF,0xFF,0xFF,0xFF,0xFF,0xFF,
    0xFF,0xFF,0xFF,0xFF,0xFF,0xFF,0xFF,0xFF,0xFF,0xFF,0xFF,0xFF,0xFF,0xFF,0xFF,0xFF,0xFF,0xFF,0xFF,0xFF,0xFF,0xFF,0xFF,0xFF,0xFF,0xFF,0xFF,0xFF,0xFF,0xFF,0xFF,0xFF,0xFF,0xFF,0xFF,0xFF,
    0xFF,0xFF,0xFF,0xFF,0xFF,0xFF,0xFF,0xFF,0xFF,0xFF,0xFF,0xFF,0xFF,0xFF,0xFF,0xFF,0xFF,0xFF,0xFF,0xFF,0xFF,0xFF,0xFF,0xFF,0xFF,0xFF,0xFF,0xFF,0xFF,0xFF,0xFF,0xFF,0xFF,0xFF,0xFF,0xFF,
    0xFF,0xFF,0xFF,0xFF,0xFF,0xFF,0xFF,0xFF,0xFF,0xFF,0xFF,0xFF,0xFF,0xFF,0xFF,0xFF,0xFF,0xFF,0xFF,0xFF,0xFF,0xFF,0xFF,0xFF,0xFF,0xFF,0xFF,0xFF,0xFF,0xFF,0xFF,0xFF,0xFF,0xFF,0xFF,0xFF,
    0xFF,0xFF,0xFF,0xFF,0xFF,0xFF,0xFF,0xFF,0xFF,0xFF,0xFF,0xFF,0xFF,0xFF,0xFF,0xFF,0xFF,0xFF,0xFF,0xFF,0xFF,0xFF,0xFF,0xFF,0xFF,0xFF,0xFF,0xFF,0xFF,0xFF,0xFF,0xFF,0xFF,0xFF,0xFF,0xFF,
    0xFF,0xFF,0xFF,0xFF,0xFF,0xFF,0xFF,0xFF,0xFF,0xFF,0xFF,0xFF,0xFF,0xFF,0xFF,0xFF,0xFF,0xFF,0xFF,0xFF,0xFF,0xFF,0xFF,0xFF,0xFF,0xFF,0xFF,0xFF,0xFF,0xFF,0xFF,0xFF,0xFF,0xFF,0xFF,0xFF,
    0xFF,0xFF,0xFF,0xFF,0xFF,0xFF,0xFF,0xFF,0xFF,0xFF,0xFF,0xFF,0xFF,0xFF,0xFF,0xFF,0xFF,0xFF,0xFF,0xFF,0xFF,0xFF,0xFF,0xFF,0xFF,0xFF,0xFF,0xFF,0xFF,0xFF,0xFF,0xFF,0xFF,0xFF,0xFF,0xFF,
    0xFF,0xFF,0xFF,0xFF,0xFF,0xFF,0xFF,0xFF,0xFF,0xFF,0xFF,0xFF,0xFF,0xFF,0xFF,0xFF,0xFF,0xFF,0xFF,0xFF,0xFF,0xFF,0xFF,0xFF,0xFF,0xFF,0xFF,0xFF,0xFF,0xFF,0xFF,0xFF,0xFF,0xFF,0xFF,0xFF,
    0xFF,0xFF,0xFF,0xFF,0xFF,0xFF,0xFF,0xFF,0xFF,0xFF,0xFF,0xFF,0xFF,0xFF,0xFF,0xFF,0xFF,0xFF,0xFF,0xFF,0xFF,0xFF,0xFF,0xFF,0xFF,0xFF,0xFF,0xFF,0xFF,0xFF,0xFF,0xFF,0xFF,0xFF,0xFF,0xFF,
    0xFF,0xFF,0xFF,0xFF,0xFF,0xFF,0xFF,0xFF,0xFF,0xFF,0xFF,0xFF,0xFF,0xFF,0xFF,0xFF,0xFF,0xFF,0xFF,0xFF,0xFF,0xFF,0xFF,0xFF,0xFF,0xFF,0xFF,0xFF,0xFF,0xFF,0xFF,0xFF,0xFF,0xFF,0xFF,0xFF,
    0xFF,0xFF,0xFF,0xFF,0xFF,0xFF,0xFF,0xFF,0xFF,0xFF,0xFF,0xFF,0xFF,0xFF,0xFF,0xFF,0xFF,0xFF,0xFF,0xFF,0xFF,0xFF,0xFF,0xFF,0xFF,0xFF,0xFF,0xFF,0xFF,0xFF,0xFF,0xFF,0xFF,0xFF,0xFF,0xFF,
    0xFF,0xFF,0xFF,0xFF,0xFF,0xFF,0xFF,0xFF,0xFF,0xFF,0xFF,0xFF,0xFF,0xFF,0xFF,0xFF,0xFF,0xFF,0xFF,0xFF,0xFF,0xFF,0xFF,0xFF,0xFF,0xFF,0xFF,0xFF,0xFF,0xFF,0xFF,0xFF,0xFF,0xFF,0xFF,0xFF,
    0xFF,0xFF,0xFF,0xFF,0xFF,0xFF,0xFF,0xFF,0xFF,0xFF,0xFF,0xFF,0xFF,0xFF,0xFF,0xFF,0xFF,0xFF,0xFF,0xFF,0xFF,0xFF,0xFF,0xFF,0xFF,0xFF,0xFF,0xFF,0xFF,0xFF,0xFF,0xFF,0xFF,0xFF,0xFF,0xFF,
    0xFF,0xFF,0xFF,0xFF,0xFF,0xFF,0xFF,0xFF,0xFF,0xFF,0xFF,0xFF,0xFF,0xFF,0xFF,0xFF,0xFF,0xFF,0xFF,0xFF,0xFF,0xFF,0xFF,0xFF,0xFF,0xFF,0xFF,0xFF,0xFF,0xFF,0xFF,0xFF,0xFF,0xFF,0xFF,0xFF,
    0xFF,0xFF,0xFF,0xFF,0xFF,0xFF,0xFF,0xFF,0xFF,0xFF,0xFF,0xFF,0xFF,0xFF,0xFF,0xFF,0xFF,0xFF,0xFF,0xFF,0xFF,0xFF,0xFF,0xFF,0xFF,0xFF,0xFF,0xFF,0xFF,0xFF,0xFF,0xFF,0xFF,0xFF,0xFF,0xFF,
    0xFF,0xFF,0xFF,0xFF,0xFF,0xFF,0xFF,0xFF,0xFF,0xFF,0xFF,0xFF,0xFF,0xFF,0xFF,0xFF,0xFF,0xFF,0xFF,0xFF,0xFF,0xFF,0xFF,0xFF,0xFF,0xFF,0xFF,0xFF,0xFF,0xFF,0xFF,0xFF,0xFF,0xFF,0xFF,0xFF,
    0xFF,0xFF,0xFF,0xFF,0xFF,0xFF,0xFF,0xFF,0xFF,0xFF,0xFF,0xFF,0xFF,0xFF,0xFF,0xFF,0xFF,0xFF,0xFF,0xFF,0xFF,0xFF,0xFF,0xFF,0xFF,0xFF,0xFF,0xFF,0xFF,0xFF,0xFF,0xFF,0xFF,0xFF,0xFF,0xFF,
    0xFF,0xFF,0xFF,0xFF,0xFF,0xFF,0xFF,0xFF,0xFF,0xFF,0xFF,0xFF,0xFF,0xFF,0xFF,0xFF,0xFF,0xFF,0xFF,0xFF,0xFF,0xFF,0xFF,0xFF,0xFF,0xFF,0xFF,0xFF,0xFF,0xFF,0xFF,0xFF,0xFF,0xFF,0xFF,0xFF,
    0xFF,0xFF,0xFF,0xFF,0xFF,0xFF,0xFF,0xFF,0xFF,0xFF,0xFF,0xFF,0xFF,0xFF,0xFF,0xFF,0xFF,0xFF,0xFF,0xFF,0xFF,0xFF,0xFF,0xFF,0xFF,0xFF,0xFF,0xFF,0xFF,0xFF,0xFF,0xFF,0xFF,0xFF,0xFF,0xFF,
    0xFF,0xFF,0xFF,0xFF,0xFF,0xFF,0xFF,0xFF,0xFF,0xFF,0xFF,0xFF,0xFF,0xFF,0xFF,0xFF,0xFF,0xFF,0xFF,0xFF,0xFF,0xFF,0xFF,0xFF,0xFF,0xFF,0xFF,0xFF,0xFF,0xFF,0xFF,0xFF,0xFF,0xFF,0xFF,0xFF,
    0xFF,0xFF,0xFF,0xFF,0xFF,0xFF,0xFF,0xFF,0xFF,0xFF,0xFF,0xFF,0xFF,0xFF,0xFF,0xFF,0xFF,0xFF,0xFF,0xFF,0xFF,0xFF,0xFF,0xFF,0xFF,0xFF,0xFF,0xFF,0xFF,0xFF,0xFF,0xFF,0xFF,0xDF,0xFF,0xFF,
    0xBA,0xD6,0xFF,0x82,0x10,0xFF,0x00,0x00,0xFF,0x00,0x00,0xFF,0x82,0x10,0xFF,0x41,0x08,0xFF,0x00,0x00,0xFF,0x00,0x00,0xFF,0x04,0x21,0xFF,0x1C,0xE7,0xFF,0xBE,0xF7,0xFF,0xFF,0xFF,0xFF,
    0xFF,0xFF,0xFF,0xFF,0xFF,0xFF,0xFF,0xFF,0xFF,0xFF,0xFF,0xFF,0xDF,0xFF,0xFF,0xFF,0xFF,0xFF,0xFF,0xFF,0xFF,0xFF,0xFF,0xFF,0xFF,0xFF,0xFF,0xBE,0xF7,0xFF,0x9E,0xF7,0xFF,0xDF,0xFF,0xFF,
    0xFF,0xFF,0xFF,0xFF,0xFF,0xFF,0xDF,0xFF,0xFF,0xDF,0xFF,0xFF,0xFF,0xFF,0xFF,0xFF,0xFF,0xFF,0xFF,0xFF,0xFF,0xFF,0xFF,0xFF,0x18,0xC6,0xFF,0x41,0x08,0xFF,0x00,0x00,0xFF,0x00,0x00,0xFF,
    0x20,0x00,0xFF,0x00,0x00,0xFF,0x00,0x00,0xFF,0x00,0x00,0xFF,0x00,0x00,0xFF,0x00,0x00,0xFF,0x00,0x00,0xFF,0x00,0x00,0xFF,0x00,0x00,0xFF,0x00,0x00,0xFF,0x00,0x00,0xFF,0x00,0x00,0xFF,
    0x00,0x00,0xFF,0x00,0x00,0xFF,0x00,0x00,0xFF,0x00,0x00,0xFF,0x00,0x00,0xFF,0x01,0x00,0xFF,0x01,0x00,0xFF,0x22,0x08,0xFF,0x01,0x00,0xFF,0x00,0x00,0xFF,0xA1,0x10,0xFF,0x00,0x00,0xFF,
    0x20,0x00,0xFF,0x00,0x19,0xFF,0xC8,0xB5,0xFF,0xAB,0xEF,0xFF,0xA6,0xE7,0xFF,0xE3,0xEF,0xFF,0xE3,0xFF,0xFF,0xE1,0xEF,0xFF,0x60,0xE7,0xFF,0xE3,0xFF,0xFF,0xA1,0xEF,0xFF,0xE2,0xF7,0xFF,
    0xE3,0xFF,0xFF,0xE2,0xF7,0xFF,0xE1,0xF7,0xFF,0xE1,0xEF,0xFF,0xE2,0xEF,0xFF,0xA4,0xE7,0xFF,0x88,0xE7,0xFF,0xAE,0xEF,0xFF,0x33,0xE7,0xFF,0xD7,0xDE,0xFF,0xE3,0x20,0xFF,0x20,0x00,0xFF,
    0x00,0x00,0xFF,0x00,0x00,0xFF,0x01,0x00,0xFF,0x01,0x00,0xFF,0x01,0x00,0xFF,0x00,0x00,0xFF,0x01,0x00,0xFF,0x00,0x00,0xFF,0x00,0x00,0xFF,0x00,0x00,0xFF,0x00,0x00,0xFF,0x00,0x00,0xFF,
    0x01,0x00,0xFF,0x00,0x00,0xFF,0x00,0x00,0xFF,0xC0,0x10,0xFF,0x45,0x95,0xFF,0xEB,0xE7,0xFF,0xA8,0xDF,0xFF,0xAA,0xE7,0xFF,0x80,0x6B,0xFF,0xE0,0x18,0xFF,0x00,0x00,0xFF,0x29,0x4A,0xFF,
    0xFF,0xFF,0xFF,0xBF,0xFF,0xFF,0xFF,0xFF,0xFF,0xFF,0xFF,0xFF,0x9E,0xF7,0xFF,0xE8,0x39,0xFF,0x82,0x10,0xFF,0xFF,0xFF,0xFF,0xFF,0xFF,0xFF,0xFF,0xFF,0xFF,0xFF,0xFF,0xFF,0xFF,0xFF,0xFF,
    0xFF,0xFF,0xFF,0xFF,0xFF,0xFF,0xFF,0xFF,0xFF,0xFF,0xFF,0xFF,0xFF,0xFF,0xFF,0xFF,0xFF,0xFF,0xFF,0xFF,0xFF,0xFF,0xFF,0xFF,0xFF,0xFF,0xFF,0xFF,0xFF,0xFF,0xFF,0xFF,0xFF,0xFF,0xFF,0xFF,
    0xFF,0xFF,0xFF,0xFF,0xFF,0xFF,0xFF,0xFF,0xFF,0xFF,0xFF,0xFF,0xFF,0xFF,0xFF,0xFF,0xFF,0xFF,0xFF,0xFF,0xFF,0xFF,0xFF,0xFF,0xFF,0xFF,0xFF,0xFF,0xFF,0xFF,0xFF,0xFF,0xFF,0xFF,0xFF,0xFF,
    0xFF,0xFF,0xFF,0xFF,0xFF,0xFF,0xFF,0xFF,0xFF,0xFF,0xFF,0xFF,0xFF,0xFF,0xFF,0xFF,0xFF,0xFF,0xFF,0xFF,0xFF,0xFF,0xFF,0xFF,0xFF,0xFF,0xFF,0xFF,0xFF,0xFF,0xFF,0xFF,0xFF,0xFF,0xFF,0xFF,
    0xFF,0xFF,0xFF,0xFF,0xFF,0xFF,0xFF,0xFF,0xFF,0xFF,0xFF,0xFF,0xFF,0xFF,0xFF,0xFF,0xFF,0xFF,0xFF,0xFF,0xFF,0xFF,0xFF,0xFF,0xFF,0xFF,0xFF,0xFF,0xFF,0xFF,0xFF,0xFF,0xFF,0xFF,0xFF,0xFF,
    0xFF,0xFF,0xFF,0xFF,0xFF,0xFF,0xFF,0xFF,0xFF,0xFF,0xFF,0xFF,0xFF,0xFF,0xFF,0xFF,0xFF,0xFF,0xFF,0xFF,0xFF,0xFF,0xFF,0xFF,0xFF,0xFF,0xFF,0xFF,0xFF,0xFF,0xFF,0xFF,0xFF,0xFF,0xFF,0xFF,
    0xFF,0xFF,0xFF,0xFF,0xFF,0xFF,0xFF,0xFF,0xFF,0xFF,0xFF,0xFF,0xFF,0xFF,0xFF,0xFF,0xFF,0xFF,0xFF,0xFF,0xFF,0xFF,0xFF,0xFF,0xFF,0xFF,0xFF,0xFF,0xFF,0xFF,0xFF,0xFF,0xFF,0xFF,0xFF,0xFF,
    0xFF,0xFF,0xFF,0xFF,0xFF,0xFF,0xFF,0xFF,0xFF,0xFF,0xFF,0xFF,0xFF,0xFF,0xFF,0xFF,0xFF,0xFF,0xFF,0xFF,0xFF,0xFF,0xFF,0xFF,0xFF,0xFF,0xFF,0xFF,0xFF,0xFF,0xFF,0xFF,0xFF,0xFF,0xFF,0xFF,
    0xFF,0xFF,0xFF,0xFF,0xFF,0xFF,0xFF,0xFF,0xFF,0xFF,0xFF,0xFF,0xFF,0xFF,0xFF,0xFF,0xFF,0xFF,0xFF,0xFF,0xFF,0xFF,0xFF,0xFF,0xFF,0xFF,0xFF,0xFF,0xFF,0xFF,0xFF,0xFF,0xFF,0xFF,0xFF,0xFF,
    0xFF,0xFF,0xFF,0xFF,0xFF,0xFF,0xFF,0xFF,0xFF,0xFF,0xFF,0xFF,0xFF,0xFF,0xFF,0xFF,0xFF,0xFF,0xFF,0xFF,0xFF,0xFF,0xFF,0xFF,0xFF,0xFF,0xFF,0xFF,0xFF,0xFF,0xFF,0xFF,0xFF,0xFF,0xFF,0xFF,
    0xFF,0xFF,0xFF,0xFF,0xFF,0xFF,0xFF,0xFF,0xFF,0xFF,0xFF,0xFF,0xFF,0xFF,0xFF,0xFF,0xFF,0xFF,0xFF,0xFF,0xFF,0xFF,0xFF,0xFF,0xFF,0xFF,0xFF,0xFF,0xFF,0xFF,0xFF,0xFF,0xFF,0xFF,0xFF,0xFF,
    0xFF,0xFF,0xFF,0xFF,0xFF,0xFF,0xFF,0xFF,0xFF,0xFF,0xFF,0xFF,0xFF,0xFF,0xFF,0xFF,0xFF,0xFF,0xFF,0xFF,0xFF,0xFF,0xFF,0xFF,0xFF,0xFF,0xFF,0xFF,0xFF,0xFF,0xFF,0xFF,0xFF,0xFF,0xFF,0xFF,
    0xFF,0xFF,0xFF,0xFF,0xFF,0xFF,0xFF,0xFF,0xFF,0xFF,0xFF,0xFF,0xFF,0xFF,0xFF,0xFF,0xFF,0xFF,0xFF,0xFF,0xFF,0xFF,0xFF,0xFF,0xFF,0xFF,0xFF,0xFF,0xFF,0xFF,0xFF,0xFF,0xFF,0xFF,0xFF,0xFF,
    0xFF,0xFF,0xFF,0xFF,0xFF,0xFF,0xFF,0xFF,0xFF,0xFF,0xFF,0xFF,0xFF,0xFF,0xFF,0xFF,0xFF,0xFF,0xFF,0xFF,0xFF,0xFF,0xFF,0xFF,0xFF,0xFF,0xFF,0xFF,0xFF,0xFF,0xFF,0xFF,0xFF,0xFF,0xFF,0xFF,
    0xFF,0xFF,0xFF,0xFF,0xFF,0xFF,0xFF,0xFF,0xFF,0xFF,0xFF,0xFF,0xFF,0xFF,0xFF,0xFF,0xFF,0xFF,0xFF,0xFF,0xFF,0xFF,0xFF,0xFF,0xFF,0xFF,0xFF,0xFF,0xFF,0xFF,0xFF,0xFF,0xFF,0xFF,0xFF,0xFF,
    0xFF,0xFF,0xFF,0xFF,0xFF,0xFF,0xFF,0xFF,0xFF,0xFF,0xFF,0xFF,0xFF,0xFF,0xFF,0xFF,0xFF,0xFF,0xFF,0xFF,0xFF,0xFF,0xFF,0xFF,0xFF,0xFF,0xFF,0xFF,0xFF,0xFF,0xFF,0xFF,0xFF,0xFF,0xFF,0xFF,
    0xFF,0xFF,0xFF,0xFF,0xFF,0xFF,0xFF,0xFF,0xFF,0xFF,0xFF,0xFF,0xFF,0xFF,0xFF,0xFF,0xFF,0xFF,0xFF,0xFF,0xFF,0xFF,0xFF,0xFF,0xFF,0xFF,0xFF,0xFF,0xFF,0xFF,0xFF,0xFF,0xFF,0xFF,0xFF,0xFF,
    0xFF,0xFF,0xFF,0xFF,0xFF,0xFF,0xFF,0xFF,0xFF,0xFF,0xFF,0xFF,0xFF,0xFF,0xFF,0xFF,0xFF,0xFF,0xFF,0xFF,0xFF,0xFF,0xFF,0xFF,0xFF,0xFF,0xFF,0xFF,0xFF,0xFF,0xFF,0xFF,0xFF,0xFF,0xFF,0xFF,
    0xFF,0xFF,0xFF,0xFF,0xFF,0xFF,0xFF,0xFF,0xFF,0xFF,0xFF,0xFF,0xFF,0xFF,0xFF,0xFF,0xFF,0xFF,0xFF,0xFF,0xFF,0xFF,0xFF,0xFF,0xFF,0xFF,0xFF,0xFF,0xFF,0xFF,0xFF,0xFF,0xFF,0xFF,0xFF,0xFF,
    0xFF,0xFF,0xFF,0xFF,0xFF,0xFF,0xFF,0xFF,0xFF,0xFF,0xFF,0xFF,0xFF,0xFF,0xFF,0xFF,0xFF,0xFF,0xFF,0xFF,0xFF,0xFF,0xFF,0xFF,0xFF,0xFF,0xFF,0xFF,0xFF,0xFF,0xFF,0xFF,0xFF,0xFF,0xFF,0xFF,
    0xFF,0xFF,0xFF,0xFF,0xFF,0xFF,0xFF,0xFF,0xFF,0xFF,0xFF,0xFF,0xFF,0xFF,0xFF,0xFF,0xFF,0xFF,0xFF,0xFF,0xFF,0xFF,0xFF,0xFF,0xFF,0xFF,0xFF,0xFF,0xFF,0xFF,0xFF,0xFF,0xFF,0xFF,0xFF,0xFF,
    0xFF,0xFF,0xFF,0xFF,0xFF,0xFF,0xFF,0xFF,0xFF,0xFF,0xFF,0xFF,0xFF,0xFF,0xFF,0xFF,0xFF,0xFF,0xFF,0xFF,0xFF,0xFF,0xFF,0xFF,0xFF,0xFF,0xFF,0xFF,0xFF,0xFF,0xFF,0xFF,0xFF,0xFF,0xFF,0xFF,
    0xFF,0xFF,0xFF,0xFF,0xFF,0xFF,0xFF,0xFF,0xFF,0xFF,0xFF,0xFF,0xFF,0xFF,0xFF,0xFF,0xFF,0xFF,0xFF,0xFF,0xFF,0xFF,0xFF,0xFF,0xFF,0xFF,0xFF,0xFF,0xFF,0xFF,0xFF,0xFF,0xFF,0xFF,0xFF,0xFF,
    0xFF,0xFF,0xFF,0xFF,0xFF,0xFF,0xFF,0xFF,0xFF,0xFF,0xFF,0xFF,0xFF,0xFF,0xFF,0xFF,0xFF,0xFF,0xFF,0xFF,0xFF,0xFF,0xFF,0xFF,0xFF,0xFF,0xFF,0xFF,0xFF,0xFF,0xFF,0xFF,0xFF,0xFF,0xFF,0xFF,
    0xFF,0xFF,0xFF,0xDF,0xFF,0xFF,0xDF,0xFF,0xFF,0xDF,0xFF,0xFF,0xFF,0xFF,0xFF,0xFF,0xFF,0xFF,0xFF,0xFF,0xFF,0xBA,0xD6,0xFF,0x00,0x00,0xFF,0x00,0x00,0xFF,0x20,0x00,0xFF,0x00,0x00,0xFF,
    0x00,0x00,0xFF,0xA2,0x10,0xFF,0x41,0x08,0xFF,0x00,0x00,0xFF,0x61,0x08,0xFF,0xD3,0x9C,0xFF,0xDF,0xFF,0xFF,0xDF,0xFF,0xFF,0xBE,0xF7,0xFF,0xFF,0xFF,0xFF,0xDF,0xFF,0xFF,0xDF,0xFF,0xFF,
    0xFF,0xFF,0xFF,0xFF,0xFF,0xFF,0xBE,0xF7,0xFF,0xFF,0xFF,0xFF,0xFF,0xFF,0xFF,0xFF,0xFF,0xFF,0xFF,0xFF,0xFF,0xFF,0xFF,0xFF,0xFF,0xFF,0xFF,0xFF,0xFF,0xFF,0xDF,0xFF,0xFF,0xBE,0xF7,0xFF,
    0x9E,0xF7,0xFF,0xFF,0xFF,0xFF,0xA2,0x10,0xFF,0x00,0x00,0xFF,0x20,0x00,0xFF,0x00,0x00,0xFF,0x00,0x00,0xFF,0x00,0x00,0xFF,0x00,0x00,0xFF,0x00,0x00,0xFF,0x00,0x00,0xFF,0x00,0x00,0xFF,
    0x00,0x00,0xFF,0x00,0x00,0xFF,0x00,0x00,0xFF,0x00,0x00,0xFF,0x00,0x00,0xFF,0x00,0x00,0xFF,0x00,0x00,0xFF,0x00,0x00,0xFF,0x00,0x00,0xFF,0x00,0x00,0xFF,0x00,0x00,0xFF,0x00,0x00,0xFF,
    0x21,0x08,0xFF,0x00,0x00,0xFF,0x00,0x00,0xFF,0x00,0x00,0xFF,0x00,0x00,0xFF,0x20,0x00,0xFF,0x40,0x08,0xFF,0x00,0x00,0xFF,0x80,0x10,0xFF,0x00,0x21,0xFF,0x6D,0xE7,0xFF,0x68,0xE7,0xFF,
    0xE5,0xF7,0xFF,0xA1,0xE7,0xFF,0xE1,0xFF,0xFF,0x80,0xE7,0xFF,0xE2,0xFF,0xFF,0xE1,0xF7,0xFF,0xC0,0xEF,0xFF,0xC0,0xEF,0xFF,0xE0,0xF7,0xFF,0xE1,0xF7,0xFF,0x40,0xDF,0xFF,0x82,0xC6,0xFF,
    0x60,0x29,0xFF,0x60,0x08,0xFF,0x60,0x10,0xFF,0x60,0x10,0xFF,0x82,0x10,0xFF,0x01,0x00,0xFF,0x02,0x00,0xFF,0x02,0x00,0xFF,0x01,0x00,0xFF,0x01,0x00,0xFF,0x00,0x00,0xFF,0x00,0x00,0xFF,
    0x01,0x00,0xFF,0x00,0x00,0xFF,0x00,0x00,0xFF,0x00,0x00,0xFF,0x20,0x00,0xFF,0x40,0x00,0xFF,0x01,0x00,0xFF,0x01,0x00,0xFF,0x00,0x00,0xFF,0x60,0x00,0xFF,0x60,0x3A,0xFF,0xAE,0xE7,0xFF,
    0xAD,0xE7,0xFF,0x01,0x74,0xFF,0x40,0x00,0xFF,0x60,0x08,0xFF,0xA1,0x18,0xFF,0x9E,0xF7,0xFF,0x9F,0xF7,0xFF,0xFF,0xFF,0xFF,0xDE,0xFF,0xFF,0xFF,0xFF,0xFF,0xBE,0xF7,0xFF,0x14,0xA5,0xFF,
    0x8E,0x6B,0xFF,0xFF,0xFF,0xFF,0xDF,0xF7,0xFF,0xFF,0xFF,0xFF,0xFF,0xFF,0xFF,0xFF,0xFF,0xFF,0xFF,0xFF,0xFF,0xFF,0xFF,0xFF,0xFF,0xFF,0xFF,0xFF,0xFF,0xFF,0xFF,0xFF,0xFF,0xFF,0xFF,0xFF,
    0xFF,0xFF,0xFF,0xFF,0xFF,0xFF,0xFF,0xFF,0xFF,0xFF,0xFF,0xFF,0xFF,0xFF,0xFF,0xFF,0xFF,0xFF,0xFF,0xFF,0xFF,0xFF,0xFF,0xFF,0xFF,0xFF,0xFF,0xFF,0xFF,0xFF,0xFF,0xFF,0xFF,0xFF,0xFF,0xFF,
    0xFF,0xFF,0xFF,0xFF,0xFF,0xFF,0xFF,0xFF,0xFF,0xFF,0xFF,0xFF,0xFF,0xFF,0xFF,0xFF,0xFF,0xFF,0xFF,0xFF,0xFF,0xFF,0xFF,0xFF,0xFF,0xFF,0xFF,0xFF,0xFF,0xFF,0xFF,0xFF,0xFF,0xFF,0xFF,0xFF,
    0xFF,0xFF,0xFF,0xFF,0xFF,0xFF,0xFF,0xFF,0xFF,0xFF,0xFF,0xFF,0xFF,0xFF,0xFF,0xFF,0xFF,0xFF,0xFF,0xFF,0xFF,0xFF,0xFF,0xFF,0xFF,0xFF,0xFF,0xFF,0xFF,0xFF,0xFF,0xFF,0xFF,0xFF,0xFF,0xFF,
    0xFF,0xFF,0xFF,0xFF,0xFF,0xFF,0xFF,0xFF,0xFF,0xFF,0xFF,0xFF,0xFF,0xFF,0xFF,0xFF,0xFF,0xFF,0xFF,0xFF,0xFF,0xFF,0xFF,0xFF,0xFF,0xFF,0xFF,0xFF,0xFF,0xFF,0xFF,0xFF,0xFF,0xFF,0xFF,0xFF,
    0xFF,0xFF,0xFF,0xFF,0xFF,0xFF,0xFF,0xFF,0xFF,0xFF,0xFF,0xFF,0xFF,0xFF,0xFF,0xFF,0xFF,0xFF,0xFF,0xFF,0xFF,0xFF,0xFF,0xFF,0xFF,0xFF,0xFF,0xFF,0xFF,0xFF,0xFF,0xFF,0xFF,0xFF,0xFF,0xFF,
    0xFF,0xFF,0xFF,0xFF,0xFF,0xFF,0xFF,0xFF,0xFF,0xFF,0xFF,0xFF,0xFF,0xFF,0xFF,0xFF,0xFF,0xFF,0xFF,0xFF,0xFF,0xFF,0xFF,0xFF,0xFF,0xFF,0xFF,0xFF,0xFF,0xFF,0xFF,0xFF,0xFF,0xFF,0xFF,0xFF,
    0xFF,0xFF,0xFF,0xFF,0xFF,0xFF,0xFF,0xFF,0xFF,0xFF,0xFF,0xFF,0xFF,0xFF,0xFF,0xFF,0xFF,0xFF,0xFF,0xFF,0xFF,0xFF,0xFF,0xFF,0xFF,0xFF,0xFF,0xFF,0xFF,0xFF,0xFF,0xFF,0xFF,0xFF,0xFF,0xFF,
    0xFF,0xFF,0xFF,0xFF,0xFF,0xFF,0xFF,0xFF,0xFF,0xFF,0xFF,0xFF,0xFF,0xFF,0xFF,0xFF,0xFF,0xFF,0xFF,0xFF,0xFF,0xFF,0xFF,0xFF,0xFF,0xFF,0xFF,0xFF,0xFF,0xFF,0xFF,0xFF,0xFF,0xFF,0xFF,0xFF,
    0xFF,0xFF,0xFF,0xFF,0xFF,0xFF,0xFF,0xFF,0xFF,0xFF,0xFF,0xFF,0xFF,0xFF,0xFF,0xFF,0xFF,0xFF,0xFF,0xFF,0xFF,0xFF,0xFF,0xFF,0xFF,0xFF,0xFF,0xFF,0xFF,0xFF,0xFF,0xFF,0xFF,0xFF,0xFF,0xFF,
    0xFF,0xFF,0xFF,0xFF,0xFF,0xFF,0xFF,0xFF,0xFF,0xFF,0xFF,0xFF,0xFF,0xFF,0xFF,0xFF,0xFF,0xFF,0xFF,0xFF,0xFF,0xFF,0xFF,0xFF,0xFF,0xFF,0xFF,0xFF,0xFF,0xFF,0xFF,0xFF,0xFF,0xFF,0xFF,0xFF,
    0xFF,0xFF,0xFF,0xFF,0xFF,0xFF,0xFF,0xFF,0xFF,0xFF,0xFF,0xFF,0xFF,0xFF,0xFF,0xFF,0xFF,0xFF,0xFF,0xFF,0xFF,0xFF,0xFF,0xFF,0xFF,0xFF,0xFF,0xFF,0xFF,0xFF,0xFF,0xFF,0xFF,0xFF,0xFF,0xFF,
    0xFF,0xFF,0xFF,0xFF,0xFF,0xFF,0xFF,0xFF,0xFF,0xFF,0xFF,0xFF,0xFF,0xFF,0xFF,0xFF,0xFF,0xFF,0xFF,0xFF,0xFF,0xFF,0xFF,0xFF,0xFF,0xFF,0xFF,0xFF,0xFF,0xFF,0xFF,0xFF,0xFF,0xFF,0xFF,0xFF,
    0xFF,0xFF,0xFF,0xFF,0xFF,0xFF,0xFF,0xFF,0xFF,0xFF,0xFF,0xFF,0xFF,0xFF,0xFF,0xFF,0xFF,0xFF,0xFF,0xFF,0xFF,0xFF,0xFF,0xFF,0xFF,0xFF,0xFF,0xFF,0xFF,0xFF,0xFF,0xFF,0xFF,0xFF,0xFF,0xFF,
    0xFF,0xFF,0xFF,0xFF,0xFF,0xFF,0xFF,0xFF,0xFF,0xFF,0xFF,0xFF,0xFF,0xFF,0xFF,0xFF,0xFF,0xFF,0xFF,0xFF,0xFF,0xFF,0xFF,0xFF,0xFF,0xFF,0xFF,0xFF,0xFF,0xFF,0xFF,0xFF,0xFF,0xFF,0xFF,0xFF,
    0xFF,0xFF,0xFF,0xFF,0xFF,0xFF,0xFF,0xFF,0xFF,0xFF,0xFF,0xFF,0xFF,0xFF,0xFF,0xFF,0xFF,0xFF,0xFF,0xFF,0xFF,0xFF,0xFF,0xFF,0xFF,0xFF,0xFF,0xFF,0xFF,0xFF,0xFF,0xFF,0xFF,0xFF,0xFF,0xFF,
    0xFF,0xFF,0xFF,0xFF,0xFF,0xFF,0xFF,0xFF,0xFF,0xFF,0xFF,0xFF,0xFF,0xFF,0xFF,0xFF,0xFF,0xFF,0xFF,0xFF,0xFF,0xFF,0xFF,0xFF,0xFF,0xFF,0xFF,0xFF,0xFF,0xFF,0xFF,0xFF,0xFF,0xFF,0xFF,0xFF,
    0xFF,0xFF,0xFF,0xFF,0xFF,0xFF,0xFF,0xFF,0xFF,0xFF,0xFF,0xFF,0xFF,0xFF,0xFF,0xFF,0xFF,0xFF,0xFF,0xFF,0xFF,0xFF,0xFF,0xFF,0xFF,0xFF,0xFF,0xFF,0xFF,0xFF,0xFF,0xFF,0xFF,0xFF,0xFF,0xFF,
    0xFF,0xFF,0xFF,0xFF,0xFF,0xFF,0xFF,0xFF,0xFF,0xFF,0xFF,0xFF,0xFF,0xFF,0xFF,0xFF,0xFF,0xFF,0xFF,0xFF,0xFF,0xFF,0xFF,0xFF,0xFF,0xFF,0xFF,0xFF,0xFF,0xFF,0xFF,0xFF,0xFF,0xFF,0xFF,0xFF,
    0xFF,0xFF,0xFF,0xFF,0xFF,0xFF,0xFF,0xFF,0xFF,0xFF,0xFF,0xFF,0xFF,0xFF,0xFF,0xFF,0xFF,0xFF,0xFF,0xFF,0xFF,0xFF,0xFF,0xFF,0xFF,0xFF,0xFF,0xFF,0xFF,0xFF,0xFF,0xFF,0xFF,0xFF,0xFF,0xFF,
    0xFF,0xFF,0xFF,0xFF,0xFF,0xFF,0xFF,0xFF,0xFF,0xFF,0xFF,0xFF,0xFF,0xFF,0xFF,0xFF,0xFF,0xFF,0xFF,0xFF,0xFF,0xFF,0xFF,0xFF,0xFF,0xFF,0xFF,0xFF,0xFF,0xFF,0xFF,0xFF,0xFF,0xFF,0xFF,0xFF,
    0xFF,0xFF,0xFF,0xFF,0xFF,0xFF,0xFF,0xFF,0xFF,0xFF,0xFF,0xFF,0xFF,0xFF,0xFF,0xFF,0xFF,0xFF,0xFF,0xFF,0xFF,0xFF,0xFF,0xFF,0xFF,0xFF,0xFF,0xFF,0xFF,0xFF,0xFF,0xFF,0xFF,0xFF,0xFF,0xFF,
    0xFF,0xFF,0xFF,0xFF,0xFF,0xFF,0xFF,0xFF,0xFF,0xFF,0xFF,0xFF,0xFF,0xFF,0xFF,0xFF,0xFF,0xFF,0xFF,0xFF,0xFF,0xFF,0xFF,0xFF,0xFF,0xFF,0xFF,0xFF,0xFF,0xFF,0xFF,0xFF,0xFF,0xFF,0xFF,0xFF,
    0xFF,0xFF,0xFF,0xFF,0xFF,0xFF,0xFF,0xFF,0xFF,0xFF,0xFF,0xFF,0xFF,0xFF,0xFF,0xFF,0xFF,0xFF,0xFF,0xFF,0xFF,0xFF,0xFF,0xFF,0xDF,0xFF,0xFF,0xDF,0xFF,0xFF,0xBE,0xF7,0xFF,0xBE,0xF7,0xFF,
    0xFF,0xFF,0xFF,0xBE,0xF7,0xFF,0x18,0xC6,0xFF,0xC3,0x18,0xFF,0x00,0x00,0xFF,0x20,0x00,0xFF,0x61,0x08,0xFF,0x24,0x21,0xFF,0x38,0xC6,0xFF,0x41,0x08,0xFF,0x61,0x08,0xFF,0x00,0x00,0xFF,
    0x00,0x00,0xFF,0xC7,0x39,0xFF,0xBA,0xD6,0xFF,0xFF,0xFF,0xFF,0xFF,0xFF,0xFF,0x9E,0xF7,0xFF,0xFF,0xFF,0xFF,0xDF,0xFF,0xFF,0xBE,0xF7,0xFF,0xFF,0xFF,0xFF,0xFF,0xFF,0xFF,0xDF,0xFF,0xFF,
    0xDF,0xFF,0xFF,0xDF,0xFF,0xFF,0xFF,0xFF,0xFF,0xFF,0xFF,0xFF,0xFF,0xFF,0xFF,0xDF,0xFF,0xFF,0xFF,0xFF,0xFF,0xDF,0xFF,0xFF,0xBE,0xF7,0xFF,0x00,0x00,0xFF,0x61,0x08,0xFF,0x00,0x00,0xFF,
    0x00,0x00,0xFF,0x41,0x08,0xFF,0x00,0x00,0xFF,0x00,0x00,0xFF,0x00,0x00,0xFF,0x00,0x00,0xFF,0x00,0x00,0xFF,0x00,0x00,0xFF,0x00,0x00,0xFF,0x00,0x00,0xFF,0x00,0x00,0xFF,0x00,0x00,0xFF,
    0x00,0x00,0xFF,0x00,0x00,0xFF,0x00,0x00,0xFF,0x00,0x00,0xFF,0x00,0x00,0xFF,0x00,0x00,0xFF,0x00,0x00,0xFF,0x00,0x00,0xFF,0x40,0x08,0xFF,0x00,0x00,0xFF,0x00,0x00,0xFF,0x00,0x00,0xFF,
    0x01,0x00,0xFF,0xA3,0x18,0xFF,0x00,0x00,0xFF,0xC0,0x18,0xFF,0x60,0x08,0xFF,0x00,0x7C,0xFF,0xE7,0xFF,0xFF,0xA1,0xE7,0xFF,0xE3,0xFF,0xFF,0xC0,0xEF,0xFF,0xE0,0xF7,0xFF,0xE0,0xF7,0xFF,
    0xE1,0xF7,0xFF,0xE0,0xF7,0xFF,0xE0,0xF7,0xFF,0xE1,0xF7,0xFF,0xC3,0xEF,0xFF,0x87,0xEF,0xFF,0x00,0x5B,0xFF,0x40,0x08,0xFF,0x60,0x10,0xFF,0x00,0x08,0xFF,0x41,0x08,0xFF,0x01,0x00,0xFF,
    0x03,0x00,0xFF,0x23,0x08,0xFF,0x01,0x00,0xFF,0x00,0x00,0xFF,0x00,0x00,0xFF,0x00,0x00,0xFF,0x01,0x00,0xFF,0x01,0x00,0xFF,0x00,0x00,0xFF,0x00,0x00,0xFF,0x00,0x00,0xFF,0x00,0x00,0xFF,
    0x01,0x00,0xFF,0x02,0x00,0xFF,0x00,0x00,0xFF,0x20,0x00,0xFF,0x00,0x11,0xFF,0x51,0xDF,0xFF,0x45,0x84,0xFF,0x60,0x08,0xFF,0x60,0x08,0xFF,0x20,0x08,0xFF,0xDE,0xFF,0xFF,0xFF,0xFF,0xFF,
    0xDF,0xFF,0xFF,0xFE,0xFF,0xFF,0xFE,0xFF,0xFF,0xFE,0xFF,0xFF,0xFF,0xFF,0xFF,0x5D,0xEF,0xFF,0xDB,0xDE,0xFF,0xDF,0xFF,0xFF,0xFF,0xFF,0xFF,0xFF,0xFF,0xFF,0xFF,0xFF,0xFF,0xFF,0xFF,0xFF,
    0xFF,0xFF,0xFF,0xFF,0xFF,0xFF,0xFF,0xFF,0xFF,0xFF,0xFF,0xFF,0xFF,0xFF,0xFF,0xFF,0xFF,0xFF,0xFF,0xFF,0xFF,0xFF,0xFF,0xFF,0xFF,0xFF,0xFF,0xFF,0xFF,0xFF,0xFF,0xFF,0xFF,0xFF,0xFF,0xFF,
    0xFF,0xFF,0xFF,0xFF,0xFF,0xFF,0xFF,0xFF,0xFF,0xFF,0xFF,0xFF,0xFF,0xFF,0xFF,0xFF,0xFF,0xFF,0xFF,0xFF,0xFF,0xFF,0xFF,0xFF,0xFF,0xFF,0xFF,0xFF,0xFF,0xFF,0xFF,0xFF,0xFF,0xFF,0xFF,0xFF,
    0xFF,0xFF,0xFF,0xFF,0xFF,0xFF,0xFF,0xFF,0xFF,0xFF,0xFF,0xFF,0xFF,0xFF,0xFF,0xFF,0xFF,0xFF,0xFF,0xFF,0xFF,0xFF,0xFF,0xFF,0xFF,0xFF,0xFF,0xFF,0xFF,0xFF,0xFF,0xFF,0xFF,0xFF,0xFF,0xFF,
    0xFF,0xFF,0xFF,0xFF,0xFF,0xFF,0xFF,0xFF,0xFF,0xFF,0xFF,0xFF,0xFF,0xFF,0xFF,0xFF,0xFF,0xFF,0xFF,0xFF,0xFF,0xFF,0xFF,0xFF,0xFF,0xFF,0xFF,0xFF,0xFF,0xFF,0xFF,0xFF,0xFF,0xFF,0xFF,0xFF,
    0xFF,0xFF,0xFF,0xFF,0xFF,0xFF,0xFF,0xFF,0xFF,0xFF,0xFF,0xFF,0xFF,0xFF,0xFF,0xFF,0xFF,0xFF,0xFF,0xFF,0xFF,0xFF,0xFF,0xFF,0xFF,0xFF,0xFF,0xFF,0xFF,0xFF,0xFF,0xFF,0xFF,0xFF,0xFF,0xFF,
    0xFF,0xFF,0xFF,0xFF,0xFF,0xFF,0xFF,0xFF,0xFF,0xFF,0xFF,0xFF,0xFF,0xFF,0xFF,0xFF,0xFF,0xFF,0xFF,0xFF,0xFF,0xFF,0xFF,0xFF,0xFF,0xFF,0xFF,0xFF,0xFF,0xFF,0xFF,0xFF,0xFF,0xFF,0xFF,0xFF,
    0xFF,0xFF,0xFF,0xFF,0xFF,0xFF,0xFF,0xFF,0xFF,0xFF,0xFF,0xFF,0xFF,0xFF,0xFF,0xFF,0xFF,0xFF,0xFF,0xFF,0xFF,0xFF,0xFF,0xFF,0xFF,0xFF,0xFF,0xFF,0xFF,0xFF,0xFF,0xFF,0xFF,0xFF,0xFF,0xFF,
    0xFF,0xFF,0xFF,0xFF,0xFF,0xFF,0xFF,0xFF,0xFF,0xFF,0xFF,0xFF,0xFF,0xFF,0xFF,0xFF,0xFF,0xFF,0xFF,0xFF,0xFF,0xFF,0xFF,0xFF,0xFF,0xFF,0xFF,0xFF,0xFF,0xFF,0xFF,0xFF,0xFF,0xFF,0xFF,0xFF,
    0xFF,0xFF,0xFF,0xFF,0xFF,0xFF,0xFF,0xFF,0xFF,0xFF,0xFF,0xFF,0xFF,0xFF,0xFF,0xFF,0xFF,0xFF,0xFF,0xFF,0xFF,0xFF,0xFF,0xFF,0xFF,0xFF,0xFF,0xFF,0xFF,0xFF,0xFF,0xFF,0xFF,0xFF,0xFF,0xFF,
    0xFF,0xFF,0xFF,0xFF,0xFF,0xFF,0xFF,0xFF,0xFF,0xFF,0xFF,0xFF,0xFF,0xFF,0xFF,0xFF,0xFF,0xFF,0xFF,0xFF,0xFF,0xFF,0xFF,0xFF,0xFF,0xFF,0xFF,0xFF,0xFF,0xFF,0xFF,0xFF,0xFF,0xFF,0xFF,0xFF,
    0xFF,0xFF,0xFF,0xFF,0xFF,0xFF,0xFF,0xFF,0xFF,0xFF,0xFF,0xFF,0xFF,0xFF,0xFF,0xFF,0xFF,0xFF,0xFF,0xFF,0xFF,0xFF,0xFF,0xFF,0xFF,0xFF,0xFF,0xFF,0xFF,0xFF,0xFF,0xFF,0xFF,0xFF,0xFF,0xFF,
    0xFF,0xFF,0xFF,0xFF,0xFF,0xFF,0xFF,0xFF,0xFF,0xFF,0xFF,0xFF,0xFF,0xFF,0xFF,0xFF,0xFF,0xFF,0xFF,0xFF,0xFF,0xFF,0xFF,0xFF,0xFF,0xFF,0xFF,0xFF,0xFF,0xFF,0xFF,0xFF,0xFF,0xFF,0xFF,0xFF,
    0xFF,0xFF,0xFF,0xFF,0xFF,0xFF,0xFF,0xFF,0xFF,0xFF,0xFF,0xFF,0xFF,0xFF,0xFF,0xFF,0xFF,0xFF,0xFF,0xFF,0xFF,0xFF,0xFF,0xFF,0xFF,0xFF,0xFF,0xFF,0xFF,0xFF,0xFF,0xFF,0xFF,0xFF,0xFF,0xFF,
    0xFF,0xFF,0xFF,0xFF,0xFF,0xFF,0xFF,0xFF,0xFF,0xFF,0xFF,0xFF,0xFF,0xFF,0xFF,0xFF,0xFF,0xFF,0xFF,0xFF,0xFF,0xFF,0xFF,0xFF,0xFF,0xFF,0xFF,0xFF,0xFF,0xFF,0xFF,0xFF,0xFF,0xFF,0xFF,0xFF,
    0xFF,0xFF,0xFF,0xFF,0xFF,0xFF,0xFF,0xFF,0xFF,0xFF,0xFF,0xFF,0xFF,0xFF,0xFF,0xFF,0xFF,0xFF,0xFF,0xFF,0xFF,0xFF,0xFF,0xFF,0xFF,0xFF,0xFF,0xFF,0xFF,0xFF,0xFF,0xFF,0xFF,0xFF,0xFF,0xFF,
    0xFF,0xFF,0xFF,0xFF,0xFF,0xFF,0xFF,0xFF,0xFF,0xFF,0xFF,0xFF,0xFF,0xFF,0xFF,0xFF,0xFF,0xFF,0xFF,0xFF,0xFF,0xFF,0xFF,0xFF,0xFF,0xFF,0xFF,0xFF,0xFF,0xFF,0xFF,0xFF,0xFF,0xFF,0xFF,0xFF,
    0xFF,0xFF,0xFF,0xFF,0xFF,0xFF,0xFF,0xFF,0xFF,0xFF,0xFF,0xFF,0xFF,0xFF,0xFF,0xFF,0xFF,0xFF,0xFF,0xFF,0xFF,0xFF,0xFF,0xFF,0xFF,0xFF,0xFF,0xFF,0xFF,0xFF,0xFF,0xFF,0xFF,0xFF,0xFF,0xFF,
    0xFF,0xFF,0xFF,0xFF,0xFF,0xFF,0xFF,0xFF,0xFF,0xFF,0xFF,0xFF,0xFF,0xFF,0xFF,0xFF,0xFF,0xFF,0xFF,0xFF,0xFF,0xFF,0xFF,0xFF,0xFF,0xFF,0xFF,0xFF,0xFF,0xFF,0xFF,0xFF,0xFF,0xFF,0xFF,0xFF,
    0xFF,0xFF,0xFF,0xFF,0xFF,0xFF,0xFF,0xFF,0xFF,0xFF,0xFF,0xFF,0xFF,0xFF,0xFF,0xFF,0xFF,0xFF,0xFF,0xFF,0xFF,0xFF,0xFF,0xFF,0xFF,0xFF,0xFF,0xFF,0xFF,0xFF,0xFF,0xFF,0xFF,0xFF,0xFF,0xFF,
    0xFF,0xFF,0xFF,0xFF,0xFF,0xFF,0xFF,0xFF,0xFF,0xFF,0xFF,0xFF,0xFF,0xFF,0xFF,0xFF,0xFF,0xFF,0xFF,0xFF,0xFF,0xFF,0xFF,0xFF,0xFF,0xFF,0xFF,0xFF,0xFF,0xFF,0xFF,0xFF,0xFF,0xFF,0xFF,0xFF,
    0xFF,0xFF,0xFF,0xFF,0xFF,0xFF,0xFF,0xFF,0xFF,0xFF,0xFF,0xFF,0xFF,0xFF,0xFF,0xFF,0xFF,0xFF,0xFF,0xFF,0xFF,0xFF,0xFF,0xFF,0xFF,0xFF,0xFF,0xFF,0xFF,0xFF,0xFF,0xFF,0xFF,0xFF,0xFF,0xFF,
    0xFF,0xFF,0xFF,0xFF,0xFF,0xFF,0xFF,0xFF,0xFF,0xFF,0xFF,0xFF,0xFF,0xFF,0xFF,0xFF,0xFF,0xFF,0xFF,0xFF,0xFF,0xFF,0xFF,0xFF,0xFF,0xFF,0xFF,0xFF,0xFF,0xFF,0xFF,0xFF,0xFF,0xFF,0xFF,0xFF,
    0xFF,0xFF,0xFF,0xFF,0xFF,0xFF,0xFF,0xFF,0xFF,0xFF,0xFF,0xFF,0xFF,0xFF,0xFF,0xFF,0xFF,0xFF,0xFF,0xFF,0xFF,0xFF,0xFF,0xFF,0xFF,0xFF,0xFF,0xFF,0xFF,0xFF,0xFF,0xFF,0xFF,0xFF,0xFF,0xFF,
    0xFF,0xFF,0xFF,0xFF,0xFF,0xFF,0xFF,0xFF,0xFF,0xFF,0xFF,0xFF,0xFF,0xFF,0xFF,0xFF,0xFF,0xFF,0x9E,0xF7,0xFF,0xFF,0xFF,0xFF,0xFF,0xFF,0xFF,0xBA,0xD6,0xFF,0x00,0x00,0xFF,0x00,0x00,0xFF,
    0x00,0x00,0xFF,0x41,0x08,0xFF,0x65,0x29,0xFF,0xFF,0xFF,0xFF,0xDB,0xDE,0xFF,0x65,0x29,0xFF,0x00,0x00,0xFF,0x20,0x00,0xFF,0x20,0x00,0xFF,0x00,0x00,0xFF,0xE7,0x39,0xFF,0x18,0xC6,0xFF,
    0xFF,0xFF,0xFF,0xFF,0xFF,0xFF,0xFF,0xFF,0xFF,0xFF,0xFF,0xFF,0xFF,0xFF,0xFF,0xFF,0xFF,0xFF,0xFF,0xFF,0xFF,0xFF,0xFF,0xFF,0xFF,0xFF,0xFF,0xDF,0xFF,0xFF,0xFF,0xFF,0xFF,0xFF,0xFF,0xFF,
    0xDF,0xFF,0xFF,0xDF,0xFF,0xFF,0xBE,0xF7,0xFF,0x34,0xA5,0xFF,0x00,0x00,0xFF,0x61,0x08,0xFF,0x00,0x00,0xFF,0x00,0x00,0xFF,0x00,0x00,0xFF,0x00,0x00,0xFF,0x00,0x00,0xFF,0x00,0x00,0xFF,
    0x00,0x00,0xFF,0x00,0x00,0xFF,0x00,0x00,0xFF,0x00,0x00,0xFF,0x00,0x00,0xFF,0x00,0x00,0xFF,0x00,0x00,0xFF,0x00,0x00,0xFF,0x00,0x00,0xFF,0x00,0x00,0xFF,0x00,0x00,0xFF,0x00,0x00,0xFF,
    0x01,0x00,0xFF,0x00,0x00,0xFF,0x40,0x08,0xFF,0x40,0x00,0xFF,0x00,0x00,0xFF,0x20,0x08,0xFF,0x00,0x00,0xFF,0x00,0x00,0xFF,0xC0,0x18,0xFF,0x83,0x6B,0xFF,0xC5,0xB5,0xFF,0x01,0xB6,0xFF,
    0x20,0xBE,0xFF,0xE3,0xF7,0xFF,0xA2,0xEF,0xFF,0xE3,0xF7,0xFF,0xC0,0xF7,0xFF,0xE0,0xF7,0xFF,0xE1,0xF7,0xFF,0xE1,0xF7,0xFF,0xE1,0xF7,0xFF,0xE2,0xF7,0xFF,0xE4,0xF7,0xFF,0xE8,0xFF,0xFF,
    0xAB,0xF7,0xFF,0x23,0x84,0xFF,0x60,0x10,0xFF,0x00,0x08,0xFF,0x00,0x08,0xFF,0x00,0x00,0xFF,0x00,0x00,0xFF,0x62,0x08,0xFF,0x20,0x00,0xFF,0x20,0x00,0xFF,0x00,0x00,0xFF,0x00,0x00,0xFF,
    0x01,0x00,0xFF,0x01,0x00,0xFF,0x00,0x00,0xFF,0x00,0x00,0xFF,0x00,0x00,0xFF,0x00,0x00,0xFF,0x01,0x00,0xFF,0x02,0x00,0xFF,0x01,0x00,0xFF,0x00,0x00,0xFF,0x60,0x00,0xFF,0x6A,0x84,0xFF,
    0xA0,0x10,0xFF,0x20,0x00,0xFF,0x40,0x08,0xFF,0xBD,0xF7,0xFF,0xDF,0xFF,0xFF,0xFF,0xFF,0xFF,0xFF,0xFF,0xFF,0xFD,0xFF,0xFF,0xFE,0xFF,0xFF,0xFD,0xFF,0xFF,0xFF,0xFF,0xFF,0xFF,0xFF,0xFF,
    0xFF,0xFF,0xFF,0x9F,0xF7,0xFF,0xFF,0xFF,0xFF,0xFF,0xFF,0xFF,0xFF,0xFF,0xFF,0xFF,0xFF,0xFF,0xFF,0xFF,0xFF,0xFF,0xFF,0xFF,0xFF,0xFF,0xFF,0xFF,0xFF,0xFF,0xFF,0xFF,0xFF,0xFF,0xFF,0xFF,
    0xFF,0xFF,0xFF,0xFF,0xFF,0xFF,0xFF,0xFF,0xFF,0xFF,0xFF,0xFF,0xFF,0xFF,0xFF,0xFF,0xFF,0xFF,0xFF,0xFF,0xFF,0xFF,0xFF,0xFF,0xFF,0xFF,0xFF,0xFF,0xFF,0xFF,0xFF,0xFF,0xFF,0xFF,0xFF,0xFF,
    0xFF,0xFF,0xFF,0xFF,0xFF,0xFF,0xFF,0xFF,0xFF,0xFF,0xFF,0xFF,0xFF,0xFF,0xFF,0xFF,0xFF,0xFF,0xFF,0xFF,0xFF,0xFF,0xFF,0xFF,0xFF,0xFF,0xFF,0xFF,0xFF,0xFF,0xFF,0xFF,0xFF,0xFF,0xFF,0xFF,
    0xFF,0xFF,0xFF,0xFF,0xFF,0xFF,0xFF,0xFF,0xFF,0xFF,0xFF,0xFF,0xFF,0xFF,0xFF,0xFF,0xFF,0xFF,0xFF,0xFF,0xFF,0xFF,0xFF,0xFF,0xFF,0xFF,0xFF,0xFF,0xFF,0xFF,0xFF,0xFF,0xFF,0xFF,0xFF,0xFF,
    0xFF,0xFF,0xFF,0xFF,0xFF,0xFF,0xFF,0xFF,0xFF,0xFF,0xFF,0xFF,0xFF,0xFF,0xFF,0xFF,0xFF,0xFF,0xFF,0xFF,0xFF,0xFF,0xFF,0xFF,0xFF,0xFF,0xFF,0xFF,0xFF,0xFF,0xFF,0xFF,0xFF,0xFF,0xFF,0xFF,
    0xFF,0xFF,0xFF,0xFF,0xFF,0xFF,0xFF,0xFF,0xFF,0xFF,0xFF,0xFF,0xFF,0xFF,0xFF,0xFF,0xFF,0xFF,0xFF,0xFF,0xFF,0xFF,0xFF,0xFF,0xFF,0xFF,0xFF,0xFF,0xFF,0xFF,0xFF,0xFF,0xFF,0xFF,0xFF,0xFF,
    0xFF,0xFF,0xFF,0xFF,0xFF,0xFF,0xFF,0xFF,0xFF,0xFF,0xFF,0xFF,0xFF,0xFF,0xFF,0xFF,0xFF,0xFF,0xFF,0xFF,0xFF,0xFF,0xFF,0xFF,0xFF,0xFF,0xFF,0xFF,0xFF,0xFF,0xFF,0xFF,0xFF,0xFF,0xFF,0xFF,
    0xFF,0xFF,0xFF,0xFF,0xFF,0xFF,0xFF,0xFF,0xFF,0xFF,0xFF,0xFF,0xFF,0xFF,0xFF,0xFF,0xFF,0xFF,0xFF,0xFF,0xFF,0xFF,0xFF,0xFF,0xFF,0xFF,0xFF,0xFF,0xFF,0xFF,0xFF,0xFF,0xFF,0xFF,0xFF,0xFF,
    0xFF,0xFF,0xFF,0xFF,0xFF,0xFF,0xFF,0xFF,0xFF,0xFF,0xFF,0xFF,0xFF,0xFF,0xFF,0xFF,0xFF,0xFF,0xFF,0xFF,0xFF,0xFF,0xFF,0xFF,0xFF,0xFF,0xFF,0xFF,0xFF,0xFF,0xFF,0xFF,0xFF,0xFF,0xFF,0xFF,
    0xFF,0xFF,0xFF,0xFF,0xFF,0xFF,0xFF,0xFF,0xFF,0xFF,0xFF,0xFF,0xFF,0xFF,0xFF,0xFF,0xFF,0xFF,0xFF,0xFF,0xFF,0xFF,0xFF,0xFF,0xFF,0xFF,0xFF,0xFF,0xFF,0xFF,0xFF,0xFF,0xFF,0xFF,0xFF,0xFF,
    0xFF,0xFF,0xFF,0xFF,0xFF,0xFF,0xFF,0xFF,0xFF,0xFF,0xFF,0xFF,0xFF,0xFF,0xFF,0xFF,0xFF,0xFF,0xFF,0xFF,0xFF,0xFF,0xFF,0xFF,0xFF,0xFF,0xFF,0xFF,0xFF,0xFF,0xFF,0xFF,0xFF,0xFF,0xFF,0xFF,
    0xFF,0xFF,0xFF,0xFF,0xFF,0xFF,0xFF,0xFF,0xFF,0xFF,0xFF,0xFF,0xFF,0xFF,0xFF,0xFF,0xFF,0xFF,0xFF,0xFF,0xFF,0xFF,0xFF,0xFF,0xFF,0xFF,0xFF,0xFF,0xFF,0xFF,0xFF,0xFF,0xFF,0xFF,0xFF,0xFF,
    0xFF,0xFF,0xFF,0xFF,0xFF,0xFF,0xFF,0xFF,0xFF,0xFF,0xFF,0xFF,0xFF,0xFF,0xFF,0xFF,0xFF,0xFF,0xFF,0xFF,0xFF,0xFF,0xFF,0xFF,0xFF,0xFF,0xFF,0xFF,0xFF,0xFF,0xFF,0xFF,0xFF,0xFF,0xFF,0xFF,
    0xFF,0xFF,0xFF,0xFF,0xFF,0xFF,0xFF,0xFF,0xFF,0xFF,0xFF,0xFF,0xFF,0xFF,0xFF,0xFF,0xFF,0xFF,0xFF,0xFF,0xFF,0xFF,0xFF,0xFF,0xFF,0xFF,0xFF,0xFF,0xFF,0xFF,0xFF,0xFF,0xFF,0xFF,0xFF,0xFF,
    0xFF,0xFF,0xFF,0xFF,0xFF,0xFF,0xFF,0xFF,0xFF,0xFF,0xFF,0xFF,0xFF,0xFF,0xFF,0xFF,0xFF,0xFF,0xFF,0xFF,0xFF,0xFF,0xFF,0xFF,0xFF,0xFF,0xFF,0xFF,0xFF,0xFF,0xFF,0xFF,0xFF,0xFF,0xFF,0xFF,
    0xFF,0xFF,0xFF,0xFF,0xFF,0xFF,0xFF,0xFF,0xFF,0xFF,0xFF,0xFF,0xFF,0xFF,0xFF,0xFF,0xFF,0xFF,0xFF,0xFF,0xFF,0xFF,0xFF,0xFF,0xFF,0xFF,0xFF,0xFF,0xFF,0xFF,0xFF,0xFF,0xFF,0xFF,0xFF,0xFF,
    0xFF,0xFF,0xFF,0xFF,0xFF,0xFF,0xFF,0xFF,0xFF,0xFF,0xFF,0xFF,0xFF,0xFF,0xFF,0xFF,0xFF,0xFF,0xFF,0xFF,0xFF,0xFF,0xFF,0xFF,0xFF,0xFF,0xFF,0xFF,0xFF,0xFF,0xFF,0xFF,0xFF,0xFF,0xFF,0xFF,
    0xFF,0xFF,0xFF,0xFF,0xFF,0xFF,0xFF,0xFF,0xFF,0xFF,0xFF,0xFF,0xFF,0xFF,0xFF,0xFF,0xFF,0xFF,0xFF,0xFF,0xFF,0xFF,0xFF,0xFF,0xFF,0xFF,0xFF,0xFF,0xFF,0xFF,0xFF,0xFF,0xFF,0xFF,0xFF,0xFF,
    0xFF,0xFF,0xFF,0xFF,0xFF,0xFF,0xFF,0xFF,0xFF,0xFF,0xFF,0xFF,0xFF,0xFF,0xFF,0xFF,0xFF,0xFF,0xFF,0xFF,0xFF,0xFF,0xFF,0xFF,0xFF,0xFF,0xFF,0xFF,0xFF,0xFF,0xFF,0xFF,0xFF,0xFF,0xFF,0xFF,
    0xFF,0xFF,0xFF,0xFF,0xFF,0xFF,0xFF,0xFF,0xFF,0xFF,0xFF,0xFF,0xFF,0xFF,0xFF,0xFF,0xFF,0xFF,0xFF,0xFF,0xFF,0xFF,0xFF,0xFF,0xFF,0xFF,0xFF,0xFF,0xFF,0xFF,0xFF,0xFF,0xFF,0xFF,0xFF,0xFF,
    0xFF,0xFF,0xFF,0xFF,0xFF,0xFF,0xFF,0xFF,0xFF,0xFF,0xFF,0xFF,0xFF,0xFF,0xFF,0xFF,0xFF,0xFF,0xFF,0xFF,0xFF,0xFF,0xFF,0xFF,0xFF,0xFF,0xFF,0xFF,0xFF,0xFF,0xFF,0xFF,0xFF,0xFF,0xFF,0xFF,
    0xFF,0xFF,0xFF,0xFF,0xFF,0xFF,0xFF,0xFF,0xFF,0xFF,0xFF,0xFF,0xFF,0xFF,0xFF,0xFF,0xFF,0xFF,0xFF,0xFF,0xFF,0xFF,0xFF,0xFF,0xFF,0xFF,0xFF,0xFF,0xFF,0xFF,0xFF,0xFF,0xFF,0xFF,0xFF,0xFF,
    0xFF,0xFF,0xFF,0xFF,0xFF,0xFF,0xFF,0xFF,0xFF,0xFF,0xFF,0xFF,0xFF,0xFF,0xFF,0xFF,0xFF,0xFF,0xFF,0xFF,0xFF,0xFF,0xFF,0xFF,0xFF,0xFF,0xFF,0xFF,0xFF,0xFF,0xFF,0xFF,0xFF,0xFF,0xFF,0xFF,
    0xFF,0xFF,0xFF,0xFF,0xFF,0xFF,0xFF,0xFF,0xFF,0xFF,0xFF,0xFF,0xFF,0xFF,0xFF,0xFF,0xFF,0xFF,0xFF,0xFF,0xFF,0xFF,0xFF,0xFF,0xFF,0xFF,0xFF,0xFF,0xFF,0xFF,0xFF,0xFF,0xFF,0xFF,0xFF,0xFF,
    0xFF,0xFF,0xFF,0xFF,0xFF,0xFF,0xBE,0xF7,0xFF,0xDF,0xFF,0xFF,0xFF,0xFF,0xFF,0x00,0x00,0xFF,0x00,0x00,0xFF,0x61,0x08,0xFF,0x00,0x00,0xFF,0xE3,0x18,0xFF,0x5D,0xEF,0xFF,0xFF,0xFF,0xFF,
    0xDF,0xFF,0xFF,0x8E,0x73,0xFF,0x20,0x00,0xFF,0x00,0x00,0xFF,0x20,0x00,0xFF,0x82,0x10,0xFF,0x00,0x00,0xFF,0x41,0x08,0xFF,0x8E,0x73,0xFF,0xBA,0xD6,0xFF,0xFF,0xFF,0xFF,0xFF,0xFF,0xFF,
    0xDF,0xFF,0xFF,0xFF,0xFF,0xFF,0xFF,0xFF,0xFF,0xFF,0xFF,0xFF,0xFF,0xFF,0xFF,0xFF,0xFF,0xFF,0xFF,0xFF,0xFF,0xFF,0xFF,0xFF,0xDF,0xFF,0xFF,0xBE,0xF7,0xFF,0xC7,0x39,0xFF,0x00,0x00,0xFF,
    0x41,0x08,0xFF,0x00,0x00,0xFF,0x00,0x00,0xFF,0x00,0x00,0xFF,0x00,0x00,0xFF,0x00,0x00,0xFF,0x00,0x00,0xFF,0x00,0x00,0xFF,0x00,0x00,0xFF,0x00,0x00,0xFF,0x00,0x00,0xFF,0x00,0x00,0xFF,
    0x00,0x00,0xFF,0x00,0x00,0xFF,0x00,0x00,0xFF,0x00,0x00,0xFF,0x00,0x00,0xFF,0x00,0x00,0xFF,0x21,0x00,0xFF,0x20,0x00,0xFF,0x00,0x00,0xFF,0x20,0x00,0xFF,0xC2,0x18,0xFF,0x00,0x00,0xFF,
    0xA2,0x18,0xFF,0xF8,0xDE,0xFF,0x14,0xDF,0xFF,0x90,0xEF,0xFF,0xCA,0xEF,0xFF,0xA5,0xE7,0xFF,0xE4,0xF7,0xFF,0xE3,0xF7,0xFF,0xC3,0xEF,0xFF,0xE3,0xF7,0xFF,0xE2,0xFF,0xFF,0xE0,0xF7,0xFF,
    0xC0,0xF7,0xFF,0xE1,0xF7,0xFF,0xE2,0xF7,0xFF,0xC2,0xF7,0xFF,0x82,0xEF,0xFF,0x63,0xE7,0xFF,0x86,0xEF,0xFF,0x49,0xE7,0xFF,0x84,0x94,0xFF,0xC0,0x18,0xFF,0x20,0x08,0xFF,0x20,0x08,0xFF,
    0x00,0x00,0xFF,0x20,0x00,0xFF,0x20,0x00,0xFF,0x20,0x00,0xFF,0x00,0x00,0xFF,0x01,0x00,0xFF,0x01,0x00,0xFF,0x01,0x00,0xFF,0x00,0x00,0xFF,0x00,0x00,0xFF,0x00,0x00,0xFF,0x41,0x08,0xFF,
    0x02,0x00,0xFF,0x02,0x00,0xFF,0x02,0x00,0xFF,0x01,0x00,0xFF,0x00,0x00,0xFF,0x80,0x08,0xFF,0x00,0x00,0xFF,0x00,0x00,0xFF,0x7E,0xF7,0xFF,0xFF,0xFF,0xFF,0xFF,0xFF,0xFF,0x9D,0xF7,0xFF,
    0xFE,0xFF,0xFF,0xFD,0xFF,0xFF,0xFD,0xFF,0xFF,0xFE,0xFF,0xFF,0xFE,0xFF,0xFF,0xFF,0xFF,0xFF,0xFF,0xFF,0xFF,0xFF,0xFF,0xFF,0xFF,0xFF,0xFF,0xDF,0xF7,0xFF,0xFF,0xFF,0xFF,0xFF,0xFF,0xFF,
    0xFF,0xFF,0xFF,0xFF,0xFF,0xFF,0xFF,0xFF,0xFF,0xFF,0xFF,0xFF,0xFF,0xFF,0xFF,0xFF,0xFF,0xFF,0xFF,0xFF,0xFF,0xFF,0xFF,0xFF,0xFF,0xFF,0xFF,0xFF,0xFF,0xFF,0xFF,0xFF,0xFF,0xFF,0xFF,0xFF,
    0xFF,0xFF,0xFF,0xFF,0xFF,0xFF,0xFF,0xFF,0xFF,0xFF,0xFF,0xFF,0xFF,0xFF,0xFF,0xFF,0xFF,0xFF,0xFF,0xFF,0xFF,0xFF,0xFF,0xFF,0xFF,0xFF,0xFF,0xFF,0xFF,0xFF,0xFF,0xFF,0xFF,0xFF,0xFF,0xFF,
    0xFF,0xFF,0xFF,0xFF,0xFF,0xFF,0xFF,0xFF,0xFF,0xFF,0xFF,0xFF,0xFF,0xFF,0xFF,0xFF,0xFF,0xFF,0xFF,0xFF,0xFF,0xFF,0xFF,0xFF,0xFF,0xFF,0xFF,0xFF,0xFF,0xFF,0xFF,0xFF,0xFF,0xFF,0xFF,0xFF,
    0xFF,0xFF,0xFF,0xFF,0xFF,0xFF,0xFF,0xFF,0xFF,0xFF,0xFF,0xFF,0xFF,0xFF,0xFF,0xFF,0xFF,0xFF,0xFF,0xFF,0xFF,0xFF,0xFF,0xFF,0xFF,0xFF,0xFF,0xFF,0xFF,0xFF,0xFF,0xFF,0xFF,0xFF,0xFF,0xFF,
    0xFF,0xFF,0xFF,0xFF,0xFF,0xFF,0xFF,0xFF,0xFF,0xFF,0xFF,0xFF,0xFF,0xFF,0xFF,0xFF,0xFF,0xFF,0xFF,0xFF,0xFF,0xFF,0xFF,0xFF,0xFF,0xFF,0xFF,0xFF,0xFF,0xFF,0xFF,0xFF,0xFF,0xFF,0xFF,0xFF,
    0xFF,0xFF,0xFF,0xFF,0xFF,0xFF,0xFF,0xFF,0xFF,0xFF,0xFF,0xFF,0xFF,0xFF,0xFF,0xFF,0xFF,0xFF,0xFF,0xFF,0xFF,0xFF,0xFF,0xFF,0xFF,0xFF,0xFF,0xFF,0xFF,0xFF,0xFF,0xFF,0xFF,0xFF,0xFF,0xFF,
    0xFF,0xFF,0xFF,0xFF,0xFF,0xFF,0xFF,0xFF,0xFF,0xFF,0xFF,0xFF,0xFF,0xFF,0xFF,0xFF,0xFF,0xFF,0xFF,0xFF,0xFF,0xFF,0xFF,0xFF,0xFF,0xFF,0xFF,0xFF,0xFF,0xFF,0xFF,0xFF,0xFF,0xFF,0xFF,0xFF,
    0xFF,0xFF,0xFF,0xFF,0xFF,0xFF,0xFF,0xFF,0xFF,0xFF,0xFF,0xFF,0xFF,0xFF,0xFF,0xFF,0xFF,0xFF,0xFF,0xFF,0xFF,0xFF,0xFF,0xFF,0xFF,0xFF,0xFF,0xFF,0xFF,0xFF,0xFF,0xFF,0xFF,0xFF,0xFF,0xFF,
    0xFF,0xFF,0xFF,0xFF,0xFF,0xFF,0xFF,0xFF,0xFF,0xFF,0xFF,0xFF,0xFF,0xFF,0xFF,0xFF,0xFF,0xFF,0xFF,0xFF,0xFF,0xFF,0xFF,0xFF,0xFF,0xFF,0xFF,0xFF,0xFF,0xFF,0xFF,0xFF,0xFF,0xFF,0xFF,0xFF,
    0xFF,0xFF,0xFF,0xFF,0xFF,0xFF,0xFF,0xFF,0xFF,0xFF,0xFF,0xFF,0xFF,0xFF,0xFF,0xFF,0xFF,0xFF,0xFF,0xFF,0xFF,0xFF,0xFF,0xFF,0xFF,0xFF,0xFF,0xFF,0xFF,0xFF,0xFF,0xFF,0xFF,0xFF,0xFF,0xFF,
    0xFF,0xFF,0xFF,0xFF,0xFF,0xFF,0xFF,0xFF,0xFF,0xFF,0xFF,0xFF,0xFF,0xFF,0xFF,0xFF,0xFF,0xFF,0xFF,0xFF,0xFF,0xFF,0xFF,0xFF,0xFF,0xFF,0xFF,0xFF,0xFF,0xFF,0xFF,0xFF,0xFF,0xFF,0xFF,0xFF,
    0xFF,0xFF,0xFF,0xFF,0xFF,0xFF,0xFF,0xFF,0xFF,0xFF,0xFF,0xFF,0xFF,0xFF,0xFF,0xFF,0xFF,0xFF,0xFF,0xFF,0xFF,0xFF,0xFF,0xFF,0xFF,0xFF,0xFF,0xFF,0xFF,0xFF,0xFF,0xFF,0xFF,0xFF,0xFF,0xFF,
    0xFF,0xFF,0xFF,0xFF,0xFF,0xFF,0xFF,0xFF,0xFF,0xFF,0xFF,0xFF,0xFF,0xFF,0xFF,0xFF,0xFF,0xFF,0xFF,0xFF,0xFF,0xFF,0xFF,0xFF,0xFF,0xFF,0xFF,0xFF,0xFF,0xFF,0xFF,0xFF,0xFF,0xFF,0xFF,0xFF,
    0xFF,0xFF,0xFF,0xFF,0xFF,0xFF,0xFF,0xFF,0xFF,0xFF,0xFF,0xFF,0xFF,0xFF,0xFF,0xFF,0xFF,0xFF,0xFF,0xFF,0xFF,0xFF,0xFF,0xFF,0xFF,0xFF,0xFF,0xFF,0xFF,0xFF,0xFF,0xFF,0xFF,0xFF,0xFF,0xFF,
    0xFF,0xFF,0xFF,0xFF,0xFF,0xFF,0xFF,0xFF,0xFF,0xFF,0xFF,0xFF,0xFF,0xFF,0xFF,0xFF,0xFF,0xFF,0xFF,0xFF,0xFF,0xFF,0xFF,0xFF,0xFF,0xFF,0xFF,0xFF,0xFF,0xFF,0xFF,0xFF,0xFF,0xFF,0xFF,0xFF,
    0xFF,0xFF,0xFF,0xFF,0xFF,0xFF,0xFF,0xFF,0xFF,0xFF,0xFF,0xFF,0xFF,0xFF,0xFF,0xFF,0xFF,0xFF,0xFF,0xFF,0xFF,0xFF,0xFF,0xFF,0xFF,0xFF,0xFF,0xFF,0xFF,0xFF,0xFF,0xFF,0xFF,0xFF,0xFF,0xFF,
    0xFF,0xFF,0xFF,0xFF,0xFF,0xFF,0xFF,0xFF,0xFF,0xFF,0xFF,0xFF,0xFF,0xFF,0xFF,0xFF,0xFF,0xFF,0xFF,0xFF,0xFF,0xFF,0xFF,0xFF,0xFF,0xFF,0xFF,0xFF,0xFF,0xFF,0xFF,0xFF,0xFF,0xFF,0xFF,0xFF,
    0xFF,0xFF,0xFF,0xFF,0xFF,0xFF,0xFF,0xFF,0xFF,0xFF,0xFF,0xFF,0xFF,0xFF,0xFF,0xFF,0xFF,0xFF,0xFF,0xFF,0xFF,0xFF,0xFF,0xFF,0xFF,0xFF,0xFF,0xFF,0xFF,0xFF,0xFF,0xFF,0xFF,0xFF,0xFF,0xFF,
    0xFF,0xFF,0xFF,0xFF,0xFF,0xFF,0xFF,0xFF,0xFF,0xFF,0xFF,0xFF,0xFF,0xFF,0xFF,0xFF,0xFF,0xFF,0xFF,0xFF,0xFF,0xFF,0xFF,0xFF,0xFF,0xFF,0xFF,0xFF,0xFF,0xFF,0xFF,0xFF,0xFF,0xFF,0xFF,0xFF,
    0xFF,0xFF,0xFF,0xFF,0xFF,0xFF,0xFF,0xFF,0xFF,0xFF,0xFF,0xFF,0xFF,0xFF,0xFF,0xFF,0xFF,0xFF,0xFF,0xFF,0xFF,0xFF,0xFF,0xFF,0xFF,0xFF,0xFF,0xFF,0xFF,0xFF,0xFF,0xFF,0xFF,0xFF,0xFF,0xFF,
    0xFF,0xFF,0xFF,0xFF,0xFF,0xFF,0xFF,0xFF,0xFF,0xFF,0xFF,0xFF,0xFF,0xFF,0xFF,0xFF,0xFF,0xFF,0xFF,0xFF,0xFF,0xFF,0xFF,0xFF,0xFF,0xFF,0xFF,0xFF,0xFF,0xFF,0xFF,0xFF,0xFF,0xFF,0xFF,0xFF,
    0xFF,0xFF,0xFF,0xFF,0xFF,0xFF,0xFF,0xFF,0xFF,0xFF,0xFF,0xFF,0xFF,0xFF,0xFF,0xFF,0xFF,0xFF,0xFF,0xFF,0xFF,0xFF,0xFF,0xFF,0xFF,0xFF,0xFF,0xFF,0xFF,0xFF,0xFF,0xFF,0xFF,0xFF,0xFF,0xFF,
    0xFF,0xFF,0xFF,0xFF,0xFF,0xFF,0xFF,0xFF,0xFF,0xFF,0xFF,0xFF,0xFF,0xFF,0xFF,0xFF,0xFF,0xFF,0xFF,0xFF,0xFF,0xFF,0xFF,0xFF,0xFF,0xFF,0xFF,0xFF,0xFF,0xFF,0xFF,0xFF,0xFF,0xFF,0xFF,0xFF,
    0xFF,0xFF,0xFF,0xFF,0xFF,0xFF,0xFF,0xFF,0xFF,0xFF,0xFF,0xFF,0xFF,0xFF,0xFF,0xFF,0xFF,0xFF,0xDF,0xFF,0xFF,0x5D,0xEF,0xFF,0xFF,0xFF,0xFF,0xDF,0xFF,0xFF,0xDF,0xFF,0xFF,0xFF,0xFF,0xFF,
    0x04,0x21,0xFF,0x00,0x00,0xFF,0x20,0x00,0xFF,0x41,0x08,0xFF,0x00,0x00,0xFF,0x18,0xC6,0xFF,0xFF,0xFF,0xFF,0xFF,0xFF,0xFF,0xDF,0xFF,0xFF,0x1C,0xE7,0xFF,0xAA,0x52,0xFF,0x00,0x00,0xFF,
    0x00,0x00,0xFF,0x82,0x10,0xFF,0x20,0x00,0xFF,0x20,0x00,0xFF,0x00,0x00,0xFF,0x21,0x00,0xFF,0x04,0x21,0xFF,0xEB,0x5A,0xFF,0xF4,0x9C,0xFF,0x9A,0xD6,0xFF,0x9E,0xF7,0xFF,0xDF,0xFF,0xFF,
    0xDF,0xFF,0xFF,0x3D,0xE7,0xFF,0xFF,0xFF,0xFF,0xFF,0xFF,0xFF,0x7D,0xEF,0xFF,0x21,0x00,0xFF,0x41,0x08,0xFF,0x00,0x00,0xFF,0x00,0x00,0xFF,0x00,0x00,0xFF,0x00,0x00,0xFF,0x00,0x00,0xFF,
    0x00,0x00,0xFF,0x00,0x00,0xFF,0x00,0x00,0xFF,0x00,0x00,0xFF,0x00,0x00,0xFF,0x00,0x00,0xFF,0x00,0x00,0xFF,0x00,0x00,0xFF,0x00,0x00,0xFF,0x00,0x00,0xFF,0x00,0x00,0xFF,0x00,0x00,0xFF,
    0x00,0x00,0xFF,0x40,0x00,0xFF,0x20,0x00,0xFF,0x00,0x00,0xFF,0x00,0x00,0xFF,0x21,0x08,0xFF,0x00,0x00,0xFF,0x81,0x29,0xFF,0xB0,0xD6,0xFF,0xAE,0xEF,0xFF,0x67,0xDF,0xFF,0xE4,0xEF,0xFF,
    0x81,0xE7,0xFF,0xE1,0xEF,0xFF,0xE3,0xF7,0xFF,0xE2,0xF7,0xFF,0xA0,0xEF,0xFF,0xE0,0xF7,0xFF,0xE2,0xFF,0xFF,0xE3,0xFF,0xFF,0xC3,0xF7,0xFF,0xA2,0xEF,0xFF,0xE2,0xF7,0xFF,0xE3,0xFF,0xFF,
    0xC2,0xEF,0xFF,0xE5,0xF7,0xFF,0xA9,0xEF,0xFF,0x01,0x7C,0xFF,0x20,0x08,0xFF,0xA0,0x18,0xFF,0x60,0x10,0xFF,0x00,0x00,0xFF,0x20,0x00,0xFF,0x20,0x00,0xFF,0x00,0x00,0xFF,0x01,0x00,0xFF,
    0x02,0x00,0xFF,0x01,0x00,0xFF,0x00,0x00,0xFF,0x00,0x00,0xFF,0x00,0x00,0xFF,0x00,0x00,0xFF,0x00,0x00,0xFF,0x01,0x00,0xFF,0x23,0x08,0xFF,0x22,0x08,0xFF,0x00,0x00,0xFF,0x00,0x00,0xFF,
    0x01,0x00,0xFF,0xFE,0xE6,0xFF,0x9F,0xFF,0xFF,0xBF,0xFF,0xFF,0xDF,0xFF,0xFF,0xFF,0xFF,0xFF,0xFE,0xFF,0xFF,0xFE,0xFF,0xFF,0xDD,0xF7,0xFF,0xFE,0xFF,0xFF,0xFF,0xFF,0xFF,0xFF,0xFF,0xFF,
    0xFF,0xFF,0xFF,0xFF,0xFF,0xFF,0xFF,0xFF,0xFF,0xDF,0xFF,0xFF,0xFF,0xFF,0xFF,0xFF,0xFF,0xFF,0xFF,0xFF,0xFF,0xFF,0xFF,0xFF,0xFF,0xFF,0xFF,0xFF,0xFF,0xFF,0xFF,0xFF,0xFF,0xFF,0xFF,0xFF,
    0xFF,0xFF,0xFF,0xFF,0xFF,0xFF,0xFF,0xFF,0xFF,0xFF,0xFF,0xFF,0xFF,0xFF,0xFF,0xFF,0xFF,0xFF,0xFF,0xFF,0xFF,0xFF,0xFF,0xFF,0xFF,0xFF,0xFF,0xFF,0xFF,0xFF,0xFF,0xFF,0xFF,0xFF,0xFF,0xFF,
    0xFF,0xFF,0xFF,0xFF,0xFF,0xFF,0xFF,0xFF,0xFF,0xFF,0xFF,0xFF,0xFF,0xFF,0xFF,0xFF,0xFF,0xFF,0xFF,0xFF,0xFF,0xFF,0xFF,0xFF,0xFF,0xFF,0xFF,0xFF,0xFF,0xFF,0xFF,0xFF,0xFF,0xFF,0xFF,0xFF,
    0xFF,0xFF,0xFF,0xFF,0xFF,0xFF,0xFF,0xFF,0xFF,0xFF,0xFF,0xFF,0xFF,0xFF,0xFF,0xFF,0xFF,0xFF,0xFF,0xFF,0xFF,0xFF,0xFF,0xFF,0xFF,0xFF,0xFF,0xFF,0xFF,0xFF,0xFF,0xFF,0xFF,0xFF,0xFF,0xFF,
    0xFF,0xFF,0xFF,0xFF,0xFF,0xFF,0xFF,0xFF,0xFF,0xFF,0xFF,0xFF,0xFF,0xFF,0xFF,0xFF,0xFF,0xFF,0xFF,0xFF,0xFF,0xFF,0xFF,0xFF,0xFF,0xFF,0xFF,0xFF,0xFF,0xFF,0xFF,0xFF,0xFF,0xFF,0xFF,0xFF,
    0xFF,0xFF,0xFF,0xFF,0xFF,0xFF,0xFF,0xFF,0xFF,0xFF,0xFF,0xFF,0xFF,0xFF,0xFF,0xFF,0xFF,0xFF,0xFF,0xFF,0xFF,0xFF,0xFF,0xFF,0xFF,0xFF,0xFF,0xFF,0xFF,0xFF,0xFF,0xFF,0xFF,0xFF,0xFF,0xFF,
    0xFF,0xFF,0xFF,0xFF,0xFF,0xFF,0xFF,0xFF,0xFF,0xFF,0xFF,0xFF,0xFF,0xFF,0xFF,0xFF,0xFF,0xFF,0xFF,0xFF,0xFF,0xFF,0xFF,0xFF,0xFF,0xFF,0xFF,0xFF,0xFF,0xFF,0xFF,0xFF,0xFF,0xFF,0xFF,0xFF,
    0xFF,0xFF,0xFF,0xFF,0xFF,0xFF,0xFF,0xFF,0xFF,0xFF,0xFF,0xFF,0xFF,0xFF,0xFF,0xFF,0xFF,0xFF,0xFF,0xFF,0xFF,0xFF,0xFF,0xFF,0xFF,0xFF,0xFF,0xFF,0xFF,0xFF,0xFF,0xFF,0xFF,0xFF,0xFF,0xFF,
    0xFF,0xFF,0xFF,0xFF,0xFF,0xFF,0xFF,0xFF,0xFF,0xFF,0xFF,0xFF,0xFF,0xFF,0xFF,0xFF,0xFF,0xFF,0xFF,0xFF,0xFF,0xFF,0xFF,0xFF,0xFF,0xFF,0xFF,0xFF,0xFF,0xFF,0xFF,0xFF,0xFF,0xFF,0xFF,0xFF,
    0xFF,0xFF,0xFF,0xFF,0xFF,0xFF,0xFF,0xFF,0xFF,0xFF,0xFF,0xFF,0xFF,0xFF,0xFF,0xFF,0xFF,0xFF,0xFF,0xFF,0xFF,0xFF,0xFF,0xFF,0xFF,0xFF,0xFF,0xFF,0xFF,0xFF,0xFF,0xFF,0xFF,0xFF,0xFF,0xFF,
    0xFF,0xFF,0xFF,0xFF,0xFF,0xFF,0xFF,0xFF,0xFF,0xFF,0xFF,0xFF,0xFF,0xFF,0xFF,0xFF,0xFF,0xFF,0xFF,0xFF,0xFF,0xFF,0xFF,0xFF,0xFF,0xFF,0xFF,0xFF,0xFF,0xFF,0xFF,0xFF,0xFF,0xFF,0xFF,0xFF,
    0xFF,0xFF,0xFF,0xFF,0xFF,0xFF,0xFF,0xFF,0xFF,0xFF,0xFF,0xFF,0xFF,0xFF,0xFF,0xFF,0xFF,0xFF,0xFF,0xFF,0xFF,0xFF,0xFF,0xFF,0xFF,0xFF,0xFF,0xFF,0xFF,0xFF,0xFF,0xFF,0xFF,0xFF,0xFF,0xFF,
    0xFF,0xFF,0xFF,0xFF,0xFF,0xFF,0xFF,0xFF,0xFF,0xFF,0xFF,0xFF,0xFF,0xFF,0xFF,0xFF,0xFF,0xFF,0xFF,0xFF,0xFF,0xFF,0xFF,0xFF,0xFF,0xFF,0xFF,0xFF,0xFF,0xFF,0xFF,0xFF,0xFF,0xFF,0xFF,0xFF,
    0xFF,0xFF,0xFF,0xFF,0xFF,0xFF,0xFF,0xFF,0xFF,0xFF,0xFF,0xFF,0xFF,0xFF,0xFF,0xFF,0xFF,0xFF,0xFF,0xFF,0xFF,0xFF,0xFF,0xFF,0xFF,0xFF,0xFF,0xFF,0xFF,0xFF,0xFF,0xFF,0xFF,0xFF,0xFF,0xFF,
    0xFF,0xFF,0xFF,0xFF,0xFF,0xFF,0xFF,0xFF,0xFF,0xFF,0xFF,0xFF,0xFF,0xFF,0xFF,0xFF,0xFF,0xFF,0xFF,0xFF,0xFF,0xFF,0xFF,0xFF,0xFF,0xFF,0xFF,0xFF,0xFF,0xFF,0xFF,0xFF,0xFF,0xFF,0xFF,0xFF,
    0xFF,0xFF,0xFF,0xFF,0xFF,0xFF,0xFF,0xFF,0xFF,0xFF,0xFF,0xFF,0xFF,0xFF,0xFF,0xFF,0xFF,0xFF,0xFF,0xFF,0xFF,0xFF,0xFF,0xFF,0xFF,0xFF,0xFF,0xFF,0xFF,0xFF,0xFF,0xFF,0xFF,0xFF,0xFF,0xFF,
    0xFF,0xFF,0xFF,0xFF,0xFF,0xFF,0xFF,0xFF,0xFF,0xFF,0xFF,0xFF,0xFF,0xFF,0xFF,0xFF,0xFF,0xFF,0xFF,0xFF,0xFF,0xFF,0xFF,0xFF,0xFF,0xFF,0xFF,0xFF,0xFF,0xFF,0xFF,0xFF,0xFF,0xFF,0xFF,0xFF,
    0xFF,0xFF,0xFF,0xFF,0xFF,0xFF,0xFF,0xFF,0xFF,0xFF,0xFF,0xFF,0xFF,0xFF,0xFF,0xFF,0xFF,0xFF,0xFF,0xFF,0xFF,0xFF,0xFF,0xFF,0xFF,0xFF,0xFF,0xFF,0xFF,0xFF,0xFF,0xFF,0xFF,0xFF,0xFF,0xFF,
    0xFF,0xFF,0xFF,0xFF,0xFF,0xFF,0xFF,0xFF,0xFF,0xFF,0xFF,0xFF,0xFF,0xFF,0xFF,0xFF,0xFF,0xFF,0xFF,0xFF,0xFF,0xFF,0xFF,0xFF,0xFF,0xFF,0xFF,0xFF,0xFF,0xFF,0xFF,0xFF,0xFF,0xFF,0xFF,0xFF,
    0xFF,0xFF,0xFF,0xFF,0xFF,0xFF,0xFF,0xFF,0xFF,0xFF,0xFF,0xFF,0xFF,0xFF,0xFF,0xFF,0xFF,0xFF,0xFF,0xFF,0xFF,0xFF,0xFF,0xFF,0xFF,0xFF,0xFF,0xFF,0xFF,0xFF,0xFF,0xFF,0xFF,0xFF,0xFF,0xFF,
    0xFF,0xFF,0xFF,0xFF,0xFF,0xFF,0xFF,0xFF,0xFF,0xFF,0xFF,0xFF,0xFF,0xFF,0xFF,0xFF,0xFF,0xFF,0xFF,0xFF,0xFF,0xFF,0xFF,0xFF,0xFF,0xFF,0xFF,0xFF,0xFF,0xFF,0xFF,0xFF,0xFF,0xFF,0xFF,0xFF,
    0xFF,0xFF,0xFF,0xFF,0xFF,0xFF,0xFF,0xFF,0xFF,0xFF,0xFF,0xFF,0xFF,0xFF,0xFF,0xFF,0xFF,0xFF,0xFF,0xFF,0xFF,0xFF,0xFF,0xFF,0xFF,0xFF,0xFF,0xFF,0xFF,0xFF,0xFF,0xFF,0xFF,0xFF,0xFF,0xFF,
    0xFF,0xFF,0xFF,0xFF,0xFF,0xFF,0xFF,0xFF,0xFF,0xFF,0xFF,0xFF,0xFF,0xFF,0xFF,0xFF,0xFF,0xFF,0xFF,0xFF,0xFF,0xFF,0xFF,0xFF,0xFF,0xFF,0xFF,0xFF,0xFF,0xFF,0xFF,0xFF,0xFF,0xFF,0xFF,0xFF,
    0xFF,0xFF,0xFF,0xFF,0xFF,0xFF,0xFF,0xFF,0xFF,0xFF,0xFF,0xFF,0xFF,0xFF,0xFF,0xFF,0xFF,0xFF,0xFF,0xFF,0xFF,0xFF,0xFF,0xFF,0xFF,0xFF,0xFF,0xFF,0xFF,0xFF,0xFF,0xFF,0xFF,0xFF,0xFF,0xFF,
    0xFF,0xFF,0xFF,0xFF,0xFF,0xFF,0xFF,0xFF,0xFF,0xDF,0xFF,0xFF,0xFF,0xFF,0xFF,0xDF,0xFF,0xFF,0x9E,0xF7,0xFF,0x0C,0x63,0xFF,0x00,0x00,0xFF,0x00,0x00,0xFF,0x41,0x08,0xFF,0x20,0x00,0xFF,
    0x8E,0x73,0xFF,0x1C,0xE7,0xFF,0xFF,0xFF,0xFF,0xFF,0xFF,0xFF,0xBE,0xF7,0xFF,0xFF,0xFF,0xFF,0xFF,0xFF,0xFF,0x30,0x84,0xFF,0xA2,0x10,0xFF,0x00,0x00,0xFF,0x21,0x00,0xFF,0x00,0x00,0xFF,
    0x00,0x00,0xFF,0x00,0x00,0xFF,0x21,0x00,0xFF,0x20,0x00,0xFF,0x00,0x00,0xFF,0x00,0x00,0xFF,0x00,0x00,0xFF,0x20,0x00,0xFF,0x00,0x00,0xFF,0x00,0x00,0xFF,0x21,0x00,0xFF,0x00,0x00,0xFF,
    0x21,0x00,0xFF,0x00,0x00,0xFF,0x00,0x00,0xFF,0x00,0x00,0xFF,0x00,0x00,0xFF,0x00,0x00,0xFF,0x00,0x00,0xFF,0x00,0x00,0xFF,0x00,0x00,0xFF,0x00,0x00,0xFF,0x00,0x00,0xFF,0x00,0x00,0xFF,
    0x00,0x00,0xFF,0x00,0x00,0xFF,0x00,0x00,0xFF,0x00,0x00,0xFF,0x00,0x00,0xFF,0x00,0x00,0xFF,0x20,0x00,0xFF,0x00,0x00,0xFF,0x41,0x00,0xFF,0x21,0x00,0xFF,0x01,0x00,0xFF,0x62,0x08,0xFF,
    0x00,0x00,0xFF,0x60,0x08,0xFF,0x60,0x00,0xFF,0x00,0x11,0xFF,0xAA,0xE7,0xFF,0xC7,0xE7,0xFF,0xE4,0xEF,0xFF,0xE3,0xF7,0xFF,0xC2,0xEF,0xFF,0xE1,0xEF,0xFF,0xE2,0xFF,0xFF,0xE0,0xF7,0xFF,
    0xA1,0xEF,0xFF,0xA2,0xEF,0xFF,0xC3,0xF7,0xFF,0xC3,0xF7,0xFF,0xC1,0xF7,0xFF,0xE0,0xF7,0xFF,0xC0,0xEF,0xFF,0xC1,0xEF,0xFF,0xC5,0xEF,0xFF,0xCA,0xF7,0xFF,0x84,0x8C,0xFF,0x20,0x00,0xFF,
    0x00,0x00,0xFF,0x20,0x00,0xFF,0x20,0x00,0xFF,0x20,0x00,0xFF,0x00,0x00,0xFF,0x01,0x00,0xFF,0x02,0x00,0xFF,0x01,0x00,0xFF,0x00,0x00,0xFF,0x00,0x00,0xFF,0x20,0x00,0xFF,0x00,0x00,0xFF,
    0x00,0x00,0xFF,0x01,0x00,0xFF,0x02,0x00,0xFF,0x01,0x00,0xFF,0x00,0x00,0xFF,0x42,0x08,0xFF,0x1B,0xCE,0xFF,0xBF,0xFF,0xFF,0xDF,0xFF,0xFF,0xDF,0xFF,0xFF,0xFF,0xFF,0xFF,0xFE,0xFF,0xFF,
    0x9C,0xF7,0xFF,0xFE,0xFF,0xFF,0xFE,0xFF,0xFF,0xFF,0xFF,0xFF,0xFF,0xFF,0xFF,0xFF,0xFF,0xFF,0xFF,0xFF,0xFF,0xFF,0xFF,0xFF,0xDE,0xFF,0xFF,0xFF,0xFF,0xFF,0xFF,0xFF,0xFF,0xFF,0xFF,0xFF,
    0xFF,0xFF,0xFF,0xFF,0xFF,0xFF,0xFF,0xFF,0xFF,0xFF,0xFF,0xFF,0xFF,0xFF,0xFF,0xFF,0xFF,0xFF,0xFF,0xFF,0xFF,0xFF,0xFF,0xFF,0xFF,0xFF,0xFF,0xFF,0xFF,0xFF,0xFF,0xFF,0xFF,0xFF,0xFF,0xFF,
    0xFF,0xFF,0xFF,0xFF,0xFF,0xFF,0xFF,0xFF,0xFF,0xFF,0xFF,0xFF,0xFF,0xFF,0xFF,0xFF,0xFF,0xFF,0xFF,0xFF,0xFF,0xFF,0xFF,0xFF,0xFF,0xFF,0xFF,0xFF,0xFF,0xFF,0xFF,0xFF,0xFF,0xFF,0xFF,0xFF,
    0xFF,0xFF,0xFF,0xFF,0xFF,0xFF,0xFF,0xFF,0xFF,0xFF,0xFF,0xFF,0xFF,0xFF,0xFF,0xFF,0xFF,0xFF,0xFF,0xFF,0xFF,0xFF,0xFF,0xFF,0xFF,0xFF,0xFF,0xFF,0xFF,0xFF,0xFF,0xFF,0xFF,0xFF,0xFF,0xFF,
    0xFF,0xFF,0xFF,0xFF,0xFF,0xFF,0xFF,0xFF,0xFF,0xFF,0xFF,0xFF,0xFF,0xFF,0xFF,0xFF,0xFF,0xFF,0xFF,0xFF,0xFF,0xFF,0xFF,0xFF,0xFF,0xFF,0xFF,0xFF,0xFF,0xFF,0xFF,0xFF,0xFF,0xFF,0xFF,0xFF,
    0xFF,0xFF,0xFF,0xFF,0xFF,0xFF,0xFF,0xFF,0xFF,0xFF,0xFF,0xFF,0xFF,0xFF,0xFF,0xFF,0xFF,0xFF,0xFF,0xFF,0xFF,0xFF,0xFF,0xFF,0xFF,0xFF,0xFF,0xFF,0xFF,0xFF,0xFF,0xFF,0xFF,0xFF,0xFF,0xFF,
    0xFF,0xFF,0xFF,0xFF,0xFF,0xFF,0xFF,0xFF,0xFF,0xFF,0xFF,0xFF,0xFF,0xFF,0xFF,0xFF,0xFF,0xFF,0xFF,0xFF,0xFF,0xFF,0xFF,0xFF,0xFF,0xFF,0xFF,0xFF,0xFF,0xFF,0xFF,0xFF,0xFF,0xFF,0xFF,0xFF,
    0xFF,0xFF,0xFF,0xFF,0xFF,0xFF,0xFF,0xFF,0xFF,0xFF,0xFF,0xFF,0xFF,0xFF,0xFF,0xFF,0xFF,0xFF,0xFF,0xFF,0xFF,0xFF,0xFF,0xFF,0xFF,0xFF,0xFF,0xFF,0xFF,0xFF,0xFF,0xFF,0xFF,0xFF,0xFF,0xFF,
    0xFF,0xFF,0xFF,0xFF,0xFF,0xFF,0xFF,0xFF,0xFF,0xFF,0xFF,0xFF,0xFF,0xFF,0xFF,0xFF,0xFF,0xFF,0xFF,0xFF,0xFF,0xFF,0xFF,0xFF,0xFF,0xFF,0xFF,0xFF,0xFF,0xFF,0xFF,0xFF,0xFF,0xFF,0xFF,0xFF,
    0xFF,0xFF,0xFF,0xFF,0xFF,0xFF,0xFF,0xFF,0xFF,0xFF,0xFF,0xFF,0xFF,0xFF,0xFF,0xFF,0xFF,0xFF,0xFF,0xFF,0xFF,0xFF,0xFF,0xFF,0xFF,0xFF,0xFF,0xFF,0xFF,0xFF,0xFF,0xFF,0xFF,0xFF,0xFF,0xFF,
    0xFF,0xFF,0xFF,0xFF,0xFF,0xFF,0xFF,0xFF,0xFF,0xFF,0xFF,0xFF,0xFF,0xFF,0xFF,0xFF,0xFF,0xFF,0xFF,0xFF,0xFF,0xFF,0xFF,0xFF,0xFF,0xFF,0xFF,0xFF,0xFF,0xFF,0xFF,0xFF,0xFF,0xFF,0xFF,0xFF,
    0xFF,0xFF,0xFF,0xFF,0xFF,0xFF,0xFF,0xFF,0xFF,0xFF,0xFF,0xFF,0xFF,0xFF,0xFF,0xFF,0xFF,0xFF,0xFF,0xFF,0xFF,0xFF,0xFF,0xFF,0xFF,0xFF,0xFF,0xFF,0xFF,0xFF,0xFF,0xFF,0xFF,0xFF,0xFF,0xFF,
    0xFF,0xFF,0xFF,0xFF,0xFF,0xFF,0xFF,0xFF,0xFF,0xFF,0xFF,0xFF,0xFF,0xFF,0xFF,0xFF,0xFF,0xFF,0xFF,0xFF,0xFF,0xFF,0xFF,0xFF,0xFF,0xFF,0xFF,0xFF,0xFF,0xFF,0xFF,0xFF,0xFF,0xFF,0xFF,0xFF,
    0xFF,0xFF,0xFF,0xFF,0xFF,0xFF,0xFF,0xFF,0xFF,0xFF,0xFF,0xFF,0xFF,0xFF,0xFF,0xFF,0xFF,0xFF,0xFF,0xFF,0xFF,0xFF,0xFF,0xFF,0xFF,0xFF,0xFF,0xFF,0xFF,0xFF,0xFF,0xFF,0xFF,0xFF,0xFF,0xFF,
    0xFF,0xFF,0xFF,0xFF,0xFF,0xFF,0xFF,0xFF,0xFF,0xFF,0xFF,0xFF,0xFF,0xFF,0xFF,0xFF,0xFF,0xFF,0xFF,0xFF,0xFF,0xFF,0xFF,0xFF,0xFF,0xFF,0xFF,0xFF,0xFF,0xFF,0xFF,0xFF,0xFF,0xFF,0xFF,0xFF,
    0xFF,0xFF,0xFF,0xFF,0xFF,0xFF,0xFF,0xFF,0xFF,0xFF,0xFF,0xFF,0xFF,0xFF,0xFF,0xFF,0xFF,0xFF,0xFF,0xFF,0xFF,0xFF,0xFF,0xFF,0xFF,0xFF,0xFF,0xFF,0xFF,0xFF,0xFF,0xFF,0xFF,0xFF,0xFF,0xFF,
    0xFF,0xFF,0xFF,0xFF,0xFF,0xFF,0xFF,0xFF,0xFF,0xFF,0xFF,0xFF,0xFF,0xFF,0xFF,0xFF,0xFF,0xFF,0xFF,0xFF,0xFF,0xFF,0xFF,0xFF,0xFF,0xFF,0xFF,0xFF,0xFF,0xFF,0xFF,0xFF,0xFF,0xFF,0xFF,0xFF,
    0xFF,0xFF,0xFF,0xFF,0xFF,0xFF,0xFF,0xFF,0xFF,0xFF,0xFF,0xFF,0xFF,0xFF,0xFF,0xFF,0xFF,0xFF,0xFF,0xFF,0xFF,0xFF,0xFF,0xFF,0xFF,0xFF,0xFF,0xFF,0xFF,0xFF,0xFF,0xFF,0xFF,0xFF,0xFF,0xFF,
    0xFF,0xFF,0xFF,0xFF,0xFF,0xFF,0xFF,0xFF,0xFF,0xFF,0xFF,0xFF,0xFF,0xFF,0xFF,0xFF,0xFF,0xFF,0xFF,0xFF,0xFF,0xFF,0xFF,0xFF,0xFF,0xFF,0xFF,0xFF,0xFF,0xFF,0xFF,0xFF,0xFF,0xFF,0xFF,0xFF,
    0xFF,0xFF,0xFF,0xFF,0xFF,0xFF,0xFF,0xFF,0xFF,0xFF,0xFF,0xFF,0xFF,0xFF,0xFF,0xFF,0xFF,0xFF,0xFF,0xFF,0xFF,0xFF,0xFF,0xFF,0xFF,0xFF,0xFF,0xFF,0xFF,0xFF,0xFF,0xFF,0xFF,0xFF,0xFF,0xFF,
    0xFF,0xFF,0xFF,0xFF,0xFF,0xFF,0xFF,0xFF,0xFF,0xFF,0xFF,0xFF,0xFF,0xFF,0xFF,0xFF,0xFF,0xFF,0xFF,0xFF,0xFF,0xFF,0xFF,0xFF,0xFF,0xFF,0xFF,0xFF,0xFF,0xFF,0xFF,0xFF,0xFF,0xFF,0xFF,0xFF,
    0xFF,0xFF,0xFF,0xFF,0xFF,0xFF,0xFF,0xFF,0xFF,0xFF,0xFF,0xFF,0xFF,0xFF,0xFF,0xFF,0xFF,0xFF,0xFF,0xFF,0xFF,0xFF,0xFF,0xFF,0xFF,0xFF,0xFF,0xFF,0xFF,0xFF,0xFF,0xFF,0xFF,0xFF,0xFF,0xFF,
    0xFF,0xFF,0xFF,0xFF,0xFF,0xFF,0xFF,0xFF,0xFF,0xFF,0xFF,0xFF,0xFF,0xFF,0xFF,0xFF,0xFF,0xFF,0xFF,0xFF,0xFF,0xFF,0xFF,0xFF,0xFF,0xFF,0xFF,0xFF,0xFF,0xFF,0xFF,0xFF,0xFF,0xFF,0xFF,0xFF,
    0xFF,0xFF,0xFF,0xFF,0xFF,0xFF,0xFF,0xFF,0xFF,0xFF,0xFF,0xFF,0xFF,0xFF,0xFF,0xFF,0xFF,0xFF,0xFF,0xFF,0xFF,0xFF,0xFF,0xFF,0xFF,0xFF,0xFF,0xFF,0xFF,0xFF,0xFF,0xFF,0xFF,0xFF,0xFF,0xFF,
    0xFF,0xFF,0xFF,0xFF,0xFF,0xFF,0xFF,0xFF,0xFF,0xFF,0xFF,0xFF,0xFF,0xFF,0xFF,0xFF,0xFF,0xFF,0xFF,0xFF,0xFF,0xFF,0xFF,0xFF,0xFF,0xFF,0xFF,0xFF,0xFF,0xFF,0xFF,0xFF,0xFF,0xFF,0xFF,0xFF,
    0xFF,0xFF,0xFF,0xFF,0xFF,0xFF,0x75,0xAD,0xFF,0x00,0x00,0xFF,0x20,0x00,0xFF,0x20,0x00,0xFF,0x00,0x00,0xFF,0x08,0x42,0xFF,0x55,0xAD,0xFF,0xFF,0xFF,0xFF,0xFF,0xFF,0xFF,0x9E,0xF7,0xFF,
    0xFF,0xFF,0xFF,0xDF,0xFF,0xFF,0xFF,0xFF,0xFF,0xFF,0xFF,0xFF,0x9E,0xF7,0xFF,0x76,0xAD,0xFF,0x2D,0x63,0xFF,0x04,0x21,0xFF,0x00,0x00,0xFF,0x00,0x00,0xFF,0x00,0x00,0xFF,0x00,0x00,0xFF,
    0x41,0x08,0xFF,0x00,0x00,0xFF,0x41,0x08,0xFF,0x00,0x00,0xFF,0x00,0x00,0xFF,0x41,0x08,0xFF,0x41,0x08,0xFF,0x00,0x00,0xFF,0x41,0x08,0xFF,0x00,0x00,0xFF,0x41,0x08,0xFF,0x21,0x00,0xFF,
    0x00,0x00,0xFF,0x20,0x00,0xFF,0x00,0x00,0xFF,0x00,0x00,0xFF,0x00,0x00,0xFF,0x00,0x00,0xFF,0x00,0x00,0xFF,0x00,0x00,0xFF,0x00,0x00,0xFF,0x00,0x00,0xFF,0x00,0x00,0xFF,0x00,0x00,0xFF,
    0x00,0x00,0xFF,0x00,0x00,0xFF,0x01,0x00,0xFF,0x01,0x00,0xFF,0x01,0x00,0xFF,0x01,0x00,0xFF,0x00,0x00,0xFF,0x20,0x00,0xFF,0x40,0x08,0xFF,0x40,0x00,0xFF,0x00,0x19,0xFF,0x42,0x84,0xFF,
    0xCA,0xEF,0xFF,0x85,0xE7,0xFF,0xE2,0xEF,0xFF,0xE1,0xF7,0xFF,0xE1,0xF7,0xFF,0xE1,0xF7,0xFF,0xE2,0xF7,0xFF,0xE2,0xF7,0xFF,0xC2,0xF7,0xFF,0xE1,0xF7,0xFF,0xE1,0xF7,0xFF,0xE0,0xF7,0xFF,
    0xE0,0xF7,0xFF,0xE1,0xF7,0xFF,0xE3,0xEF,0xFF,0xA6,0xEF,0xFF,0x8B,0xEF,0xFF,0x20,0x63,0xFF,0x20,0x00,0xFF,0x40,0x08,0xFF,0x60,0x08,0xFF,0x00,0x00,0xFF,0x00,0x00,0xFF,0x01,0x00,0xFF,
    0x22,0x00,0xFF,0x01,0x00,0xFF,0x00,0x00,0xFF,0x40,0x08,0xFF,0x40,0x08,0xFF,0x00,0x00,0xFF,0x40,0x08,0xFF,0x00,0x00,0xFF,0x00,0x00,0xFF,0x00,0x00,0xFF,0x41,0x08,0xFF,0xD8,0xBD,0xFF,
    0xDF,0xFF,0xFF,0xDF,0xFF,0xFF,0xDF,0xFF,0xFF,0xFF,0xFF,0xFF,0xFF,0xFF,0xFF,0xFE,0xFF,0xFF,0xFE,0xFF,0xFF,0xFF,0xFF,0xFF,0xFF,0xFF,0xFF,0xFF,0xFF,0xFF,0xFF,0xFF,0xFF,0xFF,0xFF,0xFF,
    0xFF,0xFF,0xFF,0xFF,0xFF,0xFF,0xFE,0xFF,0xFF,0xFE,0xFF,0xFF,0xFF,0xFF,0xFF,0xFF,0xFF,0xFF,0xFF,0xFF,0xFF,0xFF,0xFF,0xFF,0xFF,0xFF,0xFF,0xFF,0xFF,0xFF,0xFF,0xFF,0xFF,0xFF,0xFF,0xFF,
    0xFF,0xFF,0xFF,0xFF,0xFF,0xFF,0xFF,0xFF,0xFF,0xFF,0xFF,0xFF,0xFF,0xFF,0xFF,0xFF,0xFF,0xFF,0xFF,0xFF,0xFF,0xFF,0xFF,0xFF,0xFF,0xFF,0xFF,0xFF,0xFF,0xFF,0xFF,0xFF,0xFF,0xFF,0xFF,0xFF,
    0xFF,0xFF,0xFF,0xFF,0xFF,0xFF,0xFF,0xFF,0xFF,0xFF,0xFF,0xFF,0xFF,0xFF,0xFF,0xFF,0xFF,0xFF,0xFF,0xFF,0xFF,0xFF,0xFF,0xFF,0xFF,0xFF,0xFF,0xFF,0xFF,0xFF,0xFF,0xFF,0xFF,0xFF,0xFF,0xFF,
    0xFF,0xFF,0xFF,0xFF,0xFF,0xFF,0xFF,0xFF,0xFF,0xFF,0xFF,0xFF,0xFF,0xFF,0xFF,0xFF,0xFF,0xFF,0xFF,0xFF,0xFF,0xFF,0xFF,0xFF,0xFF,0xFF,0xFF,0xFF,0xFF,0xFF,0xFF,0xFF,0xFF,0xFF,0xFF,0xFF,
    0xFF,0xFF,0xFF,0xFF,0xFF,0xFF,0xFF,0xFF,0xFF,0xFF,0xFF,0xFF,0xFF,0xFF,0xFF,0xFF,0xFF,0xFF,0xFF,0xFF,0xFF,0xFF,0xFF,0xFF,0xFF,0xFF,0xFF,0xFF,0xFF,0xFF,0xFF,0xFF,0xFF,0xFF,0xFF,0xFF,
    0xFF,0xFF,0xFF,0xFF,0xFF,0xFF,0xFF,0xFF,0xFF,0xFF,0xFF,0xFF,0xFF,0xFF,0xFF,0xFF,0xFF,0xFF,0xFF,0xFF,0xFF,0xFF,0xFF,0xFF,0xFF,0xFF,0xFF,0xFF,0xFF,0xFF,0xFF,0xFF,0xFF,0xFF,0xFF,0xFF,
    0xFF,0xFF,0xFF,0xFF,0xFF,0xFF,0xFF,0xFF,0xFF,0xFF,0xFF,0xFF,0xFF,0xFF,0xFF,0xFF,0xFF,0xFF,0xFF,0xFF,0xFF,0xFF,0xFF,0xFF,0xFF,0xFF,0xFF,0xFF,0xFF,0xFF,0xFF,0xFF,0xFF,0xFF,0xFF,0xFF,
    0xFF,0xFF,0xFF,0xFF,0xFF,0xFF,0xFF,0xFF,0xFF,0xFF,0xFF,0xFF,0xFF,0xFF,0xFF,0xFF,0xFF,0xFF,0xFF,0xFF,0xFF,0xFF,0xFF,0xFF,0xFF,0xFF,0xFF,0xFF,0xFF,0xFF,0xFF,0xFF,0xFF,0xFF,0xFF,0xFF,
    0xFF,0xFF,0xFF,0xFF,0xFF,0xFF,0xFF,0xFF,0xFF,0xFF,0xFF,0xFF,0xFF,0xFF,0xFF,0xFF,0xFF,0xFF,0xFF,0xFF,0xFF,0xFF,0xFF,0xFF,0xFF,0xFF,0xFF,0xFF,0xFF,0xFF,0xFF,0xFF,0xFF,0xFF,0xFF,0xFF,
    0xFF,0xFF,0xFF,0xFF,0xFF,0xFF,0xFF,0xFF,0xFF,0xFF,0xFF,0xFF,0xFF,0xFF,0xFF,0xFF,0xFF,0xFF,0xFF,0xFF,0xFF,0xFF,0xFF,0xFF,0xFF,0xFF,0xFF,0xFF,0xFF,0xFF,0xFF,0xFF,0xFF,0xFF,0xFF,0xFF,
    0xFF,0xFF,0xFF,0xFF,0xFF,0xFF,0xFF,0xFF,0xFF,0xFF,0xFF,0xFF,0xFF,0xFF,0xFF,0xFF,0xFF,0xFF,0xFF,0xFF,0xFF,0xFF,0xFF,0xFF,0xFF,0xFF,0xFF,0xFF,0xFF,0xFF,0xFF,0xFF,0xFF,0xFF,0xFF,0xFF,
    0xFF,0xFF,0xFF,0xFF,0xFF,0xFF,0xFF,0xFF,0xFF,0xFF,0xFF,0xFF,0xFF,0xFF,0xFF,0xFF,0xFF,0xFF,0xFF,0xFF,0xFF,0xFF,0xFF,0xFF,0xFF,0xFF,0xFF,0xFF,0xFF,0xFF,0xFF,0xFF,0xFF,0xFF,0xFF,0xFF,
    0xFF,0xFF,0xFF,0xFF,0xFF,0xFF,0xFF,0xFF,0xFF,0xFF,0xFF,0xFF,0xFF,0xFF,0xFF,0xFF,0xFF,0xFF,0xFF,0xFF,0xFF,0xFF,0xFF,0xFF,0xFF,0xFF,0xFF,0xFF,0xFF,0xFF,0xFF,0xFF,0xFF,0xFF,0xFF,0xFF,
    0xFF,0xFF,0xFF,0xFF,0xFF,0xFF,0xFF,0xFF,0xFF,0xFF,0xFF,0xFF,0xFF,0xFF,0xFF,0xFF,0xFF,0xFF,0xFF,0xFF,0xFF,0xFF,0xFF,0xFF,0xFF,0xFF,0xFF,0xFF,0xFF,0xFF,0xFF,0xFF,0xFF,0xFF,0xFF,0xFF,
    0xFF,0xFF,0xFF,0xFF,0xFF,0xFF,0xFF,0xFF,0xFF,0xFF,0xFF,0xFF,0xFF,0xFF,0xFF,0xFF,0xFF,0xFF,0xFF,0xFF,0xFF,0xFF,0xFF,0xFF,0xFF,0xFF,0xFF,0xFF,0xFF,0xFF,0xFF,0xFF,0xFF,0xFF,0xFF,0xFF,
    0xFF,0xFF,0xFF,0xFF,0xFF,0xFF,0xFF,0xFF,0xFF,0xFF,0xFF,0xFF,0xFF,0xFF,0xFF,0xFF,0xFF,0xFF,0xFF,0xFF,0xFF,0xFF,0xFF,0xFF,0xFF,0xFF,0xFF,0xFF,0xFF,0xFF,0xFF,0xFF,0xFF,0xFF,0xFF,0xFF,
    0xFF,0xFF,0xFF,0xFF,0xFF,0xFF,0xFF,0xFF,0xFF,0xFF,0xFF,0xFF,0xFF,0xFF,0xFF,0xFF,0xFF,0xFF,0xFF,0xFF,0xFF,0xFF,0xFF,0xFF,0xFF,0xFF,0xFF,0xFF,0xFF,0xFF,0xFF,0xFF,0xFF,0xFF,0xFF,0xFF,
    0xFF,0xFF,0xFF,0xFF,0xFF,0xFF,0xFF,0xFF,0xFF,0xFF,0xFF,0xFF,0xFF,0xFF,0xFF,0xFF,0xFF,0xFF,0xFF,0xFF,0xFF,0xFF,0xFF,0xFF,0xFF,0xFF,0xFF,0xFF,0xFF,0xFF,0xFF,0xFF,0xFF,0xFF,0xFF,0xFF,
    0xFF,0xFF,0xFF,0xFF,0xFF,0xFF,0xFF,0xFF,0xFF,0xFF,0xFF,0xFF,0xFF,0xFF,0xFF,0xFF,0xFF,0xFF,0xFF,0xFF,0xFF,0xFF,0xFF,0xFF,0xFF,0xFF,0xFF,0xFF,0xFF,0xFF,0xFF,0xFF,0xFF,0xFF,0xFF,0xFF,
    0xFF,0xFF,0xFF,0xFF,0xFF,0xFF,0xFF,0xFF,0xFF,0xFF,0xFF,0xFF,0xFF,0xFF,0xFF,0xFF,0xFF,0xFF,0xFF,0xFF,0xFF,0xFF,0xFF,0xFF,0xFF,0xFF,0xFF,0xFF,0xFF,0xFF,0xFF,0xFF,0xFF,0xFF,0xFF,0xFF,
    0xFF,0xFF,0xFF,0xFF,0xFF,0xFF,0xFF,0xFF,0xFF,0xFF,0xFF,0xFF,0xFF,0xFF,0xFF,0xFF,0xFF,0xFF,0xFF,0xFF,0xFF,0xFF,0xFF,0xFF,0xFF,0xFF,0xFF,0xFF,0xFF,0xFF,0xFF,0xFF,0xFF,0xFF,0xFF,0xFF,
    0xFF,0xFF,0xFF,0xFF,0xFF,0xFF,0xFF,0xFF,0xFF,0xFF,0xFF,0xFF,0xFF,0xFF,0xFF,0xFF,0xFF,0xFF,0xFF,0xFF,0xFF,0xFF,0xFF,0xFF,0xFF,0xFF,0xFF,0xFF,0xFF,0xFF,0xFF,0xFF,0xFF,0xFF,0xFF,0xFF,
    0xFF,0xFF,0xFF,0xFF,0xFF,0xFF,0xFF,0xFF,0xFF,0xFF,0xFF,0xFF,0xFF,0xFF,0xFF,0xFF,0xFF,0xFF,0xFF,0xFF,0xFF,0xFF,0xFF,0xFF,0xFF,0xFF,0xFF,0xFF,0xFF,0xFF,0xFF,0xFF,0xFF,0xFF,0xFF,0xFF,
    0xFF,0xFF,0xFF,0xFF,0xFF,0xFF,0xFF,0xFF,0xFF,0xFF,0xFF,0xFF,0xFF,0xFF,0xFF,0xFF,0xFF,0xFF,0xFF,0xFF,0xFF,0xFF,0xFF,0xFF,0xFF,0xFF,0xFF,0xFF,0xFF,0xFF,0xFF,0xFF,0xFF,0xFF,0xFF,0xFF,
    0xFF,0xFF,0xFF,0xFF,0xFF,0xFF,0xFF,0xFF,0xFF,0xFF,0xFF,0xFF,0xFF,0xFF,0xFF,0xFF,0xFF,0xFF,0xDF,0xFF,0xFF,0xBE,0xF7,0xFF,0xFF,0xFF,0xFF,0xDF,0xFF,0xFF,0x41,0x08,0xFF,0x00,0x00,0xFF,
    0x41,0x08,0xFF,0x00,0x00,0xFF,0x00,0x00,0xFF,0xAE,0x73,0xFF,0x96,0xB5,0xFF,0xFF,0xFF,0xFF,0xFF,0xFF,0xFF,0xDF,0xFF,0xFF,0xFF,0xFF,0xFF,0xDF,0xFF,0xFF,0xFF,0xFF,0xFF,0xFF,0xFF,0xFF,
    0xFF,0xFF,0xFF,0xDF,0xFF,0xFF,0xFF,0xFF,0xFF,0xFF,0xFF,0xFF,0xBF,0xF7,0xFF,0xBE,0xF7,0xFF,0x7E,0xEF,0xFF,0xFB,0xDE,0xFF,0x1C,0xE7,0xFF,0x9E,0xF7,0xFF,0x3C,0xE7,0xFF,0xFF,0xFF,0xFF,
    0x5D,0xEF,0xFF,0x41,0x08,0xFF,0x00,0x00,0xFF,0x62,0x08,0xFF,0x00,0x00,0xFF,0x00,0x00,0xFF,0x20,0x00,0xFF,0x61,0x08,0xFF,0x00,0x00,0xFF,0x20,0x00,0xFF,0x00,0x00,0xFF,0x00,0x00,0xFF,
    0x00,0x00,0xFF,0x00,0x00,0xFF,0x00,0x00,0xFF,0x00,0x00,0xFF,0x00,0x00,0xFF,0x00,0x00,0xFF,0x00,0x00,0xFF,0x01,0x00,0xFF,0x01,0x00,0xFF,0x01,0x00,0xFF,0x01,0x00,0xFF,0x00,0x00,0xFF,
    0x20,0x00,0xFF,0x20,0x00,0xFF,0x20,0x00,0xFF,0x20,0x00,0xFF,0x00,0x00,0xFF,0x20,0x00,0xFF,0x00,0x5B,0xFF,0xEC,0xF7,0xFF,0xC4,0xE7,0xFF,0xE1,0xEF,0xFF,0xE1,0xF7,0xFF,0xE1,0xF7,0xFF,
    0xE2,0xF7,0xFF,0xE2,0xF7,0xFF,0xE1,0xF7,0xFF,0xE0,0xF7,0xFF,0xE0,0xF7,0xFF,0xE0,0xF7,0xFF,0xC0,0xF7,0xFF,0xA0,0xEF,0xFF,0xE2,0xF7,0xFF,0xE4,0xEF,0xFF,0xA8,0xEF,0xFF,0xAE,0xEF,0xFF,
    0x40,0x4A,0xFF,0x40,0x08,0xFF,0x00,0x00,0xFF,0x00,0x00,0xFF,0x21,0x00,0xFF,0x01,0x00,0xFF,0x01,0x00,0xFF,0x21,0x00,0xFF,0x00,0x00,0xFF,0x20,0x00,0xFF,0x00,0x00,0xFF,0x00,0x00,0xFF,
    0x20,0x00,0xFF,0x81,0x08,0xFF,0x00,0x00,0xFF,0x41,0x08,0xFF,0x55,0xAD,0xFF,0xFF,0xFF,0xFF,0xDF,0xFF,0xFF,0xDF,0xFF,0xFF,0xFF,0xFF,0xFF,0xFF,0xFF,0xFF,0xFE,0xFF,0xFF,0xFE,0xFF,0xFF,
    0xFF,0xFF,0xFF,0xFF,0xFF,0xFF,0xFF,0xFF,0xFF,0xFF,0xFF,0xFF,0xFF,0xFF,0xFF,0xFF,0xFF,0xFF,0xFF,0xFF,0xFF,0xFF,0xFF,0xFF,0xFE,0xFF,0xFF,0xFE,0xFF,0xFF,0xFF,0xFF,0xFF,0xFF,0xFF,0xFF,
    0xFF,0xFF,0xFF,0xFF,0xFF,0xFF,0xFF,0xFF,0xFF,0xFF,0xFF,0xFF,0xFF,0xFF,0xFF,0xFF,0xFF,0xFF,0xFF,0xFF,0xFF,0xFF,0xFF,0xFF,0xFF,0xFF,0xFF,0xFF,0xFF,0xFF,0xFF,0xFF,0xFF,0xFF,0xFF,0xFF,
    0xFF,0xFF,0xFF,0xFF,0xFF,0xFF,0xFF,0xFF,0xFF,0xFF,0xFF,0xFF,0xFF,0xFF,0xFF,0xFF,0xFF,0xFF,0xFF,0xFF,0xFF,0xFF,0xFF,0xFF,0xFF,0xFF,0xFF,0xFF,0xFF,0xFF,0xFF,0xFF,0xFF,0xFF,0xFF,0xFF,
    0xFF,0xFF,0xFF,0xFF,0xFF,0xFF,0xFF,0xFF,0xFF,0xFF,0xFF,0xFF,0xFF,0xFF,0xFF,0xFF,0xFF,0xFF,0xFF,0xFF,0xFF,0xFF,0xFF,0xFF,0xFF,0xFF,0xFF,0xFF,0xFF,0xFF,0xFF,0xFF,0xFF,0xFF,0xFF,0xFF,
    0xFF,0xFF,0xFF,0xFF,0xFF,0xFF,0xFF,0xFF,0xFF,0xFF,0xFF,0xFF,0xFF,0xFF,0xFF,0xFF,0xFF,0xFF,0xFF,0xFF,0xFF,0xFF,0xFF,0xFF,0xFF,0xFF,0xFF,0xFF,0xFF,0xFF,0xFF,0xFF,0xFF,0xFF,0xFF,0xFF,
    0xFF,0xFF,0xFF,0xFF,0xFF,0xFF,0xFF,0xFF,0xFF,0xFF,0xFF,0xFF,0xFF,0xFF,0xFF,0xFF,0xFF,0xFF,0xFF,0xFF,0xFF,0xFF,0xFF,0xFF,0xFF,0xFF,0xFF,0xFF,0xFF,0xFF,0xFF,0xFF,0xFF,0xFF,0xFF,0xFF,
    0xFF,0xFF,0xFF,0xFF,0xFF,0xFF,0xFF,0xFF,0xFF,0xFF,0xFF,0xFF,0xFF,0xFF,0xFF,0xFF,0xFF,0xFF,0xFF,0xFF,0xFF,0xFF,0xFF,0xFF,0xFF,0xFF,0xFF,0xFF,0xFF,0xFF,0xFF,0xFF,0xFF,0xFF,0xFF,0xFF,
    0xFF,0xFF,0xFF,0xFF,0xFF,0xFF,0xFF,0xFF,0xFF,0xFF,0xFF,0xFF,0xFF,0xFF,0xFF,0xFF,0xFF,0xFF,0xFF,0xFF,0xFF,0xFF,0xFF,0xFF,0xFF,0xFF,0xFF,0xFF,0xFF,0xFF,0xFF,0xFF,0xFF,0xFF,0xFF,0xFF,
    0xFF,0xFF,0xFF,0xFF,0xFF,0xFF,0xFF,0xFF,0xFF,0xFF,0xFF,0xFF,0xFF,0xFF,0xFF,0xFF,0xFF,0xFF,0xFF,0xFF,0xFF,0xFF,0xFF,0xFF,0xFF,0xFF,0xFF,0xFF,0xFF,0xFF,0xFF,0xFF,0xFF,0xFF,0xFF,0xFF,
    0xFF,0xFF,0xFF,0xFF,0xFF,0xFF,0xFF,0xFF,0xFF,0xFF,0xFF,0xFF,0xFF,0xFF,0xFF,0xFF,0xFF,0xFF,0xFF,0xFF,0xFF,0xFF,0xFF,0xFF,0xFF,0xFF,0xFF,0xFF,0xFF,0xFF,0xFF,0xFF,0xFF,0xFF,0xFF,0xFF,
    0xFF,0xFF,0xFF,0xFF,0xFF,0xFF,0xFF,0xFF,0xFF,0xFF,0xFF,0xFF,0xFF,0xFF,0xFF,0xFF,0xFF,0xFF,0xFF,0xFF,0xFF,0xFF,0xFF,0xFF,0xFF,0xFF,0xFF,0xFF,0xFF,0xFF,0xFF,0xFF,0xFF,0xFF,0xFF,0xFF,
    0xFF,0xFF,0xFF,0xFF,0xFF,0xFF,0xFF,0xFF,0xFF,0xFF,0xFF,0xFF,0xFF,0xFF,0xFF,0xFF,0xFF,0xFF,0xFF,0xFF,0xFF,0xFF,0xFF,0xFF,0xFF,0xFF,0xFF,0xFF,0xFF,0xFF,0xFF,0xFF,0xFF,0xFF,0xFF,0xFF,
    0xFF,0xFF,0xFF,0xFF,0xFF,0xFF,0xFF,0xFF,0xFF,0xFF,0xFF,0xFF,0xFF,0xFF,0xFF,0xFF,0xFF,0xFF,0xFF,0xFF,0xFF,0xFF,0xFF,0xFF,0xFF,0xFF,0xFF,0xFF,0xFF,0xFF,0xFF,0xFF,0xFF,0xFF,0xFF,0xFF,
    0xFF,0xFF,0xFF,0xFF,0xFF,0xFF,0xFF,0xFF,0xFF,0xFF,0xFF,0xFF,0xFF,0xFF,0xFF,0xFF,0xFF,0xFF,0xFF,0xFF,0xFF,0xFF,0xFF,0xFF,0xFF,0xFF,0xFF,0xFF,0xFF,0xFF,0xFF,0xFF,0xFF,0xFF,0xFF,0xFF,
    0xFF,0xFF,0xFF,0xFF,0xFF,0xFF,0xFF,0xFF,0xFF,0xFF,0xFF,0xFF,0xFF,0xFF,0xFF,0xFF,0xFF,0xFF,0xFF,0xFF,0xFF,0xFF,0xFF,0xFF,0xFF,0xFF,0xFF,0xFF,0xFF,0xFF,0xFF,0xFF,0xFF,0xFF,0xFF,0xFF,
    0xFF,0xFF,0xFF,0xFF,0xFF,0xFF,0xFF,0xFF,0xFF,0xFF,0xFF,0xFF,0xFF,0xFF,0xFF,0xFF,0xFF,0xFF,0xFF,0xFF,0xFF,0xFF,0xFF,0xFF,0xFF,0xFF,0xFF,0xFF,0xFF,0xFF,0xFF,0xFF,0xFF,0xFF,0xFF,0xFF,
    0xFF,0xFF,0xFF,0xFF,0xFF,0xFF,0xFF,0xFF,0xFF,0xFF,0xFF,0xFF,0xFF,0xFF,0xFF,0xFF,0xFF,0xFF,0xFF,0xFF,0xFF,0xFF,0xFF,0xFF,0xFF,0xFF,0xFF,0xFF,0xFF,0xFF,0xFF,0xFF,0xFF,0xFF,0xFF,0xFF,
    0xFF,0xFF,0xFF,0xFF,0xFF,0xFF,0xFF,0xFF,0xFF,0xFF,0xFF,0xFF,0xFF,0xFF,0xFF,0xFF,0xFF,0xFF,0xFF,0xFF,0xFF,0xFF,0xFF,0xFF,0xFF,0xFF,0xFF,0xFF,0xFF,0xFF,0xFF,0xFF,0xFF,0xFF,0xFF,0xFF,
    0xFF,0xFF,0xFF,0xFF,0xFF,0xFF,0xFF,0xFF,0xFF,0xFF,0xFF,0xFF,0xFF,0xFF,0xFF,0xFF,0xFF,0xFF,0xFF,0xFF,0xFF,0xFF,0xFF,0xFF,0xFF,0xFF,0xFF,0xFF,0xFF,0xFF,0xFF,0xFF,0xFF,0xFF,0xFF,0xFF,
    0xFF,0xFF,0xFF,0xFF,0xFF,0xFF,0xFF,0xFF,0xFF,0xFF,0xFF,0xFF,0xFF,0xFF,0xFF,0xFF,0xFF,0xFF,0xFF,0xFF,0xFF,0xFF,0xFF,0xFF,0xFF,0xFF,0xFF,0xFF,0xFF,0xFF,0xFF,0xFF,0xFF,0xFF,0xFF,0xFF,
    0xFF,0xFF,0xFF,0xFF,0xFF,0xFF,0xFF,0xFF,0xFF,0xFF,0xFF,0xFF,0xFF,0xFF,0xFF,0xFF,0xFF,0xFF,0xFF,0xFF,0xFF,0xFF,0xFF,0xFF,0xFF,0xFF,0xFF,0xFF,0xFF,0xFF,0xFF,0xFF,0xFF,0xFF,0xFF,0xFF,
    0xFF,0xFF,0xFF,0xFF,0xFF,0xFF,0xFF,0xFF,0xFF,0xFF,0xFF,0xFF,0xFF,0xFF,0xFF,0xFF,0xFF,0xFF,0xFF,0xFF,0xFF,0xFF,0xFF,0xFF,0xFF,0xFF,0xFF,0xFF,0xFF,0xFF,0xFF,0xFF,0xFF,0xFF,0xFF,0xFF,
    0xFF,0xFF,0xFF,0xFF,0xFF,0xFF,0xFF,0xFF,0xFF,0xFF,0xFF,0xFF,0xFF,0xFF,0xFF,0xFF,0xFF,0xFF,0xFF,0xFF,0xFF,0xFF,0xFF,0xFF,0xFF,0xFF,0xFF,0xFF,0xFF,0xFF,0xFF,0xFF,0xFF,0xFF,0xFF,0xFF,
    0xFF,0xFF,0xFF,0xFF,0xFF,0xFF,0xFF,0xFF,0xFF,0xFF,0xFF,0xFF,0xFF,0xFF,0xFF,0xFF,0xFF,0xFF,0xFF,0xFF,0xFF,0xFF,0xFF,0xFF,0xFF,0xFF,0xFF,0xFF,0xFF,0xFF,0xFF,0xFF,0xFF,0xFF,0xFF,0xFF,
    0xFF,0xFF,0xFF,0xFF,0xFF,0xFF,0xFF,0xFF,0xFF,0xFF,0xFF,0xFF,0xFF,0xFF,0xFF,0xFF,0xFF,0xFF,0xFF,0xFF,0xFF,0xFF,0xFF,0xFF,0xFF,0xFF,0xFF,0xFF,0xFF,0xFF,0xFF,0xFF,0xFF,0xFF,0xFF,0xFF,
    0xFF,0xFF,0xFF,0xFF,0xFF,0xFF,0xDF,0xFF,0xFF,0xFF,0xFF,0xFF,0xFF,0xFF,0xFF,0x8E,0x73,0xFF,0x00,0x00,0xFF,0x00,0x00,0xFF,0x00,0x00,0xFF,0xA2,0x10,0xFF,0xA6,0x31,0xFF,0x51,0x8C,0xFF,
    0x30,0x84,0xFF,0x38,0xC6,0xFF,0xBE,0xF7,0xFF,0xFF,0xFF,0xFF,0xDF,0xFF,0xFF,0xBF,0xF7,0xFF,0xFF,0xFF,0xFF,0xFF,0xFF,0xFF,0xBF,0xF7,0xFF,0xBE,0xF7,0xFF,0xFF,0xFF,0xFF,0xFF,0xFF,0xFF,
    0xFF,0xFF,0xFF,0xFF,0xFF,0xFF,0xDF,0xFF,0xFF,0xFF,0xFF,0xFF,0xFF,0xFF,0xFF,0xFF,0xFF,0xFF,0xFF,0xFF,0xFF,0xEB,0x5A,0xFF,0x21,0x00,0xFF,0x00,0x00,0xFF,0x00,0x00,0xFF,0x82,0x10,0xFF,
    0x20,0x00,0xFF,0x00,0x00,0xFF,0x00,0x00,0xFF,0x00,0x00,0xFF,0x00,0x00,0xFF,0x00,0x00,0xFF,0x00,0x00,0xFF,0x00,0x00,0xFF,0x00,0x00,0xFF,0x00,0x00,0xFF,0x00,0x00,0xFF,0x00,0x00,0xFF,
    0x01,0x00,0xFF,0x01,0x00,0xFF,0x01,0x00,0xFF,0x01,0x00,0xFF,0x00,0x00,0xFF,0x20,0x00,0xFF,0x20,0x00,0xFF,0x20,0x00,0xFF,0x00,0x00,0xFF,0x21,0x08,0xFF,0x83,0x10,0xFF,0x00,0x00,0xFF,
    0x80,0x10,0xFF,0x03,0x7C,0xFF,0xA9,0xE7,0xFF,0xA5,0xE7,0xFF,0xE3,0xEF,0xFF,0xE2,0xF7,0xFF,0xE1,0xF7,0xFF,0xE1,0xF7,0xFF,0xE0,0xF7,0xFF,0xE0,0xF7,0xFF,0xE0,0xF7,0xFF,0xE0,0xF7,0xFF,
    0xE1,0xFF,0xFF,0x80,0xEF,0xFF,0xE2,0xFF,0xFF,0xC2,0xEF,0xFF,0x85,0xE7,0xFF,0xEB,0xF7,0xFF,0xEB,0xD6,0xFF,0xE0,0x10,0xFF,0xC0,0x10,0xFF,0x40,0x00,0xFF,0x21,0x08,0xFF,0x01,0x00,0xFF,
    0x00,0x00,0xFF,0x21,0x00,0xFF,0x20,0x00,0xFF,0x00,0x00,0xFF,0x00,0x00,0xFF,0x60,0x08,0xFF,0x00,0x00,0xFF,0x00,0x00,0xFF,0x60,0x08,0xFF,0x74,0xAD,0xFF,0xFF,0xFF,0xFF,0xBF,0xF7,0xFF,
    0xFF,0xFF,0xFF,0xFF,0xFF,0xFF,0xFE,0xFF,0xFF,0xFE,0xFF,0xFF,0xFE,0xFF,0xFF,0xFE,0xFF,0xFF,0xFF,0xFF,0xFF,0xFF,0xFF,0xFF,0xFF,0xFF,0xFF,0xFF,0xFF,0xFF,0xFF,0xFF,0xFF,0xFF,0xFF,0xFF,
    0xFF,0xFF,0xFF,0xFE,0xFF,0xFF,0xFE,0xFF,0xFF,0xFF,0xFF,0xFF,0xFF,0xFF,0xFF,0xFF,0xFF,0xFF,0xFF,0xFF,0xFF,0xFF,0xFF,0xFF,0xFF,0xFF,0xFF,0xFF,0xFF,0xFF,0xFF,0xFF,0xFF,0xFF,0xFF,0xFF,
    0xFF,0xFF,0xFF,0xFF,0xFF,0xFF,0xFF,0xFF,0xFF,0xFF,0xFF,0xFF,0xFF,0xFF,0xFF,0xFF,0xFF,0xFF,0xFF,0xFF,0xFF,0xFF,0xFF,0xFF,0xFF,0xFF,0xFF,0xFF,0xFF,0xFF,0xFF,0xFF,0xFF,0xFF,0xFF,0xFF,
    0xFF,0xFF,0xFF,0xFF,0xFF,0xFF,0xFF,0xFF,0xFF,0xFF,0xFF,0xFF,0xFF,0xFF,0xFF,0xFF,0xFF,0xFF,0xFF,0xFF,0xFF,0xFF,0xFF,0xFF,0xFF,0xFF,0xFF,0xFF,0xFF,0xFF,0xFF,0xFF,0xFF,0xFF,0xFF,0xFF,
    0xFF,0xFF,0xFF,0xFF,0xFF,0xFF,0xFF,0xFF,0xFF,0xFF,0xFF,0xFF,0xFF,0xFF,0xFF,0xFF,0xFF,0xFF,0xFF,0xFF,0xFF,0xFF,0xFF,0xFF,0xFF,0xFF,0xFF,0xFF,0xFF,0xFF,0xFF,0xFF,0xFF,0xFF,0xFF,0xFF,
    0xFF,0xFF,0xFF,0xFF,0xFF,0xFF,0xFF,0xFF,0xFF,0xFF,0xFF,0xFF,0xFF,0xFF,0xFF,0xFF,0xFF,0xFF,0xFF,0xFF,0xFF,0xFF,0xFF,0xFF,0xFF,0xFF,0xFF,0xFF,0xFF,0xFF,0xFF,0xFF,0xFF,0xFF,0xFF,0xFF,
    0xFF,0xFF,0xFF,0xFF,0xFF,0xFF,0xFF,0xFF,0xFF,0xFF,0xFF,0xFF,0xFF,0xFF,0xFF,0xFF,0xFF,0xFF,0xFF,0xFF,0xFF,0xFF,0xFF,0xFF,0xFF,0xFF,0xFF,0xFF,0xFF,0xFF,0xFF,0xFF,0xFF,0xFF,0xFF,0xFF,
    0xFF,0xFF,0xFF,0xFF,0xFF,0xFF,0xFF,0xFF,0xFF,0xFF,0xFF,0xFF,0xFF,0xFF,0xFF,0xFF,0xFF,0xFF,0xFF,0xFF,0xFF,0xFF,0xFF,0xFF,0xFF,0xFF,0xFF,0xFF,0xFF,0xFF,0xFF,0xFF,0xFF,0xFF,0xFF,0xFF,
    0xFF,0xFF,0xFF,0xFF,0xFF,0xFF,0xFF,0xFF,0xFF,0xFF,0xFF,0xFF,0xFF,0xFF,0xFF,0xFF,0xFF,0xFF,0xFF,0xFF,0xFF,0xFF,0xFF,0xFF,0xFF,0xFF,0xFF,0xFF,0xFF,0xFF,0xFF,0xFF,0xFF,0xFF,0xFF,0xFF,
    0xFF,0xFF,0xFF,0xFF,0xFF,0xFF,0xFF,0xFF,0xFF,0xFF,0xFF,0xFF,0xFF,0xFF,0xFF,0xFF,0xFF,0xFF,0xFF,0xFF,0xFF,0xFF,0xFF,0xFF,0xFF,0xFF,0xFF,0xFF,0xFF,0xFF,0xFF,0xFF,0xFF,0xFF,0xFF,0xFF,
    0xFF,0xFF,0xFF,0xFF,0xFF,0xFF,0xFF,0xFF,0xFF,0xFF,0xFF,0xFF,0xFF,0xFF,0xFF,0xFF,0xFF,0xFF,0xFF,0xFF,0xFF,0xFF,0xFF,0xFF,0xFF,0xFF,0xFF,0xFF,0xFF,0xFF,0xFF,0xFF,0xFF,0xFF,0xFF,0xFF,
    0xFF,0xFF,0xFF,0xFF,0xFF,0xFF,0xFF,0xFF,0xFF,0xFF,0xFF,0xFF,0xFF,0xFF,0xFF,0xFF,0xFF,0xFF,0xFF,0xFF,0xFF,0xFF,0xFF,0xFF,0xFF,0xFF,0xFF,0xFF,0xFF,0xFF,0xFF,0xFF,0xFF,0xFF,0xFF,0xFF,
    0xFF,0xFF,0xFF,0xFF,0xFF,0xFF,0xFF,0xFF,0xFF,0xFF,0xFF,0xFF,0xFF,0xFF,0xFF,0xFF,0xFF,0xFF,0xFF,0xFF,0xFF,0xFF,0xFF,0xFF,0xFF,0xFF,0xFF,0xFF,0xFF,0xFF,0xFF,0xFF,0xFF,0xFF,0xFF,0xFF,
    0xFF,0xFF,0xFF,0xFF,0xFF,0xFF,0xFF,0xFF,0xFF,0xFF,0xFF,0xFF,0xFF,0xFF,0xFF,0xFF,0xFF,0xFF,0xFF,0xFF,0xFF,0xFF,0xFF,0xFF,0xFF,0xFF,0xFF,0xFF,0xFF,0xFF,0xFF,0xFF,0xFF,0xFF,0xFF,0xFF,
    0xFF,0xFF,0xFF,0xFF,0xFF,0xFF,0xFF,0xFF,0xFF,0xFF,0xFF,0xFF,0xFF,0xFF,0xFF,0xFF,0xFF,0xFF,0xFF,0xFF,0xFF,0xFF,0xFF,0xFF,0xFF,0xFF,0xFF,0xFF,0xFF,0xFF,0xFF,0xFF,0xFF,0xFF,0xFF,0xFF,
    0xFF,0xFF,0xFF,0xFF,0xFF,0xFF,0xFF,0xFF,0xFF,0xFF,0xFF,0xFF,0xFF,0xFF,0xFF,0xFF,0xFF,0xFF,0xFF,0xFF,0xFF,0xFF,0xFF,0xFF,0xFF,0xFF,0xFF,0xFF,0xFF,0xFF,0xFF,0xFF,0xFF,0xFF,0xFF,0xFF,
    0xFF,0xFF,0xFF,0xFF,0xFF,0xFF,0xFF,0xFF,0xFF,0xFF,0xFF,0xFF,0xFF,0xFF,0xFF,0xFF,0xFF,0xFF,0xFF,0xFF,0xFF,0xFF,0xFF,0xFF,0xFF,0xFF,0xFF,0xFF,0xFF,0xFF,0xFF,0xFF,0xFF,0xFF,0xFF,0xFF,
    0xFF,0xFF,0xFF,0xFF,0xFF,0xFF,0xFF,0xFF,0xFF,0xFF,0xFF,0xFF,0xFF,0xFF,0xFF,0xFF,0xFF,0xFF,0xFF,0xFF,0xFF,0xFF,0xFF,0xFF,0xFF,0xFF,0xFF,0xFF,0xFF,0xFF,0xFF,0xFF,0xFF,0xFF,0xFF,0xFF,
    0xFF,0xFF,0xFF,0xFF,0xFF,0xFF,0xFF,0xFF,0xFF,0xFF,0xFF,0xFF,0xFF,0xFF,0xFF,0xFF,0xFF,0xFF,0xFF,0xFF,0xFF,0xFF,0xFF,0xFF,0xFF,0xFF,0xFF,0xFF,0xFF,0xFF,0xFF,0xFF,0xFF,0xFF,0xFF,0xFF,
    0xFF,0xFF,0xFF,0xFF,0xFF,0xFF,0xFF,0xFF,0xFF,0xFF,0xFF,0xFF,0xFF,0xFF,0xFF,0xFF,0xFF,0xFF,0xFF,0xFF,0xFF,0xFF,0xFF,0xFF,0xFF,0xFF,0xFF,0xFF,0xFF,0xFF,0xFF,0xFF,0xFF,0xFF,0xFF,0xFF,
    0xFF,0xFF,0xFF,0xFF,0xFF,0xFF,0xFF,0xFF,0xFF,0xFF,0xFF,0xFF,0xFF,0xFF,0xFF,0xFF,0xFF,0xFF,0xFF,0xFF,0xFF,0xFF,0xFF,0xFF,0xFF,0xFF,0xFF,0xFF,0xFF,0xFF,0xFF,0xFF,0xFF,0xFF,0xFF,0xFF,
    0xFF,0xFF,0xFF,0xFF,0xFF,0xFF,0xFF,0xFF,0xFF,0xFF,0xFF,0xFF,0xFF,0xFF,0xFF,0xFF,0xFF,0xFF,0xFF,0xFF,0xFF,0xFF,0xFF,0xFF,0xFF,0xFF,0xFF,0xFF,0xFF,0xFF,0xFF,0xFF,0xFF,0xFF,0xFF,0xFF,
    0xFF,0xFF,0xFF,0xFF,0xFF,0xFF,0xFF,0xFF,0xFF,0xFF,0xFF,0xFF,0xFF,0xFF,0xFF,0xFF,0xFF,0xFF,0xFF,0xFF,0xFF,0xFF,0xFF,0xFF,0xFF,0xFF,0xFF,0xFF,0xFF,0xFF,0xFF,0xFF,0xFF,0xFF,0xFF,0xFF,
    0xFF,0xFF,0xFF,0xFF,0xFF,0xFF,0xFF,0xFF,0xFF,0xFF,0xFF,0xFF,0xFF,0xFF,0xFF,0xFF,0xFF,0xFF,0xFF,0xFF,0xFF,0xFF,0xFF,0xFF,0xFF,0xFF,0xFF,0xFF,0xFF,0xFF,0xFF,0xFF,0xFF,0xFF,0xFF,0xFF,
    0xFF,0xFF,0xFF,0xFF,0xFF,0xFF,0xFF,0xFF,0xFF,0xFF,0xFF,0xFF,0xFF,0xFF,0xFF,0xFF,0xFF,0xFF,0xFF,0xFF,0xFF,0xFF,0xFF,0xFF,0xFF,0xFF,0xFF,0xFF,0xFF,0xFF,0xFF,0xFF,0xFF,0xFF,0xFF,0xFF,
    0xFF,0xFF,0xFF,0xFF,0xFF,0xFF,0xFF,0xFF,0xFF,0xFF,0xFF,0xFF,0xFF,0xFF,0xFF,0xFF,0xFF,0xFF,0xFF,0xFF,0xFF,0x9E,0xF7,0xFF,0xFF,0xFF,0xFF,0xFF,0xFF,0xFF,0xFF,0xFF,0xFF,0xDF,0xFF,0xFF,
    0xDF,0xFF,0xFF,0xA2,0x10,0xFF,0x00,0x00,0xFF,0x00,0x00,0xFF,0x00,0x00,0xFF,0x20,0x00,0xFF,0xCB,0x5A,0xFF,0xF3,0x9C,0xFF,0xCF,0x7B,0xFF,0x28,0x42,0xFF,0x39,0xC6,0xFF,0xFF,0xFF,0xFF,
    0xDF,0xFF,0xFF,0x9E,0xF7,0xFF,0xFF,0xFF,0xFF,0xFF,0xFF,0xFF,0xDF,0xFF,0xFF,0xFF,0xFF,0xFF,0xFF,0xFF,0xFF,0xFF,0xFF,0xFF,0xDF,0xFF,0xFF,0x9E,0xF7,0xFF,0xFF,0xFF,0xFF,0xFF,0xFF,0xFF,
    0xFF,0xFF,0xFF,0xFF,0xFF,0xFF,0x00,0x00,0xFF,0x41,0x08,0xFF,0x20,0x00,0xFF,0x00,0x00,0xFF,0x00,0x00,0xFF,0x20,0x00,0xFF,0x21,0x00,0xFF,0x00,0x00,0xFF,0x00,0x00,0xFF,0x00,0x00,0xFF,
    0x00,0x00,0xFF,0x00,0x00,0xFF,0x00,0x00,0xFF,0x00,0x00,0xFF,0x00,0x00,0xFF,0x00,0x00,0xFF,0x00,0x00,0xFF,0x00,0x00,0xFF,0x00,0x00,0xFF,0x00,0x00,0xFF,0x20,0x00,0xFF,0x20,0x00,0xFF,
    0x20,0x00,0xFF,0x20,0x00,0xFF,0x21,0x00,0xFF,0x02,0x00,0xFF,0x03,0x00,0xFF,0x01,0x00,0xFF,0x40,0x08,0xFF,0x60,0x08,0xFF,0x49,0xC6,0xFF,0xEB,0xFF,0xFF,0xC5,0xEF,0xFF,0xE2,0xF7,0xFF,
    0xE1,0xF7,0xFF,0xE0,0xF7,0xFF,0xE0,0xF7,0xFF,0xE0,0xF7,0xFF,0xE0,0xF7,0xFF,0xE0,0xF7,0xFF,0xC0,0xEF,0xFF,0xE1,0xFF,0xFF,0xE1,0xF7,0xFF,0xA1,0xE7,0xFF,0xC4,0xE7,0xFF,0xC7,0xEF,0xFF,
    0xEC,0xF7,0xFF,0x0D,0xD7,0xFF,0x60,0x00,0xFF,0x00,0x00,0xFF,0x01,0x00,0xFF,0x62,0x08,0xFF,0x00,0x00,0xFF,0x00,0x00,0xFF,0x00,0x00,0xFF,0x00,0x00,0xFF,0x00,0x00,0xFF,0x20,0x00,0xFF,
    0x20,0x00,0xFF,0x00,0x00,0xFF,0x33,0xA5,0xFF,0xFE,0xFF,0xFF,0xDE,0xFF,0xFF,0xFF,0xFF,0xFF,0xFF,0xFF,0xFF,0xFF,0xFF,0xFF,0xFE,0xFF,0xFF,0xFD,0xFF,0xFF,0xFE,0xFF,0xFF,0xFE,0xFF,0xFF,
    0xFF,0xFF,0xFF,0xFF,0xFF,0xFF,0xFF,0xFF,0xFF,0xFF,0xFF,0xFF,0xFF,0xFF,0xFF,0xFF,0xFF,0xFF,0xFF,0xFF,0xFF,0xFF,0xFF,0xFF,0xFF,0xFF,0xFF,0xFF,0xFF,0xFF,0xFF,0xFF,0xFF,0xFF,0xFF,0xFF,
    0xFF,0xFF,0xFF,0xFF,0xFF,0xFF,0xFF,0xFF,0xFF,0xFF,0xFF,0xFF,0xFF,0xFF,0xFF,0xFF,0xFF,0xFF,0xFF,0xFF,0xFF,0xFF,0xFF,0xFF,0xFF,0xFF,0xFF,0xFF,0xFF,0xFF,0xFF,0xFF,0xFF,0xFF,0xFF,0xFF,
    0xFF,0xFF,0xFF,0xFF,0xFF,0xFF,0xFF,0xFF,0xFF,0xFF,0xFF,0xFF,0xFF,0xFF,0xFF,0xFF,0xFF,0xFF,0xFF,0xFF,0xFF,0xFF,0xFF,0xFF,0xFF,0xFF,0xFF,0xFF,0xFF,0xFF,0xFF,0xFF,0xFF,0xFF,0xFF,0xFF,
    0xFF,0xFF,0xFF,0xFF,0xFF,0xFF,0xFF,0xFF,0xFF,0xFF,0xFF,0xFF,0xFF,0xFF,0xFF,0xFF,0xFF,0xFF,0xFF,0xFF,0xFF,0xFF,0xFF,0xFF,0xFF,0xFF,0xFF,0xFF,0xFF,0xFF,0xFF,0xFF,0xFF,0xFF,0xFF,0xFF,
    0xFF,0xFF,0xFF,0xFF,0xFF,0xFF,0xFF,0xFF,0xFF,0xFF,0xFF,0xFF,0xFF,0xFF,0xFF,0xFF,0xFF,0xFF,0xFF,0xFF,0xFF,0xFF,0xFF,0xFF,0xFF,0xFF,0xFF,0xFF,0xFF,0xFF,0xFF,0xFF,0xFF,0xFF,0xFF,0xFF,
    0xFF,0xFF,0xFF,0xFF,0xFF,0xFF,0xFF,0xFF,0xFF,0xFF,0xFF,0xFF,0xFF,0xFF,0xFF,0xFF,0xFF,0xFF,0xFF,0xFF,0xFF,0xFF,0xFF,0xFF,0xFF,0xFF,0xFF,0xFF,0xFF,0xFF,0xFF,0xFF,0xFF,0xFF,0xFF,0xFF,
    0xFF,0xFF,0xFF,0xFF,0xFF,0xFF,0xFF,0xFF,0xFF,0xFF,0xFF,0xFF,0xFF,0xFF,0xFF,0xFF,0xFF,0xFF,0xFF,0xFF,0xFF,0xFF,0xFF,0xFF,0xFF,0xFF,0xFF,0xFF,0xFF,0xFF,0xFF,0xFF,0xFF,0xFF,0xFF,0xFF,
    0xFF,0xFF,0xFF,0xFF,0xFF,0xFF,0xFF,0xFF,0xFF,0xFF,0xFF,0xFF,0xFF,0xFF,0xFF,0xFF,0xFF,0xFF,0xFF,0xFF,0xFF,0xFF,0xFF,0xFF,0xFF,0xFF,0xFF,0xFF,0xFF,0xFF,0xFF,0xFF,0xFF,0xFF,0xFF,0xFF,
    0xFF,0xFF,0xFF,0xFF,0xFF,0xFF,0xFF,0xFF,0xFF,0xFF,0xFF,0xFF,0xFF,0xFF,0xFF,0xFF,0xFF,0xFF,0xFF,0xFF,0xFF,0xFF,0xFF,0xFF,0xFF,0xFF,0xFF,0xFF,0xFF,0xFF,0xFF,0xFF,0xFF,0xFF,0xFF,0xFF,
    0xFF,0xFF,0xFF,0xFF,0xFF,0xFF,0xFF,0xFF,0xFF,0xFF,0xFF,0xFF,0xFF,0xFF,0xFF,0xFF,0xFF,0xFF,0xFF,0xFF,0xFF,0xFF,0xFF,0xFF,0xFF,0xFF,0xFF,0xFF,0xFF,0xFF,0xFF,0xFF,0xFF,0xFF,0xFF,0xFF,
    0xFF,0xFF,0xFF,0xFF,0xFF,0xFF,0xFF,0xFF,0xFF,0xFF,0xFF,0xFF,0xFF,0xFF,0xFF,0xFF,0xFF,0xFF,0xFF,0xFF,0xFF,0xFF,0xFF,0xFF,0xFF,0xFF,0xFF,0xFF,0xFF,0xFF,0xFF,0xFF,0xFF,0xFF,0xFF,0xFF,
    0xFF,0xFF,0xFF,0xFF,0xFF,0xFF,0xFF,0xFF,0xFF,0xFF,0xFF,0xFF,0xFF,0xFF,0xFF,0xFF,0xFF,0xFF,0xFF,0xFF,0xFF,0xFF,0xFF,0xFF,0xFF,0xFF,0xFF,0xFF,0xFF,0xFF,0xFF,0xFF,0xFF,0xFF,0xFF,0xFF,
    0xFF,0xFF,0xFF,0xFF,0xFF,0xFF,0xFF,0xFF,0xFF,0xFF,0xFF,0xFF,0xFF,0xFF,0xFF,0xFF,0xFF,0xFF,0xFF,0xFF,0xFF,0xFF,0xFF,0xFF,0xFF,0xFF,0xFF,0xFF,0xFF,0xFF,0xFF,0xFF,0xFF,0xFF,0xFF,0xFF,
    0xFF,0xFF,0xFF,0xFF,0xFF,0xFF,0xFF,0xFF,0xFF,0xFF,0xFF,0xFF,0xFF,0xFF,0xFF,0xFF,0xFF,0xFF,0xFF,0xFF,0xFF,0xFF,0xFF,0xFF,0xFF,0xFF,0xFF,0xFF,0xFF,0xFF,0xFF,0xFF,0xFF,0xFF,0xFF,0xFF,
    0xFF,0xFF,0xFF,0xFF,0xFF,0xFF,0xFF,0xFF,0xFF,0xFF,0xFF,0xFF,0xFF,0xFF,0xFF,0xFF,0xFF,0xFF,0xFF,0xFF,0xFF,0xFF,0xFF,0xFF,0xFF,0xFF,0xFF,0xFF,0xFF,0xFF,0xFF,0xFF,0xFF,0xFF,0xFF,0xFF,
    0xFF,0xFF,0xFF,0xFF,0xFF,0xFF,0xFF,0xFF,0xFF,0xFF,0xFF,0xFF,0xFF,0xFF,0xFF,0xFF,0xFF,0xFF,0xFF,0xFF,0xFF,0xFF,0xFF,0xFF,0xFF,0xFF,0xFF,0xFF,0xFF,0xFF,0xFF,0xFF,0xFF,0xFF,0xFF,0xFF,
    0xFF,0xFF,0xFF,0xFF,0xFF,0xFF,0xFF,0xFF,0xFF,0xFF,0xFF,0xFF,0xFF,0xFF,0xFF,0xFF,0xFF,0xFF,0xFF,0xFF,0xFF,0xFF,0xFF,0xFF,0xFF,0xFF,0xFF,0xFF,0xFF,0xFF,0xFF,0xFF,0xFF,0xFF,0xFF,0xFF,
    0xFF,0xFF,0xFF,0xFF,0xFF,0xFF,0xFF,0xFF,0xFF,0xFF,0xFF,0xFF,0xFF,0xFF,0xFF,0xFF,0xFF,0xFF,0xFF,0xFF,0xFF,0xFF,0xFF,0xFF,0xFF,0xFF,0xFF,0xFF,0xFF,0xFF,0xFF,0xFF,0xFF,0xFF,0xFF,0xFF,
    0xFF,0xFF,0xFF,0xFF,0xFF,0xFF,0xFF,0xFF,0xFF,0xFF,0xFF,0xFF,0xFF,0xFF,0xFF,0xFF,0xFF,0xFF,0xFF,0xFF,0xFF,0xFF,0xFF,0xFF,0xFF,0xFF,0xFF,0xFF,0xFF,0xFF,0xFF,0xFF,0xFF,0xFF,0xFF,0xFF,
    0xFF,0xFF,0xFF,0xFF,0xFF,0xFF,0xFF,0xFF,0xFF,0xFF,0xFF,0xFF,0xFF,0xFF,0xFF,0xFF,0xFF,0xFF,0xFF,0xFF,0xFF,0xFF,0xFF,0xFF,0xFF,0xFF,0xFF,0xFF,0xFF,0xFF,0xFF,0xFF,0xFF,0xFF,0xFF,0xFF,
    0xFF,0xFF,0xFF,0xFF,0xFF,0xFF,0xFF,0xFF,0xFF,0xFF,0xFF,0xFF,0xFF,0xFF,0xFF,0xFF,0xFF,0xFF,0xFF,0xFF,0xFF,0xFF,0xFF,0xFF,0xFF,0xFF,0xFF,0xFF,0xFF,0xFF,0xFF,0xFF,0xFF,0xFF,0xFF,0xFF,
    0xFF,0xFF,0xFF,0xFF,0xFF,0xFF,0xFF,0xFF,0xFF,0xFF,0xFF,0xFF,0xFF,0xFF,0xFF,0xFF,0xFF,0xFF,0xFF,0xFF,0xFF,0xFF,0xFF,0xFF,0xFF,0xFF,0xFF,0xFF,0xFF,0xFF,0xFF,0xFF,0xFF,0xFF,0xFF,0xFF,
    0xFF,0xFF,0xFF,0xFF,0xFF,0xFF,0xFF,0xFF,0xFF,0xFF,0xFF,0xFF,0xFF,0xFF,0xFF,0xFF,0xFF,0xFF,0xFF,0xFF,0xFF,0xFF,0xFF,0xFF,0xFF,0xFF,0xFF,0xFF,0xFF,0xFF,0xFF,0xFF,0xFF,0xFF,0xFF,0xFF,
    0xFF,0xFF,0xFF,0xFF,0xFF,0xFF,0xFF,0xFF,0xFF,0xFF,0xFF,0xFF,0xFF,0xFF,0xFF,0xFF,0xFF,0xFF,0xFF,0xFF,0xFF,0xFF,0xFF,0xFF,0xFF,0xFF,0xFF,0xFF,0xFF,0xFF,0xFF,0xFF,0xFF,0xFF,0xFF,0xFF,
    0xFF,0xFF,0xFF,0xFF,0xFF,0xFF,0xFF,0xFF,0xFF,0xFF,0xFF,0xFF,0xFF,0xFF,0xFF,0xFF,0xFF,0xFF,0xFF,0xFF,0xFF,0xFF,0xFF,0xFF,0xFF,0xFF,0xFF,0xFF,0xFF,0xFF,0xFF,0xFF,0xFF,0xFF,0xFF,0xFF,
    0xFF,0xFF,0xFF,0xDF,0xFF,0xFF,0xFF,0xFF,0xFF,0xDF,0xFF,0xFF,0x9E,0xF7,0xFF,0xFF,0xFF,0xFF,0xFF,0xFF,0xFF,0x7D,0xEF,0xFF,0x55,0xAD,0xFF,0x61,0x08,0xFF,0x00,0x00,0xFF,0x20,0x00,0xFF,
    0x00,0x00,0xFF,0x00,0x00,0xFF,0x2C,0x63,0xFF,0xB2,0x94,0xFF,0x92,0x94,0xFF,0xA7,0x31,0xFF,0xA3,0x18,0xFF,0x51,0x8C,0xFF,0xDB,0xDE,0xFF,0xDF,0xFF,0xFF,0xFF,0xFF,0xFF,0xBF,0xF7,0xFF,
    0xDF,0xFF,0xFF,0xDF,0xFF,0xFF,0xFF,0xFF,0xFF,0xDF,0xFF,0xFF,0xDF,0xFF,0xFF,0xFF,0xFF,0xFF,0xBF,0xF7,0xFF,0xFF,0xFF,0xFF,0x25,0x21,0xFF,0x00,0x00,0xFF,0x00,0x00,0xFF,0x20,0x00,0xFF,
    0x00,0x00,0xFF,0x00,0x00,0xFF,0x00,0x00,0xFF,0x00,0x00,0xFF,0x00,0x00,0xFF,0x00,0x00,0xFF,0x00,0x00,0xFF,0x00,0x00,0xFF,0x00,0x00,0xFF,0x00,0x00,0xFF,0x00,0x00,0xFF,0x00,0x00,0xFF,
    0x00,0x00,0xFF,0x00,0x00,0xFF,0x00,0x00,0xFF,0x00,0x00,0xFF,0x00,0x00,0xFF,0x00,0x00,0xFF,0x20,0x00,0xFF,0x00,0x00,0xFF,0x01,0x00,0xFF,0x03,0x00,0xFF,0x03,0x00,0xFF,0x02,0x00,0xFF,
    0x40,0x00,0xFF,0x40,0x00,0xFF,0xA0,0x29,0xFF,0x6B,0xDF,0xFF,0xC6,0xEF,0xFF,0xE2,0xF7,0xFF,0xE1,0xF7,0xFF,0xE0,0xF7,0xFF,0xE0,0xF7,0xFF,0xE0,0xF7,0xFF,0xE0,0xF7,0xFF,0xE0,0xF7,0xFF,
    0xE0,0xF7,0xFF,0xC0,0xF7,0xFF,0xA0,0xE7,0xFF,0xE3,0xF7,0xFF,0xE7,0xF7,0xFF,0xA6,0xE7,0xFF,0x45,0xD7,0xFF,0xAD,0xE7,0xFF,0x67,0x6B,0xFF,0xC2,0x18,0xFF,0x00,0x00,0xFF,0x00,0x00,0xFF,
    0x00,0x00,0xFF,0x40,0x08,0xFF,0x20,0x00,0xFF,0x00,0x00,0xFF,0x01,0x00,0xFF,0x00,0x00,0xFF,0x20,0x00,0xFF,0x17,0xC6,0xFF,0xFE,0xFF,0xFF,0x9C,0xEF,0xFF,0xFF,0xFF,0xFF,0xFF,0xFF,0xFF,
    0xFF,0xFF,0xFF,0xFF,0xFF,0xFF,0xFE,0xFF,0xFF,0xFD,0xFF,0xFF,0xFE,0xFF,0xFF,0xFF,0xFF,0xFF,0xFF,0xFF,0xFF,0xFF,0xFF,0xFF,0xFF,0xFF,0xFF,0xFF,0xFF,0xFF,0xFF,0xFF,0xFF,0xFF,0xFF,0xFF,
    0xFE,0xFF,0xFF,0xFF,0xFF,0xFF,0xFF,0xFF,0xFF,0xFF,0xFF,0xFF,0xFF,0xFF,0xFF,0xFF,0xFF,0xFF,0xFF,0xFF,0xFF,0xFF,0xFF,0xFF,0xFF,0xFF,0xFF,0xFF,0xFF,0xFF,0xFF,0xFF,0xFF,0xFF,0xFF,0xFF,
    0xFF,0xFF,0xFF,0xFF,0xFF,0xFF,0xFF,0xFF,0xFF,0xFF,0xFF,0xFF,0xFF,0xFF,0xFF,0xFF,0xFF,0xFF,0xFF,0xFF,0xFF,0xFF,0xFF,0xFF,0xFF,0xFF,0xFF,0xFF,0xFF,0xFF,0xFF,0xFF,0xFF,0xFF,0xFF,0xFF,
    0xFF,0xFF,0xFF,0xFF,0xFF,0xFF,0xFF,0xFF,0xFF,0xFF,0xFF,0xFF,0xFF,0xFF,0xFF,0xFF,0xFF,0xFF,0xFF,0xFF,0xFF,0xFF,0xFF,0xFF,0xFF,0xFF,0xFF,0xFF,0xFF,0xFF,0xFF,0xFF,0xFF,0xFF,0xFF,0xFF,
    0xFF,0xFF,0xFF,0xFF,0xFF,0xFF,0xFF,0xFF,0xFF,0xFF,0xFF,0xFF,0xFF,0xFF,0xFF,0xFF,0xFF,0xFF,0xFF,0xFF,0xFF,0xFF,0xFF,0xFF,0xFF,0xFF,0xFF,0xFF,0xFF,0xFF,0xFF,0xFF,0xFF,0xFF,0xFF,0xFF,
    0xFF,0xFF,0xFF,0xFF,0xFF,0xFF,0xFF,0xFF,0xFF,0xFF,0xFF,0xFF,0xFF,0xFF,0xFF,0xFF,0xFF,0xFF,0xFF,0xFF,0xFF,0xFF,0xFF,0xFF,0xFF,0xFF,0xFF,0xFF,0xFF,0xFF,0xFF,0xFF,0xFF,0xFF,0xFF,0xFF,
    0xFF,0xFF,0xFF,0xFF,0xFF,0xFF,0xFF,0xFF,0xFF,0xFF,0xFF,0xFF,0xFF,0xFF,0xFF,0xFF,0xFF,0xFF,0xFF,0xFF,0xFF,0xFF,0xFF,0xFF,0xFF,0xFF,0xFF,0xFF,0xFF,0xFF,0xFF,0xFF,0xFF,0xFF,0xFF,0xFF,
    0xFF,0xFF,0xFF,0xFF,0xFF,0xFF,0xFF,0xFF,0xFF,0xFF,0xFF,0xFF,0xFF,0xFF,0xFF,0xFF,0xFF,0xFF,0xFF,0xFF,0xFF,0xFF,0xFF,0xFF,0xFF,0xFF,0xFF,0xFF,0xFF,0xFF,0xFF,0xFF,0xFF,0xFF,0xFF,0xFF,
    0xFF,0xFF,0xFF,0xFF,0xFF,0xFF,0xFF,0xFF,0xFF,0xFF,0xFF,0xFF,0xFF,0xFF,0xFF,0xFF,0xFF,0xFF,0xFF,0xFF,0xFF,0xFF,0xFF,0xFF,0xFF,0xFF,0xFF,0xFF,0xFF,0xFF,0xFF,0xFF,0xFF,0xFF,0xFF,0xFF,
    0xFF,0xFF,0xFF,0xFF,0xFF,0xFF,0xFF,0xFF,0xFF,0xFF,0xFF,0xFF,0xFF,0xFF,0xFF,0xFF,0xFF,0xFF,0xFF,0xFF,0xFF,0xFF,0xFF,0xFF,0xFF,0xFF,0xFF,0xFF,0xFF,0xFF,0xFF,0xFF,0xFF,0xFF,0xFF,0xFF,
    0xFF,0xFF,0xFF,0xFF,0xFF,0xFF,0xFF,0xFF,0xFF,0xFF,0xFF,0xFF,0xFF,0xFF,0xFF,0xFF,0xFF,0xFF,0xFF,0xFF,0xFF,0xFF,0xFF,0xFF,0xFF,0xFF,0xFF,0xFF,0xFF,0xFF,0xFF,0xFF,0xFF,0xFF,0xFF,0xFF,
    0xFF,0xFF,0xFF,0xFF,0xFF,0xFF,0xFF,0xFF,0xFF,0xFF,0xFF,0xFF,0xFF,0xFF,0xFF,0xFF,0xFF,0xFF,0xFF,0xFF,0xFF,0xFF,0xFF,0xFF,0xFF,0xFF,0xFF,0xFF,0xFF,0xFF,0xFF,0xFF,0xFF,0xFF,0xFF,0xFF,
    0xFF,0xFF,0xFF,0xFF,0xFF,0xFF,0xFF,0xFF,0xFF,0xFF,0xFF,0xFF,0xFF,0xFF,0xFF,0xFF,0xFF,0xFF,0xFF,0xFF,0xFF,0xFF,0xFF,0xFF,0xFF,0xFF,0xFF,0xFF,0xFF,0xFF,0xFF,0xFF,0xFF,0xFF,0xFF,0xFF,
    0xFF,0xFF,0xFF,0xFF,0xFF,0xFF,0xFF,0xFF,0xFF,0xFF,0xFF,0xFF,0xFF,0xFF,0xFF,0xFF,0xFF,0xFF,0xFF,0xFF,0xFF,0xFF,0xFF,0xFF,0xFF,0xFF,0xFF,0xFF,0xFF,0xFF,0xFF,0xFF,0xFF,0xFF,0xFF,0xFF,
    0xFF,0xFF,0xFF,0xFF,0xFF,0xFF,0xFF,0xFF,0xFF,0xFF,0xFF,0xFF,0xFF,0xFF,0xFF,0xFF,0xFF,0xFF,0xFF,0xFF,0xFF,0xFF,0xFF,0xFF,0xFF,0xFF,0xFF,0xFF,0xFF,0xFF,0xFF,0xFF,0xFF,0xFF,0xFF,0xFF,
    0xFF,0xFF,0xFF,0xFF,0xFF,0xFF,0xFF,0xFF,0xFF,0xFF,0xFF,0xFF,0xFF,0xFF,0xFF,0xFF,0xFF,0xFF,0xFF,0xFF,0xFF,0xFF,0xFF,0xFF,0xFF,0xFF,0xFF,0xFF,0xFF,0xFF,0xFF,0xFF,0xFF,0xFF,0xFF,0xFF,
    0xFF,0xFF,0xFF,0xFF,0xFF,0xFF,0xFF,0xFF,0xFF,0xFF,0xFF,0xFF,0xFF,0xFF,0xFF,0xFF,0xFF,0xFF,0xFF,0xFF,0xFF,0xFF,0xFF,0xFF,0xFF,0xFF,0xFF,0xFF,0xFF,0xFF,0xFF,0xFF,0xFF,0xFF,0xFF,0xFF,
    0xFF,0xFF,0xFF,0xFF,0xFF,0xFF,0xFF,0xFF,0xFF,0xFF,0xFF,0xFF,0xFF,0xFF,0xFF,0xFF,0xFF,0xFF,0xFF,0xFF,0xFF,0xFF,0xFF,0xFF,0xFF,0xFF,0xFF,0xFF,0xFF,0xFF,0xFF,0xFF,0xFF,0xFF,0xFF,0xFF,
    0xFF,0xFF,0xFF,0xFF,0xFF,0xFF,0xFF,0xFF,0xFF,0xFF,0xFF,0xFF,0xFF,0xFF,0xFF,0xFF,0xFF,0xFF,0xFF,0xFF,0xFF,0xFF,0xFF,0xFF,0xFF,0xFF,0xFF,0xFF,0xFF,0xFF,0xFF,0xFF,0xFF,0xFF,0xFF,0xFF,
    0xFF,0xFF,0xFF,0xFF,0xFF,0xFF,0xFF,0xFF,0xFF,0xFF,0xFF,0xFF,0xFF,0xFF,0xFF,0xFF,0xFF,0xFF,0xFF,0xFF,0xFF,0xFF,0xFF,0xFF,0xFF,0xFF,0xFF,0xFF,0xFF,0xFF,0xFF,0xFF,0xFF,0xFF,0xFF,0xFF,
    0xFF,0xFF,0xFF,0xFF,0xFF,0xFF,0xFF,0xFF,0xFF,0xFF,0xFF,0xFF,0xFF,0xFF,0xFF,0xFF,0xFF,0xFF,0xFF,0xFF,0xFF,0xFF,0xFF,0xFF,0xFF,0xFF,0xFF,0xFF,0xFF,0xFF,0xFF,0xFF,0xFF,0xFF,0xFF,0xFF,
    0xFF,0xFF,0xFF,0xFF,0xFF,0xFF,0xFF,0xFF,0xFF,0xFF,0xFF,0xFF,0xFF,0xFF,0xFF,0xFF,0xFF,0xFF,0xFF,0xFF,0xFF,0xFF,0xFF,0xFF,0xFF,0xFF,0xFF,0xFF,0xFF,0xFF,0xFF,0xFF,0xFF,0xFF,0xFF,0xFF,
    0xFF,0xFF,0xFF,0xFF,0xFF,0xFF,0xFF,0xFF,0xFF,0xFF,0xFF,0xFF,0xFF,0xFF,0xFF,0xFF,0xFF,0xFF,0xFF,0xFF,0xFF,0xFF,0xFF,0xFF,0xFF,0xFF,0xFF,0xFF,0xFF,0xFF,0xFF,0xFF,0xFF,0xFF,0xFF,0xFF,
    0xFF,0xFF,0xFF,0xFF,0xFF,0xFF,0xFF,0xFF,0xFF,0xFF,0xFF,0xFF,0xFF,0xFF,0xFF,0xFF,0xFF,0xFF,0xFF,0xFF,0xFF,0xFF,0xFF,0xFF,0xFF,0xFF,0xFF,0xFF,0xFF,0xFF,0xFF,0xFF,0xFF,0xFF,0xFF,0xFF,
    0xFF,0xFF,0xFF,0xFF,0xFF,0xFF,0xFF,0xFF,0xFF,0xFF,0xFF,0xFF,0xFF,0xFF,0xFF,0xFF,0xFF,0xFF,0xFF,0xFF,0xFF,0xFF,0xFF,0xFF,0xFF,0xFF,0xFF,0xFF,0xFF,0xFF,0xFF,0xFF,0xFF,0xFF,0xFF,0xFF,
    0xFF,0xFF,0xFF,0xFF,0xFF,0xFF,0xFF,0xFF,0xFF,0xFF,0xFF,0xFF,0xFF,0xFF,0xFF,0xFF,0xFF,0xFF,0xFF,0xFF,0xFF,0xFF,0xFF,0xFF,0xFF,0xFF,0xFF,0xDF,0xFF,0xFF,0xFF,0xFF,0xFF,0x9E,0xF7,0xFF,
    0xFF,0xFF,0xFF,0xFF,0xFF,0xFF,0xBE,0xF7,0xFF,0xFF,0xFF,0xFF,0x0C,0x63,0xFF,0x00,0x00,0xFF,0x20,0x00,0xFF,0x00,0x00,0xFF,0x20,0x00,0xFF,0x41,0x08,0xFF,0xAB,0x52,0xFF,0x52,0x8C,0xFF,
    0x72,0x8C,0xFF,0x10,0x84,0xFF,0x66,0x29,0xFF,0x00,0x00,0xFF,0x21,0x00,0xFF,0xA7,0x31,0xFF,0xCF,0x7B,0xFF,0x56,0xAD,0xFF,0x5D,0xEF,0xFF,0xDF,0xFF,0xFF,0xFF,0xFF,0xFF,0xFF,0xFF,0xFF,
    0xFF,0xFF,0xFF,0x9E,0xF7,0xFF,0xD7,0xBD,0xFF,0x82,0x10,0xFF,0x00,0x00,0xFF,0x61,0x08,0xFF,0x00,0x00,0xFF,0x20,0x00,0xFF,0x21,0x00,0xFF,0x00,0x00,0xFF,0x00,0x00,0xFF,0x00,0x00,0xFF,
    0x00,0x00,0xFF,0x00,0x00,0xFF,0x00,0x00,0xFF,0x00,0x00,0xFF,0x00,0x00,0xFF,0x00,0x00,0xFF,0x00,0x00,0xFF,0x00,0x00,0xFF,0x00,0x00,0xFF,0x00,0x00,0xFF,0x00,0x00,0xFF,0x00,0x00,0xFF,
    0x00,0x00,0xFF,0x00,0x00,0xFF,0x01,0x00,0xFF,0x02,0x00,0xFF,0x02,0x00,0xFF,0x01,0x00,0xFF,0x00,0x00,0xFF,0x60,0x08,0xFF,0xA0,0x08,0xFF,0x0D,0xD7,0xFF,0xC7,0xEF,0xFF,0xE3,0xEF,0xFF,
    0xE1,0xF7,0xFF,0xE0,0xF7,0xFF,0xE1,0xF7,0xFF,0xE1,0xF7,0xFF,0xE1,0xF7,0xFF,0xE1,0xF7,0xFF,0xE1,0xFF,0xFF,0xC0,0xF7,0xFF,0xE3,0xFF,0xFF,0xE3,0xEF,0xFF,0x44,0xDF,0xFF,0xE9,0xEF,0xFF,
    0xEB,0xEF,0xFF,0xE8,0xAD,0xFF,0x80,0x08,0xFF,0x00,0x00,0xFF,0x20,0x00,0xFF,0x21,0x00,0xFF,0x00,0x00,0xFF,0x00,0x00,0xFF,0x00,0x00,0xFF,0x40,0x00,0xFF,0x01,0x00,0xFF,0x23,0x08,0xFF,
    0xF9,0xC5,0xFF,0xFF,0xFF,0xFF,0xFE,0xFF,0xFF,0xFE,0xFF,0xFF,0xDF,0xFF,0xFF,0xBF,0xF7,0xFF,0xFF,0xFF,0xFF,0xFF,0xFF,0xFF,0xFE,0xFF,0xFF,0xFE,0xFF,0xFF,0xFE,0xFF,0xFF,0xFF,0xFF,0xFF,
    0xFF,0xFF,0xFF,0xFF,0xFF,0xFF,0xFF,0xFF,0xFF,0xFF,0xFF,0xFF,0xFF,0xFF,0xFF,0xFE,0xFF,0xFF,0xFE,0xFF,0xFF,0xFF,0xFF,0xFF,0xFF,0xFF,0xFF,0xFF,0xFF,0xFF,0xFF,0xFF,0xFF,0xFF,0xFF,0xFF,
    0xFF,0xFF,0xFF,0xFF,0xFF,0xFF,0xFF,0xFF,0xFF,0xFF,0xFF,0xFF,0xFF,0xFF,0xFF,0xFF,0xFF,0xFF,0xFF,0xFF,0xFF,0xFF,0xFF,0xFF,0xFF,0xFF,0xFF,0xFF,0xFF,0xFF,0xFF,0xFF,0xFF,0xFF,0xFF,0xFF,
    0xFF,0xFF,0xFF,0xFF,0xFF,0xFF,0xFF,0xFF,0xFF,0xFF,0xFF,0xFF,0xFF,0xFF,0xFF,0xFF,0xFF,0xFF,0xFF,0xFF,0xFF,0xFF,0xFF,0xFF,0xFF,0xFF,0xFF,0xFF,0xFF,0xFF,0xFF,0xFF,0xFF,0xFF,0xFF,0xFF,
    0xFF,0xFF,0xFF,0xFF,0xFF,0xFF,0xFF,0xFF,0xFF,0xFF,0xFF,0xFF,0xFF,0xFF,0xFF,0xFF,0xFF,0xFF,0xFF,0xFF,0xFF,0xFF,0xFF,0xFF,0xFF,0xFF,0xFF,0xFF,0xFF,0xFF,0xFF,0xFF,0xFF,0xFF,0xFF,0xFF,
    0xFF,0xFF,0xFF,0xFF,0xFF,0xFF,0xFF,0xFF,0xFF,0xFF,0xFF,0xFF,0xFF,0xFF,0xFF,0xFF,0xFF,0xFF,0xFF,0xFF,0xFF,0xFF,0xFF,0xFF,0xFF,0xFF,0xFF,0xFF,0xFF,0xFF,0xFF,0xFF,0xFF,0xFF,0xFF,0xFF,
    0xFF,0xFF,0xFF,0xFF,0xFF,0xFF,0xFF,0xFF,0xFF,0xFF,0xFF,0xFF,0xFF,0xFF,0xFF,0xFF,0xFF,0xFF,0xFF,0xFF,0xFF,0xFF,0xFF,0xFF,0xFF,0xFF,0xFF,0xFF,0xFF,0xFF,0xFF,0xFF,0xFF,0xFF,0xFF,0xFF,
    0xFF,0xFF,0xFF,0xFF,0xFF,0xFF,0xFF,0xFF,0xFF,0xFF,0xFF,0xFF,0xFF,0xFF,0xFF,0xFF,0xFF,0xFF,0xFF,0xFF,0xFF,0xFF,0xFF,0xFF,0xFF,0xFF,0xFF,0xFF,0xFF,0xFF,0xFF,0xFF,0xFF,0xFF,0xFF,0xFF,
    0xFF,0xFF,0xFF,0xFF,0xFF,0xFF,0xFF,0xFF,0xFF,0xFF,0xFF,0xFF,0xFF,0xFF,0xFF,0xFF,0xFF,0xFF,0xFF,0xFF,0xFF,0xFF,0xFF,0xFF,0xFF,0xFF,0xFF,0xFF,0xFF,0xFF,0xFF,0xFF,0xFF,0xFF,0xFF,0xFF,
    0xFF,0xFF,0xFF,0xFF,0xFF,0xFF,0xFF,0xFF,0xFF,0xFF,0xFF,0xFF,0xFF,0xFF,0xFF,0xFF,0xFF,0xFF,0xFF,0xFF,0xFF,0xFF,0xFF,0xFF,0xFF,0xFF,0xFF,0xFF,0xFF,0xFF,0xFF,0xFF,0xFF,0xFF,0xFF,0xFF,
    0xFF,0xFF,0xFF,0xFF,0xFF,0xFF,0xFF,0xFF,0xFF,0xFF,0xFF,0xFF,0xFF,0xFF,0xFF,0xFF,0xFF,0xFF,0xFF,0xFF,0xFF,0xFF,0xFF,0xFF,0xFF,0xFF,0xFF,0xFF,0xFF,0xFF,0xFF,0xFF,0xFF,0xFF,0xFF,0xFF,
    0xFF,0xFF,0xFF,0xFF,0xFF,0xFF,0xFF,0xFF,0xFF,0xFF,0xFF,0xFF,0xFF,0xFF,0xFF,0xFF,0xFF,0xFF,0xFF,0xFF,0xFF,0xFF,0xFF,0xFF,0xFF,0xFF,0xFF,0xFF,0xFF,0xFF,0xFF,0xFF,0xFF,0xFF,0xFF,0xFF,
    0xFF,0xFF,0xFF,0xFF,0xFF,0xFF,0xFF,0xFF,0xFF,0xFF,0xFF,0xFF,0xFF,0xFF,0xFF,0xFF,0xFF,0xFF,0xFF,0xFF,0xFF,0xFF,0xFF,0xFF,0xFF,0xFF,0xFF,0xFF,0xFF,0xFF,0xFF,0xFF,0xFF,0xFF,0xFF,0xFF,
    0xFF,0xFF,0xFF,0xFF,0xFF,0xFF,0xFF,0xFF,0xFF,0xFF,0xFF,0xFF,0xFF,0xFF,0xFF,0xFF,0xFF,0xFF,0xFF,0xFF,0xFF,0xFF,0xFF,0xFF,0xFF,0xFF,0xFF,0xFF,0xFF,0xFF,0xFF,0xFF,0xFF,0xFF,0xFF,0xFF,
    0xFF,0xFF,0xFF,0xFF,0xFF,0xFF,0xFF,0xFF,0xFF,0xFF,0xFF,0xFF,0xFF,0xFF,0xFF,0xFF,0xFF,0xFF,0xFF,0xFF,0xFF,0xFF,0xFF,0xFF,0xFF,0xFF,0xFF,0xFF,0xFF,0xFF,0xFF,0xFF,0xFF,0xFF,0xFF,0xFF,
    0xFF,0xFF,0xFF,0xFF,0xFF,0xFF,0xFF,0xFF,0xFF,0xFF,0xFF,0xFF,0xFF,0xFF,0xFF,0xFF,0xFF,0xFF,0xFF,0xFF,0xFF,0xFF,0xFF,0xFF,0xFF,0xFF,0xFF,0xFF,0xFF,0xFF,0xFF,0xFF,0xFF,0xFF,0xFF,0xFF,
    0xFF,0xFF,0xFF,0xFF,0xFF,0xFF,0xFF,0xFF,0xFF,0xFF,0xFF,0xFF,0xFF,0xFF,0xFF,0xFF,0xFF,0xFF,0xFF,0xFF,0xFF,0xFF,0xFF,0xFF,0xFF,0xFF,0xFF,0xFF,0xFF,0xFF,0xFF,0xFF,0xFF,0xFF,0xFF,0xFF,
    0xFF,0xFF,0xFF,0xFF,0xFF,0xFF,0xFF,0xFF,0xFF,0xFF,0xFF,0xFF,0xFF,0xFF,0xFF,0xFF,0xFF,0xFF,0xFF,0xFF,0xFF,0xFF,0xFF,0xFF,0xFF,0xFF,0xFF,0xFF,0xFF,0xFF,0xFF,0xFF,0xFF,0xFF,0xFF,0xFF,
    0xFF,0xFF,0xFF,0xFF,0xFF,0xFF,0xFF,0xFF,0xFF,0xFF,0xFF,0xFF,0xFF,0xFF,0xFF,0xFF,0xFF,0xFF,0xFF,0xFF,0xFF,0xFF,0xFF,0xFF,0xFF,0xFF,0xFF,0xFF,0xFF,0xFF,0xFF,0xFF,0xFF,0xFF,0xFF,0xFF,
    0xFF,0xFF,0xFF,0xFF,0xFF,0xFF,0xFF,0xFF,0xFF,0xFF,0xFF,0xFF,0xFF,0xFF,0xFF,0xFF,0xFF,0xFF,0xFF,0xFF,0xFF,0xFF,0xFF,0xFF,0xFF,0xFF,0xFF,0xFF,0xFF,0xFF,0xFF,0xFF,0xFF,0xFF,0xFF,0xFF,
    0xFF,0xFF,0xFF,0xFF,0xFF,0xFF,0xFF,0xFF,0xFF,0xFF,0xFF,0xFF,0xFF,0xFF,0xFF,0xFF,0xFF,0xFF,0xFF,0xFF,0xFF,0xFF,0xFF,0xFF,0xFF,0xFF,0xFF,0xFF,0xFF,0xFF,0xFF,0xFF,0xFF,0xFF,0xFF,0xFF,
    0xFF,0xFF,0xFF,0xFF,0xFF,0xFF,0xFF,0xFF,0xFF,0xFF,0xFF,0xFF,0xFF,0xFF,0xFF,0xFF,0xFF,0xFF,0xFF,0xFF,0xFF,0xFF,0xFF,0xFF,0xFF,0xFF,0xFF,0xFF,0xFF,0xFF,0xFF,0xFF,0xFF,0xFF,0xFF,0xFF,
    0xFF,0xFF,0xFF,0xFF,0xFF,0xFF,0xFF,0xFF,0xFF,0xFF,0xFF,0xFF,0xFF,0xFF,0xFF,0xFF,0xFF,0xFF,0xFF,0xFF,0xFF,0xFF,0xFF,0xFF,0xFF,0xFF,0xFF,0xFF,0xFF,0xFF,0xFF,0xFF,0xFF,0xFF,0xFF,0xFF,
    0xFF,0xFF,0xFF,0xFF,0xFF,0xFF,0xFF,0xFF,0xFF,0xFF,0xFF,0xFF,0xFF,0xFF,0xFF,0xFF,0xFF,0xFF,0xFF,0xFF,0xFF,0xFF,0xFF,0xFF,0xFF,0xFF,0xFF,0xFF,0xFF,0xFF,0xFF,0xFF,0xFF,0xFF,0xFF,0xFF,
    0xFF,0xFF,0xFF,0xFF,0xFF,0xFF,0xFF,0xFF,0xFF,0xFF,0xFF,0xFF,0xFF,0xFF,0xFF,0xFF,0xFF,0xFF,0xFF,0xFF,0xFF,0xFF,0xFF,0xFF,0xFF,0xFF,0xFF,0xFF,0xFF,0xFF,0xFF,0xFF,0xFF,0xFF,0xFF,0xFF,
    0xFF,0xFF,0xFF,0xFF,0xFF,0xFF,0xFF,0xFF,0xFF,0xFF,0xFF,0xFF,0xFF,0xFF,0xFF,0xFF,0xFF,0xFF,0xFF,0xFF,0xFF,0xFF,0xFF,0xFF,0xFF,0xFF,0xFF,0xFF,0xFF,0xFF,0xFF,0xFF,0xFF,0xFF,0xFF,0xFF,
    0xFF,0xFF,0xFF,0xDF,0xFF,0xFF,0xFF,0xFF,0xFF,0xFF,0xFF,0xFF,0xDF,0xFF,0xFF,0xFF,0xFF,0xFF,0x5D,0xEF,0xFF,0xBE,0xF7,0xFF,0xDF,0xFF,0xFF,0xFF,0xFF,0xFF,0xFF,0xFF,0xFF,0xBE,0xF7,0xFF,
    0x69,0x4A,0xFF,0x20,0x00,0xFF,0x20,0x00,0xFF,0x00,0x00,0xFF,0x00,0x00,0xFF,0x62,0x08,0xFF,0x66,0x29,0xFF,0x51,0x8C,0xFF,0x72,0x8C,0xFF,0xF4,0x9C,0xFF,0x31,0x84,0xFF,0x08,0x42,0xFF,
    0x42,0x08,0xFF,0x62,0x08,0xFF,0x21,0x00,0xFF,0x00,0x00,0xFF,0x41,0x08,0xFF,0x00,0x00,0xFF,0x41,0x08,0xFF,0x42,0x08,0xFF,0x00,0x00,0xFF,0x00,0x00,0xFF,0x00,0x00,0xFF,0x00,0x00,0xFF,
    0x00,0x00,0xFF,0x00,0x00,0xFF,0x00,0x00,0xFF,0x41,0x08,0xFF,0x00,0x00,0xFF,0x00,0x00,0xFF,0x00,0x00,0xFF,0x00,0x00,0xFF,0x00,0x00,0xFF,0x00,0x00,0xFF,0x00,0x00,0xFF,0x00,0x00,0xFF,
    0x00,0x00,0xFF,0x01,0x00,0xFF,0x00,0x00,0xFF,0x00,0x00,0xFF,0x00,0x00,0xFF,0x00,0x00,0xFF,0x00,0x00,0xFF,0x00,0x00,0xFF,0x41,0x00,0xFF,0x00,0x00,0xFF,0x21,0x00,0xFF,0x41,0x08,0xFF,
    0x60,0x08,0xFF,0x20,0x00,0xFF,0x80,0x08,0xFF,0xA0,0x4A,0xFF,0xC8,0xEF,0xFF,0xE3,0xEF,0xFF,0xE2,0xF7,0xFF,0xE1,0xF7,0xFF,0xE1,0xF7,0xFF,0xE1,0xF7,0xFF,0xC2,0xF7,0xFF,0xC2,0xF7,0xFF,
    0xC3,0xF7,0xFF,0xC2,0xF7,0xFF,0xC3,0xEF,0xFF,0x63,0xDF,0xFF,0xE8,0xEF,0xFF,0x8B,0xE7,0xFF,0xC0,0x52,0xFF,0x60,0x00,0xFF,0x40,0x00,0xFF,0x00,0x00,0xFF,0x21,0x00,0xFF,0x00,0x00,0xFF,
    0x00,0x00,0xFF,0x20,0x00,0xFF,0x00,0x00,0xFF,0x00,0x00,0xFF,0x23,0x08,0xFF,0x7C,0xD6,0xFF,0xFF,0xFF,0xFF,0xBF,0xF7,0xFF,0xFE,0xFF,0xFF,0xFF,0xFF,0xFF,0xFF,0xFF,0xFF,0xFF,0xFF,0xFF,
    0xFF,0xFF,0xFF,0xFF,0xFF,0xFF,0xFF,0xFF,0xFF,0xFF,0xFF,0xFF,0xFF,0xFF,0xFF,0xFF,0xFF,0xFF,0xFF,0xFF,0xFF,0xFF,0xFF,0xFF,0xFF,0xFF,0xFF,0xFF,0xFF,0xFF,0xFE,0xFF,0xFF,0xFD,0xFF,0xFF,
    0xFE,0xFF,0xFF,0xFF,0xFF,0xFF,0xFF,0xFF,0xFF,0xFF,0xFF,0xFF,0xFF,0xFF,0xFF,0xFF,0xFF,0xFF,0xFF,0xFF,0xFF,0xFF,0xFF,0xFF,0xFF,0xFF,0xFF,0xFF,0xFF,0xFF,0xFF,0xFF,0xFF,0xFF,0xFF,0xFF,
    0xFF,0xFF,0xFF,0xFF,0xFF,0xFF,0xFF,0xFF,0xFF,0xFF,0xFF,0xFF,0xFF,0xFF,0xFF,0xFF,0xFF,0xFF,0xFF,0xFF,0xFF,0xFF,0xFF,0xFF,0xFF,0xFF,0xFF,0xFF,0xFF,0xFF,0xFF,0xFF,0xFF,0xFF,0xFF,0xFF,
    0xFF,0xFF,0xFF,0xFF,0xFF,0xFF,0xFF,0xFF,0xFF,0xFF,0xFF,0xFF,0xFF,0xFF,0xFF,0xFF,0xFF,0xFF,0xFF,0xFF,0xFF,0xFF,0xFF,0xFF,0xFF,0xFF,0xFF,0xFF,0xFF,0xFF,0xFF,0xFF,0xFF,0xFF,0xFF,0xFF,
    0xFF,0xFF,0xFF,0xFF,0xFF,0xFF,0xFF,0xFF,0xFF,0xFF,0xFF,0xFF,0xFF,0xFF,0xFF,0xFF,0xFF,0xFF,0xFF,0xFF,0xFF,0xFF,0xFF,0xFF,0xFF,0xFF,0xFF,0xFF,0xFF,0xFF,0xFF,0xFF,0xFF,0xFF,0xFF,0xFF,
    0xFF,0xFF,0xFF,0xFF,0xFF,0xFF,0xFF,0xFF,0xFF,0xFF,0xFF,0xFF,0xFF,0xFF,0xFF,0xFF,0xFF,0xFF,0xFF,0xFF,0xFF,0xFF,0xFF,0xFF,0xFF,0xFF,0xFF,0xFF,0xFF,0xFF,0xFF,0xFF,0xFF,0xFF,0xFF,0xFF,
    0xFF,0xFF,0xFF,0xFF,0xFF,0xFF,0xFF,0xFF,0xFF,0xFF,0xFF,0xFF,0xFF,0xFF,0xFF,0xFF,0xFF,0xFF,0xFF,0xFF,0xFF,0xFF,0xFF,0xFF,0xFF,0xFF,0xFF,0xFF,0xFF,0xFF,0xFF,0xFF,0xFF,0xFF,0xFF,0xFF,
    0xFF,0xFF,0xFF,0xFF,0xFF,0xFF,0xFF,0xFF,0xFF,0xFF,0xFF,0xFF,0xFF,0xFF,0xFF,0xFF,0xFF,0xFF,0xFF,0xFF,0xFF,0xFF,0xFF,0xFF,0xFF,0xFF,0xFF,0xFF,0xFF,0xFF,0xFF,0xFF,0xFF,0xFF,0xFF,0xFF,
    0xFF,0xFF,0xFF,0xFF,0xFF,0xFF,0xFF,0xFF,0xFF,0xFF,0xFF,0xFF,0xFF,0xFF,0xFF,0xFF,0xFF,0xFF,0xFF,0xFF,0xFF,0xFF,0xFF,0xFF,0xFF,0xFF,0xFF,0xFF,0xFF,0xFF,0xFF,0xFF,0xFF,0xFF,0xFF,0xFF,
    0xFF,0xFF,0xFF,0xFF,0xFF,0xFF,0xFF,0xFF,0xFF,0xFF,0xFF,0xFF,0xFF,0xFF,0xFF,0xFF,0xFF,0xFF,0xFF,0xFF,0xFF,0xFF,0xFF,0xFF,0xFF,0xFF,0xFF,0xFF,0xFF,0xFF,0xFF,0xFF,0xFF,0xFF,0xFF,0xFF,
    0xFF,0xFF,0xFF,0xFF,0xFF,0xFF,0xFF,0xFF,0xFF,0xFF,0xFF,0xFF,0xFF,0xFF,0xFF,0xFF,0xFF,0xFF,0xFF,0xFF,0xFF,0xFF,0xFF,0xFF,0xFF,0xFF,0xFF,0xFF,0xFF,0xFF,0xFF,0xFF,0xFF,0xFF,0xFF,0xFF,
    0xFF,0xFF,0xFF,0xFF,0xFF,0xFF,0xFF,0xFF,0xFF,0xFF,0xFF,0xFF,0xFF,0xFF,0xFF,0xFF,0xFF,0xFF,0xFF,0xFF,0xFF,0xFF,0xFF,0xFF,0xFF,0xFF,0xFF,0xFF,0xFF,0xFF,0xFF,0xFF,0xFF,0xFF,0xFF,0xFF,
    0xFF,0xFF,0xFF,0xFF,0xFF,0xFF,0xFF,0xFF,0xFF,0xFF,0xFF,0xFF,0xFF,0xFF,0xFF,0xFF,0xFF,0xFF,0xFF,0xFF,0xFF,0xFF,0xFF,0xFF,0xFF,0xFF,0xFF,0xFF,0xFF,0xFF,0xFF,0xFF,0xFF,0xFF,0xFF,0xFF,
    0xFF,0xFF,0xFF,0xFF,0xFF,0xFF,0xFF,0xFF,0xFF,0xFF,0xFF,0xFF,0xFF,0xFF,0xFF,0xFF,0xFF,0xFF,0xFF,0xFF,0xFF,0xFF,0xFF,0xFF,0xFF,0xFF,0xFF,0xFF,0xFF,0xFF,0xFF,0xFF,0xFF,0xFF,0xFF,0xFF,
    0xFF,0xFF,0xFF,0xFF,0xFF,0xFF,0xFF,0xFF,0xFF,0xFF,0xFF,0xFF,0xFF,0xFF,0xFF,0xFF,0xFF,0xFF,0xFF,0xFF,0xFF,0xFF,0xFF,0xFF,0xFF,0xFF,0xFF,0xFF,0xFF,0xFF,0xFF,0xFF,0xFF,0xFF,0xFF,0xFF,
    0xFF,0xFF,0xFF,0xFF,0xFF,0xFF,0xFF,0xFF,0xFF,0xFF,0xFF,0xFF,0xFF,0xFF,0xFF,0xFF,0xFF,0xFF,0xFF,0xFF,0xFF,0xFF,0xFF,0xFF,0xFF,0xFF,0xFF,0xFF,0xFF,0xFF,0xFF,0xFF,0xFF,0xFF,0xFF,0xFF,
    0xFF,0xFF,0xFF,0xFF,0xFF,0xFF,0xFF,0xFF,0xFF,0xFF,0xFF,0xFF,0xFF,0xFF,0xFF,0xFF,0xFF,0xFF,0xFF,0xFF,0xFF,0xFF,0xFF,0xFF,0xFF,0xFF,0xFF,0xFF,0xFF,0xFF,0xFF,0xFF,0xFF,0xFF,0xFF,0xFF,
    0xFF,0xFF,0xFF,0xFF,0xFF,0xFF,0xFF,0xFF,0xFF,0xFF,0xFF,0xFF,0xFF,0xFF,0xFF,0xFF,0xFF,0xFF,0xFF,0xFF,0xFF,0xFF,0xFF,0xFF,0xFF,0xFF,0xFF,0xFF,0xFF,0xFF,0xFF,0xFF,0xFF,0xFF,0xFF,0xFF,
    0xFF,0xFF,0xFF,0xFF,0xFF,0xFF,0xFF,0xFF,0xFF,0xFF,0xFF,0xFF,0xFF,0xFF,0xFF,0xFF,0xFF,0xFF,0xFF,0xFF,0xFF,0xFF,0xFF,0xFF,0xFF,0xFF,0xFF,0xFF,0xFF,0xFF,0xFF,0xFF,0xFF,0xFF,0xFF,0xFF,
    0xFF,0xFF,0xFF,0xFF,0xFF,0xFF,0xFF,0xFF,0xFF,0xFF,0xFF,0xFF,0xFF,0xFF,0xFF,0xFF,0xFF,0xFF,0xFF,0xFF,0xFF,0xFF,0xFF,0xFF,0xFF,0xFF,0xFF,0xFF,0xFF,0xFF,0xFF,0xFF,0xFF,0xFF,0xFF,0xFF,
    0xFF,0xFF,0xFF,0xFF,0xFF,0xFF,0xFF,0xFF,0xFF,0xFF,0xFF,0xFF,0xFF,0xFF,0xFF,0xFF,0xFF,0xFF,0xFF,0xFF,0xFF,0xFF,0xFF,0xFF,0xFF,0xFF,0xFF,0xFF,0xFF,0xFF,0xFF,0xFF,0xFF,0xFF,0xFF,0xFF,
    0xFF,0xFF,0xFF,0xFF,0xFF,0xFF,0xFF,0xFF,0xFF,0xFF,0xFF,0xFF,0xFF,0xFF,0xFF,0xFF,0xFF,0xFF,0xFF,0xFF,0xFF,0xFF,0xFF,0xFF,0xFF,0xFF,0xFF,0xFF,0xFF,0xFF,0xFF,0xFF,0xFF,0xFF,0xFF,0xFF,
    0xFF,0xFF,0xFF,0xFF,0xFF,0xFF,0xFF,0xFF,0xFF,0xFF,0xFF,0xFF,0xFF,0xFF,0xFF,0xFF,0xFF,0xFF,0xFF,0xFF,0xFF,0xFF,0xFF,0xFF,0xFF,0xFF,0xFF,0xFF,0xFF,0xFF,0xFF,0xFF,0xFF,0xFF,0xFF,0xFF,
    0xFF,0xFF,0xFF,0xFF,0xFF,0xFF,0xFF,0xFF,0xFF,0xFF,0xFF,0xFF,0xFF,0xFF,0xFF,0xFF,0xFF,0xFF,0xFF,0xFF,0xFF,0xFF,0xFF,0xFF,0xFF,0xFF,0xFF,0xFF,0xFF,0xFF,0xFF,0xFF,0xFF,0xFF,0xFF,0xFF,
    0xFF,0xFF,0xFF,0xFF,0xFF,0xFF,0xFF,0xFF,0xFF,0xFF,0xFF,0xFF,0xFF,0xFF,0xFF,0xFF,0xFF,0xFF,0xFF,0xFF,0xFF,0xFF,0xFF,0xFF,0xFF,0xFF,0xFF,0xFF,0xFF,0xFF,0xFF,0xFF,0xFF,0xFF,0xFF,0xFF,
    0xFF,0xFF,0xFF,0xFF,0xFF,0xFF,0xFF,0xFF,0xFF,0xFF,0xFF,0xFF,0xFF,0xFF,0xFF,0xFF,0xFF,0xFF,0xFF,0xFF,0xFF,0xFF,0xFF,0xFF,0xFF,0xFF,0xFF,0xFF,0xFF,0xFF,0xFF,0xFF,0xFF,0xFF,0xFF,0xFF,
    0xFF,0xFF,0xFF,0xDF,0xFF,0xFF,0xFF,0xFF,0xFF,0xBE,0xF7,0xFF,0xFF,0xFF,0xFF,0xFF,0xFF,0xFF,0xBE,0xF7,0xFF,0xDF,0xFF,0xFF,0x2C,0x63,0xFF,0x20,0x00,0xFF,0x00,0x00,0xFF,0x41,0x08,0xFF,
    0x00,0x00,0xFF,0x41,0x08,0xFF,0x00,0x00,0xFF,0x49,0x4A,0xFF,0xB3,0x94,0xFF,0xD3,0x9C,0xFF,0xF4,0x9C,0xFF,0x31,0x84,0xFF,0x51,0x8C,0xFF,0x2C,0x63,0xFF,0x86,0x31,0xFF,0x41,0x08,0xFF,
    0x00,0x00,0xFF,0x00,0x00,0xFF,0x21,0x00,0xFF,0x20,0x00,0xFF,0x00,0x00,0xFF,0x00,0x00,0xFF,0x00,0x00,0xFF,0x00,0x00,0xFF,0x21,0x00,0xFF,0x00,0x00,0xFF,0x00,0x00,0xFF,0x00,0x00,0xFF,
    0x00,0x00,0xFF,0x00,0x00,0xFF,0x00,0x00,0xFF,0x00,0x00,0xFF,0x00,0x00,0xFF,0x00,0x00,0xFF,0x01,0x00,0xFF,0x01,0x00,0xFF,0x01,0x00,0xFF,0x00,0x00,0xFF,0x00,0x00,0xFF,0x00,0x00,0xFF,
    0x00,0x00,0xFF,0x00,0x00,0xFF,0x00,0x00,0xFF,0x00,0x00,0xFF,0x41,0x00,0xFF,0x00,0x00,0xFF,0x20,0x00,0xFF,0x00,0x00,0xFF,0x60,0x08,0xFF,0xC0,0x10,0xFF,0xA9,0xEF,0xFF,0xE4,0xEF,0xFF,
    0xE3,0xF7,0xFF,0xE2,0xF7,0xFF,0xE1,0xF7,0xFF,0xE1,0xF7,0xFF,0xE1,0xF7,0xFF,0xE2,0xF7,0xFF,0xE4,0xF7,0xFF,0x84,0xEF,0xFF,0xC6,0xEF,0xFF,0xE9,0xF7,0xFF,0x8C,0xE7,0xFF,0x80,0x08,0xFF,
    0xA0,0x10,0xFF,0x00,0x00,0xFF,0x20,0x00,0xFF,0x00,0x00,0xFF,0x00,0x00,0xFF,0x00,0x00,0xFF,0x40,0x00,0xFF,0x60,0x08,0xFF,0x00,0x00,0xFF,0x20,0x00,0xFF,0x3F,0xEF,0xFF,0xDF,0xFF,0xFF,
    0x9F,0xF7,0xFF,0xFF,0xFF,0xFF,0xFF,0xFF,0xFF,0x9D,0xF7,0xFF,0xFF,0xFF,0xFF,0xBF,0xF7,0xFF,0xFF,0xFF,0xFF,0xFF,0xFF,0xFF,0xFF,0xFF,0xFF,0xFF,0xFF,0xFF,0xFF,0xFF,0xFF,0xFF,0xFF,0xFF,
    0xFF,0xFF,0xFF,0xFF,0xFF,0xFF,0xFF,0xFF,0xFF,0xFF,0xFF,0xFF,0xFE,0xFF,0xFF,0xFE,0xFF,0xFF,0xFE,0xFF,0xFF,0xFF,0xFF,0xFF,0xFF,0xFF,0xFF,0xFF,0xFF,0xFF,0xFF,0xFF,0xFF,0xFF,0xFF,0xFF,
    0xFF,0xFF,0xFF,0xFF,0xFF,0xFF,0xFF,0xFF,0xFF,0xFF,0xFF,0xFF,0xFF,0xFF,0xFF,0xFF,0xFF,0xFF,0xFF,0xFF,0xFF,0xFF,0xFF,0xFF,0xFF,0xFF,0xFF,0xFF,0xFF,0xFF,0xFF,0xFF,0xFF,0xFF,0xFF,0xFF,
    0xFF,0xFF,0xFF,0xFF,0xFF,0xFF,0xFF,0xFF,0xFF,0xFF,0xFF,0xFF,0xFF,0xFF,0xFF,0xFF,0xFF,0xFF,0xFF,0xFF,0xFF,0xFF,0xFF,0xFF,0xFF,0xFF,0xFF,0xFF,0xFF,0xFF,0xFF,0xFF,0xFF,0xFF,0xFF,0xFF,
    0xFF,0xFF,0xFF,0xFF,0xFF,0xFF,0xFF,0xFF,0xFF,0xFF,0xFF,0xFF,0xFF,0xFF,0xFF,0xFF,0xFF,0xFF,0xFF,0xFF,0xFF,0xFF,0xFF,0xFF,0xFF,0xFF,0xFF,0xFF,0xFF,0xFF,0xFF,0xFF,0xFF,0xFF,0xFF,0xFF,
    0xFF,0xFF,0xFF,0xFF,0xFF,0xFF,0xFF,0xFF,0xFF,0xFF,0xFF,0xFF,0xFF,0xFF,0xFF,0xFF,0xFF,0xFF,0xFF,0xFF,0xFF,0xFF,0xFF,0xFF,0xFF,0xFF,0xFF,0xFF,0xFF,0xFF,0xFF,0xFF,0xFF,0xFF,0xFF,0xFF,
    0xFF,0xFF,0xFF,0xFF,0xFF,0xFF,0xFF,0xFF,0xFF,0xFF,0xFF,0xFF,0xFF,0xFF,0xFF,0xFF,0xFF,0xFF,0xFF,0xFF,0xFF,0xFF,0xFF,0xFF,0xFF,0xFF,0xFF,0xFF,0xFF,0xFF,0xFF,0xFF,0xFF,0xFF,0xFF,0xFF,
    0xFF,0xFF,0xFF,0xFF,0xFF,0xFF,0xFF,0xFF,0xFF,0xFF,0xFF,0xFF,0xFF,0xFF,0xFF,0xFF,0xFF,0xFF,0xFF,0xFF,0xFF,0xFF,0xFF,0xFF,0xFF,0xFF,0xFF,0xFF,0xFF,0xFF,0xFF,0xFF,0xFF,0xFF,0xFF,0xFF,
    0xFF,0xFF,0xFF,0xFF,0xFF,0xFF,0xFF,0xFF,0xFF,0xFF,0xFF,0xFF,0xFF,0xFF,0xFF,0xFF,0xFF,0xFF,0xFF,0xFF,0xFF,0xFF,0xFF,0xFF,0xFF,0xFF,0xFF,0xFF,0xFF,0xFF,0xFF,0xFF,0xFF,0xFF,0xFF,0xFF,
    0xFF,0xFF,0xFF,0xFF,0xFF,0xFF,0xFF,0xFF,0xFF,0xFF,0xFF,0xFF,0xFF,0xFF,0xFF,0xFF,0xFF,0xFF,0xFF,0xFF,0xFF,0xFF,0xFF,0xFF,0xFF,0xFF,0xFF,0xFF,0xFF,0xFF,0xFF,0xFF,0xFF,0xFF,0xFF,0xFF,
    0xFF,0xFF,0xFF,0xFF,0xFF,0xFF,0xFF,0xFF,0xFF,0xFF,0xFF,0xFF,0xFF,0xFF,0xFF,0xFF,0xFF,0xFF,0xFF,0xFF,0xFF,0xFF,0xFF,0xFF,0xFF,0xFF,0xFF,0xFF,0xFF,0xFF,0xFF,0xFF,0xFF,0xFF,0xFF,0xFF,
    0xFF,0xFF,0xFF,0xFF,0xFF,0xFF,0xFF,0xFF,0xFF,0xFF,0xFF,0xFF,0xFF,0xFF,0xFF,0xFF,0xFF,0xFF,0xFF,0xFF,0xFF,0xFF,0xFF,0xFF,0xFF,0xFF,0xFF,0xFF,0xFF,0xFF,0xFF,0xFF,0xFF,0xFF,0xFF,0xFF,
    0xFF,0xFF,0xFF,0xFF,0xFF,0xFF,0xFF,0xFF,0xFF,0xFF,0xFF,0xFF,0xFF,0xFF,0xFF,0xFF,0xFF,0xFF,0xFF,0xFF,0xFF,0xFF,0xFF,0xFF,0xFF,0xFF,0xFF,0xFF,0xFF,0xFF,0xFF,0xFF,0xFF,0xFF,0xFF,0xFF,
    0xFF,0xFF,0xFF,0xFF,0xFF,0xFF,0xFF,0xFF,0xFF,0xFF,0xFF,0xFF,0xFF,0xFF,0xFF,0xFF,0xFF,0xFF,0xFF,0xFF,0xFF,0xFF,0xFF,0xFF,0xFF,0xFF,0xFF,0xFF,0xFF,0xFF,0xFF,0xFF,0xFF,0xFF,0xFF,0xFF,
    0xFF,0xFF,0xFF,0xFF,0xFF,0xFF,0xFF,0xFF,0xFF,0xFF,0xFF,0xFF,0xFF,0xFF,0xFF,0xFF,0xFF,0xFF,0xFF,0xFF,0xFF,0xFF,0xFF,0xFF,0xFF,0xFF,0xFF,0xFF,0xFF,0xFF,0xFF,0xFF,0xFF,0xFF,0xFF,0xFF,
    0xFF,0xFF,0xFF,0xFF,0xFF,0xFF,0xFF,0xFF,0xFF,0xFF,0xFF,0xFF,0xFF,0xFF,0xFF,0xFF,0xFF,0xFF,0xFF,0xFF,0xFF,0xFF,0xFF,0xFF,0xFF,0xFF,0xFF,0xFF,0xFF,0xFF,0xFF,0xFF,0xFF,0xFF,0xFF,0xFF,
    0xFF,0xFF,0xFF,0xFF,0xFF,0xFF,0xFF,0xFF,0xFF,0xFF,0xFF,0xFF,0xFF,0xFF,0xFF,0xFF,0xFF,0xFF,0xFF,0xFF,0xFF,0xFF,0xFF,0xFF,0xFF,0xFF,0xFF,0xFF,0xFF,0xFF,0xFF,0xFF,0xFF,0xFF,0xFF,0xFF,
    0xFF,0xFF,0xFF,0xFF,0xFF,0xFF,0xFF,0xFF,0xFF,0xFF,0xFF,0xFF,0xFF,0xFF,0xFF,0xFF,0xFF,0xFF,0xFF,0xFF,0xFF,0xFF,0xFF,0xFF,0xFF,0xFF,0xFF,0xFF,0xFF,0xFF,0xFF,0xFF,0xFF,0xFF,0xFF,0xFF,
    0xFF,0xFF,0xFF,0xFF,0xFF,0xFF,0xFF,0xFF,0xFF,0xFF,0xFF,0xFF,0xFF,0xFF,0xFF,0xFF,0xFF,0xFF,0xFF,0xFF,0xFF,0xFF,0xFF,0xFF,0xFF,0xFF,0xFF,0xFF,0xFF,0xFF,0xFF,0xFF,0xFF,0xFF,0xFF,0xFF,
    0xFF,0xFF,0xFF,0xFF,0xFF,0xFF,0xFF,0xFF,0xFF,0xFF,0xFF,0xFF,0xFF,0xFF,0xFF,0xFF,0xFF,0xFF,0xFF,0xFF,0xFF,0xFF,0xFF,0xFF,0xFF,0xFF,0xFF,0xFF,0xFF,0xFF,0xFF,0xFF,0xFF,0xFF,0xFF,0xFF,
    0xFF,0xFF,0xFF,0xFF,0xFF,0xFF,0xFF,0xFF,0xFF,0xFF,0xFF,0xFF,0xFF,0xFF,0xFF,0xFF,0xFF,0xFF,0xFF,0xFF,0xFF,0xFF,0xFF,0xFF,0xFF,0xFF,0xFF,0xFF,0xFF,0xFF,0xFF,0xFF,0xFF,0xFF,0xFF,0xFF,
    0xFF,0xFF,0xFF,0xFF,0xFF,0xFF,0xFF,0xFF,0xFF,0xFF,0xFF,0xFF,0xFF,0xFF,0xFF,0xFF,0xFF,0xFF,0xFF,0xFF,0xFF,0xFF,0xFF,0xFF,0xFF,0xFF,0xFF,0xFF,0xFF,0xFF,0xFF,0xFF,0xFF,0xFF,0xFF,0xFF,
    0xFF,0xFF,0xFF,0xFF,0xFF,0xFF,0xFF,0xFF,0xFF,0xFF,0xFF,0xFF,0xFF,0xFF,0xFF,0xFF,0xFF,0xFF,0xFF,0xFF,0xFF,0xFF,0xFF,0xFF,0xFF,0xFF,0xFF,0xFF,0xFF,0xFF,0xFF,0xFF,0xFF,0xFF,0xFF,0xFF,
    0xFF,0xFF,0xFF,0xFF,0xFF,0xFF,0xFF,0xFF,0xFF,0xFF,0xFF,0xFF,0xFF,0xFF,0xFF,0xFF,0xFF,0xFF,0xFF,0xFF,0xFF,0xFF,0xFF,0xFF,0xFF,0xFF,0xFF,0xFF,0xFF,0xFF,0xFF,0xFF,0xFF,0xFF,0xFF,0xFF,
    0xFF,0xFF,0xFF,0xFF,0xFF,0xFF,0xFF,0xFF,0xFF,0xFF,0xFF,0xFF,0xFF,0xFF,0xFF,0xFF,0xFF,0xFF,0xFF,0xFF,0xFF,0xFF,0xFF,0xFF,0xFF,0xFF,0xFF,0xFF,0xFF,0xFF,0xFF,0xFF,0xFF,0xFF,0xFF,0xFF,
    0xFF,0xFF,0xFF,0xFF,0xFF,0xFF,0xFF,0xFF,0xFF,0xFF,0xFF,0xFF,0xFF,0xFF,0xFF,0xFF,0xFF,0xFF,0xFF,0xFF,0xFF,0xFF,0xFF,0xFF,0xFF,0xFF,0xFF,0xFF,0xFF,0xFF,0xFF,0xFF,0xFF,0xFF,0xFF,0xFF,
    0xFF,0xFF,0xFF,0xFF,0xFF,0xFF,0xFF,0xFF,0xFF,0xFF,0xFF,0xFF,0xFF,0xFF,0xFF,0xFF,0xFF,0xFF,0xFF,0xFF,0xFF,0xFF,0xFF,0xFF,0xFF,0xFF,0xFF,0xFF,0xFF,0xFF,0xFF,0xFF,0xFF,0xFF,0xFF,0xFF,
    0xFF,0xFF,0xFF,0xFF,0xFF,0xFF,0xFF,0xFF,0xFF,0xFF,0xFF,0xFF,0xF3,0x9C,0xFF,0x82,0x10,0xFF,0x41,0x08,0xFF,0x00,0x00,0xFF,0x00,0x00,0xFF,0x20,0x00,0xFF,0x00,0x00,0xFF,0x00,0x00,0xFF,
    0xA6,0x31,0xFF,0xAE,0x73,0xFF,0xF4,0x9C,0xFF,0xB2,0x94,0xFF,0x72,0x8C,0xFF,0xF3,0x9C,0xFF,0x14,0xA5,0xFF,0xB2,0x94,0xFF,0xD3,0x9C,0xFF,0xA6,0x31,0xFF,0x00,0x00,0xFF,0x00,0x00,0xFF,
    0x00,0x00,0xFF,0x41,0x08,0xFF,0x00,0x00,0xFF,0x00,0x00,0xFF,0x00,0x00,0xFF,0x00,0x00,0xFF,0x00,0x00,0xFF,0x00,0x00,0xFF,0x00,0x00,0xFF,0x00,0x00,0xFF,0x00,0x00,0xFF,0x00,0x00,0xFF,
    0x00,0x00,0xFF,0x00,0x00,0xFF,0x00,0x00,0xFF,0x00,0x00,0xFF,0x00,0x00,0xFF,0x00,0x00,0xFF,0x00,0x00,0xFF,0x00,0x00,0xFF,0x00,0x00,0xFF,0x00,0x00,0xFF,0x00,0x00,0xFF,0x00,0x00,0xFF,
    0x20,0x00,0xFF,0x00,0x00,0xFF,0x20,0x00,0xFF,0x80,0x08,0xFF,0x6B,0xEF,0xFF,0xC6,0xF7,0xFF,0xE5,0xF7,0xFF,0x62,0xE7,0xFF,0xE2,0xF7,0xFF,0xE1,0xF7,0xFF,0xC0,0xE7,0xFF,0xE1,0xEF,0xFF,
    0xE4,0xEF,0xFF,0xC7,0xEF,0xFF,0x8B,0xE7,0xFF,0x26,0x9D,0xFF,0x80,0x10,0xFF,0x60,0x08,0xFF,0x00,0x00,0xFF,0x66,0x31,0xFF,0x4D,0x6B,0xFF,0x61,0x08,0xFF,0x00,0x00,0xFF,0x00,0x00,0xFF,
    0x40,0x08,0xFF,0x00,0x00,0xFF,0xC2,0x10,0xFF,0xBE,0xF7,0xFF,0xFF,0xFF,0xFF,0xFF,0xFF,0xFF,0xFF,0xFF,0xFF,0xFF,0xFF,0xFF,0xFF,0xFF,0xFF,0xFF,0xFF,0xFF,0xFF,0xFF,0xFF,0xFF,0xFF,0xFF,
    0xFF,0xFF,0xFF,0xFF,0xFF,0xFF,0xFF,0xFF,0xFF,0xFF,0xFF,0xFF,0xFF,0xFF,0xFF,0xFF,0xFF,0xFF,0xFF,0xFF,0xFF,0xFF,0xFF,0xFF,0xFF,0xFF,0xFF,0xFF,0xFF,0xFF,0xFF,0xFF,0xFF,0xFF,0xFF,0xFF,
    0xFF,0xFF,0xFF,0xFF,0xFF,0xFF,0xFF,0xFF,0xFF,0xFF,0xFF,0xFF,0xFF,0xFF,0xFF,0xFF,0xFF,0xFF,0xFF,0xFF,0xFF,0xFF,0xFF,0xFF,0xFF,0xFF,0xFF,0xFF,0xFF,0xFF,0xFF,0xFF,0xFF,0xFF,0xFF,0xFF,
    0xFF,0xFF,0xFF,0xFF,0xFF,0xFF,0xFF,0xFF,0xFF,0xFF,0xFF,0xFF,0xFF,0xFF,0xFF,0xFF,0xFF,0xFF,0xFF,0xFF,0xFF,0xFF,0xFF,0xFF,0xFF,0xFF,0xFF,0xFF,0xFF,0xFF,0xFF,0xFF,0xFF,0xFF,0xFF,0xFF,
    0xFF,0xFF,0xFF,0xFF,0xFF,0xFF,0xFF,0xFF,0xFF,0xFF,0xFF,0xFF,0xFF,0xFF,0xFF,0xFF,0xFF,0xFF,0xFF,0xFF,0xFF,0xFF,0xFF,0xFF,0xFF,0xFF,0xFF,0xFF,0xFF,0xFF,0xFF,0xFF,0xFF,0xFF,0xFF,0xFF,
    0xFF,0xFF,0xFF,0xFF,0xFF,0xFF,0xFF,0xFF,0xFF,0xFF,0xFF,0xFF,0xFF,0xFF,0xFF,0xFF,0xFF,0xFF,0xFF,0xFF,0xFF,0xFF,0xFF,0xFF,0xFF,0xFF,0xFF,0xFF,0xFF,0xFF,0xFF,0xFF,0xFF,0xFF,0xFF,0xFF,
    0xFF,0xFF,0xFF,0xFF,0xFF,0xFF,0xFF,0xFF,0xFF,0xFF,0xFF,0xFF,0xFF,0xFF,0xFF,0xFF,0xFF,0xFF,0xFF,0xFF,0xFF,0xFF,0xFF,0xFF,0xFF,0xFF,0xFF,0xFF,0xFF,0xFF,0xFF,0xFF,0xFF,0xFF,0xFF,0xFF,
    0xFF,0xFF,0xFF,0xFF,0xFF,0xFF,0xFF,0xFF,0xFF,0xFF,0xFF,0xFF,0xFF,0xFF,0xFF,0xFF,0xFF,0xFF,0xFF,0xFF,0xFF,0xFF,0xFF,0xFF,0xFF,0xFF,0xFF,0xFF,0xFF,0xFF,0xFF,0xFF,0xFF,0xFF,0xFF,0xFF,
    0xFF,0xFF,0xFF,0xFF,0xFF,0xFF,0xFF,0xFF,0xFF,0xFF,0xFF,0xFF,0xFF,0xFF,0xFF,0xFF,0xFF,0xFF,0xFF,0xFF,0xFF,0xFF,0xFF,0xFF,0xFF,0xFF,0xFF,0xFF,0xFF,0xFF,0xFF,0xFF,0xFF,0xFF,0xFF,0xFF,
    0xFF,0xFF,0xFF,0xFF,0xFF,0xFF,0xFF,0xFF,0xFF,0xFF,0xFF,0xFF,0xFF,0xFF,0xFF,0xFF,0xFF,0xFF,0xFF,0xFF,0xFF,0xFF,0xFF,0xFF,0xFF,0xFF,0xFF,0xFF,0xFF,0xFF,0xFF,0xFF,0xFF,0xFF,0xFF,0xFF,
    0xFF,0xFF,0xFF,0xFF,0xFF,0xFF,0xFF,0xFF,0xFF,0xFF,0xFF,0xFF,0xFF,0xFF,0xFF,0xFF,0xFF,0xFF,0xFF,0xFF,0xFF,0xFF,0xFF,0xFF,0xFF,0xFF,0xFF,0xFF,0xFF,0xFF,0xFF,0xFF,0xFF,0xFF,0xFF,0xFF,
    0xFF,0xFF,0xFF,0xFF,0xFF,0xFF,0xFF,0xFF,0xFF,0xFF,0xFF,0xFF,0xFF,0xFF,0xFF,0xFF,0xFF,0xFF,0xFF,0xFF,0xFF,0xFF,0xFF,0xFF,0xFF,0xFF,0xFF,0xFF,0xFF,0xFF,0xFF,0xFF,0xFF,0xFF,0xFF,0xFF,
    0xFF,0xFF,0xFF,0xFF,0xFF,0xFF,0xFF,0xFF,0xFF,0xFF,0xFF,0xFF,0xFF,0xFF,0xFF,0xFF,0xFF,0xFF,0xFF,0xFF,0xFF,0xFF,0xFF,0xFF,0xFF,0xFF,0xFF,0xFF,0xFF,0xFF,0xFF,0xFF,0xFF,0xFF,0xFF,0xFF,
    0xFF,0xFF,0xFF,0xFF,0xFF,0xFF,0xFF,0xFF,0xFF,0xFF,0xFF,0xFF,0xFF,0xFF,0xFF,0xFF,0xFF,0xFF,0xFF,0xFF,0xFF,0xFF,0xFF,0xFF,0xFF,0xFF,0xFF,0xFF,0xFF,0xFF,0xFF,0xFF,0xFF,0xFF,0xFF,0xFF,
    0xFF,0xFF,0xFF,0xFF,0xFF,0xFF,0xFF,0xFF,0xFF,0xFF,0xFF,0xFF,0xFF,0xFF,0xFF,0xFF,0xFF,0xFF,0xFF,0xFF,0xFF,0xFF,0xFF,0xFF,0xFF,0xFF,0xFF,0xFF,0xFF,0xFF,0xFF,0xFF,0xFF,0xFF,0xFF,0xFF,
    0xFF,0xFF,0xFF,0xFF,0xFF,0xFF,0xFF,0xFF,0xFF,0xFF,0xFF,0xFF,0xFF,0xFF,0xFF,0xFF,0xFF,0xFF,0xFF,0xFF,0xFF,0xFF,0xFF,0xFF,0xFF,0xFF,0xFF,0xFF,0xFF,0xFF,0xFF,0xFF,0xFF,0xFF,0xFF,0xFF,
    0xFF,0xFF,0xFF,0xFF,0xFF,0xFF,0xFF,0xFF,0xFF,0xFF,0xFF,0xFF,0xFF,0xFF,0xFF,0xFF,0xFF,0xFF,0xFF,0xFF,0xFF,0xFF,0xFF,0xFF,0xFF,0xFF,0xFF,0xFF,0xFF,0xFF,0xFF,0xFF,0xFF,0xFF,0xFF,0xFF,
    0xFF,0xFF,0xFF,0xFF,0xFF,0xFF,0xFF,0xFF,0xFF,0xFF,0xFF,0xFF,0xFF,0xFF,0xFF,0xFF,0xFF,0xFF,0xFF,0xFF,0xFF,0xFF,0xFF,0xFF,0xFF,0xFF,0xFF,0xFF,0xFF,0xFF,0xFF,0xFF,0xFF,0xFF,0xFF,0xFF,
    0xFF,0xFF,0xFF,0xFF,0xFF,0xFF,0xFF,0xFF,0xFF,0xFF,0xFF,0xFF,0xFF,0xFF,0xFF,0xFF,0xFF,0xFF,0xFF,0xFF,0xFF,0xFF,0xFF,0xFF,0xFF,0xFF,0xFF,0xFF,0xFF,0xFF,0xFF,0xFF,0xFF,0xFF,0xFF,0xFF,
    0xFF,0xFF,0xFF,0xFF,0xFF,0xFF,0xFF,0xFF,0xFF,0xFF,0xFF,0xFF,0xFF,0xFF,0xFF,0xFF,0xFF,0xFF,0xFF,0xFF,0xFF,0xFF,0xFF,0xFF,0xFF,0xFF,0xFF,0xFF,0xFF,0xFF,0xFF,0xFF,0xFF,0xFF,0xFF,0xFF,
    0xFF,0xFF,0xFF,0xFF,0xFF,0xFF,0xFF,0xFF,0xFF,0xFF,0xFF,0xFF,0xFF,0xFF,0xFF,0xFF,0xFF,0xFF,0xFF,0xFF,0xFF,0xFF,0xFF,0xFF,0xFF,0xFF,0xFF,0xFF,0xFF,0xFF,0xFF,0xFF,0xFF,0xFF,0xFF,0xFF,
    0xFF,0xFF,0xFF,0xFF,0xFF,0xFF,0xFF,0xFF,0xFF,0xFF,0xFF,0xFF,0xFF,0xFF,0xFF,0xFF,0xFF,0xFF,0xFF,0xFF,0xFF,0xFF,0xFF,0xFF,0xFF,0xFF,0xFF,0xFF,0xFF,0xFF,0xFF,0xFF,0xFF,0xFF,0xFF,0xFF,
    0xFF,0xFF,0xFF,0xFF,0xFF,0xFF,0xFF,0xFF,0xFF,0xFF,0xFF,0xFF,0xFF,0xFF,0xFF,0xFF,0xFF,0xFF,0xFF,0xFF,0xFF,0xFF,0xFF,0xFF,0xFF,0xFF,0xFF,0xFF,0xFF,0xFF,0xFF,0xFF,0xFF,0xFF,0xFF,0xFF,
    0xFF,0xFF,0xFF,0xFF,0xFF,0xFF,0xFF,0xFF,0xFF,0xFF,0xFF,0xFF,0xFF,0xFF,0xFF,0xFF,0xFF,0xFF,0xFF,0xFF,0xFF,0xFF,0xFF,0xFF,0xFF,0xFF,0xFF,0xFF,0xFF,0xFF,0xFF,0xFF,0xFF,0xFF,0xFF,0xFF,
    0xFF,0xFF,0xFF,0xFF,0xFF,0xFF,0xFF,0xFF,0xFF,0xFF,0xFF,0xFF,0xFF,0xFF,0xFF,0xFF,0xFF,0xFF,0xFF,0xFF,0xFF,0xFF,0xFF,0xFF,0xFF,0xFF,0xFF,0xFF,0xFF,0xFF,0xFF,0xFF,0xFF,0xFF,0xFF,0xFF,
    0xFF,0xFF,0xFF,0xFF,0xFF,0xFF,0xFF,0xFF,0xFF,0xFF,0xFF,0xFF,0xFF,0xFF,0xFF,0xFF,0xFF,0xFF,0xFF,0xFF,0xFF,0xFF,0xFF,0xFF,0xFF,0xFF,0xFF,0xFF,0xFF,0xFF,0xFF,0xFF,0xFF,0xFF,0xFF,0xFF,
    0xFF,0xFF,0xFF,0xFF,0xFF,0xFF,0xFF,0xFF,0xFF,0xFF,0xFF,0xFF,0xFF,0xFF,0xFF,0xFF,0xFF,0xFF,0xFF,0xFF,0xFF,0xFF,0xFF,0xFF,0xFF,0xFF,0xFF,0xFF,0xFF,0xFF,0xFF,0xFF,0xFF,0xFF,0xFF,0xFF,
    0xFF,0xFF,0xFF,0xFF,0xFF,0xFF,0xFF,0xFF,0xFF,0xFF,0xFF,0xFF,0xFF,0xFF,0xFF,0xFF,0xFF,0xFF,0xFF,0xFF,0xFF,0xFF,0xFF,0xFF,0xFF,0xFF,0xFF,0xFF,0xFF,0xFF,0xFF,0xFF,0xFF,0xBE,0xF7,0xFF,
    0x1C,0xE7,0xFF,0x6D,0x6B,0xFF,0x20,0x00,0xFF,0x00,0x00,0xFF,0x00,0x00,0xFF,0x00,0x00,0xFF,0x20,0x00,0xFF,0x00,0x00,0xFF,0x00,0x00,0xFF,0x20,0x00,0xFF,0x45,0x29,0xFF,0xEB,0x5A,0xFF,
    0x10,0x84,0xFF,0x92,0x94,0xFF,0xF3,0x9C,0xFF,0xAE,0x73,0xFF,0x82,0x10,0xFF,0x00,0x00,0xFF,0x00,0x00,0xFF,0x00,0x00,0xFF,0x00,0x00,0xFF,0x00,0x00,0xFF,0x00,0x00,0xFF,0x00,0x00,0xFF,
    0x00,0x00,0xFF,0x00,0x00,0xFF,0x00,0x00,0xFF,0x00,0x00,0xFF,0x00,0x00,0xFF,0x00,0x00,0xFF,0x00,0x00,0xFF,0x00,0x00,0xFF,0x00,0x00,0xFF,0x00,0x00,0xFF,0x00,0x00,0xFF,0x00,0x00,0xFF,
    0x00,0x00,0xFF,0x00,0x00,0xFF,0x00,0x00,0xFF,0x00,0x00,0xFF,0x00,0x00,0xFF,0x00,0x00,0xFF,0x00,0x00,0xFF,0x00,0x00,0xFF,0x20,0x00,0xFF,0x80,0x08,0xFF,0x2B,0xE7,0xFF,0xA6,0xF7,0xFF,
    0xA5,0xEF,0xFF,0xE4,0xF7,0xFF,0xE2,0xEF,0xFF,0xE1,0xEF,0xFF,0xE2,0xF7,0xFF,0xA3,0xE7,0xFF,0xC7,0xEF,0xFF,0x8C,0xE7,0xFF,0x00,0x3A,0xFF,0xA0,0x10,0xFF,0x00,0x00,0xFF,0x20,0x08,0xFF,
    0x51,0x94,0xFF,0xFF,0xFF,0xFF,0x9E,0xF7,0xFF,0x82,0x10,0xFF,0x20,0x00,0xFF,0x00,0x00,0xFF,0x41,0x08,0xFF,0x04,0x21,0xFF,0xFF,0xFF,0xFF,0xDF,0xFF,0xFF,0xFF,0xFF,0xFF,0xFF,0xFF,0xFF,
    0xFF,0xFF,0xFF,0xFF,0xFF,0xFF,0xFF,0xFF,0xFF,0xFF,0xFF,0xFF,0xFF,0xFF,0xFF,0xFF,0xFF,0xFF,0xFF,0xFF,0xFF,0xFF,0xFF,0xFF,0xFF,0xFF,0xFF,0xFF,0xFF,0xFF,0xFF,0xFF,0xFF,0xFF,0xFF,0xFF,
    0xFF,0xFF,0xFF,0xFF,0xFF,0xFF,0xFF,0xFF,0xFF,0xFF,0xFF,0xFF,0xFF,0xFF,0xFF,0xFF,0xFF,0xFF,0xFF,0xFF,0xFF,0xFF,0xFF,0xFF,0xFF,0xFF,0xFF,0xFF,0xFF,0xFF,0xFF,0xFF,0xFF,0xFF,0xFF,0xFF,
    0xFF,0xFF,0xFF,0xFF,0xFF,0xFF,0xFF,0xFF,0xFF,0xFF,0xFF,0xFF,0xFF,0xFF,0xFF,0xFF,0xFF,0xFF,0xFF,0xFF,0xFF,0xFF,0xFF,0xFF,0xFF,0xFF,0xFF,0xFF,0xFF,0xFF,0xFF,0xFF,0xFF,0xFF,0xFF,0xFF,
    0xFF,0xFF,0xFF,0xFF,0xFF,0xFF,0xFF,0xFF,0xFF,0xFF,0xFF,0xFF,0xFF,0xFF,0xFF,0xFF,0xFF,0xFF,0xFF,0xFF,0xFF,0xFF,0xFF,0xFF,0xFF,0xFF,0xFF,0xFF,0xFF,0xFF,0xFF,0xFF,0xFF,0xFF,0xFF,0xFF,
    0xFF,0xFF,0xFF,0xFF,0xFF,0xFF,0xFF,0xFF,0xFF,0xFF,0xFF,0xFF,0xFF,0xFF,0xFF,0xFF,0xFF,0xFF,0xFF,0xFF,0xFF,0xFF,0xFF,0xFF,0xFF,0xFF,0xFF,0xFF,0xFF,0xFF,0xFF,0xFF,0xFF,0xFF,0xFF,0xFF,
    0xFF,0xFF,0xFF,0xFF,0xFF,0xFF,0xFF,0xFF,0xFF,0xFF,0xFF,0xFF,0xFF,0xFF,0xFF,0xFF,0xFF,0xFF,0xFF,0xFF,0xFF,0xFF,0xFF,0xFF,0xFF,0xFF,0xFF,0xFF,0xFF,0xFF,0xFF,0xFF,0xFF,0xFF,0xFF,0xFF,
    0xFF,0xFF,0xFF,0xFF,0xFF,0xFF,0xFF,0xFF,0xFF,0xFF,0xFF,0xFF,0xFF,0xFF,0xFF,0xFF,0xFF,0xFF,0xFF,0xFF,0xFF,0xFF,0xFF,0xFF,0xFF,0xFF,0xFF,0xFF,0xFF,0xFF,0xFF,0xFF,0xFF,0xFF,0xFF,0xFF,
    0xFF,0xFF,0xFF,0xFF,0xFF,0xFF,0xFF,0xFF,0xFF,0xFF,0xFF,0xFF,0xFF,0xFF,0xFF,0xFF,0xFF,0xFF,0xFF,0xFF,0xFF,0xFF,0xFF,0xFF,0xFF,0xFF,0xFF,0xFF,0xFF,0xFF,0xFF,0xFF,0xFF,0xFF,0xFF,0xFF,
    0xFF,0xFF,0xFF,0xFF,0xFF,0xFF,0xFF,0xFF,0xFF,0xFF,0xFF,0xFF,0xFF,0xFF,0xFF,0xFF,0xFF,0xFF,0xFF,0xFF,0xFF,0xFF,0xFF,0xFF,0xFF,0xFF,0xFF,0xFF,0xFF,0xFF,0xFF,0xFF,0xFF,0xFF,0xFF,0xFF,
    0xFF,0xFF,0xFF,0xFF,0xFF,0xFF,0xFF,0xFF,0xFF,0xFF,0xFF,0xFF,0xFF,0xFF,0xFF,0xFF,0xFF,0xFF,0xFF,0xFF,0xFF,0xFF,0xFF,0xFF,0xFF,0xFF,0xFF,0xFF,0xFF,0xFF,0xFF,0xFF,0xFF,0xFF,0xFF,0xFF,
    0xFF,0xFF,0xFF,0xFF,0xFF,0xFF,0xFF,0xFF,0xFF,0xFF,0xFF,0xFF,0xFF,0xFF,0xFF,0xFF,0xFF,0xFF,0xFF,0xFF,0xFF,0xFF,0xFF,0xFF,0xFF,0xFF,0xFF,0xFF,0xFF,0xFF,0xFF,0xFF,0xFF,0xFF,0xFF,0xFF,
    0xFF,0xFF,0xFF,0xFF,0xFF,0xFF,0xFF,0xFF,0xFF,0xFF,0xFF,0xFF,0xFF,0xFF,0xFF,0xFF,0xFF,0xFF,0xFF,0xFF,0xFF,0xFF,0xFF,0xFF,0xFF,0xFF,0xFF,0xFF,0xFF,0xFF,0xFF,0xFF,0xFF,0xFF,0xFF,0xFF,
    0xFF,0xFF,0xFF,0xFF,0xFF,0xFF,0xFF,0xFF,0xFF,0xFF,0xFF,0xFF,0xFF,0xFF,0xFF,0xFF,0xFF,0xFF,0xFF,0xFF,0xFF,0xFF,0xFF,0xFF,0xFF,0xFF,0xFF,0xFF,0xFF,0xFF,0xFF,0xFF,0xFF,0xFF,0xFF,0xFF,
    0xFF,0xFF,0xFF,0xFF,0xFF,0xFF,0xFF,0xFF,0xFF,0xFF,0xFF,0xFF,0xFF,0xFF,0xFF,0xFF,0xFF,0xFF,0xFF,0xFF,0xFF,0xFF,0xFF,0xFF,0xFF,0xFF,0xFF,0xFF,0xFF,0xFF,0xFF,0xFF,0xFF,0xFF,0xFF,0xFF,
    0xFF,0xFF,0xFF,0xFF,0xFF,0xFF,0xFF,0xFF,0xFF,0xFF,0xFF,0xFF,0xFF,0xFF,0xFF,0xFF,0xFF,0xFF,0xFF,0xFF,0xFF,0xFF,0xFF,0xFF,0xFF,0xFF,0xFF,0xFF,0xFF,0xFF,0xFF,0xFF,0xFF,0xFF,0xFF,0xFF,
    0xFF,0xFF,0xFF,0xFF,0xFF,0xFF,0xFF,0xFF,0xFF,0xFF,0xFF,0xFF,0xFF,0xFF,0xFF,0xFF,0xFF,0xFF,0xFF,0xFF,0xFF,0xFF,0xFF,0xFF,0xFF,0xFF,0xFF,0xFF,0xFF,0xFF,0xFF,0xFF,0xFF,0xFF,0xFF,0xFF,
    0xFF,0xFF,0xFF,0xFF,0xFF,0xFF,0xFF,0xFF,0xFF,0xFF,0xFF,0xFF,0xFF,0xFF,0xFF,0xFF,0xFF,0xFF,0xFF,0xFF,0xFF,0xFF,0xFF,0xFF,0xFF,0xFF,0xFF,0xFF,0xFF,0xFF,0xFF,0xFF,0xFF,0xFF,0xFF,0xFF,
    0xFF,0xFF,0xFF,0xFF,0xFF,0xFF,0xFF,0xFF,0xFF,0xFF,0xFF,0xFF,0xFF,0xFF,0xFF,0xFF,0xFF,0xFF,0xFF,0xFF,0xFF,0xFF,0xFF,0xFF,0xFF,0xFF,0xFF,0xFF,0xFF,0xFF,0xFF,0xFF,0xFF,0xFF,0xFF,0xFF,
    0xFF,0xFF,0xFF,0xFF,0xFF,0xFF,0xFF,0xFF,0xFF,0xFF,0xFF,0xFF,0xFF,0xFF,0xFF,0xFF,0xFF,0xFF,0xFF,0xFF,0xFF,0xFF,0xFF,0xFF,0xFF,0xFF,0xFF,0xFF,0xFF,0xFF,0xFF,0xFF,0xFF,0xFF,0xFF,0xFF,
    0xFF,0xFF,0xFF,0xFF,0xFF,0xFF,0xFF,0xFF,0xFF,0xFF,0xFF,0xFF,0xFF,0xFF,0xFF,0xFF,0xFF,0xFF,0xFF,0xFF,0xFF,0xFF,0xFF,0xFF,0xFF,0xFF,0xFF,0xFF,0xFF,0xFF,0xFF,0xFF,0xFF,0xFF,0xFF,0xFF,
    0xFF,0xFF,0xFF,0xFF,0xFF,0xFF,0xFF,0xFF,0xFF,0xFF,0xFF,0xFF,0xFF,0xFF,0xFF,0xFF,0xFF,0xFF,0xFF,0xFF,0xFF,0xFF,0xFF,0xFF,0xFF,0xFF,0xFF,0xFF,0xFF,0xFF,0xFF,0xFF,0xFF,0xFF,0xFF,0xFF,
    0xFF,0xFF,0xFF,0xFF,0xFF,0xFF,0xFF,0xFF,0xFF,0xFF,0xFF,0xFF,0xFF,0xFF,0xFF,0xFF,0xFF,0xFF,0xFF,0xFF,0xFF,0xFF,0xFF,0xFF,0xFF,0xFF,0xFF,0xFF,0xFF,0xFF,0xFF,0xFF,0xFF,0xFF,0xFF,0xFF,
    0xFF,0xFF,0xFF,0xFF,0xFF,0xFF,0xFF,0xFF,0xFF,0xFF,0xFF,0xFF,0xFF,0xFF,0xFF,0xFF,0xFF,0xFF,0xFF,0xFF,0xFF,0xFF,0xFF,0xFF,0xFF,0xFF,0xFF,0xFF,0xFF,0xFF,0xFF,0xFF,0xFF,0xFF,0xFF,0xFF,
    0xFF,0xFF,0xFF,0xFF,0xFF,0xFF,0xFF,0xFF,0xFF,0xFF,0xFF,0xFF,0xFF,0xFF,0xFF,0xFF,0xFF,0xFF,0xFF,0xFF,0xFF,0xFF,0xFF,0xFF,0xFF,0xFF,0xFF,0xFF,0xFF,0xFF,0xFF,0xFF,0xFF,0xFF,0xFF,0xFF,
    0xFF,0xFF,0xFF,0xFF,0xFF,0xFF,0xFF,0xFF,0xFF,0xFF,0xFF,0xFF,0xFF,0xFF,0xFF,0xFF,0xFF,0xFF,0xFF,0xFF,0xFF,0xFF,0xFF,0xFF,0xFF,0xFF,0xFF,0xFF,0xFF,0xFF,0xFF,0xFF,0xFF,0xFF,0xFF,0xFF,
    0xFF,0xFF,0xFF,0xFF,0xFF,0xFF,0xFF,0xFF,0xFF,0xFF,0xFF,0xFF,0xFF,0xFF,0xFF,0xFF,0xFF,0xFF,0xFF,0xFF,0xFF,0xFF,0xFF,0xFF,0xFF,0xFF,0xFF,0xFF,0xFF,0xFF,0xFF,0xFF,0xFF,0xFF,0xFF,0xFF,
    0xFF,0xFF,0xFF,0xFF,0xFF,0xFF,0xFF,0xFF,0xFF,0xFF,0xFF,0xFF,0xFF,0xFF,0xFF,0xFF,0xFF,0xFF,0xFF,0xFF,0xFF,0xFF,0xFF,0xFF,0xFF,0xFF,0xFF,0xFF,0xFF,0xFF,0xFF,0xFF,0xFF,0xFF,0xFF,0xFF,
    0xFF,0xFF,0xFF,0xFF,0xFF,0xFF,0xFF,0xFF,0xFF,0xFF,0xFF,0xFF,0xBE,0xF7,0xFF,0xFF,0xFF,0xFF,0xFF,0xFF,0xFF,0xDF,0xFF,0xFF,0xFF,0xFF,0xFF,0x7D,0xEF,0xFF,0x8E,0x73,0xFF,0x41,0x08,0xFF,
    0x20,0x00,0xFF,0x00,0x00,0xFF,0x00,0x00,0xFF,0x00,0x00,0xFF,0x00,0x00,0xFF,0x00,0x00,0xFF,0x00,0x00,0xFF,0x00,0x00,0xFF,0x00,0x00,0xFF,0xC3,0x18,0xFF,0x00,0x00,0xFF,0x00,0x00,0xFF,
    0x00,0x00,0xFF,0x00,0x00,0xFF,0x20,0x00,0xFF,0x00,0x00,0xFF,0x00,0x00,0xFF,0x00,0x00,0xFF,0x00,0x00,0xFF,0x00,0x00,0xFF,0x00,0x00,0xFF,0x00,0x00,0xFF,0x00,0x00,0xFF,0x00,0x00,0xFF,
    0x00,0x00,0xFF,0x00,0x00,0xFF,0x00,0x00,0xFF,0x00,0x00,0xFF,0x00,0x00,0xFF,0x00,0x00,0xFF,0x00,0x00,0xFF,0x00,0x00,0xFF,0x00,0x00,0xFF,0x00,0x00,0xFF,0x00,0x00,0xFF,0x00,0x00,0xFF,
    0x00,0x00,0xFF,0x00,0x00,0xFF,0x20,0x00,0xFF,0x60,0x08,0xFF,0xA9,0xD6,0xFF,0xE6,0xF7,0xFF,0xE3,0xF7,0xFF,0xE3,0xFF,0xFF,0x80,0xDF,0xFF,0xC1,0xE7,0xFF,0xE6,0xF7,0xFF,0xEB,0xF7,0xFF,
    0x8C,0xCE,0xFF,0x80,0x08,0xFF,0x40,0x08,0xFF,0x20,0x00,0xFF,0x00,0x00,0xFF,0x3B,0xE7,0xFF,0xBD,0xF7,0xFF,0x7C,0xEF,0xFF,0xFF,0xFF,0xFF,0xDB,0xDE,0xFF,0x00,0x00,0xFF,0x20,0x00,0xFF,
    0x10,0x84,0xFF,0xFF,0xFF,0xFF,0xBE,0xF7,0xFF,0xFF,0xFF,0xFF,0xFF,0xFF,0xFF,0xFF,0xFF,0xFF,0xFF,0xFF,0xFF,0xFF,0xFF,0xFF,0xFF,0xFF,0xFF,0xFF,0xFF,0xFF,0xFF,0xFF,0xFF,0xFF,0xFF,0xFF,
    0xFF,0xFF,0xFF,0xFF,0xFF,0xFF,0xFF,0xFF,0xFF,0xFF,0xFF,0xFF,0xFF,0xFF,0xFF,0xFF,0xFF,0xFF,0xFF,0xFF,0xFF,0xFF,0xFF,0xFF,0xFF,0xFF,0xFF,0xFF,0xFF,0xFF,0xFF,0xFF,0xFF,0xFF,0xFF,0xFF,
    0xFF,0xFF,0xFF,0xFF,0xFF,0xFF,0xFF,0xFF,0xFF,0xFF,0xFF,0xFF,0xFF,0xFF,0xFF,0xFF,0xFF,0xFF,0xFF,0xFF,0xFF,0xFF,0xFF,0xFF,0xFF,0xFF,0xFF,0xFF,0xFF,0xFF,0xFF,0xFF,0xFF,0xFF,0xFF,0xFF,
    0xFF,0xFF,0xFF,0xFF,0xFF,0xFF,0xFF,0xFF,0xFF,0xFF,0xFF,0xFF,0xFF,0xFF,0xFF,0xFF,0xFF,0xFF,0xFF,0xFF,0xFF,0xFF,0xFF,0xFF,0xFF,0xFF,0xFF,0xFF,0xFF,0xFF,0xFF,0xFF,0xFF,0xFF,0xFF,0xFF,
    0xFF,0xFF,0xFF,0xFF,0xFF,0xFF,0xFF,0xFF,0xFF,0xFF,0xFF,0xFF,0xFF,0xFF,0xFF,0xFF,0xFF,0xFF,0xFF,0xFF,0xFF,0xFF,0xFF,0xFF,0xFF,0xFF,0xFF,0xFF,0xFF,0xFF,0xFF,0xFF,0xFF,0xFF,0xFF,0xFF,
    0xFF,0xFF,0xFF,0xFF,0xFF,0xFF,0xFF,0xFF,0xFF,0xFF,0xFF,0xFF,0xFF,0xFF,0xFF,0xFF,0xFF,0xFF,0xFF,0xFF,0xFF,0xFF,0xFF,0xFF,0xFF,0xFF,0xFF,0xFF,0xFF,0xFF,0xFF,0xFF,0xFF,0xFF,0xFF,0xFF,
    0xFF,0xFF,0xFF,0xFF,0xFF,0xFF,0xFF,0xFF,0xFF,0xFF,0xFF,0xFF,0xFF,0xFF,0xFF,0xFF,0xFF,0xFF,0xFF,0xFF,0xFF,0xFF,0xFF,0xFF,0xFF,0xFF,0xFF,0xFF,0xFF,0xFF,0xFF,0xFF,0xFF,0xFF,0xFF,0xFF,
    0xFF,0xFF,0xFF,0xFF,0xFF,0xFF,0xFF,0xFF,0xFF,0xFF,0xFF,0xFF,0xFF,0xFF,0xFF,0xFF,0xFF,0xFF,0xFF,0xFF,0xFF,0xFF,0xFF,0xFF,0xFF,0xFF,0xFF,0xFF,0xFF,0xFF,0xFF,0xFF,0xFF,0xFF,0xFF,0xFF,
    0xFF,0xFF,0xFF,0xFF,0xFF,0xFF,0xFF,0xFF,0xFF,0xFF,0xFF,0xFF,0xFF,0xFF,0xFF,0xFF,0xFF,0xFF,0xFF,0xFF,0xFF,0xFF,0xFF,0xFF,0xFF,0xFF,0xFF,0xFF,0xFF,0xFF,0xFF,0xFF,0xFF,0xFF,0xFF,0xFF,
    0xFF,0xFF,0xFF,0xFF,0xFF,0xFF,0xFF,0xFF,0xFF,0xFF,0xFF,0xFF,0xFF,0xFF,0xFF,0xFF,0xFF,0xFF,0xFF,0xFF,0xFF,0xFF,0xFF,0xFF,0xFF,0xFF,0xFF,0xFF,0xFF,0xFF,0xFF,0xFF,0xFF,0xFF,0xFF,0xFF,
    0xFF,0xFF,0xFF,0xFF,0xFF,0xFF,0xFF,0xFF,0xFF,0xFF,0xFF,0xFF,0xFF,0xFF,0xFF,0xFF,0xFF,0xFF,0xFF,0xFF,0xFF,0xFF,0xFF,0xFF,0xFF,0xFF,0xFF,0xFF,0xFF,0xFF,0xFF,0xFF,0xFF,0xFF,0xFF,0xFF,
    0xFF,0xFF,0xFF,0xFF,0xFF,0xFF,0xFF,0xFF,0xFF,0xFF,0xFF,0xFF,0xFF,0xFF,0xFF,0xFF,0xFF,0xFF,0xFF,0xFF,0xFF,0xFF,0xFF,0xFF,0xFF,0xFF,0xFF,0xFF,0xFF,0xFF,0xFF,0xFF,0xFF,0xFF,0xFF,0xFF,
    0xFF,0xFF,0xFF,0xFF,0xFF,0xFF,0xFF,0xFF,0xFF,0xFF,0xFF,0xFF,0xFF,0xFF,0xFF,0xFF,0xFF,0xFF,0xFF,0xFF,0xFF,0xFF,0xFF,0xFF,0xFF,0xFF,0xFF,0xFF,0xFF,0xFF,0xFF,0xFF,0xFF,0xFF,0xFF,0xFF,
    0xFF,0xFF,0xFF,0xFF,0xFF,0xFF,0xFF,0xFF,0xFF,0xFF,0xFF,0xFF,0xFF,0xFF,0xFF,0xFF,0xFF,0xFF,0xFF,0xFF,0xFF,0xFF,0xFF,0xFF,0xFF,0xFF,0xFF,0xFF,0xFF,0xFF,0xFF,0xFF,0xFF,0xFF,0xFF,0xFF,
    0xFF,0xFF,0xFF,0xFF,0xFF,0xFF,0xFF,0xFF,0xFF,0xFF,0xFF,0xFF,0xFF,0xFF,0xFF,0xFF,0xFF,0xFF,0xFF,0xFF,0xFF,0xFF,0xFF,0xFF,0xFF,0xFF,0xFF,0xFF,0xFF,0xFF,0xFF,0xFF,0xFF,0xFF,0xFF,0xFF,
    0xFF,0xFF,0xFF,0xFF,0xFF,0xFF,0xFF,0xFF,0xFF,0xFF,0xFF,0xFF,0xFF,0xFF,0xFF,0xFF,0xFF,0xFF,0xFF,0xFF,0xFF,0xFF,0xFF,0xFF,0xFF,0xFF,0xFF,0xFF,0xFF,0xFF,0xFF,0xFF,0xFF,0xFF,0xFF,0xFF,
    0xFF,0xFF,0xFF,0xFF,0xFF,0xFF,0xFF,0xFF,0xFF,0xFF,0xFF,0xFF,0xFF,0xFF,0xFF,0xFF,0xFF,0xFF,0xFF,0xFF,0xFF,0xFF,0xFF,0xFF,0xFF,0xFF,0xFF,0xFF,0xFF,0xFF,0xFF,0xFF,0xFF,0xFF,0xFF,0xFF,
    0xFF,0xFF,0xFF,0xFF,0xFF,0xFF,0xFF,0xFF,0xFF,0xFF,0xFF,0xFF,0xFF,0xFF,0xFF,0xFF,0xFF,0xFF,0xFF,0xFF,0xFF,0xFF,0xFF,0xFF,0xFF,0xFF,0xFF,0xFF,0xFF,0xFF,0xFF,0xFF,0xFF,0xFF,0xFF,0xFF,
    0xFF,0xFF,0xFF,0xFF,0xFF,0xFF,0xFF,0xFF,0xFF,0xFF,0xFF,0xFF,0xFF,0xFF,0xFF,0xFF,0xFF,0xFF,0xFF,0xFF,0xFF,0xFF,0xFF,0xFF,0xFF,0xFF,0xFF,0xFF,0xFF,0xFF,0xFF,0xFF,0xFF,0xFF,0xFF,0xFF,
    0xFF,0xFF,0xFF,0xFF,0xFF,0xFF,0xFF,0xFF,0xFF,0xFF,0xFF,0xFF,0xFF,0xFF,0xFF,0xFF,0xFF,0xFF,0xFF,0xFF,0xFF,0xFF,0xFF,0xFF,0xFF,0xFF,0xFF,0xFF,0xFF,0xFF,0xFF,0xFF,0xFF,0xFF,0xFF,0xFF,
    0xFF,0xFF,0xFF,0xFF,0xFF,0xFF,0xFF,0xFF,0xFF,0xFF,0xFF,0xFF,0xFF,0xFF,0xFF,0xFF,0xFF,0xFF,0xFF,0xFF,0xFF,0xFF,0xFF,0xFF,0xFF,0xFF,0xFF,0xFF,0xFF,0xFF,0xFF,0xFF,0xFF,0xFF,0xFF,0xFF,
    0xFF,0xFF,0xFF,0xFF,0xFF,0xFF,0xFF,0xFF,0xFF,0xFF,0xFF,0xFF,0xFF,0xFF,0xFF,0xFF,0xFF,0xFF,0xFF,0xFF,0xFF,0xFF,0xFF,0xFF,0xFF,0xFF,0xFF,0xFF,0xFF,0xFF,0xFF,0xFF,0xFF,0xFF,0xFF,0xFF,
    0xFF,0xFF,0xFF,0xFF,0xFF,0xFF,0xFF,0xFF,0xFF,0xFF,0xFF,0xFF,0xFF,0xFF,0xFF,0xFF,0xFF,0xFF,0xFF,0xFF,0xFF,0xFF,0xFF,0xFF,0xFF,0xFF,0xFF,0xFF,0xFF,0xFF,0xFF,0xFF,0xFF,0xFF,0xFF,0xFF,
    0xFF,0xFF,0xFF,0xFF,0xFF,0xFF,0xFF,0xFF,0xFF,0xFF,0xFF,0xFF,0xFF,0xFF,0xFF,0xFF,0xFF,0xFF,0xFF,0xFF,0xFF,0xFF,0xFF,0xFF,0xFF,0xFF,0xFF,0xFF,0xFF,0xFF,0xFF,0xFF,0xFF,0xFF,0xFF,0xFF,
    0xFF,0xFF,0xFF,0xFF,0xFF,0xFF,0xFF,0xFF,0xFF,0xFF,0xFF,0xFF,0xFF,0xFF,0xFF,0xFF,0xFF,0xFF,0xFF,0xFF,0xFF,0xFF,0xFF,0xFF,0xFF,0xFF,0xFF,0xFF,0xFF,0xFF,0xFF,0xFF,0xFF,0xFF,0xFF,0xFF,
    0xFF,0xFF,0xFF,0xFF,0xFF,0xFF,0xFF,0xFF,0xFF,0xFF,0xFF,0xFF,0xFF,0xFF,0xFF,0xFF,0xFF,0xFF,0xFF,0xFF,0xFF,0xFF,0xFF,0xFF,0xFF,0xFF,0xFF,0xFF,0xFF,0xFF,0xFF,0xFF,0xFF,0xFF,0xFF,0xFF,
    0xFF,0xFF,0xFF,0xFF,0xFF,0xFF,0xFF,0xFF,0xFF,0xFF,0xFF,0xFF,0xFF,0xFF,0xFF,0xFF,0xFF,0xFF,0xFF,0xFF,0xFF,0xFF,0xFF,0xFF,0xFF,0xFF,0xFF,0xFF,0xFF,0xFF,0xFF,0xFF,0xFF,0xFF,0xFF,0xFF,
    0xFF,0xFF,0xFF,0xFF,0xFF,0xFF,0xFF,0xFF,0xFF,0xFF,0xFF,0xFF,0xFF,0xFF,0xFF,0xFF,0xFF,0xFF,0xFF,0xFF,0xFF,0xFF,0xFF,0xFF,0xFF,0xFF,0xFF,0xFF,0xFF,0xFF,0xFF,0xFF,0xFF,0xFF,0xFF,0xFF,
    0xBE,0xF7,0xFF,0xFF,0xFF,0xFF,0xFF,0xFF,0xFF,0xBE,0xF7,0xFF,0x9E,0xF7,0xFF,0xFF,0xFF,0xFF,0xDF,0xFF,0xFF,0xF7,0xBD,0xFF,0xEB,0x5A,0xFF,0x82,0x10,0xFF,0x00,0x00,0xFF,0x20,0x00,0xFF,
    0x20,0x00,0xFF,0x00,0x00,0xFF,0x00,0x00,0xFF,0x00,0x00,0xFF,0x00,0x00,0xFF,0x61,0x08,0xFF,0x00,0x00,0xFF,0x00,0x00,0xFF,0x00,0x00,0xFF,0x00,0x00,0xFF,0x00,0x00,0xFF,0x00,0x00,0xFF,
    0x00,0x00,0xFF,0x00,0x00,0xFF,0x00,0x00,0xFF,0x00,0x00,0xFF,0x00,0x00,0xFF,0x00,0x00,0xFF,0x00,0x00,0xFF,0x00,0x00,0xFF,0x00,0x00,0xFF,0x00,0x00,0xFF,0x00,0x00,0xFF,0x00,0x00,0xFF,
    0x00,0x00,0xFF,0x00,0x00,0xFF,0x00,0x00,0xFF,0x00,0x00,0xFF,0x00,0x00,0xFF,0x00,0x00,0xFF,0x00,0x00,0xFF,0x00,0x00,0xFF,0x20,0x00,0xFF,0x80,0x08,0xFF,0x26,0xBE,0xFF,0x85,0xE7,0xFF,
    0x62,0xDF,0xFF,0xE3,0xEF,0xFF,0xE6,0xFF,0xFF,0xA6,0xE7,0xFF,0x8B,0xE7,0xFF,0x40,0x63,0xFF,0x80,0x10,0xFF,0x00,0x00,0xFF,0x00,0x00,0xFF,0x04,0x21,0xFF,0xDF,0xFF,0xFF,0xDD,0xFF,0xFF,
    0xFD,0xFF,0xFF,0xFE,0xFF,0xFF,0x7D,0xEF,0xFF,0xBE,0xF7,0xFF,0x82,0x10,0xFF,0x9A,0xD6,0xFF,0xDF,0xFF,0xFF,0xBE,0xF7,0xFF,0xFF,0xFF,0xFF,0xDF,0xFF,0xFF,0xFF,0xFF,0xFF,0xFF,0xFF,0xFF,
    0xFF,0xFF,0xFF,0xFF,0xFF,0xFF,0xFF,0xFF,0xFF,0xFF,0xFF,0xFF,0xFF,0xFF,0xFF,0xFF,0xFF,0xFF,0xFF,0xFF,0xFF,0xFF,0xFF,0xFF,0xFF,0xFF,0xFF,0xFF,0xFF,0xFF,0xFF,0xFF,0xFF,0xFF,0xFF,0xFF,
    0xFF,0xFF,0xFF,0xFF,0xFF,0xFF,0xFF,0xFF,0xFF,0xFF,0xFF,0xFF,0xFF,0xFF,0xFF,0xFF,0xFF,0xFF,0xFF,0xFF,0xFF,0xFF,0xFF,0xFF,0xFF,0xFF,0xFF,0xFF,0xFF,0xFF,0xFF,0xFF,0xFF,0xFF,0xFF,0xFF,
    0xFF,0xFF,0xFF,0xFF,0xFF,0xFF,0xFF,0xFF,0xFF,0xFF,0xFF,0xFF,0xFF,0xFF,0xFF,0xFF,0xFF,0xFF,0xFF,0xFF,0xFF,0xFF,0xFF,0xFF,0xFF,0xFF,0xFF,0xFF,0xFF,0xFF,0xFF,0xFF,0xFF,0xFF,0xFF,0xFF,
    0xFF,0xFF,0xFF,0xFF,0xFF,0xFF,0xFF,0xFF,0xFF,0xFF,0xFF,0xFF,0xFF,0xFF,0xFF,0xFF,0xFF,0xFF,0xFF,0xFF,0xFF,0xFF,0xFF,0xFF,0xFF,0xFF,0xFF,0xFF,0xFF,0xFF,0xFF,0xFF,0xFF,0xFF,0xFF,0xFF,
    0xFF,0xFF,0xFF,0xFF,0xFF,0xFF,0xFF,0xFF,0xFF,0xFF,0xFF,0xFF,0xFF,0xFF,0xFF,0xFF,0xFF,0xFF,0xFF,0xFF,0xFF,0xFF,0xFF,0xFF,0xFF,0xFF,0xFF,0xFF,0xFF,0xFF,0xFF,0xFF,0xFF,0xFF,0xFF,0xFF,
    0xFF,0xFF,0xFF,0xFF,0xFF,0xFF,0xFF,0xFF,0xFF,0xFF,0xFF,0xFF,0xFF,0xFF,0xFF,0xFF,0xFF,0xFF,0xFF,0xFF,0xFF,0xFF,0xFF,0xFF,0xFF,0xFF,0xFF,0xFF,0xFF,0xFF,0xFF,0xFF,0xFF,0xFF,0xFF,0xFF,
    0xFF,0xFF,0xFF,0xFF,0xFF,0xFF,0xFF,0xFF,0xFF,0xFF,0xFF,0xFF,0xFF,0xFF,0xFF,0xFF,0xFF,0xFF,0xFF,0xFF,0xFF,0xFF,0xFF,0xFF,0xFF,0xFF,0xFF,0xFF,0xFF,0xFF,0xFF,0xFF,0xFF,0xFF,0xFF,0xFF,
    0xFF,0xFF,0xFF,0xFF,0xFF,0xFF,0xFF,0xFF,0xFF,0xFF,0xFF,0xFF,0xFF,0xFF,0xFF,0xFF,0xFF,0xFF,0xFF,0xFF,0xFF,0xFF,0xFF,0xFF,0xFF,0xFF,0xFF,0xFF,0xFF,0xFF,0xFF,0xFF,0xFF,0xFF,0xFF,0xFF,
    0xFF,0xFF,0xFF,0xFF,0xFF,0xFF,0xFF,0xFF,0xFF,0xFF,0xFF,0xFF,0xFF,0xFF,0xFF,0xFF,0xFF,0xFF,0xFF,0xFF,0xFF,0xFF,0xFF,0xFF,0xFF,0xFF,0xFF,0xFF,0xFF,0xFF,0xFF,0xFF,0xFF,0xFF,0xFF,0xFF,
    0xFF,0xFF,0xFF,0xFF,0xFF,0xFF,0xFF,0xFF,0xFF,0xFF,0xFF,0xFF,0xFF,0xFF,0xFF,0xFF,0xFF,0xFF,0xFF,0xFF,0xFF,0xFF,0xFF,0xFF,0xFF,0xFF,0xFF,0xFF,0xFF,0xFF,0xFF,0xFF,0xFF,0xFF,0xFF,0xFF,
    0xFF,0xFF,0xFF,0xFF,0xFF,0xFF,0xFF,0xFF,0xFF,0xFF,0xFF,0xFF,0xFF,0xFF,0xFF,0xFF,0xFF,0xFF,0xFF,0xFF,0xFF,0xFF,0xFF,0xFF,0xFF,0xFF,0xFF,0xFF,0xFF,0xFF,0xFF,0xFF,0xFF,0xFF,0xFF,0xFF,
    0xFF,0xFF,0xFF,0xFF,0xFF,0xFF,0xFF,0xFF,0xFF,0xFF,0xFF,0xFF,0xFF,0xFF,0xFF,0xFF,0xFF,0xFF,0xFF,0xFF,0xFF,0xFF,0xFF,0xFF,0xFF,0xFF,0xFF,0xFF,0xFF,0xFF,0xFF,0xFF,0xFF,0xFF,0xFF,0xFF,
    0xFF,0xFF,0xFF,0xFF,0xFF,0xFF,0xFF,0xFF,0xFF,0xFF,0xFF,0xFF,0xFF,0xFF,0xFF,0xFF,0xFF,0xFF,0xFF,0xFF,0xFF,0xFF,0xFF,0xFF,0xFF,0xFF,0xFF,0xFF,0xFF,0xFF,0xFF,0xFF,0xFF,0xFF,0xFF,0xFF,
    0xFF,0xFF,0xFF,0xFF,0xFF,0xFF,0xFF,0xFF,0xFF,0xFF,0xFF,0xFF,0xFF,0xFF,0xFF,0xFF,0xFF,0xFF,0xFF,0xFF,0xFF,0xFF,0xFF,0xFF,0xFF,0xFF,0xFF,0xFF,0xFF,0xFF,0xFF,0xFF,0xFF,0xFF,0xFF,0xFF,
    0xFF,0xFF,0xFF,0xFF,0xFF,0xFF,0xFF,0xFF,0xFF,0xFF,0xFF,0xFF,0xFF,0xFF,0xFF,0xFF,0xFF,0xFF,0xFF,0xFF,0xFF,0xFF,0xFF,0xFF,0xFF,0xFF,0xFF,0xFF,0xFF,0xFF,0xFF,0xFF,0xFF,0xFF,0xFF,0xFF,
    0xFF,0xFF,0xFF,0xFF,0xFF,0xFF,0xFF,0xFF,0xFF,0xFF,0xFF,0xFF,0xFF,0xFF,0xFF,0xFF,0xFF,0xFF,0xFF,0xFF,0xFF,0xFF,0xFF,0xFF,0xFF,0xFF,0xFF,0xFF,0xFF,0xFF,0xFF,0xFF,0xFF,0xFF,0xFF,0xFF,
    0xFF,0xFF,0xFF,0xFF,0xFF,0xFF,0xFF,0xFF,0xFF,0xFF,0xFF,0xFF,0xFF,0xFF,0xFF,0xFF,0xFF,0xFF,0xFF,0xFF,0xFF,0xFF,0xFF,0xFF,0xFF,0xFF,0xFF,0xFF,0xFF,0xFF,0xFF,0xFF,0xFF,0xFF,0xFF,0xFF,
    0xFF,0xFF,0xFF,0xFF,0xFF,0xFF,0xFF,0xFF,0xFF,0xFF,0xFF,0xFF,0xFF,0xFF,0xFF,0xFF,0xFF,0xFF,0xFF,0xFF,0xFF,0xFF,0xFF,0xFF,0xFF,0xFF,0xFF,0xFF,0xFF,0xFF,0xFF,0xFF,0xFF,0xFF,0xFF,0xFF,
    0xFF,0xFF,0xFF,0xFF,0xFF,0xFF,0xFF,0xFF,0xFF,0xFF,0xFF,0xFF,0xFF,0xFF,0xFF,0xFF,0xFF,0xFF,0xFF,0xFF,0xFF,0xFF,0xFF,0xFF,0xFF,0xFF,0xFF,0xFF,0xFF,0xFF,0xFF,0xFF,0xFF,0xFF,0xFF,0xFF,
    0xFF,0xFF,0xFF,0xFF,0xFF,0xFF,0xFF,0xFF,0xFF,0xFF,0xFF,0xFF,0xFF,0xFF,0xFF,0xFF,0xFF,0xFF,0xFF,0xFF,0xFF,0xFF,0xFF,0xFF,0xFF,0xFF,0xFF,0xFF,0xFF,0xFF,0xFF,0xFF,0xFF,0xFF,0xFF,0xFF,
    0xFF,0xFF,0xFF,0xFF,0xFF,0xFF,0xFF,0xFF,0xFF,0xFF,0xFF,0xFF,0xFF,0xFF,0xFF,0xFF,0xFF,0xFF,0xFF,0xFF,0xFF,0xFF,0xFF,0xFF,0xFF,0xFF,0xFF,0xFF,0xFF,0xFF,0xFF,0xFF,0xFF,0xFF,0xFF,0xFF,
    0xFF,0xFF,0xFF,0xFF,0xFF,0xFF,0xFF,0xFF,0xFF,0xFF,0xFF,0xFF,0xFF,0xFF,0xFF,0xFF,0xFF,0xFF,0xFF,0xFF,0xFF,0xFF,0xFF,0xFF,0xFF,0xFF,0xFF,0xFF,0xFF,0xFF,0xFF,0xFF,0xFF,0xFF,0xFF,0xFF,
    0xFF,0xFF,0xFF,0xFF,0xFF,0xFF,0xFF,0xFF,0xFF,0xFF,0xFF,0xFF,0xFF,0xFF,0xFF,0xFF,0xFF,0xFF,0xFF,0xFF,0xFF,0xFF,0xFF,0xFF,0xFF,0xFF,0xFF,0xFF,0xFF,0xFF,0xFF,0xFF,0xFF,0xFF,0xFF,0xFF,
    0xFF,0xFF,0xFF,0xFF,0xFF,0xFF,0xFF,0xFF,0xFF,0xFF,0xFF,0xFF,0xFF,0xFF,0xFF,0xFF,0xFF,0xFF,0xFF,0xFF,0xFF,0xFF,0xFF,0xFF,0xFF,0xFF,0xFF,0xFF,0xFF,0xFF,0xFF,0xFF,0xFF,0xFF,0xFF,0xFF,
    0xFF,0xFF,0xFF,0xFF,0xFF,0xFF,0xFF,0xFF,0xFF,0xFF,0xFF,0xFF,0xFF,0xFF,0xFF,0xFF,0xFF,0xFF,0xFF,0xFF,0xFF,0xFF,0xFF,0xFF,0xFF,0xFF,0xFF,0xFF,0xFF,0xFF,0xFF,0xFF,0xFF,0xFF,0xFF,0xFF,
    0xFF,0xFF,0xFF,0xFF,0xFF,0xFF,0xFF,0xFF,0xFF,0xFF,0xFF,0xFF,0xFF,0xFF,0xFF,0xFF,0xFF,0xFF,0xFF,0xFF,0xFF,0xFF,0xFF,0xFF,0xFF,0xFF,0xFF,0xFF,0xFF,0xFF,0xFF,0xFF,0xFF,0xFF,0xFF,0xFF,
    0xFF,0xFF,0xFF,0xFF,0xFF,0xFF,0xFF,0xFF,0xFF,0xFF,0xFF,0xFF,0xFF,0xFF,0xFF,0xFF,0xFF,0xFF,0xFF,0xFF,0xFF,0xFF,0xFF,0xFF,0xFF,0xFF,0xFF,0xFF,0xFF,0xFF,0xFF,0xFF,0xFF,0xFF,0xFF,0xFF,
    0xFF,0xFF,0xFF,0xFF,0xFF,0xFF,0xFF,0xFF,0xFF,0xFF,0xFF,0xFF,0xFF,0xFF,0xFF,0xFF,0xFF,0xFF,0xBE,0xF7,0xFF,0xFF,0xFF,0xFF,0xFF,0xFF,0xFF,0xFF,0xFF,0xFF,0xFF,0xFF,0xFF,0xBE,0xF7,0xFF,
    0xFF,0xFF,0xFF,0xFF,0xFF,0xFF,0xDF,0xFF,0xFF,0x9E,0xF7,0xFF,0xFF,0xFF,0xFF,0xDF,0xFF,0xFF,0x38,0xC6,0xFF,0x30,0x84,0xFF,0xE7,0x39,0xFF,0xC3,0x18,0xFF,0x20,0x00,0xFF,0x00,0x00,0xFF,
    0x00,0x00,0xFF,0x41,0x08,0xFF,0x20,0x00,0xFF,0x00,0x00,0xFF,0x00,0x00,0xFF,0x00,0x00,0xFF,0x00,0x00,0xFF,0x00,0x00,0xFF,0x00,0x00,0xFF,0x00,0x00,0xFF,0x00,0x00,0xFF,0x00,0x00,0xFF,
    0x00,0x00,0xFF,0x00,0x00,0xFF,0x00,0x00,0xFF,0x00,0x00,0xFF,0x00,0x00,0xFF,0x00,0x00,0xFF,0x00,0x00,0xFF,0x00,0x00,0xFF,0x00,0x00,0xFF,0x00,0x00,0xFF,0x00,0x00,0xFF,0x00,0x00,0xFF,
    0x00,0x00,0xFF,0x00,0x00,0xFF,0x20,0x00,0xFF,0x80,0x08,0xFF,0xA8,0xCE,0xFF,0xE8,0xFF,0xFF,0xE7,0xF7,0xFF,0x86,0xE7,0xFF,0xA9,0xE7,0xFF,0x8D,0xEF,0xFF,0x20,0x21,0xFF,0x80,0x10,0xFF,
    0x00,0x08,0xFF,0x01,0x00,0xFF,0x0E,0x6B,0xFF,0xDF,0xFF,0xFF,0xFF,0xFF,0xFF,0xBD,0xF7,0xFF,0xBC,0xF7,0xFF,0xFE,0xFF,0xFF,0xFF,0xFF,0xFF,0xFF,0xFF,0xFF,0xBE,0xF7,0xFF,0xFF,0xFF,0xFF,
    0xFF,0xFF,0xFF,0xFF,0xFF,0xFF,0xBE,0xF7,0xFF,0xBE,0xF7,0xFF,0xFF,0xFF,0xFF,0xFF,0xFF,0xFF,0xFF,0xFF,0xFF,0xFF,0xFF,0xFF,0xFF,0xFF,0xFF,0xFF,0xFF,0xFF,0xFF,0xFF,0xFF,0xFF,0xFF,0xFF,
    0xFF,0xFF,0xFF,0xFF,0xFF,0xFF,0xFF,0xFF,0xFF,0xFF,0xFF,0xFF,0xFF,0xFF,0xFF,0xFF,0xFF,0xFF,0xFF,0xFF,0xFF,0xFF,0xFF,0xFF,0xFF,0xFF,0xFF,0xFF,0xFF,0xFF,0xFF,0xFF,0xFF,0xFF,0xFF,0xFF,
    0xFF,0xFF,0xFF,0xFF,0xFF,0xFF,0xFF,0xFF,0xFF,0xFF,0xFF,0xFF,0xFF,0xFF,0xFF,0xFF,0xFF,0xFF,0xFF,0xFF,0xFF,0xFF,0xFF,0xFF,0xFF,0xFF,0xFF,0xFF,0xFF,0xFF,0xFF,0xFF,0xFF,0xFF,0xFF,0xFF,
    0xFF,0xFF,0xFF,0xFF,0xFF,0xFF,0xFF,0xFF,0xFF,0xFF,0xFF,0xFF,0xFF,0xFF,0xFF,0xFF,0xFF,0xFF,0xFF,0xFF,0xFF,0xFF,0xFF,0xFF,0xFF,0xFF,0xFF,0xFF,0xFF,0xFF,0xFF,0xFF,0xFF,0xFF,0xFF,0xFF,
    0xFF,0xFF,0xFF,0xFF,0xFF,0xFF,0xFF,0xFF,0xFF,0xFF,0xFF,0xFF,0xFF,0xFF,0xFF,0xFF,0xFF,0xFF,0xFF,0xFF,0xFF,0xFF,0xFF,0xFF,0xFF,0xFF,0xFF,0xFF,0xFF,0xFF,0xFF,0xFF,0xFF,0xFF,0xFF,0xFF,
    0xFF,0xFF,0xFF,0xFF,0xFF,0xFF,0xFF,0xFF,0xFF,0xFF,0xFF,0xFF,0xFF,0xFF,0xFF,0xFF,0xFF,0xFF,0xFF,0xFF,0xFF,0xFF,0xFF,0xFF,0xFF,0xFF,0xFF,0xFF,0xFF,0xFF,0xFF,0xFF,0xFF,0xFF,0xFF,0xFF,
    0xFF,0xFF,0xFF,0xFF,0xFF,0xFF,0xFF,0xFF,0xFF,0xFF,0xFF,0xFF,0xFF,0xFF,0xFF,0xFF,0xFF,0xFF,0xFF,0xFF,0xFF,0xFF,0xFF,0xFF,0xFF,0xFF,0xFF,0xFF,0xFF,0xFF,0xFF,0xFF,0xFF,0xFF,0xFF,0xFF,
    0xFF,0xFF,0xFF,0xFF,0xFF,0xFF,0xFF,0xFF,0xFF,0xFF,0xFF,0xFF,0xFF,0xFF,0xFF,0xFF,0xFF,0xFF,0xFF,0xFF,0xFF,0xFF,0xFF,0xFF,0xFF,0xFF,0xFF,0xFF,0xFF,0xFF,0xFF,0xFF,0xFF,0xFF,0xFF,0xFF,
    0xFF,0xFF,0xFF,0xFF,0xFF,0xFF,0xFF,0xFF,0xFF,0xFF,0xFF,0xFF,0xFF,0xFF,0xFF,0xFF,0xFF,0xFF,0xFF,0xFF,0xFF,0xFF,0xFF,0xFF,0xFF,0xFF,0xFF,0xFF,0xFF,0xFF,0xFF,0xFF,0xFF,0xFF,0xFF,0xFF,
    0xFF,0xFF,0xFF,0xFF,0xFF,0xFF,0xFF,0xFF,0xFF,0xFF,0xFF,0xFF,0xFF,0xFF,0xFF,0xFF,0xFF,0xFF,0xFF,0xFF,0xFF,0xFF,0xFF,0xFF,0xFF,0xFF,0xFF,0xFF,0xFF,0xFF,0xFF,0xFF,0xFF,0xFF,0xFF,0xFF,
    0xFF,0xFF,0xFF,0xFF,0xFF,0xFF,0xFF,0xFF,0xFF,0xFF,0xFF,0xFF,0xFF,0xFF,0xFF,0xFF,0xFF,0xFF,0xFF,0xFF,0xFF,0xFF,0xFF,0xFF,0xFF,0xFF,0xFF,0xFF,0xFF,0xFF,0xFF,0xFF,0xFF,0xFF,0xFF,0xFF,
    0xFF,0xFF,0xFF,0xFF,0xFF,0xFF,0xFF,0xFF,0xFF,0xFF,0xFF,0xFF,0xFF,0xFF,0xFF,0xFF,0xFF,0xFF,0xFF,0xFF,0xFF,0xFF,0xFF,0xFF,0xFF,0xFF,0xFF,0xFF,0xFF,0xFF,0xFF,0xFF,0xFF,0xFF,0xFF,0xFF,
    0xFF,0xFF,0xFF,0xFF,0xFF,0xFF,0xFF,0xFF,0xFF,0xFF,0xFF,0xFF,0xFF,0xFF,0xFF,0xFF,0xFF,0xFF,0xFF,0xFF,0xFF,0xFF,0xFF,0xFF,0xFF,0xFF,0xFF,0xFF,0xFF,0xFF,0xFF,0xFF,0xFF,0xFF,0xFF,0xFF,
    0xFF,0xFF,0xFF,0xFF,0xFF,0xFF,0xFF,0xFF,0xFF,0xFF,0xFF,0xFF,0xFF,0xFF,0xFF,0xFF,0xFF,0xFF,0xFF,0xFF,0xFF,0xFF,0xFF,0xFF,0xFF,0xFF,0xFF,0xFF,0xFF,0xFF,0xFF,0xFF,0xFF,0xFF,0xFF,0xFF,
    0xFF,0xFF,0xFF,0xFF,0xFF,0xFF,0xFF,0xFF,0xFF,0xFF,0xFF,0xFF,0xFF,0xFF,0xFF,0xFF,0xFF,0xFF,0xFF,0xFF,0xFF,0xFF,0xFF,0xFF,0xFF,0xFF,0xFF,0xFF,0xFF,0xFF,0xFF,0xFF,0xFF,0xFF,0xFF,0xFF,
    0xFF,0xFF,0xFF,0xFF,0xFF,0xFF,0xFF,0xFF,0xFF,0xFF,0xFF,0xFF,0xFF,0xFF,0xFF,0xFF,0xFF,0xFF,0xFF,0xFF,0xFF,0xFF,0xFF,0xFF,0xFF,0xFF,0xFF,0xFF,0xFF,0xFF,0xFF,0xFF,0xFF,0xFF,0xFF,0xFF,
    0xFF,0xFF,0xFF,0xFF,0xFF,0xFF,0xFF,0xFF,0xFF,0xFF,0xFF,0xFF,0xFF,0xFF,0xFF,0xFF,0xFF,0xFF,0xFF,0xFF,0xFF,0xFF,0xFF,0xFF,0xFF,0xFF,0xFF,0xFF,0xFF,0xFF,0xFF,0xFF,0xFF,0xFF,0xFF,0xFF,
    0xFF,0xFF,0xFF,0xFF,0xFF,0xFF,0xFF,0xFF,0xFF,0xFF,0xFF,0xFF,0xFF,0xFF,0xFF,0xFF,0xFF,0xFF,0xFF,0xFF,0xFF,0xFF,0xFF,0xFF,0xFF,0xFF,0xFF,0xFF,0xFF,0xFF,0xFF,0xFF,0xFF,0xFF,0xFF,0xFF,
    0xFF,0xFF,0xFF,0xFF,0xFF,0xFF,0xFF,0xFF,0xFF,0xFF,0xFF,0xFF,0xFF,0xFF,0xFF,0xFF,0xFF,0xFF,0xFF,0xFF,0xFF,0xFF,0xFF,0xFF,0xFF,0xFF,0xFF,0xFF,0xFF,0xFF,0xFF,0xFF,0xFF,0xFF,0xFF,0xFF,
    0xFF,0xFF,0xFF,0xFF,0xFF,0xFF,0xFF,0xFF,0xFF,0xFF,0xFF,0xFF,0xFF,0xFF,0xFF,0xFF,0xFF,0xFF,0xFF,0xFF,0xFF,0xFF,0xFF,0xFF,0xFF,0xFF,0xFF,0xFF,0xFF,0xFF,0xFF,0xFF,0xFF,0xFF,0xFF,0xFF,
    0xFF,0xFF,0xFF,0xFF,0xFF,0xFF,0xFF,0xFF,0xFF,0xFF,0xFF,0xFF,0xFF,0xFF,0xFF,0xFF,0xFF,0xFF,0xFF,0xFF,0xFF,0xFF,0xFF,0xFF,0xFF,0xFF,0xFF,0xFF,0xFF,0xFF,0xFF,0xFF,0xFF,0xFF,0xFF,0xFF,
    0xFF,0xFF,0xFF,0xFF,0xFF,0xFF,0xFF,0xFF,0xFF,0xFF,0xFF,0xFF,0xFF,0xFF,0xFF,0xFF,0xFF,0xFF,0xFF,0xFF,0xFF,0xFF,0xFF,0xFF,0xFF,0xFF,0xFF,0xFF,0xFF,0xFF,0xFF,0xFF,0xFF,0xFF,0xFF,0xFF,
    0xFF,0xFF,0xFF,0xFF,0xFF,0xFF,0xFF,0xFF,0xFF,0xFF,0xFF,0xFF,0xFF,0xFF,0xFF,0xFF,0xFF,0xFF,0xFF,0xFF,0xFF,0xFF,0xFF,0xFF,0xFF,0xFF,0xFF,0xFF,0xFF,0xFF,0xFF,0xFF,0xFF,0xFF,0xFF,0xFF,
    0xFF,0xFF,0xFF,0xFF,0xFF,0xFF,0xFF,0xFF,0xFF,0xFF,0xFF,0xFF,0xFF,0xFF,0xFF,0xFF,0xFF,0xFF,0xFF,0xFF,0xFF,0xFF,0xFF,0xFF,0xFF,0xFF,0xFF,0xFF,0xFF,0xFF,0xFF,0xFF,0xFF,0xFF,0xFF,0xFF,
    0xFF,0xFF,0xFF,0xFF,0xFF,0xFF,0xFF,0xFF,0xFF,0xFF,0xFF,0xFF,0xFF,0xFF,0xFF,0xFF,0xFF,0xFF,0xFF,0xFF,0xFF,0xFF,0xFF,0xFF,0xFF,0xFF,0xFF,0xFF,0xFF,0xFF,0xFF,0xFF,0xFF,0xFF,0xFF,0xFF,
    0xFF,0xFF,0xFF,0xFF,0xFF,0xFF,0xFF,0xFF,0xFF,0xFF,0xFF,0xFF,0xFF,0xFF,0xFF,0xFF,0xFF,0xFF,0xFF,0xFF,0xFF,0xFF,0xFF,0xFF,0xFF,0xFF,0xFF,0xFF,0xFF,0xFF,0xFF,0xFF,0xFF,0xFF,0xFF,0xFF,
    0xFF,0xFF,0xFF,0xFF,0xFF,0xFF,0xFF,0xFF,0xFF,0xFF,0xFF,0xFF,0xFF,0xFF,0xFF,0xFF,0xFF,0xFF,0xFF,0xFF,0xFF,0xFF,0xFF,0xFF,0xFF,0xFF,0xFF,0xFF,0xFF,0xFF,0xFF,0xFF,0xFF,0xFF,0xFF,0xFF,
    0xFF,0xFF,0xFF,0xFF,0xFF,0xFF,0xFF,0xFF,0xFF,0xFF,0xFF,0xFF,0xFF,0xFF,0xFF,0xFF,0xFF,0xFF,0xFF,0xFF,0xFF,0xFF,0xFF,0xFF,0xFF,0xFF,0xFF,0xFF,0xFF,0xFF,0xBE,0xF7,0xFF,0xDF,0xFF,0xFF,
    0xFF,0xFF,0xFF,0xFF,0xFF,0xFF,0xDF,0xFF,0xFF,0x9E,0xF7,0xFF,0xFF,0xFF,0xFF,0xDF,0xFF,0xFF,0xBE,0xF7,0xFF,0xFF,0xFF,0xFF,0xFF,0xFF,0xFF,0xFF,0xFF,0xFF,0xFF,0xFF,0xFF,0xFF,0xFF,0xFF,
    0xFF,0xFF,0xFF,0xFF,0xFF,0xFF,0xFF,0xFF,0xFF,0xBE,0xF7,0xFF,0xCF,0x7B,0xFF,0x00,0x00,0xFF,0x20,0x00,0xFF,0x00,0x00,0xFF,0x20,0x00,0xFF,0x00,0x00,0xFF,0x00,0x00,0xFF,0x00,0x00,0xFF,
    0x00,0x00,0xFF,0x00,0x00,0xFF,0x00,0x00,0xFF,0x00,0x00,0xFF,0x00,0x00,0xFF,0x00,0x00,0xFF,0x20,0x00,0xFF,0x00,0x00,0xFF,0x00,0x00,0xFF,0x00,0x00,0xFF,0x00,0x00,0xFF,0x00,0x00,0xFF,
    0x00,0x00,0xFF,0x00,0x00,0xFF,0x00,0x00,0xFF,0x00,0x00,0xFF,0x00,0x00,0xFF,0x00,0x00,0xFF,0x00,0x00,0xFF,0x00,0x00,0xFF,0x20,0x00,0xFF,0x60,0x08,0xFF,0x4B,0xDF,0xFF,0x88,0xE7,0xFF,
    0x69,0xE7,0xFF,0x6C,0xE7,0xFF,0xA9,0xAD,0xFF,0x40,0x00,0xFF,0xA0,0x18,0xFF,0x20,0x08,0xFF,0x00,0x00,0xFF,0x7B,0xD6,0xFF,0x9F,0xF7,0xFF,0xFF,0xFF,0xFF,0xDF,0xFF,0xFF,0xFF,0xFF,0xFF,
    0xFE,0xFF,0xFF,0xFE,0xFF,0xFF,0xBE,0xF7,0xFF,0xFF,0xFF,0xFF,0xDF,0xFF,0xFF,0xBE,0xF7,0xFF,0xFF,0xFF,0xFF,0xFF,0xFF,0xFF,0xBE,0xF7,0xFF,0xFF,0xFF,0xFF,0xFF,0xFF,0xFF,0xFF,0xFF,0xFF,
    0xFF,0xFF,0xFF,0xFF,0xFF,0xFF,0xFF,0xFF,0xFF,0xFF,0xFF,0xFF,0xFF,0xFF,0xFF,0xFF,0xFF,0xFF,0xFF,0xFF,0xFF,0xFF,0xFF,0xFF,0xFF,0xFF,0xFF,0xFF,0xFF,0xFF,0xFF,0xFF,0xFF,0xFF,0xFF,0xFF,
    0xFF,0xFF,0xFF,0xFF,0xFF,0xFF,0xFF,0xFF,0xFF,0xFF,0xFF,0xFF,0xFF,0xFF,0xFF,0xFF,0xFF,0xFF,0xFF,0xFF,0xFF,0xFF,0xFF,0xFF,0xFF,0xFF,0xFF,0xFF,0xFF,0xFF,0xFF,0xFF,0xFF,0xFF,0xFF,0xFF,
    0xFF,0xFF,0xFF,0xFF,0xFF,0xFF,0xFF,0xFF,0xFF,0xFF,0xFF,0xFF,0xFF,0xFF,0xFF,0xFF,0xFF,0xFF,0xFF,0xFF,0xFF,0xFF,0xFF,0xFF,0xFF,0xFF,0xFF,0xFF,0xFF,0xFF,0xFF,0xFF,0xFF,0xFF,0xFF,0xFF,
    0xFF,0xFF,0xFF,0xFF,0xFF,0xFF,0xFF,0xFF,0xFF,0xFF,0xFF,0xFF,0xFF,0xFF,0xFF,0xFF,0xFF,0xFF,0xFF,0xFF,0xFF,0xFF,0xFF,0xFF,0xFF,0xFF,0xFF,0xFF,0xFF,0xFF,0xFF,0xFF,0xFF,0xFF,0xFF,0xFF,
    0xFF,0xFF,0xFF,0xFF,0xFF,0xFF,0xFF,0xFF,0xFF,0xFF,0xFF,0xFF,0xFF,0xFF,0xFF,0xFF,0xFF,0xFF,0xFF,0xFF,0xFF,0xFF,0xFF,0xFF,0xFF,0xFF,0xFF,0xFF,0xFF,0xFF,0xFF,0xFF,0xFF,0xFF,0xFF,0xFF,
    0xFF,0xFF,0xFF,0xFF,0xFF,0xFF,0xFF,0xFF,0xFF,0xFF,0xFF,0xFF,0xFF,0xFF,0xFF,0xFF,0xFF,0xFF,0xFF,0xFF,0xFF,0xFF,0xFF,0xFF,0xFF,0xFF,0xFF,0xFF,0xFF,0xFF,0xFF,0xFF,0xFF,0xFF,0xFF,0xFF,
    0xFF,0xFF,0xFF,0xFF,0xFF,0xFF,0xFF,0xFF,0xFF,0xFF,0xFF,0xFF,0xFF,0xFF,0xFF,0xFF,0xFF,0xFF,0xFF,0xFF,0xFF,0xFF,0xFF,0xFF,0xFF,0xFF,0xFF,0xFF,0xFF,0xFF,0xFF,0xFF,0xFF,0xFF,0xFF,0xFF,
    0xFF,0xFF,0xFF,0xFF,0xFF,0xFF,0xFF,0xFF,0xFF,0xFF,0xFF,0xFF,0xFF,0xFF,0xFF,0xFF,0xFF,0xFF,0xFF,0xFF,0xFF,0xFF,0xFF,0xFF,0xFF,0xFF,0xFF,0xFF,0xFF,0xFF,0xFF,0xFF,0xFF,0xFF,0xFF,0xFF,
    0xFF,0xFF,0xFF,0xFF,0xFF,0xFF,0xFF,0xFF,0xFF,0xFF,0xFF,0xFF,0xFF,0xFF,0xFF,0xFF,0xFF,0xFF,0xFF,0xFF,0xFF,0xFF,0xFF,0xFF,0xFF,0xFF,0xFF,0xFF,0xFF,0xFF,0xFF,0xFF,0xFF,0xFF,0xFF,0xFF,
    0xFF,0xFF,0xFF,0xFF,0xFF,0xFF,0xFF,0xFF,0xFF,0xFF,0xFF,0xFF,0xFF,0xFF,0xFF,0xFF,0xFF,0xFF,0xFF,0xFF,0xFF,0xFF,0xFF,0xFF,0xFF,0xFF,0xFF,0xFF,0xFF,0xFF,0xFF,0xFF,0xFF,0xFF,0xFF,0xFF,
    0xFF,0xFF,0xFF,0xFF,0xFF,0xFF,0xFF,0xFF,0xFF,0xFF,0xFF,0xFF,0xFF,0xFF,0xFF,0xFF,0xFF,0xFF,0xFF,0xFF,0xFF,0xFF,0xFF,0xFF,0xFF,0xFF,0xFF,0xFF,0xFF,0xFF,0xFF,0xFF,0xFF,0xFF,0xFF,0xFF,
    0xFF,0xFF,0xFF,0xFF,0xFF,0xFF,0xFF,0xFF,0xFF,0xFF,0xFF,0xFF,0xFF,0xFF,0xFF,0xFF,0xFF,0xFF,0xFF,0xFF,0xFF,0xFF,0xFF,0xFF,0xFF,0xFF,0xFF,0xFF,0xFF,0xFF,0xFF,0xFF,0xFF,0xFF,0xFF,0xFF,
    0xFF,0xFF,0xFF,0xFF,0xFF,0xFF,0xFF,0xFF,0xFF,0xFF,0xFF,0xFF,0xFF,0xFF,0xFF,0xFF,0xFF,0xFF,0xFF,0xFF,0xFF,0xFF,0xFF,0xFF,0xFF,0xFF,0xFF,0xFF,0xFF,0xFF,0xFF,0xFF,0xFF,0xFF,0xFF,0xFF,
    0xFF,0xFF,0xFF,0xFF,0xFF,0xFF,0xFF,0xFF,0xFF,0xFF,0xFF,0xFF,0xFF,0xFF,0xFF,0xFF,0xFF,0xFF,0xFF,0xFF,0xFF,0xFF,0xFF,0xFF,0xFF,0xFF,0xFF,0xFF,0xFF,0xFF,0xFF,0xFF,0xFF,0xFF,0xFF,0xFF,
    0xFF,0xFF,0xFF,0xFF,0xFF,0xFF,0xFF,0xFF,0xFF,0xFF,0xFF,0xFF,0xFF,0xFF,0xFF,0xFF,0xFF,0xFF,0xFF,0xFF,0xFF,0xFF,0xFF,0xFF,0xFF,0xFF,0xFF,0xFF,0xFF,0xFF,0xFF,0xFF,0xFF,0xFF,0xFF,0xFF,
    0xFF,0xFF,0xFF,0xFF,0xFF,0xFF,0xFF,0xFF,0xFF,0xFF,0xFF,0xFF,0xFF,0xFF,0xFF,0xFF,0xFF,0xFF,0xFF,0xFF,0xFF,0xFF,0xFF,0xFF,0xFF,0xFF,0xFF,0xFF,0xFF,0xFF,0xFF,0xFF,0xFF,0xFF,0xFF,0xFF,
    0xFF,0xFF,0xFF,0xFF,0xFF,0xFF,0xFF,0xFF,0xFF,0xFF,0xFF,0xFF,0xFF,0xFF,0xFF,0xFF,0xFF,0xFF,0xFF,0xFF,0xFF,0xFF,0xFF,0xFF,0xFF,0xFF,0xFF,0xFF,0xFF,0xFF,0xFF,0xFF,0xFF,0xFF,0xFF,0xFF,
    0xFF,0xFF,0xFF,0xFF,0xFF,0xFF,0xFF,0xFF,0xFF,0xFF,0xFF,0xFF,0xFF,0xFF,0xFF,0xFF,0xFF,0xFF,0xFF,0xFF,0xFF,0xFF,0xFF,0xFF,0xFF,0xFF,0xFF,0xFF,0xFF,0xFF,0xFF,0xFF,0xFF,0xFF,0xFF,0xFF,
    0xFF,0xFF,0xFF,0xFF,0xFF,0xFF,0xFF,0xFF,0xFF,0xFF,0xFF,0xFF,0xFF,0xFF,0xFF,0xFF,0xFF,0xFF,0xFF,0xFF,0xFF,0xFF,0xFF,0xFF,0xFF,0xFF,0xFF,0xFF,0xFF,0xFF,0xFF,0xFF,0xFF,0xFF,0xFF,0xFF,
    0xFF,0xFF,0xFF,0xFF,0xFF,0xFF,0xFF,0xFF,0xFF,0xFF,0xFF,0xFF,0xFF,0xFF,0xFF,0xFF,0xFF,0xFF,0xFF,0xFF,0xFF,0xFF,0xFF,0xFF,0xFF,0xFF,0xFF,0xFF,0xFF,0xFF,0xFF,0xFF,0xFF,0xFF,0xFF,0xFF,
    0xFF,0xFF,0xFF,0xFF,0xFF,0xFF,0xFF,0xFF,0xFF,0xFF,0xFF,0xFF,0xFF,0xFF,0xFF,0xFF,0xFF,0xFF,0xFF,0xFF,0xFF,0xFF,0xFF,0xFF,0xFF,0xFF,0xFF,0xFF,0xFF,0xFF,0xFF,0xFF,0xFF,0xFF,0xFF,0xFF,
    0xFF,0xFF,0xFF,0xFF,0xFF,0xFF,0xFF,0xFF,0xFF,0xFF,0xFF,0xFF,0xFF,0xFF,0xFF,0xFF,0xFF,0xFF,0xFF,0xFF,0xFF,0xFF,0xFF,0xFF,0xFF,0xFF,0xFF,0xFF,0xFF,0xFF,0xFF,0xFF,0xFF,0xFF,0xFF,0xFF,
    0xFF,0xFF,0xFF,0xFF,0xFF,0xFF,0xFF,0xFF,0xFF,0xFF,0xFF,0xFF,0xFF,0xFF,0xFF,0xFF,0xFF,0xFF,0xFF,0xFF,0xFF,0xFF,0xFF,0xFF,0xFF,0xFF,0xFF,0xFF,0xFF,0xFF,0xFF,0xFF,0xFF,0xFF,0xFF,0xFF,
    0xFF,0xFF,0xFF,0xFF,0xFF,0xFF,0xFF,0xFF,0xFF,0xFF,0xFF,0xFF,0xFF,0xFF,0xFF,0xFF,0xFF,0xFF,0xFF,0xFF,0xFF,0xFF,0xFF,0xFF,0xFF,0xFF,0xFF,0xFF,0xFF,0xFF,0xFF,0xFF,0xFF,0xFF,0xFF,0xFF,
    0xFF,0xFF,0xFF,0xFF,0xFF,0xFF,0xFF,0xFF,0xFF,0xFF,0xFF,0xFF,0xFF,0xFF,0xFF,0xFF,0xFF,0xFF,0xFF,0xFF,0xFF,0xFF,0xFF,0xFF,0xFF,0xFF,0xFF,0xFF,0xFF,0xFF,0xFF,0xFF,0xFF,0xFF,0xFF,0xFF,
    0xFF,0xFF,0xFF,0xFF,0xFF,0xFF,0xFF,0xFF,0xFF,0xFF,0xFF,0xFF,0xFF,0xFF,0xFF,0xFF,0xFF,0xFF,0xFF,0xFF,0xFF,0xFF,0xFF,0xFF,0xFF,0xFF,0xFF,0xFF,0xFF,0xFF,0xFF,0xFF,0xFF,0xFF,0xFF,0xFF,
    0xFF,0xFF,0xFF,0xFF,0xFF,0xFF,0xFF,0xFF,0xFF,0xFF,0xFF,0xFF,0xFF,0xFF,0xFF,0xFF,0xFF,0xFF,0xFF,0xFF,0xFF,0xFF,0xFF,0xFF,0xFF,0xFF,0xFF,0xFF,0xFF,0xFF,0xFF,0xFF,0xFF,0xFF,0xFF,0xFF,
    0xFF,0xFF,0xFF,0xFF,0xFF,0xFF,0xFF,0xFF,0xFF,0xFF,0xFF,0xFF,0xFF,0xFF,0xFF,0xFF,0xFF,0xFF,0xFF,0xFF,0xFF,0xFF,0xFF,0xFF,0xFF,0xFF,0xFF,0xFF,0xFF,0xFF,0xFF,0xFF,0xFF,0xDF,0xFF,0xFF,
    0xFF,0xFF,0xFF,0xFF,0xFF,0xFF,0xFF,0xFF,0xFF,0xFF,0xFF,0xFF,0xDF,0xFF,0xFF,0xDF,0xFF,0xFF,0xFF,0xFF,0xFF,0xFF,0xFF,0xFF,0x9E,0xF7,0xFF,0xFF,0xFF,0xFF,0x75,0xAD,0xFF,0x00,0x00,0xFF,
    0x20,0x00,0xFF,0x00,0x00,0xFF,0x00,0x00,0xFF,0x20,0x00,0xFF,0x00,0x00,0xFF,0x00,0x00,0xFF,0x00,0x00,0xFF,0x00,0x00,0xFF,0x00,0x00,0xFF,0x00,0x00,0xFF,0x00,0x00,0xFF,0x00,0x00,0xFF,
    0x20,0x00,0xFF,0x00,0x00,0xFF,0x00,0x00,0xFF,0x00,0x00,0xFF,0x00,0x00,0xFF,0x00,0x00,0xFF,0x00,0x00,0xFF,0x00,0x00,0xFF,0x00,0x00,0xFF,0x00,0x00,0xFF,0x00,0x00,0xFF,0x00,0x00,0xFF,
    0x00,0x00,0xFF,0x00,0x00,0xFF,0x20,0x00,0xFF,0x60,0x08,0xFF,0x6F,0xE7,0xFF,0xCE,0xEF,0xFF,0x91,0xEF,0xFF,0x20,0x42,0xFF,0x20,0x08,0xFF,0x20,0x08,0xFF,0x00,0x00,0xFF,0x82,0x10,0xFF,
    0xBE,0xFF,0xFF,0xBD,0xF7,0xFF,0xFF,0xFF,0xFF,0xFE,0xFF,0xFF,0xFF,0xFF,0xFF,0xFF,0xFF,0xFF,0xFF,0xFF,0xFF,0xFF,0xFF,0xFF,0xFF,0xFF,0xFF,0xFF,0xFF,0xFF,0xDF,0xFF,0xFF,0xFF,0xFF,0xFF,
    0xFF,0xFF,0xFF,0x7D,0xEF,0xFF,0xFF,0xFF,0xFF,0xFF,0xFF,0xFF,0xFF,0xFF,0xFF,0xFF,0xFF,0xFF,0xFF,0xFF,0xFF,0xFF,0xFF,0xFF,0xFF,0xFF,0xFF,0xFF,0xFF,0xFF,0xFF,0xFF,0xFF,0xFF,0xFF,0xFF,
    0xFF,0xFF,0xFF,0xFF,0xFF,0xFF,0xFF,0xFF,0xFF,0xFF,0xFF,0xFF,0xFF,0xFF,0xFF,0xFF,0xFF,0xFF,0xFF,0xFF,0xFF,0xFF,0xFF,0xFF,0xFF,0xFF,0xFF,0xFF,0xFF,0xFF,0xFF,0xFF,0xFF,0xFF,0xFF,0xFF,
    0xFF,0xFF,0xFF,0xFF,0xFF,0xFF,0xFF,0xFF,0xFF,0xFF,0xFF,0xFF,0xFF,0xFF,0xFF,0xFF,0xFF,0xFF,0xFF,0xFF,0xFF,0xFF,0xFF,0xFF,0xFF,0xFF,0xFF,0xFF,0xFF,0xFF,0xFF,0xFF,0xFF,0xFF,0xFF,0xFF,
    0xFF,0xFF,0xFF,0xFF,0xFF,0xFF,0xFF,0xFF,0xFF,0xFF,0xFF,0xFF,0xFF,0xFF,0xFF,0xFF,0xFF,0xFF,0xFF,0xFF,0xFF,0xFF,0xFF,0xFF,0xFF,0xFF,0xFF,0xFF,0xFF,0xFF,0xFF,0xFF,0xFF,0xFF,0xFF,0xFF,
    0xFF,0xFF,0xFF,0xFF,0xFF,0xFF,0xFF,0xFF,0xFF,0xFF,0xFF,0xFF,0xFF,0xFF,0xFF,0xFF,0xFF,0xFF,0xFF,0xFF,0xFF,0xFF,0xFF,0xFF,0xFF,0xFF,0xFF,0xFF,0xFF,0xFF,0xFF,0xFF,0xFF,0xFF,0xFF,0xFF,
    0xFF,0xFF,0xFF,0xFF,0xFF,0xFF,0xFF,0xFF,0xFF,0xFF,0xFF,0xFF,0xFF,0xFF,0xFF,0xFF,0xFF,0xFF,0xFF,0xFF,0xFF,0xFF,0xFF,0xFF,0xFF,0xFF,0xFF,0xFF,0xFF,0xFF,0xFF,0xFF,0xFF,0xFF,0xFF,0xFF,
    0xFF,0xFF,0xFF,0xFF,0xFF,0xFF,0xFF,0xFF,0xFF,0xFF,0xFF,0xFF,0xFF,0xFF,0xFF,0xFF,0xFF,0xFF,0xFF,0xFF,0xFF,0xFF,0xFF,0xFF,0xFF,0xFF,0xFF,0xFF,0xFF,0xFF,0xFF,0xFF,0xFF,0xFF,0xFF,0xFF,
    0xFF,0xFF,0xFF,0xFF,0xFF,0xFF,0xFF,0xFF,0xFF,0xFF,0xFF,0xFF,0xFF,0xFF,0xFF,0xFF,0xFF,0xFF,0xFF,0xFF,0xFF,0xFF,0xFF,0xFF,0xFF,0xFF,0xFF,0xFF,0xFF,0xFF,0xFF,0xFF,0xFF,0xFF,0xFF,0xFF,
    0xFF,0xFF,0xFF,0xFF,0xFF,0xFF,0xFF,0xFF,0xFF,0xFF,0xFF,0xFF,0xFF,0xFF,0xFF,0xFF,0xFF,0xFF,0xFF,0xFF,0xFF,0xFF,0xFF,0xFF,0xFF,0xFF,0xFF,0xFF,0xFF,0xFF,0xFF,0xFF,0xFF,0xFF,0xFF,0xFF,
    0xFF,0xFF,0xFF,0xFF,0xFF,0xFF,0xFF,0xFF,0xFF,0xFF,0xFF,0xFF,0xFF,0xFF,0xFF,0xFF,0xFF,0xFF,0xFF,0xFF,0xFF,0xFF,0xFF,0xFF,0xFF,0xFF,0xFF,0xFF,0xFF,0xFF,0xFF,0xFF,0xFF,0xFF,0xFF,0xFF,
    0xFF,0xFF,0xFF,0xFF,0xFF,0xFF,0xFF,0xFF,0xFF,0xFF,0xFF,0xFF,0xFF,0xFF,0xFF,0xFF,0xFF,0xFF,0xFF,0xFF,0xFF,0xFF,0xFF,0xFF,0xFF,0xFF,0xFF,0xFF,0xFF,0xFF,0xFF,0xFF,0xFF,0xFF,0xFF,0xFF,
    0xFF,0xFF,0xFF,0xFF,0xFF,0xFF,0xFF,0xFF,0xFF,0xFF,0xFF,0xFF,0xFF,0xFF,0xFF,0xFF,0xFF,0xFF,0xFF,0xFF,0xFF,0xFF,0xFF,0xFF,0xFF,0xFF,0xFF,0xFF,0xFF,0xFF,0xFF,0xFF,0xFF,0xFF,0xFF,0xFF,
    0xFF,0xFF,0xFF,0xFF,0xFF,0xFF,0xFF,0xFF,0xFF,0xFF,0xFF,0xFF,0xFF,0xFF,0xFF,0xFF,0xFF,0xFF,0xFF,0xFF,0xFF,0xFF,0xFF,0xFF,0xFF,0xFF,0xFF,0xFF,0xFF,0xFF,0xFF,0xFF,0xFF,0xFF,0xFF,0xFF,
    0xFF,0xFF,0xFF,0xFF,0xFF,0xFF,0xFF,0xFF,0xFF,0xFF,0xFF,0xFF,0xFF,0xFF,0xFF,0xFF,0xFF,0xFF,0xFF,0xFF,0xFF,0xFF,0xFF,0xFF,0xFF,0xFF,0xFF,0xFF,0xFF,0xFF,0xFF,0xFF,0xFF,0xFF,0xFF,0xFF,
    0xFF,0xFF,0xFF,0xFF,0xFF,0xFF,0xFF,0xFF,0xFF,0xFF,0xFF,0xFF,0xFF,0xFF,0xFF,0xFF,0xFF,0xFF,0xFF,0xFF,0xFF,0xFF,0xFF,0xFF,0xFF,0xFF,0xFF,0xFF,0xFF,0xFF,0xFF,0xFF,0xFF,0xFF,0xFF,0xFF,
    0xFF,0xFF,0xFF,0xFF,0xFF,0xFF,0xFF,0xFF,0xFF,0xFF,0xFF,0xFF,0xFF,0xFF,0xFF,0xFF,0xFF,0xFF,0xFF,0xFF,0xFF,0xFF,0xFF,0xFF,0xFF,0xFF,0xFF,0xFF,0xFF,0xFF,0xFF,0xFF,0xFF,0xFF,0xFF,0xFF,
    0xFF,0xFF,0xFF,0xFF,0xFF,0xFF,0xFF,0xFF,0xFF,0xFF,0xFF,0xFF,0xFF,0xFF,0xFF,0xFF,0xFF,0xFF,0xFF,0xFF,0xFF,0xFF,0xFF,0xFF,0xFF,0xFF,0xFF,0xFF,0xFF,0xFF,0xFF,0xFF,0xFF,0xFF,0xFF,0xFF,
    0xFF,0xFF,0xFF,0xFF,0xFF,0xFF,0xFF,0xFF,0xFF,0xFF,0xFF,0xFF,0xFF,0xFF,0xFF,0xFF,0xFF,0xFF,0xFF,0xFF,0xFF,0xFF,0xFF,0xFF,0xFF,0xFF,0xFF,0xFF,0xFF,0xFF,0xFF,0xFF,0xFF,0xFF,0xFF,0xFF,
    0xFF,0xFF,0xFF,0xFF,0xFF,0xFF,0xFF,0xFF,0xFF,0xFF,0xFF,0xFF,0xFF,0xFF,0xFF,0xFF,0xFF,0xFF,0xFF,0xFF,0xFF,0xFF,0xFF,0xFF,0xFF,0xFF,0xFF,0xFF,0xFF,0xFF,0xFF,0xFF,0xFF,0xFF,0xFF,0xFF,
    0xFF,0xFF,0xFF,0xFF,0xFF,0xFF,0xFF,0xFF,0xFF,0xFF,0xFF,0xFF,0xFF,0xFF,0xFF,0xFF,0xFF,0xFF,0xFF,0xFF,0xFF,0xFF,0xFF,0xFF,0xFF,0xFF,0xFF,0xFF,0xFF,0xFF,0xFF,0xFF,0xFF,0xFF,0xFF,0xFF,
    0xFF,0xFF,0xFF,0xFF,0xFF,0xFF,0xFF,0xFF,0xFF,0xFF,0xFF,0xFF,0xFF,0xFF,0xFF,0xFF,0xFF,0xFF,0xFF,0xFF,0xFF,0xFF,0xFF,0xFF,0xFF,0xFF,0xFF,0xFF,0xFF,0xFF,0xFF,0xFF,0xFF,0xFF,0xFF,0xFF,
    0xFF,0xFF,0xFF,0xFF,0xFF,0xFF,0xFF,0xFF,0xFF,0xFF,0xFF,0xFF,0xFF,0xFF,0xFF,0xFF,0xFF,0xFF,0xFF,0xFF,0xFF,0xFF,0xFF,0xFF,0xFF,0xFF,0xFF,0xFF,0xFF,0xFF,0xFF,0xFF,0xFF,0xFF,0xFF,0xFF,
    0xFF,0xFF,0xFF,0xFF,0xFF,0xFF,0xFF,0xFF,0xFF,0xFF,0xFF,0xFF,0xFF,0xFF,0xFF,0xFF,0xFF,0xFF,0xFF,0xFF,0xFF,0xFF,0xFF,0xFF,0xFF,0xFF,0xFF,0xFF,0xFF,0xFF,0xFF,0xFF,0xFF,0xFF,0xFF,0xFF,
    0xFF,0xFF,0xFF,0xFF,0xFF,0xFF,0xFF,0xFF,0xFF,0xFF,0xFF,0xFF,0xFF,0xFF,0xFF,0xFF,0xFF,0xFF,0xFF,0xFF,0xFF,0xFF,0xFF,0xFF,0xFF,0xFF,0xFF,0xFF,0xFF,0xFF,0xFF,0xFF,0xFF,0xFF,0xFF,0xFF,
    0xFF,0xFF,0xFF,0xFF,0xFF,0xFF,0xFF,0xFF,0xFF,0xFF,0xFF,0xFF,0xFF,0xFF,0xFF,0xFF,0xFF,0xFF,0xFF,0xFF,0xFF,0xFF,0xFF,0xFF,0xFF,0xFF,0xFF,0xFF,0xFF,0xFF,0xFF,0xFF,0xFF,0xFF,0xFF,0xFF,
    0xFF,0xFF,0xFF,0xFF,0xFF,0xFF,0xFF,0xFF,0xFF,0xFF,0xFF,0xFF,0xFF,0xFF,0xFF,0xFF,0xFF,0xFF,0xFF,0xFF,0xFF,0xFF,0xFF,0xFF,0xFF,0xFF,0xFF,0xFF,0xFF,0xFF,0xFF,0xFF,0xFF,0xFF,0xFF,0xFF,
    0xFF,0xFF,0xFF,0xFF,0xFF,0xFF,0xFF,0xFF,0xFF,0xFF,0xFF,0xFF,0xFF,0xFF,0xFF,0xFF,0xFF,0xFF,0xFF,0xFF,0xFF,0xFF,0xFF,0xFF,0xFF,0xFF,0xFF,0xFF,0xFF,0xFF,0xFF,0xFF,0xFF,0xFF,0xFF,0xFF,
    0xFF,0xFF,0xFF,0xFF,0xFF,0xFF,0xFF,0xFF,0xFF,0xFF,0xFF,0xFF,0xFF,0xFF,0xFF,0xFF,0xFF,0xFF,0xFF,0xFF,0xFF,0xFF,0xFF,0xFF,0xFF,0xFF,0xFF,0xFF,0xFF,0xFF,0xDF,0xFF,0xFF,0xFF,0xFF,0xFF,
    0xFF,0xFF,0xFF,0xFF,0xFF,0xFF,0xFF,0xFF,0xFF,0xFF,0xFF,0xFF,0xBE,0xF7,0xFF,0xFF,0xFF,0xFF,0xFF,0xFF,0xFF,0xFF,0xFF,0xFF,0xFF,0xFF,0xFF,0xFF,0xFF,0xFF,0xFF,0xFF,0xFF,0xFF,0xFF,0xFF,
    0xFF,0xFF,0xFF,0xDF,0xFF,0xFF,0xFF,0xFF,0xFF,0xDF,0xFF,0xFF,0xBA,0xD6,0xFF,0x20,0x00,0xFF,0x00,0x00,0xFF,0x20,0x00,0xFF,0x00,0x00,0xFF,0x00,0x00,0xFF,0x00,0x00,0xFF,0x00,0x00,0xFF,
    0x00,0x00,0xFF,0x00,0x00,0xFF,0x00,0x00,0xFF,0x00,0x00,0xFF,0x00,0x00,0xFF,0x00,0x00,0xFF,0x20,0x00,0xFF,0x20,0x00,0xFF,0x00,0x00,0xFF,0x00,0x00,0xFF,0x00,0x00,0xFF,0x00,0x00,0xFF,
    0x00,0x00,0xFF,0x00,0x00,0xFF,0x00,0x00,0xFF,0x00,0x00,0xFF,0x00,0x00,0xFF,0x00,0x00,0xFF,0x00,0x00,0xFF,0x00,0x00,0xFF,0x20,0x00,0xFF,0x60,0x08,0xFF,0x32,0xDF,0xFF,0x6E,0xC6,0xFF,
    0x80,0x08,0xFF,0x00,0x00,0xFF,0x20,0x08,0xFF,0x01,0x00,0xFF,0x8B,0x52,0xFF,0xDF,0xFF,0xFF,0xFE,0xFF,0xFF,0xFE,0xFF,0xFF,0xDD,0xF7,0xFF,0xFE,0xFF,0xFF,0xFF,0xFF,0xFF,0xFF,0xFF,0xFF,
    0xFF,0xFF,0xFF,0xDF,0xFF,0xFF,0xFF,0xFF,0xFF,0x9E,0xF7,0xFF,0xFF,0xFF,0xFF,0xBE,0xF7,0xFF,0xFF,0xFF,0xFF,0xFF,0xFF,0xFF,0xFF,0xFF,0xFF,0xFF,0xFF,0xFF,0xFF,0xFF,0xFF,0xFF,0xFF,0xFF,
    0xFF,0xFF,0xFF,0xFF,0xFF,0xFF,0xFF,0xFF,0xFF,0xFF,0xFF,0xFF,0xFF,0xFF,0xFF,0xFF,0xFF,0xFF,0xFF,0xFF,0xFF,0xFF,0xFF,0xFF,0xFF,0xFF,0xFF,0xFF,0xFF,0xFF,0xFF,0xFF,0xFF,0xFF,0xFF,0xFF,
    0xFF,0xFF,0xFF,0xFF,0xFF,0xFF,0xFF,0xFF,0xFF,0xFF,0xFF,0xFF,0xFF,0xFF,0xFF,0xFF,0xFF,0xFF,0xFF,0xFF,0xFF,0xFF,0xFF,0xFF,0xFF,0xFF,0xFF,0xFF,0xFF,0xFF,0xFF,0xFF,0xFF,0xFF,0xFF,0xFF,
    0xFF,0xFF,0xFF,0xFF,0xFF,0xFF,0xFF,0xFF,0xFF,0xFF,0xFF,0xFF,0xFF,0xFF,0xFF,0xFF,0xFF,0xFF,0xFF,0xFF,0xFF,0xFF,0xFF,0xFF,0xFF,0xFF,0xFF,0xFF,0xFF,0xFF,0xFF,0xFF,0xFF,0xFF,0xFF,0xFF,
    0xFF,0xFF,0xFF,0xFF,0xFF,0xFF,0xFF,0xFF,0xFF,0xFF,0xFF,0xFF,0xFF,0xFF,0xFF,0xFF,0xFF,0xFF,0xFF,0xFF,0xFF,0xFF,0xFF,0xFF,0xFF,0xFF,0xFF,0xFF,0xFF,0xFF,0xFF,0xFF,0xFF,0xFF,0xFF,0xFF,
    0xFF,0xFF,0xFF,0xFF,0xFF,0xFF,0xFF,0xFF,0xFF,0xFF,0xFF,0xFF,0xFF,0xFF,0xFF,0xFF,0xFF,0xFF,0xFF,0xFF,0xFF,0xFF,0xFF,0xFF,0xFF,0xFF,0xFF,0xFF,0xFF,0xFF,0xFF,0xFF,0xFF,0xFF,0xFF,0xFF,
    0xFF,0xFF,0xFF,0xFF,0xFF,0xFF,0xFF,0xFF,0xFF,0xFF,0xFF,0xFF,0xFF,0xFF,0xFF,0xFF,0xFF,0xFF,0xFF,0xFF,0xFF,0xFF,0xFF,0xFF,0xFF,0xFF,0xFF,0xFF,0xFF,0xFF,0xFF,0xFF,0xFF,0xFF,0xFF,0xFF,
    0xFF,0xFF,0xFF,0xFF,0xFF,0xFF,0xFF,0xFF,0xFF,0xFF,0xFF,0xFF,0xFF,0xFF,0xFF,0xFF,0xFF,0xFF,0xFF,0xFF,0xFF,0xFF,0xFF,0xFF,0xFF,0xFF,0xFF,0xFF,0xFF,0xFF,0xFF,0xFF,0xFF,0xFF,0xFF,0xFF,
    0xFF,0xFF,0xFF,0xFF,0xFF,0xFF,0xFF,0xFF,0xFF,0xFF,0xFF,0xFF,0xFF,0xFF,0xFF,0xFF,0xFF,0xFF,0xFF,0xFF,0xFF,0xFF,0xFF,0xFF,0xFF,0xFF,0xFF,0xFF,0xFF,0xFF,0xFF,0xFF,0xFF,0xFF,0xFF,0xFF,
    0xFF,0xFF,0xFF,0xFF,0xFF,0xFF,0xFF,0xFF,0xFF,0xFF,0xFF,0xFF,0xFF,0xFF,0xFF,0xFF,0xFF,0xFF,0xFF,0xFF,0xFF,0xFF,0xFF,0xFF,0xFF,0xFF,0xFF,0xFF,0xFF,0xFF,0xFF,0xFF,0xFF,0xFF,0xFF,0xFF,
    0xFF,0xFF,0xFF,0xFF,0xFF,0xFF,0xFF,0xFF,0xFF,0xFF,0xFF,0xFF,0xFF,0xFF,0xFF,0xFF,0xFF,0xFF,0xFF,0xFF,0xFF,0xFF,0xFF,0xFF,0xFF,0xFF,0xFF,0xFF,0xFF,0xFF,0xFF,0xFF,0xFF,0xFF,0xFF,0xFF,
    0xFF,0xFF,0xFF,0xFF,0xFF,0xFF,0xFF,0xFF,0xFF,0xFF,0xFF,0xFF,0xFF,0xFF,0xFF,0xFF,0xFF,0xFF,0xFF,0xFF,0xFF,0xFF,0xFF,0xFF,0xFF,0xFF,0xFF,0xFF,0xFF,0xFF,0xFF,0xFF,0xFF,0xFF,0xFF,0xFF,
    0xFF,0xFF,0xFF,0xFF,0xFF,0xFF,0xFF,0xFF,0xFF,0xFF,0xFF,0xFF,0xFF,0xFF,0xFF,0xFF,0xFF,0xFF,0xFF,0xFF,0xFF,0xFF,0xFF,0xFF,0xFF,0xFF,0xFF,0xFF,0xFF,0xFF,0xFF,0xFF,0xFF,0xFF,0xFF,0xFF,
    0xFF,0xFF,0xFF,0xFF,0xFF,0xFF,0xFF,0xFF,0xFF,0xFF,0xFF,0xFF,0xFF,0xFF,0xFF,0xFF,0xFF,0xFF,0xFF,0xFF,0xFF,0xFF,0xFF,0xFF,0xFF,0xFF,0xFF,0xFF,0xFF,0xFF,0xFF,0xFF,0xFF,0xFF,0xFF,0xFF,
    0xFF,0xFF,0xFF,0xFF,0xFF,0xFF,0xFF,0xFF,0xFF,0xFF,0xFF,0xFF,0xFF,0xFF,0xFF,0xFF,0xFF,0xFF,0xFF,0xFF,0xFF,0xFF,0xFF,0xFF,0xFF,0xFF,0xFF,0xFF,0xFF,0xFF,0xFF,0xFF,0xFF,0xFF,0xFF,0xFF,
    0xFF,0xFF,0xFF,0xFF,0xFF,0xFF,0xFF,0xFF,0xFF,0xFF,0xFF,0xFF,0xFF,0xFF,0xFF,0xFF,0xFF,0xFF,0xFF,0xFF,0xFF,0xFF,0xFF,0xFF,0xFF,0xFF,0xFF,0xFF,0xFF,0xFF,0xFF,0xFF,0xFF,0xFF,0xFF,0xFF,
    0xFF,0xFF,0xFF,0xFF,0xFF,0xFF,0xFF,0xFF,0xFF,0xFF,0xFF,0xFF,0xFF,0xFF,0xFF,0xFF,0xFF,0xFF,0xFF,0xFF,0xFF,0xFF,0xFF,0xFF,0xFF,0xFF,0xFF,0xFF,0xFF,0xFF,0xFF,0xFF,0xFF,0xFF,0xFF,0xFF,
    0xFF,0xFF,0xFF,0xFF,0xFF,0xFF,0xFF,0xFF,0xFF,0xFF,0xFF,0xFF,0xFF,0xFF,0xFF,0xFF,0xFF,0xFF,0xFF,0xFF,0xFF,0xFF,0xFF,0xFF,0xFF,0xFF,0xFF,0xFF,0xFF,0xFF,0xFF,0xFF,0xFF,0xFF,0xFF,0xFF,
    0xFF,0xFF,0xFF,0xFF,0xFF,0xFF,0xFF,0xFF,0xFF,0xFF,0xFF,0xFF,0xFF,0xFF,0xFF,0xFF,0xFF,0xFF,0xFF,0xFF,0xFF,0xFF,0xFF,0xFF,0xFF,0xFF,0xFF,0xFF,0xFF,0xFF,0xFF,0xFF,0xFF,0xFF,0xFF,0xFF,
    0xFF,0xFF,0xFF,0xFF,0xFF,0xFF,0xFF,0xFF,0xFF,0xFF,0xFF,0xFF,0xFF,0xFF,0xFF,0xFF,0xFF,0xFF,0xFF,0xFF,0xFF,0xFF,0xFF,0xFF,0xFF,0xFF,0xFF,0xFF,0xFF,0xFF,0xFF,0xFF,0xFF,0xFF,0xFF,0xFF,
    0xFF,0xFF,0xFF,0xFF,0xFF,0xFF,0xFF,0xFF,0xFF,0xFF,0xFF,0xFF,0xFF,0xFF,0xFF,0xFF,0xFF,0xFF,0xFF,0xFF,0xFF,0xFF,0xFF,0xFF,0xFF,0xFF,0xFF,0xFF,0xFF,0xFF,0xFF,0xFF,0xFF,0xFF,0xFF,0xFF,
    0xFF,0xFF,0xFF,0xFF,0xFF,0xFF,0xFF,0xFF,0xFF,0xFF,0xFF,0xFF,0xFF,0xFF,0xFF,0xFF,0xFF,0xFF,0xFF,0xFF,0xFF,0xFF,0xFF,0xFF,0xFF,0xFF,0xFF,0xFF,0xFF,0xFF,0xFF,0xFF,0xFF,0xFF,0xFF,0xFF,
    0xFF,0xFF,0xFF,0xFF,0xFF,0xFF,0xFF,0xFF,0xFF,0xFF,0xFF,0xFF,0xFF,0xFF,0xFF,0xFF,0xFF,0xFF,0xFF,0xFF,0xFF,0xFF,0xFF,0xFF,0xFF,0xFF,0xFF,0xFF,0xFF,0xFF,0xFF,0xFF,0xFF,0xFF,0xFF,0xFF,
    0xFF,0xFF,0xFF,0xFF,0xFF,0xFF,0xFF,0xFF,0xFF,0xFF,0xFF,0xFF,0xFF,0xFF,0xFF,0xFF,0xFF,0xFF,0xFF,0xFF,0xFF,0xFF,0xFF,0xFF,0xFF,0xFF,0xFF,0xFF,0xFF,0xFF,0xFF,0xFF,0xFF,0xFF,0xFF,0xFF,
    0xFF,0xFF,0xFF,0xFF,0xFF,0xFF,0xFF,0xFF,0xFF,0xFF,0xFF,0xFF,0xFF,0xFF,0xFF,0xFF,0xFF,0xFF,0xFF,0xFF,0xFF,0xFF,0xFF,0xFF,0xFF,0xFF,0xFF,0xFF,0xFF,0xFF,0xFF,0xFF,0xFF,0xFF,0xFF,0xFF,
    0xFF,0xFF,0xFF,0xFF,0xFF,0xFF,0xFF,0xFF,0xFF,0xFF,0xFF,0xFF,0xFF,0xFF,0xFF,0xFF,0xFF,0xFF,0xFF,0xFF,0xFF,0xFF,0xFF,0xFF,0xFF,0xFF,0xFF,0xFF,0xFF,0xFF,0xFF,0xFF,0xFF,0xFF,0xFF,0xFF,
    0xFF,0xFF,0xFF,0xFF,0xFF,0xFF,0xFF,0xFF,0xFF,0xFF,0xFF,0xFF,0xFF,0xFF,0xFF,0xFF,0xFF,0xFF,0xFF,0xFF,0xFF,0xFF,0xFF,0xFF,0xFF,0xFF,0xFF,0xFF,0xFF,0xFF,0xFF,0xFF,0xFF,0xFF,0xFF,0xFF,
    0xFF,0xFF,0xFF,0xFF,0xFF,0xFF,0xFF,0xFF,0xFF,0xFF,0xFF,0xFF,0xFF,0xFF,0xFF,0xFF,0xFF,0xFF,0xFF,0xFF,0xFF,0xFF,0xFF,0xFF,0xFF,0xFF,0xFF,0xFF,0xFF,0xFF,0xFF,0xFF,0xFF,0xFF,0xFF,0xFF,
    0xFF,0xFF,0xFF,0xFF,0xFF,0xFF,0xFF,0xFF,0xFF,0xFF,0xFF,0xFF,0xFF,0xFF,0xFF,0xFF,0xFF,0xFF,0xFF,0xFF,0xFF,0xFF,0xFF,0xFF,0xFF,0xFF,0xFF,0xFF,0xFF,0xFF,0xFF,0xFF,0xFF,0xFF,0xFF,0xFF,
    0xFF,0xFF,0xFF,0xFF,0xFF,0xFF,0xFF,0xFF,0xFF,0xFF,0xFF,0xFF,0xFF,0xFF,0xFF,0xFF,0xFF,0xFF,0xFF,0xFF,0xFF,0xFF,0xFF,0xFF,0xFF,0xFF,0xFF,0xFF,0xFF,0xFF,0xFF,0xFF,0xFF,0xDB,0xDE,0xFF,
    0x8A,0x52,0xFF,0x20,0x00,0xFF,0x00,0x00,0xFF,0x00,0x00,0xFF,0x00,0x00,0xFF,0xC3,0x18,0xFF,0x00,0x00,0xFF,0x00,0x00,0xFF,0x41,0x08,0xFF,0x00,0x00,0xFF,0x41,0x08,0xFF,0x20,0x00,0xFF,
    0x00,0x00,0xFF,0x61,0x08,0xFF,0x00,0x00,0xFF,0x00,0x00,0xFF,0x00,0x00,0xFF,0x00,0x00,0xFF,0x21,0x08,0xFF,0x21,0x00,0xFF,0x00,0x00,0xFF,0x20,0x00,0xFF,0x00,0x00,0xFF,0x00,0x00,0xFF,
    0x20,0x00,0xFF,0x00,0x00,0xFF,0x00,0x00,0xFF,0x43,0x21,0xFF,0xC6,0x52,0xFF,0x20,0x00,0xFF,0x20,0x08,0xFF,0x20,0x08,0xFF,0x01,0x00,0xFF,0xF8,0xBD,0xFF,0xDF,0xFF,0xFF,0xFF,0xFF,0xFF,
    0xFD,0xFF,0xFF,0xFD,0xFF,0xFF,0xFE,0xFF,0xFF,0xFF,0xFF,0xFF,0xFF,0xFF,0xFF,0xFF,0xFF,0xFF,0xFF,0xFF,0xFF,0xFF,0xFF,0xFF,0xFF,0xFF,0xFF,0xFF,0xFF,0xFF,0xFF,0xFF,0xFF,0xFF,0xFF,0xFF,
    0xFF,0xFF,0xFF,0xFF,0xFF,0xFF,0xFF,0xFF,0xFF,0xFF,0xFF,0xFF,0xFF,0xFF,0xFF,0xFF,0xFF,0xFF,0xFF,0xFF,0xFF,0xFF,0xFF,0xFF,0xFF,0xFF,0xFF,0xFF,0xFF,0xFF,0xFF,0xFF,0xFF,0xFF,0xFF,0xFF,
    0xFF,0xFF,0xFF,0xFF,0xFF,0xFF,0xFF,0xFF,0xFF,0xFF,0xFF,0xFF,0xFF,0xFF,0xFF,0xFF,0xFF,0xFF,0xFF,0xFF,0xFF,0xFF,0xFF,0xFF,0xFF,0xFF,0xFF,0xFF,0xFF,0xFF,0xFF,0xFF,0xFF,0xFF,0xFF,0xFF,
    0xFF,0xFF,0xFF,0xFF,0xFF,0xFF,0xFF,0xFF,0xFF,0xFF,0xFF,0xFF,0xFF,0xFF,0xFF,0xFF,0xFF,0xFF,0xFF,0xFF,0xFF,0xFF,0xFF,0xFF,0xFF,0xFF,0xFF,0xFF,0xFF,0xFF,0xFF,0xFF,0xFF,0xFF,0xFF,0xFF,
    0xFF,0xFF,0xFF,0xFF,0xFF,0xFF,0xFF,0xFF,0xFF,0xFF,0xFF,0xFF,0xFF,0xFF,0xFF,0xFF,0xFF,0xFF,0xFF,0xFF,0xFF,0xFF,0xFF,0xFF,0xFF,0xFF,0xFF,0xFF,0xFF,0xFF,0xFF,0xFF,0xFF,0xFF,0xFF,0xFF,
    0xFF,0xFF,0xFF,0xFF,0xFF,0xFF,0xFF,0xFF,0xFF,0xFF,0xFF,0xFF,0xFF,0xFF,0xFF,0xFF,0xFF,0xFF,0xFF,0xFF,0xFF,0xFF,0xFF,0xFF,0xFF,0xFF,0xFF,0xFF,0xFF,0xFF,0xFF,0xFF,0xFF,0xFF,0xFF,0xFF,
    0xFF,0xFF,0xFF,0xFF,0xFF,0xFF,0xFF,0xFF,0xFF,0xFF,0xFF,0xFF,0xFF,0xFF,0xFF,0xFF,0xFF,0xFF,0xFF,0xFF,0xFF,0xFF,0xFF,0xFF,0xFF,0xFF,0xFF,0xFF,0xFF,0xFF,0xFF,0xFF,0xFF,0xFF,0xFF,0xFF,
    0xFF,0xFF,0xFF,0xFF,0xFF,0xFF,0xFF,0xFF,0xFF,0xFF,0xFF,0xFF,0xFF,0xFF,0xFF,0xFF,0xFF,0xFF,0xFF,0xFF,0xFF,0xFF,0xFF,0xFF,0xFF,0xFF,0xFF,0xFF,0xFF,0xFF,0xFF,0xFF,0xFF,0xFF,0xFF,0xFF,
    0xFF,0xFF,0xFF,0xFF,0xFF,0xFF,0xFF,0xFF,0xFF,0xFF,0xFF,0xFF,0xFF,0xFF,0xFF,0xFF,0xFF,0xFF,0xFF,0xFF,0xFF,0xFF,0xFF,0xFF,0xFF,0xFF,0xFF,0xFF,0xFF,0xFF,0xFF,0xFF,0xFF,0xFF,0xFF,0xFF,
    0xFF,0xFF,0xFF,0xFF,0xFF,0xFF,0xFF,0xFF,0xFF,0xFF,0xFF,0xFF,0xFF,0xFF,0xFF,0xFF,0xFF,0xFF,0xFF,0xFF,0xFF,0xFF,0xFF,0xFF,0xFF,0xFF,0xFF,0xFF,0xFF,0xFF,0xFF,0xFF,0xFF,0xFF,0xFF,0xFF,
    0xFF,0xFF,0xFF,0xFF,0xFF,0xFF,0xFF,0xFF,0xFF,0xFF,0xFF,0xFF,0xFF,0xFF,0xFF,0xFF,0xFF,0xFF,0xFF,0xFF,0xFF,0xFF,0xFF,0xFF,0xFF,0xFF,0xFF,0xFF,0xFF,0xFF,0xFF,0xFF,0xFF,0xFF,0xFF,0xFF,
    0xFF,0xFF,0xFF,0xFF,0xFF,0xFF,0xFF,0xFF,0xFF,0xFF,0xFF,0xFF,0xFF,0xFF,0xFF,0xFF,0xFF,0xFF,0xFF,0xFF,0xFF,0xFF,0xFF,0xFF,0xFF,0xFF,0xFF,0xFF,0xFF,0xFF,0xFF,0xFF,0xFF,0xFF,0xFF,0xFF,
    0xFF,0xFF,0xFF,0xFF,0xFF,0xFF,0xFF,0xFF,0xFF,0xFF,0xFF,0xFF,0xFF,0xFF,0xFF,0xFF,0xFF,0xFF,0xFF,0xFF,0xFF,0xFF,0xFF,0xFF,0xFF,0xFF,0xFF,0xFF,0xFF,0xFF,0xFF,0xFF,0xFF,0xFF,0xFF,0xFF,
    0xFF,0xFF,0xFF,0xFF,0xFF,0xFF,0xFF,0xFF,0xFF,0xFF,0xFF,0xFF,0xFF,0xFF,0xFF,0xFF,0xFF,0xFF,0xFF,0xFF,0xFF,0xFF,0xFF,0xFF,0xFF,0xFF,0xFF,0xFF,0xFF,0xFF,0xFF,0xFF,0xFF,0xFF,0xFF,0xFF,
    0xFF,0xFF,0xFF,0xFF,0xFF,0xFF,0xFF,0xFF,0xFF,0xFF,0xFF,0xFF,0xFF,0xFF,0xFF,0xFF,0xFF,0xFF,0xFF,0xFF,0xFF,0xFF,0xFF,0xFF,0xFF,0xFF,0xFF,0xFF,0xFF,0xFF,0xFF,0xFF,0xFF,0xFF,0xFF,0xFF,
    0xFF,0xFF,0xFF,0xFF,0xFF,0xFF,0xFF,0xFF,0xFF,0xFF,0xFF,0xFF,0xFF,0xFF,0xFF,0xFF,0xFF,0xFF,0xFF,0xFF,0xFF,0xFF,0xFF,0xFF,0xFF,0xFF,0xFF,0xFF,0xFF,0xFF,0xFF,0xFF,0xFF,0xFF,0xFF,0xFF,
    0xFF,0xFF,0xFF,0xFF,0xFF,0xFF,0xFF,0xFF,0xFF,0xFF,0xFF,0xFF,0xFF,0xFF,0xFF,0xFF,0xFF,0xFF,0xFF,0xFF,0xFF,0xFF,0xFF,0xFF,0xFF,0xFF,0xFF,0xFF,0xFF,0xFF,0xFF,0xFF,0xFF,0xFF,0xFF,0xFF,
    0xFF,0xFF,0xFF,0xFF,0xFF,0xFF,0xFF,0xFF,0xFF,0xFF,0xFF,0xFF,0xFF,0xFF,0xFF,0xFF,0xFF,0xFF,0xFF,0xFF,0xFF,0xFF,0xFF,0xFF,0xFF,0xFF,0xFF,0xFF,0xFF,0xFF,0xFF,0xFF,0xFF,0xFF,0xFF,0xFF,
    0xFF,0xFF,0xFF,0xFF,0xFF,0xFF,0xFF,0xFF,0xFF,0xFF,0xFF,0xFF,0xFF,0xFF,0xFF,0xFF,0xFF,0xFF,0xFF,0xFF,0xFF,0xFF,0xFF,0xFF,0xFF,0xFF,0xFF,0xFF,0xFF,0xFF,0xFF,0xFF,0xFF,0xFF,0xFF,0xFF,
    0xFF,0xFF,0xFF,0xFF,0xFF,0xFF,0xFF,0xFF,0xFF,0xFF,0xFF,0xFF,0xFF,0xFF,0xFF,0xFF,0xFF,0xFF,0xFF,0xFF,0xFF,0xFF,0xFF,0xFF,0xFF,0xFF,0xFF,0xFF,0xFF,0xFF,0xFF,0xFF,0xFF,0xFF,0xFF,0xFF,
    0xFF,0xFF,0xFF,0xFF,0xFF,0xFF,0xFF,0xFF,0xFF,0xFF,0xFF,0xFF,0xFF,0xFF,0xFF,0xFF,0xFF,0xFF,0xFF,0xFF,0xFF,0xFF,0xFF,0xFF,0xFF,0xFF,0xFF,0xFF,0xFF,0xFF,0xFF,0xFF,0xFF,0xFF,0xFF,0xFF,
    0xFF,0xFF,0xFF,0xFF,0xFF,0xFF,0xFF,0xFF,0xFF,0xFF,0xFF,0xFF,0xFF,0xFF,0xFF,0xFF,0xFF,0xFF,0xFF,0xFF,0xFF,0xFF,0xFF,0xFF,0xFF,0xFF,0xFF,0xFF,0xFF,0xFF,0xFF,0xFF,0xFF,0xFF,0xFF,0xFF,
    0xFF,0xFF,0xFF,0xFF,0xFF,0xFF,0xFF,0xFF,0xFF,0xFF,0xFF,0xFF,0xFF,0xFF,0xFF,0xFF,0xFF,0xFF,0xFF,0xFF,0xFF,0xFF,0xFF,0xFF,0xFF,0xFF,0xFF,0xFF,0xFF,0xFF,0xFF,0xFF,0xFF,0xFF,0xFF,0xFF,
    0xFF,0xFF,0xFF,0xFF,0xFF,0xFF,0xFF,0xFF,0xFF,0xFF,0xFF,0xFF,0xFF,0xFF,0xFF,0xFF,0xFF,0xFF,0xFF,0xFF,0xFF,0xFF,0xFF,0xFF,0xFF,0xFF,0xFF,0xFF,0xFF,0xFF,0xFF,0xFF,0xFF,0xFF,0xFF,0xFF,
    0xFF,0xFF,0xFF,0xFF,0xFF,0xFF,0xFF,0xFF,0xFF,0xFF,0xFF,0xFF,0xFF,0xFF,0xFF,0xFF,0xFF,0xFF,0xFF,0xFF,0xFF,0xFF,0xFF,0xFF,0xFF,0xFF,0xFF,0xFF,0xFF,0xFF,0xFF,0xFF,0xFF,0xFF,0xFF,0xFF,
    0xFF,0xFF,0xFF,0xFF,0xFF,0xFF,0xFF,0xFF,0xFF,0xFF,0xFF,0xFF,0xFF,0xFF,0xFF,0xFF,0xFF,0xFF,0xFF,0xFF,0xFF,0xFF,0xFF,0xFF,0xFF,0xFF,0xFF,0xFF,0xFF,0xFF,0xFF,0xFF,0xFF,0xFF,0xFF,0xFF,
    0xFF,0xFF,0xFF,0xFF,0xFF,0xFF,0xFF,0xFF,0xFF,0xFF,0xFF,0xFF,0xFF,0xFF,0xFF,0xFF,0xFF,0xFF,0xFF,0xFF,0xFF,0xFF,0xFF,0xFF,0xFF,0xFF,0xFF,0xFF,0xFF,0xFF,0xFF,0xFF,0xFF,0xFF,0xFF,0xFF,
    0xFF,0xFF,0xFF,0xFF,0xFF,0xFF,0xFF,0xFF,0xFF,0xFF,0xFF,0xFF,0xFF,0xFF,0xFF,0xFF,0xFF,0xFF,0xFF,0xFF,0xFF,0xFF,0xFF,0xFF,0xFF,0xFF,0xFF,0xFF,0xFF,0xFF,0xFF,0xFF,0xFF,0xFF,0xFF,0xFF,
    0xFF,0xFF,0xFF,0xFF,0xFF,0xFF,0xFF,0xFF,0xFF,0xFF,0xFF,0xFF,0xFF,0xFF,0xFF,0xFF,0xFF,0xFF,0xFF,0xFF,0xFF,0xFF,0xFF,0xFF,0xFF,0xFF,0xFF,0xFF,0xFF,0xFF,0xFF,0xFF,0xFF,0xFF,0xFF,0xFF,
    0xFF,0xFF,0xFF,0xFF,0xFF,0xFF,0xFF,0xFF,0xFF,0xFF,0xFF,0xFF,0xFF,0xFF,0xFF,0xFF,0xFF,0xFF,0xFF,0xFF,0xFF,0xFF,0xFF,0xFF,0xFF,0xFF,0xFF,0xFF,0xFF,0xFF,0xFF,0xFF,0xFF,0xFF,0xFF,0xFF,
    0xFF,0xFF,0xFF,0xFF,0xFF,0xFF,0xFF,0xFF,0xFF,0xBE,0xF7,0xFF,0xFF,0xFF,0xFF,0xFF,0xFF,0xFF,0xBE,0xF7,0xFF,0xFF,0xFF,0xFF,0xFF,0xFF,0xFF,0xDB,0xDE,0xFF,0xB2,0x94,0xFF,0xEB,0x5A,0xFF,
    0x08,0x42,0xFF,0x04,0x21,0xFF,0x61,0x08,0xFF,0xA2,0x10,0xFF,0x00,0x00,0xFF,0x20,0x00,0xFF,0x00,0x00,0xFF,0x00,0x00,0xFF,0x00,0x00,0xFF,0x00,0x00,0xFF,0x20,0x00,0xFF,0x21,0x00,0xFF,
    0x00,0x00,0xFF,0x00,0x00,0xFF,0x00,0x00,0xFF,0x41,0x08,0xFF,0x00,0x00,0xFF,0x00,0x00,0xFF,0xEB,0x5A,0xFF,0x00,0x00,0xFF,0x60,0x08,0xFF,0x20,0x00,0xFF,0x20,0x00,0xFF,0x60,0x08,0xFF,
    0x00,0x00,0xFF,0xA3,0x10,0xFF,0xDF,0xFF,0xFF,0xFF,0xFF,0xFF,0x9D,0xF7,0xFF,0xFE,0xFF,0xFF,0xFD,0xFF,0xFF,0xFE,0xFF,0xFF,0xFF,0xFF,0xFF,0xFF,0xFF,0xFF,0xFF,0xFF,0xFF,0xFF,0xFF,0xFF,
    0xFF,0xFF,0xFF,0xFF,0xFF,0xFF,0xFF,0xFF,0xFF,0xFF,0xFF,0xFF,0xFF,0xFF,0xFF,0xFF,0xFF,0xFF,0xFF,0xFF,0xFF,0xFF,0xFF,0xFF,0xFF,0xFF,0xFF,0xFF,0xFF,0xFF,0xFF,0xFF,0xFF,0xFF,0xFF,0xFF,
    0xFF,0xFF,0xFF,0xFF,0xFF,0xFF,0xFF,0xFF,0xFF,0xFF,0xFF,0xFF,0xFF,0xFF,0xFF,0xFF,0xFF,0xFF,0xFF,0xFF,0xFF,0xFF,0xFF,0xFF,0xFF,0xFF,0xFF,0xFF,0xFF,0xFF,0xFF,0xFF,0xFF,0xFF,0xFF,0xFF,
    0xFF,0xFF,0xFF,0xFF,0xFF,0xFF,0xFF,0xFF,0xFF,0xFF,0xFF,0xFF,0xFF,0xFF,0xFF,0xFF,0xFF,0xFF,0xFF,0xFF,0xFF,0xFF,0xFF,0xFF,0xFF,0xFF,0xFF,0xFF,0xFF,0xFF,0xFF,0xFF,0xFF,0xFF,0xFF,0xFF,
    0xFF,0xFF,0xFF,0xFF,0xFF,0xFF,0xFF,0xFF,0xFF,0xFF,0xFF,0xFF,0xFF,0xFF,0xFF,0xFF,0xFF,0xFF,0xFF,0xFF,0xFF,0xFF,0xFF,0xFF,0xFF,0xFF,0xFF,0xFF,0xFF,0xFF,0xFF,0xFF,0xFF,0xFF,0xFF,0xFF,
    0xFF,0xFF,0xFF,0xFF,0xFF,0xFF,0xFF,0xFF,0xFF,0xFF,0xFF,0xFF,0xFF,0xFF,0xFF,0xFF,0xFF,0xFF,0xFF,0xFF,0xFF,0xFF,0xFF,0xFF,0xFF,0xFF,0xFF,0xFF,0xFF,0xFF,0xFF,0xFF,0xFF,0xFF,0xFF,0xFF,
    0xFF,0xFF,0xFF,0xFF,0xFF,0xFF,0xFF,0xFF,0xFF,0xFF,0xFF,0xFF,0xFF,0xFF,0xFF,0xFF,0xFF,0xFF,0xFF,0xFF,0xFF,0xFF,0xFF,0xFF,0xFF,0xFF,0xFF,0xFF,0xFF,0xFF,0xFF,0xFF,0xFF,0xFF,0xFF,0xFF,
    0xFF,0xFF,0xFF,0xFF,0xFF,0xFF,0xFF,0xFF,0xFF,0xFF,0xFF,0xFF,0xFF,0xFF,0xFF,0xFF,0xFF,0xFF,0xFF,0xFF,0xFF,0xFF,0xFF,0xFF,0xFF,0xFF,0xFF,0xFF,0xFF,0xFF,0xFF,0xFF,0xFF,0xFF,0xFF,0xFF,
    0xFF,0xFF,0xFF,0xFF,0xFF,0xFF,0xFF,0xFF,0xFF,0xFF,0xFF,0xFF,0xFF,0xFF,0xFF,0xFF,0xFF,0xFF,0xFF,0xFF,0xFF,0xFF,0xFF,0xFF,0xFF,0xFF,0xFF,0xFF,0xFF,0xFF,0xFF,0xFF,0xFF,0xFF,0xFF,0xFF,
    0xFF,0xFF,0xFF,0xFF,0xFF,0xFF,0xFF,0xFF,0xFF,0xFF,0xFF,0xFF,0xFF,0xFF,0xFF,0xFF,0xFF,0xFF,0xFF,0xFF,0xFF,0xFF,0xFF,0xFF,0xFF,0xFF,0xFF,0xFF,0xFF,0xFF,0xFF,0xFF,0xFF,0xFF,0xFF,0xFF,
    0xFF,0xFF,0xFF,0xFF,0xFF,0xFF,0xFF,0xFF,0xFF,0xFF,0xFF,0xFF,0xFF,0xFF,0xFF,0xFF,0xFF,0xFF,0xFF,0xFF,0xFF,0xFF,0xFF,0xFF,0xFF,0xFF,0xFF,0xFF,0xFF,0xFF,0xFF,0xFF,0xFF,0xFF,0xFF,0xFF,
    0xFF,0xFF,0xFF,0xFF,0xFF,0xFF,0xFF,0xFF,0xFF,0xFF,0xFF,0xFF,0xFF,0xFF,0xFF,0xFF,0xFF,0xFF,0xFF,0xFF,0xFF,0xFF,0xFF,0xFF,0xFF,0xFF,0xFF,0xFF,0xFF,0xFF,0xFF,0xFF,0xFF,0xFF,0xFF,0xFF,
    0xFF,0xFF,0xFF,0xFF,0xFF,0xFF,0xFF,0xFF,0xFF,0xFF,0xFF,0xFF,0xFF,0xFF,0xFF,0xFF,0xFF,0xFF,0xFF,0xFF,0xFF,0xFF,0xFF,0xFF,0xFF,0xFF,0xFF,0xFF,0xFF,0xFF,0xFF,0xFF,0xFF,0xFF,0xFF,0xFF,
    0xFF,0xFF,0xFF,0xFF,0xFF,0xFF,0xFF,0xFF,0xFF,0xFF,0xFF,0xFF,0xFF,0xFF,0xFF,0xFF,0xFF,0xFF,0xFF,0xFF,0xFF,0xFF,0xFF,0xFF,0xFF,0xFF,0xFF,0xFF,0xFF,0xFF,0xFF,0xFF,0xFF,0xFF,0xFF,0xFF,
    0xFF,0xFF,0xFF,0xFF,0xFF,0xFF,0xFF,0xFF,0xFF,0xFF,0xFF,0xFF,0xFF,0xFF,0xFF,0xFF,0xFF,0xFF,0xFF,0xFF,0xFF,0xFF,0xFF,0xFF,0xFF,0xFF,0xFF,0xFF,0xFF,0xFF,0xFF,0xFF,0xFF,0xFF,0xFF,0xFF,
    0xFF,0xFF,0xFF,0xFF,0xFF,0xFF,0xFF,0xFF,0xFF,0xFF,0xFF,0xFF,0xFF,0xFF,0xFF,0xFF,0xFF,0xFF,0xFF,0xFF,0xFF,0xFF,0xFF,0xFF,0xFF,0xFF,0xFF,0xFF,0xFF,0xFF,0xFF,0xFF,0xFF,0xFF,0xFF,0xFF,
    0xFF,0xFF,0xFF,0xFF,0xFF,0xFF,0xFF,0xFF,0xFF,0xFF,0xFF,0xFF,0xFF,0xFF,0xFF,0xFF,0xFF,0xFF,0xFF,0xFF,0xFF,0xFF,0xFF,0xFF,0xFF,0xFF,0xFF,0xFF,0xFF,0xFF,0xFF,0xFF,0xFF,0xFF,0xFF,0xFF,
    0xFF,0xFF,0xFF,0xFF,0xFF,0xFF,0xFF,0xFF,0xFF,0xFF,0xFF,0xFF,0xFF,0xFF,0xFF,0xFF,0xFF,0xFF,0xFF,0xFF,0xFF,0xFF,0xFF,0xFF,0xFF,0xFF,0xFF,0xFF,0xFF,0xFF,0xFF,0xFF,0xFF,0xFF,0xFF,0xFF,
    0xFF,0xFF,0xFF,0xFF,0xFF,0xFF,0xFF,0xFF,0xFF,0xFF,0xFF,0xFF,0xFF,0xFF,0xFF,0xFF,0xFF,0xFF,0xFF,0xFF,0xFF,0xFF,0xFF,0xFF,0xFF,0xFF,0xFF,0xFF,0xFF,0xFF,0xFF,0xFF,0xFF,0xFF,0xFF,0xFF,
    0xFF,0xFF,0xFF,0xFF,0xFF,0xFF,0xFF,0xFF,0xFF,0xFF,0xFF,0xFF,0xFF,0xFF,0xFF,0xFF,0xFF,0xFF,0xFF,0xFF,0xFF,0xFF,0xFF,0xFF,0xFF,0xFF,0xFF,0xFF,0xFF,0xFF,0xFF,0xFF,0xFF,0xFF,0xFF,0xFF,
    0xFF,0xFF,0xFF,0xFF,0xFF,0xFF,0xFF,0xFF,0xFF,0xFF,0xFF,0xFF,0xFF,0xFF,0xFF,0xFF,0xFF,0xFF,0xFF,0xFF,0xFF,0xFF,0xFF,0xFF,0xFF,0xFF,0xFF,0xFF,0xFF,0xFF,0xFF,0xFF,0xFF,0xFF,0xFF,0xFF,
    0xFF,0xFF,0xFF,0xFF,0xFF,0xFF,0xFF,0xFF,0xFF,0xFF,0xFF,0xFF,0xFF,0xFF,0xFF,0xFF,0xFF,0xFF,0xFF,0xFF,0xFF,0xFF,0xFF,0xFF,0xFF,0xFF,0xFF,0xFF,0xFF,0xFF,0xFF,0xFF,0xFF,0xFF,0xFF,0xFF,
    0xFF,0xFF,0xFF,0xFF,0xFF,0xFF,0xFF,0xFF,0xFF,0xFF,0xFF,0xFF,0xFF,0xFF,0xFF,0xFF,0xFF,0xFF,0xFF,0xFF,0xFF,0xFF,0xFF,0xFF,0xFF,0xFF,0xFF,0xFF,0xFF,0xFF,0xFF,0xFF,0xFF,0xFF,0xFF,0xFF,
    0xFF,0xFF,0xFF,0xFF,0xFF,0xFF,0xFF,0xFF,0xFF,0xFF,0xFF,0xFF,0xFF,0xFF,0xFF,0xFF,0xFF,0xFF,0xFF,0xFF,0xFF,0xFF,0xFF,0xFF,0xFF,0xFF,0xFF,0xFF,0xFF,0xFF,0xFF,0xFF,0xFF,0xFF,0xFF,0xFF,
    0xFF,0xFF,0xFF,0xFF,0xFF,0xFF,0xFF,0xFF,0xFF,0xFF,0xFF,0xFF,0xFF,0xFF,0xFF,0xFF,0xFF,0xFF,0xFF,0xFF,0xFF,0xFF,0xFF,0xFF,0xFF,0xFF,0xFF,0xFF,0xFF,0xFF,0xFF,0xFF,0xFF,0xFF,0xFF,0xFF,
    0xFF,0xFF,0xFF,0xFF,0xFF,0xFF,0xFF,0xFF,0xFF,0xFF,0xFF,0xFF,0xFF,0xFF,0xFF,0xFF,0xFF,0xFF,0xFF,0xFF,0xFF,0xFF,0xFF,0xFF,0xFF,0xFF,0xFF,0xFF,0xFF,0xFF,0xFF,0xFF,0xFF,0xFF,0xFF,0xFF,
    0xFF,0xFF,0xFF,0xFF,0xFF,0xFF,0xFF,0xFF,0xFF,0xFF,0xFF,0xFF,0xFF,0xFF,0xFF,0xFF,0xFF,0xFF,0xFF,0xFF,0xFF,0xFF,0xFF,0xFF,0xFF,0xFF,0xFF,0xFF,0xFF,0xFF,0xFF,0xFF,0xFF,0xFF,0xFF,0xFF,
    0xFF,0xFF,0xFF,0xFF,0xFF,0xFF,0xFF,0xFF,0xFF,0xFF,0xFF,0xFF,0xFF,0xFF,0xFF,0xFF,0xFF,0xFF,0xFF,0xFF,0xFF,0xFF,0xFF,0xFF,0xFF,0xFF,0xFF,0xFF,0xFF,0xFF,0xFF,0xFF,0xFF,0xFF,0xFF,0xFF,
    0xFF,0xFF,0xFF,0xFF,0xFF,0xFF,0xFF,0xFF,0xFF,0xFF,0xFF,0xFF,0xFF,0xFF,0xFF,0xFF,0xFF,0xFF,0xFF,0xFF,0xFF,0xFF,0xFF,0xFF,0xFF,0xFF,0xFF,0xFF,0xFF,0xFF,0xFF,0xFF,0xFF,0xFF,0xFF,0xFF,
    0xFF,0xFF,0xFF,0xFF,0xFF,0xFF,0xFF,0xFF,0xFF,0xFF,0xFF,0xFF,0xFF,0xFF,0xFF,0xFF,0xFF,0xFF,0xFF,0xFF,0xFF,0xFF,0xFF,0xFF,0xFF,0xFF,0xFF,0xFF,0xFF,0xFF,0xFF,0xFF,0xFF,0xFF,0xFF,0xFF,
    0xFF,0xFF,0xFF,0xFF,0xFF,0xFF,0xFF,0xFF,0xFF,0xFF,0xFF,0xFF,0xFF,0xFF,0xFF,0xFF,0xFF,0xFF,0xFF,0xFF,0xFF,0xFF,0xFF,0xFF,0xFF,0xFF,0xFF,0xDF,0xFF,0xFF,0xFF,0xFF,0xFF,0xFF,0xFF,0xFF,
    0xDF,0xFF,0xFF,0xFF,0xFF,0xFF,0xFF,0xFF,0xFF,0x9E,0xF7,0xFF,0xFF,0xFF,0xFF,0xBE,0xF7,0xFF,0xFF,0xFF,0xFF,0xBE,0xF7,0xFF,0xFF,0xFF,0xFF,0x9E,0xF7,0xFF,0xEB,0x5A,0xFF,0x00,0x00,0xFF,
    0x41,0x08,0xFF,0x00,0x00,0xFF,0x41,0x08,0xFF,0x00,0x00,0xFF,0x00,0x00,0xFF,0x41,0x08,0xFF,0x00,0x00,0xFF,0x01,0x00,0xFF,0x00,0x00,0xFF,0x41,0x08,0xFF,0x51,0x8C,0xFF,0xDF,0xFF,0xFF,
    0x9A,0xD6,0xFF,0x00,0x00,0xFF,0x20,0x00,0xFF,0x00,0x00,0xFF,0x82,0x10,0xFF,0x00,0x00,0xFF,0x6D,0x6B,0xFF,0xFE,0xFF,0xFF,0xDD,0xF7,0xFF,0xFE,0xFF,0xFF,0xFF,0xFF,0xFF,0xDE,0xFF,0xFF,
    0xFF,0xFF,0xFF,0xFF,0xFF,0xFF,0xFF,0xFF,0xFF,0xFF,0xFF,0xFF,0xFF,0xFF,0xFF,0xFF,0xFF,0xFF,0xFF,0xFF,0xFF,0xFF,0xFF,0xFF,0xFF,0xFF,0xFF,0xFF,0xFF,0xFF,0xFF,0xFF,0xFF,0xFF,0xFF,0xFF,
    0xFF,0xFF,0xFF,0xFF,0xFF,0xFF,0xFF,0xFF,0xFF,0xFF,0xFF,0xFF,0xFF,0xFF,0xFF,0xFF,0xFF,0xFF,0xFF,0xFF,0xFF,0xFF,0xFF,0xFF,0xFF,0xFF,0xFF,0xFF,0xFF,0xFF,0xFF,0xFF,0xFF,0xFF,0xFF,0xFF,
    0xFF,0xFF,0xFF,0xFF,0xFF,0xFF,0xFF,0xFF,0xFF,0xFF,0xFF,0xFF,0xFF,0xFF,0xFF,0xFF,0xFF,0xFF,0xFF,0xFF,0xFF,0xFF,0xFF,0xFF,0xFF,0xFF,0xFF,0xFF,0xFF,0xFF,0xFF,0xFF,0xFF,0xFF,0xFF,0xFF,
    0xFF,0xFF,0xFF,0xFF,0xFF,0xFF,0xFF,0xFF,0xFF,0xFF,0xFF,0xFF,0xFF,0xFF,0xFF,0xFF,0xFF,0xFF,0xFF,0xFF,0xFF,0xFF,0xFF,0xFF,0xFF,0xFF,0xFF,0xFF,0xFF,0xFF,0xFF,0xFF,0xFF,0xFF,0xFF,0xFF,
    0xFF,0xFF,0xFF,0xFF,0xFF,0xFF,0xFF,0xFF,0xFF,0xFF,0xFF,0xFF,0xFF,0xFF,0xFF,0xFF,0xFF,0xFF,0xFF,0xFF,0xFF,0xFF,0xFF,0xFF,0xFF,0xFF,0xFF,0xFF,0xFF,0xFF,0xFF,0xFF,0xFF,0xFF,0xFF,0xFF,
    0xFF,0xFF,0xFF,0xFF,0xFF,0xFF,0xFF,0xFF,0xFF,0xFF,0xFF,0xFF,0xFF,0xFF,0xFF,0xFF,0xFF,0xFF,0xFF,0xFF,0xFF,0xFF,0xFF,0xFF,0xFF,0xFF,0xFF,0xFF,0xFF,0xFF,0xFF,0xFF,0xFF,0xFF,0xFF,0xFF,
    0xFF,0xFF,0xFF,0xFF,0xFF,0xFF,0xFF,0xFF,0xFF,0xFF,0xFF,0xFF,0xFF,0xFF,0xFF,0xFF,0xFF,0xFF,0xFF,0xFF,0xFF,0xFF,0xFF,0xFF,0xFF,0xFF,0xFF,0xFF,0xFF,0xFF,0xFF,0xFF,0xFF,0xFF,0xFF,0xFF,
    0xFF,0xFF,0xFF,0xFF,0xFF,0xFF,0xFF,0xFF,0xFF,0xFF,0xFF,0xFF,0xFF,0xFF,0xFF,0xFF,0xFF,0xFF,0xFF,0xFF,0xFF,0xFF,0xFF,0xFF,0xFF,0xFF,0xFF,0xFF,0xFF,0xFF,0xFF,0xFF,0xFF,0xFF,0xFF,0xFF,
    0xFF,0xFF,0xFF,0xFF,0xFF,0xFF,0xFF,0xFF,0xFF,0xFF,0xFF,0xFF,0xFF,0xFF,0xFF,0xFF,0xFF,0xFF,0xFF,0xFF,0xFF,0xFF,0xFF,0xFF,0xFF,0xFF,0xFF,0xFF,0xFF,0xFF,0xFF,0xFF,0xFF,0xFF,0xFF,0xFF,
    0xFF,0xFF,0xFF,0xFF,0xFF,0xFF,0xFF,0xFF,0xFF,0xFF,0xFF,0xFF,0xFF,0xFF,0xFF,0xFF,0xFF,0xFF,0xFF,0xFF,0xFF,0xFF,0xFF,0xFF,0xFF,0xFF,0xFF,0xFF,0xFF,0xFF,0xFF,0xFF,0xFF,0xFF,0xFF,0xFF,
    0xFF,0xFF,0xFF,0xFF,0xFF,0xFF,0xFF,0xFF,0xFF,0xFF,0xFF,0xFF,0xFF,0xFF,0xFF,0xFF,0xFF,0xFF,0xFF,0xFF,0xFF,0xFF,0xFF,0xFF,0xFF,0xFF,0xFF,0xFF,0xFF,0xFF,0xFF,0xFF,0xFF,0xFF,0xFF,0xFF,
    0xFF,0xFF,0xFF,0xFF,0xFF,0xFF,0xFF,0xFF,0xFF,0xFF,0xFF,0xFF,0xFF,0xFF,0xFF,0xFF,0xFF,0xFF,0xFF,0xFF,0xFF,0xFF,0xFF,0xFF,0xFF,0xFF,0xFF,0xFF,0xFF,0xFF,0xFF,0xFF,0xFF,0xFF,0xFF,0xFF,
    0xFF,0xFF,0xFF,0xFF,0xFF,0xFF,0xFF,0xFF,0xFF,0xFF,0xFF,0xFF,0xFF,0xFF,0xFF,0xFF,0xFF,0xFF,0xFF,0xFF,0xFF,0xFF,0xFF,0xFF,0xFF,0xFF,0xFF,0xFF,0xFF,0xFF,0xFF,0xFF,0xFF,0xFF,0xFF,0xFF,
    0xFF,0xFF,0xFF,0xFF,0xFF,0xFF,0xFF,0xFF,0xFF,0xFF,0xFF,0xFF,0xFF,0xFF,0xFF,0xFF,0xFF,0xFF,0xFF,0xFF,0xFF,0xFF,0xFF,0xFF,0xFF,0xFF,0xFF,0xFF,0xFF,0xFF,0xFF,0xFF,0xFF,0xFF,0xFF,0xFF,
    0xFF,0xFF,0xFF,0xFF,0xFF,0xFF,0xFF,0xFF,0xFF,0xFF,0xFF,0xFF,0xFF,0xFF,0xFF,0xFF,0xFF,0xFF,0xFF,0xFF,0xFF,0xFF,0xFF,0xFF,0xFF,0xFF,0xFF,0xFF,0xFF,0xFF,0xFF,0xFF,0xFF,0xFF,0xFF,0xFF,
    0xFF,0xFF,0xFF,0xFF,0xFF,0xFF,0xFF,0xFF,0xFF,0xFF,0xFF,0xFF,0xFF,0xFF,0xFF,0xFF,0xFF,0xFF,0xFF,0xFF,0xFF,0xFF,0xFF,0xFF,0xFF,0xFF,0xFF,0xFF,0xFF,0xFF,0xFF,0xFF,0xFF,0xFF,0xFF,0xFF,
    0xFF,0xFF,0xFF,0xFF,0xFF,0xFF,0xFF,0xFF,0xFF,0xFF,0xFF,0xFF,0xFF,0xFF,0xFF,0xFF,0xFF,0xFF,0xFF,0xFF,0xFF,0xFF,0xFF,0xFF,0xFF,0xFF,0xFF,0xFF,0xFF,0xFF,0xFF,0xFF,0xFF,0xFF,0xFF,0xFF,
    0xFF,0xFF,0xFF,0xFF,0xFF,0xFF,0xFF,0xFF,0xFF,0xFF,0xFF,0xFF,0xFF,0xFF,0xFF,0xFF,0xFF,0xFF,0xFF,0xFF,0xFF,0xFF,0xFF,0xFF,0xFF,0xFF,0xFF,0xFF,0xFF,0xFF,0xFF,0xFF,0xFF,0xFF,0xFF,0xFF,
    0xFF,0xFF,0xFF,0xFF,0xFF,0xFF,0xFF,0xFF,0xFF,0xFF,0xFF,0xFF,0xFF,0xFF,0xFF,0xFF,0xFF,0xFF,0xFF,0xFF,0xFF,0xFF,0xFF,0xFF,0xFF,0xFF,0xFF,0xFF,0xFF,0xFF,0xFF,0xFF,0xFF,0xFF,0xFF,0xFF,
    0xFF,0xFF,0xFF,0xFF,0xFF,0xFF,0xFF,0xFF,0xFF,0xFF,0xFF,0xFF,0xFF,0xFF,0xFF,0xFF,0xFF,0xFF,0xFF,0xFF,0xFF,0xFF,0xFF,0xFF,0xFF,0xFF,0xFF,0xFF,0xFF,0xFF,0xFF,0xFF,0xFF,0xFF,0xFF,0xFF,
    0xFF,0xFF,0xFF,0xFF,0xFF,0xFF,0xFF,0xFF,0xFF,0xFF,0xFF,0xFF,0xFF,0xFF,0xFF,0xFF,0xFF,0xFF,0xFF,0xFF,0xFF,0xFF,0xFF,0xFF,0xFF,0xFF,0xFF,0xFF,0xFF,0xFF,0xFF,0xFF,0xFF,0xFF,0xFF,0xFF,
    0xFF,0xFF,0xFF,0xFF,0xFF,0xFF,0xFF,0xFF,0xFF,0xFF,0xFF,0xFF,0xFF,0xFF,0xFF,0xFF,0xFF,0xFF,0xFF,0xFF,0xFF,0xFF,0xFF,0xFF,0xFF,0xFF,0xFF,0xFF,0xFF,0xFF,0xFF,0xFF,0xFF,0xFF,0xFF,0xFF,
    0xFF,0xFF,0xFF,0xFF,0xFF,0xFF,0xFF,0xFF,0xFF,0xFF,0xFF,0xFF,0xFF,0xFF,0xFF,0xFF,0xFF,0xFF,0xFF,0xFF,0xFF,0xFF,0xFF,0xFF,0xFF,0xFF,0xFF,0xFF,0xFF,0xFF,0xFF,0xFF,0xFF,0xFF,0xFF,0xFF,
    0xFF,0xFF,0xFF,0xFF,0xFF,0xFF,0xFF,0xFF,0xFF,0xFF,0xFF,0xFF,0xFF,0xFF,0xFF,0xFF,0xFF,0xFF,0xFF,0xFF,0xFF,0xFF,0xFF,0xFF,0xFF,0xFF,0xFF,0xFF,0xFF,0xFF,0xFF,0xFF,0xFF,0xFF,0xFF,0xFF,
    0xFF,0xFF,0xFF,0xFF,0xFF,0xFF,0xFF,0xFF,0xFF,0xFF,0xFF,0xFF,0xFF,0xFF,0xFF,0xFF,0xFF,0xFF,0xFF,0xFF,0xFF,0xFF,0xFF,0xFF,0xFF,0xFF,0xFF,0xFF,0xFF,0xFF,0xFF,0xFF,0xFF,0xFF,0xFF,0xFF,
    0xFF,0xFF,0xFF,0xFF,0xFF,0xFF,0xFF,0xFF,0xFF,0xFF,0xFF,0xFF,0xFF,0xFF,0xFF,0xFF,0xFF,0xFF,0xFF,0xFF,0xFF,0xFF,0xFF,0xFF,0xFF,0xFF,0xFF,0xFF,0xFF,0xFF,0xFF,0xFF,0xFF,0xFF,0xFF,0xFF,
    0xFF,0xFF,0xFF,0xFF,0xFF,0xFF,0xFF,0xFF,0xFF,0xFF,0xFF,0xFF,0xFF,0xFF,0xFF,0xFF,0xFF,0xFF,0xFF,0xFF,0xFF,0xFF,0xFF,0xFF,0xFF,0xFF,0xFF,0xFF,0xFF,0xFF,0xFF,0xFF,0xFF,0xFF,0xFF,0xFF,
    0xFF,0xFF,0xFF,0xFF,0xFF,0xFF,0xFF,0xFF,0xFF,0xFF,0xFF,0xFF,0xFF,0xFF,0xFF,0xFF,0xFF,0xFF,0xFF,0xFF,0xFF,0xFF,0xFF,0xFF,0xFF,0xFF,0xFF,0xFF,0xFF,0xFF,0xFF,0xFF,0xFF,0xFF,0xFF,0xFF,
    0xFF,0xFF,0xFF,0xFF,0xFF,0xFF,0xFF,0xFF,0xFF,0xFF,0xFF,0xFF,0xFF,0xFF,0xFF,0xFF,0xFF,0xFF,0xFF,0xFF,0xFF,0xFF,0xFF,0xFF,0xFF,0xFF,0xFF,0xFF,0xFF,0xFF,0xFF,0xFF,0xFF,0xFF,0xFF,0xFF,
    0xFF,0xFF,0xFF,0xFF,0xFF,0xFF,0xFF,0xFF,0xFF,0xFF,0xFF,0xFF,0xFF,0xFF,0xFF,0xFF,0xFF,0xFF,0xFF,0xFF,0xFF,0xFF,0xFF,0xFF,0xFF,0xFF,0xFF,0xFF,0xFF,0xFF,0xFF,0xFF,0xFF,0xFF,0xFF,0xFF,
    0xFF,0xFF,0xFF,0xFF,0xFF,0xFF,0xFF,0xFF,0xFF,0xDF,0xFF,0xFF,0xDF,0xFF,0xFF,0xFF,0xFF,0xFF,0xFF,0xFF,0xFF,0xDF,0xFF,0xFF,0xDF,0xFF,0xFF,0xFF,0xFF,0xFF,0xFF,0xFF,0xFF,0xDF,0xFF,0xFF,
    0xFF,0xFF,0xFF,0xFF,0xFF,0xFF,0xFF,0xFF,0xFF,0xFF,0xFF,0xFF,0xBA,0xD6,0xFF,0x00,0x00,0xFF,0x00,0x00,0xFF,0x00,0x00,0xFF,0x00,0x00,0xFF,0x00,0x00,0xFF,0x00,0x00,0xFF,0x00,0x00,0xFF,
    0x00,0x00,0xFF,0x82,0x10,0xFF,0x18,0xC6,0xFF,0xDF,0xFF,0xFF,0xFF,0xFF,0xFF,0xFF,0xFF,0xFF,0x69,0x4A,0xFF,0x40,0x00,0xFF,0x00,0x00,0xFF,0x00,0x00,0xFF,0x00,0x00,0xFF,0xDB,0xD6,0xFF,
    0xFF,0xFF,0xFF,0xFE,0xFF,0xFF,0xFE,0xFF,0xFF,0xFD,0xFF,0xFF,0xFF,0xFF,0xFF,0xFF,0xFF,0xFF,0xDF,0xFF,0xFF,0xFF,0xFF,0xFF,0xFF,0xFF,0xFF,0xFF,0xFF,0xFF,0xFF,0xFF,0xFF,0xFF,0xFF,0xFF,
    0xFF,0xFF,0xFF,0xFF,0xFF,0xFF,0xFF,0xFF,0xFF,0xFF,0xFF,0xFF,0xFF,0xFF,0xFF,0xFF,0xFF,0xFF,0xFF,0xFF,0xFF,0xFF,0xFF,0xFF,0xFF,0xFF,0xFF,0xFF,0xFF,0xFF,0xFF,0xFF,0xFF,0xFF,0xFF,0xFF,
    0xFF,0xFF,0xFF,0xFF,0xFF,0xFF,0xFF,0xFF,0xFF,0xFF,0xFF,0xFF,0xFF,0xFF,0xFF,0xFF,0xFF,0xFF,0xFF,0xFF,0xFF,0xFF,0xFF,0xFF,0xFF,0xFF,0xFF,0xFF,0xFF,0xFF,0xFF,0xFF,0xFF,0xFF,0xFF,0xFF,
    0xFF,0xFF,0xFF,0xFF,0xFF,0xFF,0xFF,0xFF,0xFF,0xFF,0xFF,0xFF,0xFF,0xFF,0xFF,0xFF,0xFF,0xFF,0xFF,0xFF,0xFF,0xFF,0xFF,0xFF,0xFF,0xFF,0xFF,0xFF,0xFF,0xFF,0xFF,0xFF,0xFF,0xFF,0xFF,0xFF,
    0xFF,0xFF,0xFF,0xFF,0xFF,0xFF,0xFF,0xFF,0xFF,0xFF,0xFF,0xFF,0xFF,0xFF,0xFF,0xFF,0xFF,0xFF,0xFF,0xFF,0xFF,0xFF,0xFF,0xFF,0xFF,0xFF,0xFF,0xFF,0xFF,0xFF,0xFF,0xFF,0xFF,0xFF,0xFF,0xFF,
    0xFF,0xFF,0xFF,0xFF,0xFF,0xFF,0xFF,0xFF,0xFF,0xFF,0xFF,0xFF,0xFF,0xFF,0xFF,0xFF,0xFF,0xFF,0xFF,0xFF,0xFF,0xFF,0xFF,0xFF,0xFF,0xFF,0xFF,0xFF,0xFF,0xFF,0xFF,0xFF,0xFF,0xFF,0xFF,0xFF,
    0xFF,0xFF,0xFF,0xFF,0xFF,0xFF,0xFF,0xFF,0xFF,0xFF,0xFF,0xFF,0xFF,0xFF,0xFF,0xFF,0xFF,0xFF,0xFF,0xFF,0xFF,0xFF,0xFF,0xFF,0xFF,0xFF,0xFF,0xFF,0xFF,0xFF,0xFF,0xFF,0xFF,0xFF,0xFF,0xFF,
    0xFF,0xFF,0xFF,0xFF,0xFF,0xFF,0xFF,0xFF,0xFF,0xFF,0xFF,0xFF,0xFF,0xFF,0xFF,0xFF,0xFF,0xFF,0xFF,0xFF,0xFF,0xFF,0xFF,0xFF,0xFF,0xFF,0xFF,0xFF,0xFF,0xFF,0xFF,0xFF,0xFF,0xFF,0xFF,0xFF,
    0xFF,0xFF,0xFF,0xFF,0xFF,0xFF,0xFF,0xFF,0xFF,0xFF,0xFF,0xFF,0xFF,0xFF,0xFF,0xFF,0xFF,0xFF,0xFF,0xFF,0xFF,0xFF,0xFF,0xFF,0xFF,0xFF,0xFF,0xFF,0xFF,0xFF,0xFF,0xFF,0xFF,0xFF,0xFF,0xFF,
    0xFF,0xFF,0xFF,0xFF,0xFF,0xFF,0xFF,0xFF,0xFF,0xFF,0xFF,0xFF,0xFF,0xFF,0xFF,0xFF,0xFF,0xFF,0xFF,0xFF,0xFF,0xFF,0xFF,0xFF,0xFF,0xFF,0xFF,0xFF,0xFF,0xFF,0xFF,0xFF,0xFF,0xFF,0xFF,0xFF,
    0xFF,0xFF,0xFF,0xFF,0xFF,0xFF,0xFF,0xFF,0xFF,0xFF,0xFF,0xFF,0xFF,0xFF,0xFF,0xFF,0xFF,0xFF,0xFF,0xFF,0xFF,0xFF,0xFF,0xFF,0xFF,0xFF,0xFF,0xFF,0xFF,0xFF,0xFF,0xFF,0xFF,0xFF,0xFF,0xFF,
    0xFF,0xFF,0xFF,0xFF,0xFF,0xFF,0xFF,0xFF,0xFF,0xFF,0xFF,0xFF,0xFF,0xFF,0xFF,0xFF,0xFF,0xFF,0xFF,0xFF,0xFF,0xFF,0xFF,0xFF,0xFF,0xFF,0xFF,0xFF,0xFF,0xFF,0xFF,0xFF,0xFF,0xFF,0xFF,0xFF,
    0xFF,0xFF,0xFF,0xFF,0xFF,0xFF,0xFF,0xFF,0xFF,0xFF,0xFF,0xFF,0xFF,0xFF,0xFF,0xFF,0xFF,0xFF,0xFF,0xFF,0xFF,0xFF,0xFF,0xFF,0xFF,0xFF,0xFF,0xFF,0xFF,0xFF,0xFF,0xFF,0xFF,0xFF,0xFF,0xFF,
    0xFF,0xFF,0xFF,0xFF,0xFF,0xFF,0xFF,0xFF,0xFF,0xFF,0xFF,0xFF,0xFF,0xFF,0xFF,0xFF,0xFF,0xFF,0xFF,0xFF,0xFF,0xFF,0xFF,0xFF,0xFF,0xFF,0xFF,0xFF,0xFF,0xFF,0xFF,0xFF,0xFF,0xFF,0xFF,0xFF,
    0xFF,0xFF,0xFF,0xFF,0xFF,0xFF,0xFF,0xFF,0xFF,0xFF,0xFF,0xFF,0xFF,0xFF,0xFF,0xFF,0xFF,0xFF,0xFF,0xFF,0xFF,0xFF,0xFF,0xFF,0xFF,0xFF,0xFF,0xFF,0xFF,0xFF,0xFF,0xFF,0xFF,0xFF,0xFF,0xFF,
    0xFF,0xFF,0xFF,0xFF,0xFF,0xFF,0xFF,0xFF,0xFF,0xFF,0xFF,0xFF,0xFF,0xFF,0xFF,0xFF,0xFF,0xFF,0xFF,0xFF,0xFF,0xFF,0xFF,0xFF,0xFF,0xFF,0xFF,0xFF,0xFF,0xFF,0xFF,0xFF,0xFF,0xFF,0xFF,0xFF,
    0xFF,0xFF,0xFF,0xFF,0xFF,0xFF,0xFF,0xFF,0xFF,0xFF,0xFF,0xFF,0xFF,0xFF,0xFF,0xFF,0xFF,0xFF,0xFF,0xFF,0xFF,0xFF,0xFF,0xFF,0xFF,0xFF,0xFF,0xFF,0xFF,0xFF,0xFF,0xFF,0xFF,0xFF,0xFF,0xFF,
    0xFF,0xFF,0xFF,0xFF,0xFF,0xFF,0xFF,0xFF,0xFF,0xFF,0xFF,0xFF,0xFF,0xFF,0xFF,0xFF,0xFF,0xFF,0xFF,0xFF,0xFF,0xFF,0xFF,0xFF,0xFF,0xFF,0xFF,0xFF,0xFF,0xFF,0xFF,0xFF,0xFF,0xFF,0xFF,0xFF,
    0xFF,0xFF,0xFF,0xFF,0xFF,0xFF,0xFF,0xFF,0xFF,0xFF,0xFF,0xFF,0xFF,0xFF,0xFF,0xFF,0xFF,0xFF,0xFF,0xFF,0xFF,0xFF,0xFF,0xFF,0xFF,0xFF,0xFF,0xFF,0xFF,0xFF,0xFF,0xFF,0xFF,0xFF,0xFF,0xFF,
    0xFF,0xFF,0xFF,0xFF,0xFF,0xFF,0xFF,0xFF,0xFF,0xFF,0xFF,0xFF,0xFF,0xFF,0xFF,0xFF,0xFF,0xFF,0xFF,0xFF,0xFF,0xFF,0xFF,0xFF,0xFF,0xFF,0xFF,0xFF,0xFF,0xFF,0xFF,0xFF,0xFF,0xFF,0xFF,0xFF,
    0xFF,0xFF,0xFF,0xFF,0xFF,0xFF,0xFF,0xFF,0xFF,0xFF,0xFF,0xFF,0xFF,0xFF,0xFF,0xFF,0xFF,0xFF,0xFF,0xFF,0xFF,0xFF,0xFF,0xFF,0xFF,0xFF,0xFF,0xFF,0xFF,0xFF,0xFF,0xFF,0xFF,0xFF,0xFF,0xFF,
    0xFF,0xFF,0xFF,0xFF,0xFF,0xFF,0xFF,0xFF,0xFF,0xFF,0xFF,0xFF,0xFF,0xFF,0xFF,0xFF,0xFF,0xFF,0xFF,0xFF,0xFF,0xFF,0xFF,0xFF,0xFF,0xFF,0xFF,0xFF,0xFF,0xFF,0xFF,0xFF,0xFF,0xFF,0xFF,0xFF,
    0xFF,0xFF,0xFF,0xFF,0xFF,0xFF,0xFF,0xFF,0xFF,0xFF,0xFF,0xFF,0xFF,0xFF,0xFF,0xFF,0xFF,0xFF,0xFF,0xFF,0xFF,0xFF,0xFF,0xFF,0xFF,0xFF,0xFF,0xFF,0xFF,0xFF,0xFF,0xFF,0xFF,0xFF,0xFF,0xFF,
    0xFF,0xFF,0xFF,0xFF,0xFF,0xFF,0xFF,0xFF,0xFF,0xFF,0xFF,0xFF,0xFF,0xFF,0xFF,0xFF,0xFF,0xFF,0xFF,0xFF,0xFF,0xFF,0xFF,0xFF,0xFF,0xFF,0xFF,0xFF,0xFF,0xFF,0xFF,0xFF,0xFF,0xFF,0xFF,0xFF,
    0xFF,0xFF,0xFF,0xFF,0xFF,0xFF,0xFF,0xFF,0xFF,0xFF,0xFF,0xFF,0xFF,0xFF,0xFF,0xFF,0xFF,0xFF,0xFF,0xFF,0xFF,0xFF,0xFF,0xFF,0xFF,0xFF,0xFF,0xFF,0xFF,0xFF,0xFF,0xFF,0xFF,0xFF,0xFF,0xFF,
    0xFF,0xFF,0xFF,0xFF,0xFF,0xFF,0xFF,0xFF,0xFF,0xFF,0xFF,0xFF,0xFF,0xFF,0xFF,0xFF,0xFF,0xFF,0xFF,0xFF,0xFF,0xFF,0xFF,0xFF,0xFF,0xFF,0xFF,0xFF,0xFF,0xFF,0xFF,0xFF,0xFF,0xFF,0xFF,0xFF,
    0xFF,0xFF,0xFF,0xFF,0xFF,0xFF,0xFF,0xFF,0xFF,0xFF,0xFF,0xFF,0xFF,0xFF,0xFF,0xFF,0xFF,0xFF,0xFF,0xFF,0xFF,0xFF,0xFF,0xFF,0xFF,0xFF,0xFF,0xFF,0xFF,0xFF,0xFF,0xFF,0xFF,0xFF,0xFF,0xFF,
    0xFF,0xFF,0xFF,0xFF,0xFF,0xFF,0xFF,0xFF,0xFF,0xFF,0xFF,0xFF,0xFF,0xFF,0xFF,0xFF,0xFF,0xFF,0xFF,0xFF,0xFF,0xFF,0xFF,0xFF,0xFF,0xFF,0xFF,0xFF,0xFF,0xFF,0xFF,0xFF,0xFF,0xFF,0xFF,0xFF,
    0xFF,0xFF,0xFF,0xFF,0xFF,0xFF,0xFF,0xFF,0xFF,0xFF,0xFF,0xFF,0xFF,0xFF,0xFF,0xFF,0xFF,0xFF,0xFF,0xFF,0xFF,0xFF,0xFF,0xFF,0xFF,0xFF,0xFF,0xFF,0xFF,0xFF,0xFF,0xFF,0xFF,0xFF,0xFF,0xFF,
    0xFF,0xFF,0xFF,0xFF,0xFF,0xFF,0xFF,0xFF,0xFF,0xFF,0xFF,0xFF,0xFF,0xFF,0xFF,0xFF,0xFF,0xFF,0xFF,0xFF,0xFF,0xFF,0xFF,0xFF,0xFF,0xFF,0xFF,0xFF,0xFF,0xFF,0xFF,0xFF,0xFF,0xFF,0xFF,0xFF,
    0xFF,0xFF,0xFF,0xFF,0xFF,0xFF,0xFF,0xFF,0xFF,0xFF,0xFF,0xFF,0xFF,0xFF,0xFF,0xFF,0xFF,0xFF,0xFF,0xFF,0xFF,0xFF,0xFF,0xFF,0xFF,0xFF,0xFF,0xFF,0xFF,0xFF,0xFF,0xFF,0xFF,0xFF,0xFF,0xFF,
    0xFF,0xFF,0xFF,0xFF,0xFF,0xFF,0xDF,0xFF,0xFF,0xFF,0xFF,0xFF,0xDF,0xFF,0xFF,0xFF,0xFF,0xFF,0x9E,0xF7,0xFF,0x9E,0xF7,0xFF,0xFF,0xFF,0xFF,0xDF,0xFF,0xFF,0xDF,0xFF,0xFF,0x82,0x10,0xFF,
    0x00,0x00,0xFF,0x00,0x00,0xFF,0x61,0x08,0xFF,0x61,0x08,0xFF,0x00,0x00,0xFF,0x29,0x42,0xFF,0x7E,0xEF,0xFF,0xFF,0xFF,0xFF,0xDF,0xFF,0xFF,0xFF,0xFF,0xFF,0xFF,0xFF,0xFF,0xDF,0xFF,0xFF,
    0x82,0x10,0xFF,0x20,0x00,0xFF,0x00,0x00,0xFF,0xC6,0x39,0xFF,0xFF,0xFF,0xFF,0xFF,0xFF,0xFF,0xFE,0xFF,0xFF,0x7B,0xE7,0xFF,0xDD,0xF7,0xFF,0xFF,0xFF,0xFF,0xFF,0xFF,0xFF,0x9F,0xF7,0xFF,
    0xDF,0xFF,0xFF,0xFF,0xFF,0xFF,0xFF,0xFF,0xFF,0xFF,0xFF,0xFF,0xFF,0xFF,0xFF,0xFF,0xFF,0xFF,0xFF,0xFF,0xFF,0xFF,0xFF,0xFF,0xFF,0xFF,0xFF,0xFF,0xFF,0xFF,0xFF,0xFF,0xFF,0xFF,0xFF,0xFF,
    0xFF,0xFF,0xFF,0xFF,0xFF,0xFF,0xFF,0xFF,0xFF,0xFF,0xFF,0xFF,0xFF,0xFF,0xFF,0xFF,0xFF,0xFF,0xFF,0xFF,0xFF,0xFF,0xFF,0xFF,0xFF,0xFF,0xFF,0xFF,0xFF,0xFF,0xFF,0xFF,0xFF,0xFF,0xFF,0xFF,
    0xFF,0xFF,0xFF,0xFF,0xFF,0xFF,0xFF,0xFF,0xFF,0xFF,0xFF,0xFF,0xFF,0xFF,0xFF,0xFF,0xFF,0xFF,0xFF,0xFF,0xFF,0xFF,0xFF,0xFF,0xFF,0xFF,0xFF,0xFF,0xFF,0xFF,0xFF,0xFF,0xFF,0xFF,0xFF,0xFF,
    0xFF,0xFF,0xFF,0xFF,0xFF,0xFF,0xFF,0xFF,0xFF,0xFF,0xFF,0xFF,0xFF,0xFF,0xFF,0xFF,0xFF,0xFF,0xFF,0xFF,0xFF,0xFF,0xFF,0xFF,0xFF,0xFF,0xFF,0xFF,0xFF,0xFF,0xFF,0xFF,0xFF,0xFF,0xFF,0xFF,
    0xFF,0xFF,0xFF,0xFF,0xFF,0xFF,0xFF,0xFF,0xFF,0xFF,0xFF,0xFF,0xFF,0xFF,0xFF,0xFF,0xFF,0xFF,0xFF,0xFF,0xFF,0xFF,0xFF,0xFF,0xFF,0xFF,0xFF,0xFF,0xFF,0xFF,0xFF,0xFF,0xFF,0xFF,0xFF,0xFF,
    0xFF,0xFF,0xFF,0xFF,0xFF,0xFF,0xFF,0xFF,0xFF,0xFF,0xFF,0xFF,0xFF,0xFF,0xFF,0xFF,0xFF,0xFF,0xFF,0xFF,0xFF,0xFF,0xFF,0xFF,0xFF,0xFF,0xFF,0xFF,0xFF,0xFF,0xFF,0xFF,0xFF,0xFF,0xFF,0xFF,
    0xFF,0xFF,0xFF,0xFF,0xFF,0xFF,0xFF,0xFF,0xFF,0xFF,0xFF,0xFF,0xFF,0xFF,0xFF,0xFF,0xFF,0xFF,0xFF,0xFF,0xFF,0xFF,0xFF,0xFF,0xFF,0xFF,0xFF,0xFF,0xFF,0xFF,0xFF,0xFF,0xFF,0xFF,0xFF,0xFF,
    0xFF,0xFF,0xFF,0xFF,0xFF,0xFF,0xFF,0xFF,0xFF,0xFF,0xFF,0xFF,0xFF,0xFF,0xFF,0xFF,0xFF,0xFF,0xFF,0xFF,0xFF,0xFF,0xFF,0xFF,0xFF,0xFF,0xFF,0xFF,0xFF,0xFF,0xFF,0xFF,0xFF,0xFF,0xFF,0xFF,
    0xFF,0xFF,0xFF,0xFF,0xFF,0xFF,0xFF,0xFF,0xFF,0xFF,0xFF,0xFF,0xFF,0xFF,0xFF,0xFF,0xFF,0xFF,0xFF,0xFF,0xFF,0xFF,0xFF,0xFF,0xFF,0xFF,0xFF,0xFF,0xFF,0xFF,0xFF,0xFF,0xFF,0xFF,0xFF,0xFF,
    0xFF,0xFF,0xFF,0xFF,0xFF,0xFF,0xFF,0xFF,0xFF,0xFF,0xFF,0xFF,0xFF,0xFF,0xFF,0xFF,0xFF,0xFF,0xFF,0xFF,0xFF,0xFF,0xFF,0xFF,0xFF,0xFF,0xFF,0xFF,0xFF,0xFF,0xFF,0xFF,0xFF,0xFF,0xFF,0xFF,
    0xFF,0xFF,0xFF,0xFF,0xFF,0xFF,0xFF,0xFF,0xFF,0xFF,0xFF,0xFF,0xFF,0xFF,0xFF,0xFF,0xFF,0xFF,0xFF,0xFF,0xFF,0xFF,0xFF,0xFF,0xFF,0xFF,0xFF,0xFF,0xFF,0xFF,0xFF,0xFF,0xFF,0xFF,0xFF,0xFF,
    0xFF,0xFF,0xFF,0xFF,0xFF,0xFF,0xFF,0xFF,0xFF,0xFF,0xFF,0xFF,0xFF,0xFF,0xFF,0xFF,0xFF,0xFF,0xFF,0xFF,0xFF,0xFF,0xFF,0xFF,0xFF,0xFF,0xFF,0xFF,0xFF,0xFF,0xFF,0xFF,0xFF,0xFF,0xFF,0xFF,
    0xFF,0xFF,0xFF,0xFF,0xFF,0xFF,0xFF,0xFF,0xFF,0xFF,0xFF,0xFF,0xFF,0xFF,0xFF,0xFF,0xFF,0xFF,0xFF,0xFF,0xFF,0xFF,0xFF,0xFF,0xFF,0xFF,0xFF,0xFF,0xFF,0xFF,0xFF,0xFF,0xFF,0xFF,0xFF,0xFF,
    0xFF,0xFF,0xFF,0xFF,0xFF,0xFF,0xFF,0xFF,0xFF,0xFF,0xFF,0xFF,0xFF,0xFF,0xFF,0xFF,0xFF,0xFF,0xFF,0xFF,0xFF,0xFF,0xFF,0xFF,0xFF,0xFF,0xFF,0xFF,0xFF,0xFF,0xFF,0xFF,0xFF,0xFF,0xFF,0xFF,
    0xFF,0xFF,0xFF,0xFF,0xFF,0xFF,0xFF,0xFF,0xFF,0xFF,0xFF,0xFF,0xFF,0xFF,0xFF,0xFF,0xFF,0xFF,0xFF,0xFF,0xFF,0xFF,0xFF,0xFF,0xFF,0xFF,0xFF,0xFF,0xFF,0xFF,0xFF,0xFF,0xFF,0xFF,0xFF,0xFF,
    0xFF,0xFF,0xFF,0xFF,0xFF,0xFF,0xFF,0xFF,0xFF,0xFF,0xFF,0xFF,0xFF,0xFF,0xFF,0xFF,0xFF,0xFF,0xFF,0xFF,0xFF,0xFF,0xFF,0xFF,0xFF,0xFF,0xFF,0xFF,0xFF,0xFF,0xFF,0xFF,0xFF,0xFF,0xFF,0xFF,
    0xFF,0xFF,0xFF,0xFF,0xFF,0xFF,0xFF,0xFF,0xFF,0xFF,0xFF,0xFF,0xFF,0xFF,0xFF,0xFF,0xFF,0xFF,0xFF,0xFF,0xFF,0xFF,0xFF,0xFF,0xFF,0xFF,0xFF,0xFF,0xFF,0xFF,0xFF,0xFF,0xFF,0xFF,0xFF,0xFF,
    0xFF,0xFF,0xFF,0xFF,0xFF,0xFF,0xFF,0xFF,0xFF,0xFF,0xFF,0xFF,0xFF,0xFF,0xFF,0xFF,0xFF,0xFF,0xFF,0xFF,0xFF,0xFF,0xFF,0xFF,0xFF,0xFF,0xFF,0xFF,0xFF,0xFF,0xFF,0xFF,0xFF,0xFF,0xFF,0xFF,
    0xFF,0xFF,0xFF,0xFF,0xFF,0xFF,0xFF,0xFF,0xFF,0xFF,0xFF,0xFF,0xFF,0xFF,0xFF,0xFF,0xFF,0xFF,0xFF,0xFF,0xFF,0xFF,0xFF,0xFF,0xFF,0xFF,0xFF,0xFF,0xFF,0xFF,0xFF,0xFF,0xFF,0xFF,0xFF,0xFF,
    0xFF,0xFF,0xFF,0xFF,0xFF,0xFF,0xFF,0xFF,0xFF,0xFF,0xFF,0xFF,0xFF,0xFF,0xFF,0xFF,0xFF,0xFF,0xFF,0xFF,0xFF,0xFF,0xFF,0xFF,0xFF,0xFF,0xFF,0xFF,0xFF,0xFF,0xFF,0xFF,0xFF,0xFF,0xFF,0xFF,
    0xFF,0xFF,0xFF,0xFF,0xFF,0xFF,0xFF,0xFF,0xFF,0xFF,0xFF,0xFF,0xFF,0xFF,0xFF,0xFF,0xFF,0xFF,0xFF,0xFF,0xFF,0xFF,0xFF,0xFF,0xFF,0xFF,0xFF,0xFF,0xFF,0xFF,0xFF,0xFF,0xFF,0xFF,0xFF,0xFF,
    0xFF,0xFF,0xFF,0xFF,0xFF,0xFF,0xFF,0xFF,0xFF,0xFF,0xFF,0xFF,0xFF,0xFF,0xFF,0xFF,0xFF,0xFF,0xFF,0xFF,0xFF,0xFF,0xFF,0xFF,0xFF,0xFF,0xFF,0xFF,0xFF,0xFF,0xFF,0xFF,0xFF,0xFF,0xFF,0xFF,
    0xFF,0xFF,0xFF,0xFF,0xFF,0xFF,0xFF,0xFF,0xFF,0xFF,0xFF,0xFF,0xFF,0xFF,0xFF,0xFF,0xFF,0xFF,0xFF,0xFF,0xFF,0xFF,0xFF,0xFF,0xFF,0xFF,0xFF,0xFF,0xFF,0xFF,0xFF,0xFF,0xFF,0xFF,0xFF,0xFF,
    0xFF,0xFF,0xFF,0xFF,0xFF,0xFF,0xFF,0xFF,0xFF,0xFF,0xFF,0xFF,0xFF,0xFF,0xFF,0xFF,0xFF,0xFF,0xFF,0xFF,0xFF,0xFF,0xFF,0xFF,0xFF,0xFF,0xFF,0xFF,0xFF,0xFF,0xFF,0xFF,0xFF,0xFF,0xFF,0xFF,
    0xFF,0xFF,0xFF,0xFF,0xFF,0xFF,0xFF,0xFF,0xFF,0xFF,0xFF,0xFF,0xFF,0xFF,0xFF,0xFF,0xFF,0xFF,0xFF,0xFF,0xFF,0xFF,0xFF,0xFF,0xFF,0xFF,0xFF,0xFF,0xFF,0xFF,0xFF,0xFF,0xFF,0xFF,0xFF,0xFF,
    0xFF,0xFF,0xFF,0xFF,0xFF,0xFF,0xFF,0xFF,0xFF,0xFF,0xFF,0xFF,0xFF,0xFF,0xFF,0xFF,0xFF,0xFF,0xFF,0xFF,0xFF,0xFF,0xFF,0xFF,0xFF,0xFF,0xFF,0xFF,0xFF,0xFF,0xFF,0xFF,0xFF,0xFF,0xFF,0xFF,
    0xFF,0xFF,0xFF,0xFF,0xFF,0xFF,0xFF,0xFF,0xFF,0xFF,0xFF,0xFF,0xFF,0xFF,0xFF,0xFF,0xFF,0xFF,0xFF,0xFF,0xFF,0xFF,0xFF,0xFF,0xFF,0xFF,0xFF,0xFF,0xFF,0xFF,0xFF,0xFF,0xFF,0xFF,0xFF,0xFF,
    0xFF,0xFF,0xFF,0xFF,0xFF,0xFF,0xFF,0xFF,0xFF,0xFF,0xFF,0xFF,0xFF,0xFF,0xFF,0xFF,0xFF,0xFF,0xFF,0xFF,0xFF,0xFF,0xFF,0xFF,0xFF,0xFF,0xFF,0xFF,0xFF,0xFF,0xFF,0xFF,0xFF,0xFF,0xFF,0xFF,
    0xFF,0xFF,0xFF,0xFF,0xFF,0xFF,0xFF,0xFF,0xFF,0xFF,0xFF,0xFF,0xFF,0xFF,0xFF,0xFF,0xFF,0xFF,0xFF,0xFF,0xFF,0xFF,0xFF,0xFF,0xFF,0xFF,0xFF,0xFF,0xFF,0xFF,0xFF,0xFF,0xFF,0xFF,0xFF,0xFF,
    0xFF,0xFF,0xFF,0xFF,0xFF,0xFF,0xFF,0xFF,0xFF,0xFF,0xFF,0xFF,0xFF,0xFF,0xFF,0xFF,0xFF,0xFF,0xFF,0xFF,0xFF,0xFF,0xFF,0xFF,0xFF,0xFF,0xFF,0xFF,0xFF,0xFF,0xFF,0xFF,0xFF,0xFF,0xFF,0xFF,
    0xFF,0xFF,0xFF,0xFF,0xFF,0xFF,0xBE,0xF7,0xFF,0xFF,0xFF,0xFF,0xFF,0xFF,0xFF,0xFF,0xFF,0xFF,0xFF,0xFF,0xFF,0xFF,0xFF,0xFF,0xFF,0xFF,0xFF,0xFF,0xFF,0xFF,0xFF,0xFF,0xFF,0xBE,0xF7,0xFF,
    0xFF,0xFF,0xFF,0xFF,0xFF,0xFF,0xDF,0xFF,0xFF,0xDF,0xFF,0xFF,0xBE,0xF7,0xFF,0x00,0x00,0xFF,0x00,0x00,0xFF,0x20,0x00,0xFF,0x82,0x10,0xFF,0xF3,0x9C,0xFF,0xFF,0xFF,0xFF,0xFF,0xFF,0xFF,
    0xBF,0xF7,0xFF,0xBF,0xF7,0xFF,0xFF,0xFF,0xFF,0xFF,0xFF,0xFF,0xFF,0xFF,0xFF,0x38,0xC6,0xFF,0x00,0x00,0xFF,0x00,0x00,0xFF,0x74,0xAD,0xFF,0xFF,0xFF,0xFF,0xFF,0xFF,0xFF,0xDE,0xF7,0xFF,
    0xDE,0xF7,0xFF,0xFF,0xFF,0xFF,0xFF,0xFF,0xFF,0xDE,0xF7,0xFF,0xFF,0xFF,0xFF,0xFF,0xFF,0xFF,0xFF,0xFF,0xFF,0xFF,0xFF,0xFF,0xFF,0xFF,0xFF,0xFF,0xFF,0xFF,0xFF,0xFF,0xFF,0xFF,0xFF,0xFF,
    0xFF,0xFF,0xFF,0xFF,0xFF,0xFF,0xFF,0xFF,0xFF,0xFF,0xFF,0xFF,0xFF,0xFF,0xFF,0xFF,0xFF,0xFF,0xFF,0xFF,0xFF,0xFF,0xFF,0xFF,0xFF,0xFF,0xFF,0xFF,0xFF,0xFF,0xFF,0xFF,0xFF,0xFF,0xFF,0xFF,
    0xFF,0xFF,0xFF,0xFF,0xFF,0xFF,0xFF,0xFF,0xFF,0xFF,0xFF,0xFF,0xFF,0xFF,0xFF,0xFF,0xFF,0xFF,0xFF,0xFF,0xFF,0xFF,0xFF,0xFF,0xFF,0xFF,0xFF,0xFF,0xFF,0xFF,0xFF,0xFF,0xFF,0xFF,0xFF,0xFF,
    0xFF,0xFF,0xFF,0xFF,0xFF,0xFF,0xFF,0xFF,0xFF,0xFF,0xFF,0xFF,0xFF,0xFF,0xFF,0xFF,0xFF,0xFF,0xFF,0xFF,0xFF,0xFF,0xFF,0xFF,0xFF,0xFF,0xFF,0xFF,0xFF,0xFF,0xFF,0xFF,0xFF,0xFF,0xFF,0xFF,
    0xFF,0xFF,0xFF,0xFF,0xFF,0xFF,0xFF,0xFF,0xFF,0xFF,0xFF,0xFF,0xFF,0xFF,0xFF,0xFF,0xFF,0xFF,0xFF,0xFF,0xFF,0xFF,0xFF,0xFF,0xFF,0xFF,0xFF,0xFF,0xFF,0xFF,0xFF,0xFF,0xFF,0xFF,0xFF,0xFF,
    0xFF,0xFF,0xFF,0xFF,0xFF,0xFF,0xFF,0xFF,0xFF,0xFF,0xFF,0xFF,0xFF,0xFF,0xFF,0xFF,0xFF,0xFF,0xFF,0xFF,0xFF,0xFF,0xFF,0xFF,0xFF,0xFF,0xFF,0xFF,0xFF,0xFF,0xFF,0xFF,0xFF,0xFF,0xFF,0xFF,
    0xFF,0xFF,0xFF,0xFF,0xFF,0xFF,0xFF,0xFF,0xFF,0xFF,0xFF,0xFF,0xFF,0xFF,0xFF,0xFF,0xFF,0xFF,0xFF,0xFF,0xFF,0xFF,0xFF,0xFF,0xFF,0xFF,0xFF,0xFF,0xFF,0xFF,0xFF,0xFF,0xFF,0xFF,0xFF,0xFF,
    0xFF,0xFF,0xFF,0xFF,0xFF,0xFF,0xFF,0xFF,0xFF,0xFF,0xFF,0xFF,0xFF,0xFF,0xFF,0xFF,0xFF,0xFF,0xFF,0xFF,0xFF,0xFF,0xFF,0xFF,0xFF,0xFF,0xFF,0xFF,0xFF,0xFF,0xFF,0xFF,0xFF,0xFF,0xFF,0xFF,
    0xFF,0xFF,0xFF,0xFF,0xFF,0xFF,0xFF,0xFF,0xFF,0xFF,0xFF,0xFF,0xFF,0xFF,0xFF,0xFF,0xFF,0xFF,0xFF,0xFF,0xFF,0xFF,0xFF,0xFF,0xFF,0xFF,0xFF,0xFF,0xFF,0xFF,0xFF,0xFF,0xFF,0xFF,0xFF,0xFF,
    0xFF,0xFF,0xFF,0xFF,0xFF,0xFF,0xFF,0xFF,0xFF,0xFF,0xFF,0xFF,0xFF,0xFF,0xFF,0xFF,0xFF,0xFF,0xFF,0xFF,0xFF,0xFF,0xFF,0xFF,0xFF,0xFF,0xFF,0xFF,0xFF,0xFF,0xFF,0xFF,0xFF,0xFF,0xFF,0xFF,
    0xFF,0xFF,0xFF,0xFF,0xFF,0xFF,0xFF,0xFF,0xFF,0xFF,0xFF,0xFF,0xFF,0xFF,0xFF,0xFF,0xFF,0xFF,0xFF,0xFF,0xFF,0xFF,0xFF,0xFF,0xFF,0xFF,0xFF,0xFF,0xFF,0xFF,0xFF,0xFF,0xFF,0xFF,0xFF,0xFF,
    0xFF,0xFF,0xFF,0xFF,0xFF,0xFF,0xFF,0xFF,0xFF,0xFF,0xFF,0xFF,0xFF,0xFF,0xFF,0xFF,0xFF,0xFF,0xFF,0xFF,0xFF,0xFF,0xFF,0xFF,0xFF,0xFF,0xFF,0xFF,0xFF,0xFF,0xFF,0xFF,0xFF,0xFF,0xFF,0xFF,
    0xFF,0xFF,0xFF,0xFF,0xFF,0xFF,0xFF,0xFF,0xFF,0xFF,0xFF,0xFF,0xFF,0xFF,0xFF,0xFF,0xFF,0xFF,0xFF,0xFF,0xFF,0xFF,0xFF,0xFF,0xFF,0xFF,0xFF,0xFF,0xFF,0xFF,0xFF,0xFF,0xFF,0xFF,0xFF,0xFF,
    0xFF,0xFF,0xFF,0xFF,0xFF,0xFF,0xFF,0xFF,0xFF,0xFF,0xFF,0xFF,0xFF,0xFF,0xFF,0xFF,0xFF,0xFF,0xFF,0xFF,0xFF,0xFF,0xFF,0xFF,0xFF,0xFF,0xFF,0xFF,0xFF,0xFF,0xFF,0xFF,0xFF,0xFF,0xFF,0xFF,
    0xFF,0xFF,0xFF,0xFF,0xFF,0xFF,0xFF,0xFF,0xFF,0xFF,0xFF,0xFF,0xFF,0xFF,0xFF,0xFF,0xFF,0xFF,0xFF,0xFF,0xFF,0xFF,0xFF,0xFF,0xFF,0xFF,0xFF,0xFF,0xFF,0xFF,0xFF,0xFF,0xFF,0xFF,0xFF,0xFF,
    0xFF,0xFF,0xFF,0xFF,0xFF,0xFF,0xFF,0xFF,0xFF,0xFF,0xFF,0xFF,0xFF,0xFF,0xFF,0xFF,0xFF,0xFF,0xFF,0xFF,0xFF,0xFF,0xFF,0xFF,0xFF,0xFF,0xFF,0xFF,0xFF,0xFF,0xFF,0xFF,0xFF,0xFF,0xFF,0xFF,
    0xFF,0xFF,0xFF,0xFF,0xFF,0xFF,0xFF,0xFF,0xFF,0xFF,0xFF,0xFF,0xFF,0xFF,0xFF,0xFF,0xFF,0xFF,0xFF,0xFF,0xFF,0xFF,0xFF,0xFF,0xFF,0xFF,0xFF,0xFF,0xFF,0xFF,0xFF,0xFF,0xFF,0xFF,0xFF,0xFF,
    0xFF,0xFF,0xFF,0xFF,0xFF,0xFF,0xFF,0xFF,0xFF,0xFF,0xFF,0xFF,0xFF,0xFF,0xFF,0xFF,0xFF,0xFF,0xFF,0xFF,0xFF,0xFF,0xFF,0xFF,0xFF,0xFF,0xFF,0xFF,0xFF,0xFF,0xFF,0xFF,0xFF,0xFF,0xFF,0xFF,
    0xFF,0xFF,0xFF,0xFF,0xFF,0xFF,0xFF,0xFF,0xFF,0xFF,0xFF,0xFF,0xFF,0xFF,0xFF,0xFF,0xFF,0xFF,0xFF,0xFF,0xFF,0xFF,0xFF,0xFF,0xFF,0xFF,0xFF,0xFF,0xFF,0xFF,0xFF,0xFF,0xFF,0xFF,0xFF,0xFF,
    0xFF,0xFF,0xFF,0xFF,0xFF,0xFF,0xFF,0xFF,0xFF,0xFF,0xFF,0xFF,0xFF,0xFF,0xFF,0xFF,0xFF,0xFF,0xFF,0xFF,0xFF,0xFF,0xFF,0xFF,0xFF,0xFF,0xFF,0xFF,0xFF,0xFF,0xFF,0xFF,0xFF,0xFF,0xFF,0xFF,
    0xFF,0xFF,0xFF,0xFF,0xFF,0xFF,0xFF,0xFF,0xFF,0xFF,0xFF,0xFF,0xFF,0xFF,0xFF,0xFF,0xFF,0xFF,0xFF,0xFF,0xFF,0xFF,0xFF,0xFF,0xFF,0xFF,0xFF,0xFF,0xFF,0xFF,0xFF,0xFF,0xFF,0xFF,0xFF,0xFF,
    0xFF,0xFF,0xFF,0xFF,0xFF,0xFF,0xFF,0xFF,0xFF,0xFF,0xFF,0xFF,0xFF,0xFF,0xFF,0xFF,0xFF,0xFF,0xFF,0xFF,0xFF,0xFF,0xFF,0xFF,0xFF,0xFF,0xFF,0xFF,0xFF,0xFF,0xFF,0xFF,0xFF,0xFF,0xFF,0xFF,
    0xFF,0xFF,0xFF,0xFF,0xFF,0xFF,0xFF,0xFF,0xFF,0xFF,0xFF,0xFF,0xFF,0xFF,0xFF,0xFF,0xFF,0xFF,0xFF,0xFF,0xFF,0xFF,0xFF,0xFF,0xFF,0xFF,0xFF,0xFF,0xFF,0xFF,0xFF,0xFF,0xFF,0xFF,0xFF,0xFF,
    0xFF,0xFF,0xFF,0xFF,0xFF,0xFF,0xFF,0xFF,0xFF,0xFF,0xFF,0xFF,0xFF,0xFF,0xFF,0xFF,0xFF,0xFF,0xFF,0xFF,0xFF,0xFF,0xFF,0xFF,0xFF,0xFF,0xFF,0xFF,0xFF,0xFF,0xFF,0xFF,0xFF,0xFF,0xFF,0xFF,
    0xFF,0xFF,0xFF,0xFF,0xFF,0xFF,0xFF,0xFF,0xFF,0xFF,0xFF,0xFF,0xFF,0xFF,0xFF,0xFF,0xFF,0xFF,0xFF,0xFF,0xFF,0xFF,0xFF,0xFF,0xFF,0xFF,0xFF,0xFF,0xFF,0xFF,0xFF,0xFF,0xFF,0xFF,0xFF,0xFF,
    0xFF,0xFF,0xFF,0xFF,0xFF,0xFF,0xFF,0xFF,0xFF,0xFF,0xFF,0xFF,0xFF,0xFF,0xFF,0xFF,0xFF,0xFF,0xFF,0xFF,0xFF,0xFF,0xFF,0xFF,0xFF,0xFF,0xFF,0xFF,0xFF,0xFF,0xFF,0xFF,0xFF,0xFF,0xFF,0xFF,
    0xFF,0xFF,0xFF,0xFF,0xFF,0xFF,0xFF,0xFF,0xFF,0xFF,0xFF,0xFF,0xFF,0xFF,0xFF,0xFF,0xFF,0xFF,0xFF,0xFF,0xFF,0xFF,0xFF,0xFF,0xFF,0xFF,0xFF,0xFF,0xFF,0xFF,0xFF,0xFF,0xFF,0xFF,0xFF,0xFF,
    0xFF,0xFF,0xFF,0xFF,0xFF,0xFF,0xFF,0xFF,0xFF,0xFF,0xFF,0xFF,0xFF,0xFF,0xFF,0xFF,0xFF,0xFF,0xFF,0xFF,0xFF,0xFF,0xFF,0xFF,0xFF,0xFF,0xFF,0xFF,0xFF,0xFF,0xFF,0xFF,0xFF,0xFF,0xFF,0xFF,
    0xFF,0xFF,0xFF,0xFF,0xFF,0xFF,0xFF,0xFF,0xFF,0xFF,0xFF,0xFF,0xFF,0xFF,0xFF,0xFF,0xFF,0xFF,0xFF,0xFF,0xFF,0xFF,0xFF,0xFF,0xFF,0xFF,0xFF,0xFF,0xFF,0xFF,0xFF,0xFF,0xFF,0xFF,0xFF,0xFF,
    0xFF,0xFF,0xFF,0xFF,0xFF,0xFF,0xFF,0xFF,0xFF,0xFF,0xFF,0xFF,0xFF,0xFF,0xFF,0xFF,0xFF,0xFF,0xFF,0xFF,0xFF,0xFF,0xFF,0xFF,0xFF,0xFF,0xFF,0xFF,0xFF,0xFF,0xFF,0xFF,0xFF,0xFF,0xFF,0xFF,
    0xFF,0xFF,0xFF,0xFF,0xFF,0xFF,0xFF,0xFF,0xFF,0xFF,0xFF,0xFF,0xFF,0xFF,0xFF,0xFF,0xFF,0xFF,0xFF,0xFF,0xFF,0xFF,0xFF,0xFF,0xFF,0xFF,0xFF,0xFF,0xFF,0xFF,0xFF,0xFF,0xFF,0xDF,0xFF,0xFF,
    0xFF,0xFF,0xFF,0xFF,0xFF,0xFF,0xFF,0xFF,0xFF,0x9E,0xF7,0xFF,0xBE,0xF7,0xFF,0xFF,0xFF,0xFF,0xFF,0xFF,0xFF,0x9E,0xF7,0xFF,0xFF,0xFF,0xFF,0xFF,0xFF,0xFF,0xFB,0xDE,0xFF,0x8A,0x52,0xFF,
    0x75,0xAD,0xFF,0xFF,0xFF,0xFF,0xFF,0xFF,0xFF,0xDF,0xFF,0xFF,0xFF,0xFF,0xFF,0x9E,0xF7,0xFF,0xFF,0xFF,0xFF,0xFF,0xFF,0xFF,0xDF,0xFF,0xFF,0xFF,0xFF,0xFF,0xDF,0xFF,0xFF,0x41,0x08,0xFF,
    0x86,0x31,0xFF,0xFF,0xFF,0xFF,0xFF,0xFF,0xFF,0xFF,0xFF,0xFF,0xFF,0xFF,0xFF,0x9E,0xEF,0xFF,0xFF,0xFF,0xFF,0xDF,0xF7,0xFF,0xFF,0xFF,0xFF,0xFF,0xFF,0xFF,0xFE,0xFF,0xFF,0xDE,0xFF,0xFF,
    0xFF,0xFF,0xFF,0xFF,0xFF,0xFF,0xFF,0xFF,0xFF,0xFF,0xFF,0xFF,0xFF,0xFF,0xFF,0xFF,0xFF,0xFF,0xFF,0xFF,0xFF,0xFF,0xFF,0xFF,0xFF,0xFF,0xFF,0xFF,0xFF,0xFF,0xFF,0xFF,0xFF,0xFF,0xFF,0xFF,
    0xFF,0xFF,0xFF,0xFF,0xFF,0xFF,0xFF,0xFF,0xFF,0xFF,0xFF,0xFF,0xFF,0xFF,0xFF,0xFF,0xFF,0xFF,0xFF,0xFF,0xFF,0xFF,0xFF,0xFF,0xFF,0xFF,0xFF,0xFF,0xFF,0xFF,0xFF,0xFF,0xFF,0xFF,0xFF,0xFF,
    0xFF,0xFF,0xFF,0xFF,0xFF,0xFF,0xFF,0xFF,0xFF,0xFF,0xFF,0xFF,0xFF,0xFF,0xFF,0xFF,0xFF,0xFF,0xFF,0xFF,0xFF,0xFF,0xFF,0xFF,0xFF,0xFF,0xFF,0xFF,0xFF,0xFF,0xFF,0xFF,0xFF,0xFF,0xFF,0xFF,
    0xFF,0xFF,0xFF,0xFF,0xFF,0xFF,0xFF,0xFF,0xFF,0xFF,0xFF,0xFF,0xFF,0xFF,0xFF,0xFF,0xFF,0xFF,0xFF,0xFF,0xFF,0xFF,0xFF,0xFF,0xFF,0xFF,0xFF,0xFF,0xFF,0xFF,0xFF,0xFF,0xFF,0xFF,0xFF,0xFF,
    0xFF,0xFF,0xFF,0xFF,0xFF,0xFF,0xFF,0xFF,0xFF,0xFF,0xFF,0xFF,0xFF,0xFF,0xFF,0xFF,0xFF,0xFF,0xFF,0xFF,0xFF,0xFF,0xFF,0xFF,0xFF,0xFF,0xFF,0xFF,0xFF,0xFF,0xFF,0xFF,0xFF,0xFF,0xFF,0xFF,
    0xFF,0xFF,0xFF,0xFF,0xFF,0xFF,0xFF,0xFF,0xFF,0xFF,0xFF,0xFF,0xFF,0xFF,0xFF,0xFF,0xFF,0xFF,0xFF,0xFF,0xFF,0xFF,0xFF,0xFF,0xFF,0xFF,0xFF,0xFF,0xFF,0xFF,0xFF,0xFF,0xFF,0xFF,0xFF,0xFF,
    0xFF,0xFF,0xFF,0xFF,0xFF,0xFF,0xFF,0xFF,0xFF,0xFF,0xFF,0xFF,0xFF,0xFF,0xFF,0xFF,0xFF,0xFF,0xFF,0xFF,0xFF,0xFF,0xFF,0xFF,0xFF,0xFF,0xFF,0xFF,0xFF,0xFF,0xFF,0xFF,0xFF,0xFF,0xFF,0xFF,
    0xFF,0xFF,0xFF,0xFF,0xFF,0xFF,0xFF,0xFF,0xFF,0xFF,0xFF,0xFF,0xFF,0xFF,0xFF,0xFF,0xFF,0xFF,0xFF,0xFF,0xFF,0xFF,0xFF,0xFF,0xFF,0xFF,0xFF,0xFF,0xFF,0xFF,0xFF,0xFF,0xFF,0xFF,0xFF,0xFF,
    0xFF,0xFF,0xFF,0xFF,0xFF,0xFF,0xFF,0xFF,0xFF,0xFF,0xFF,0xFF,0xFF,0xFF,0xFF,0xFF,0xFF,0xFF,0xFF,0xFF,0xFF,0xFF,0xFF,0xFF,0xFF,0xFF,0xFF,0xFF,0xFF,0xFF,0xFF,0xFF,0xFF,0xFF,0xFF,0xFF,
    0xFF,0xFF,0xFF,0xFF,0xFF,0xFF,0xFF,0xFF,0xFF,0xFF,0xFF,0xFF,0xFF,0xFF,0xFF,0xFF,0xFF,0xFF,0xFF,0xFF,0xFF,0xFF,0xFF,0xFF,0xFF,0xFF,0xFF,0xFF,0xFF,0xFF,0xFF,0xFF,0xFF,0xFF,0xFF,0xFF,
    0xFF,0xFF,0xFF,0xFF,0xFF,0xFF,0xFF,0xFF,0xFF,0xFF,0xFF,0xFF,0xFF,0xFF,0xFF,0xFF,0xFF,0xFF,0xFF,0xFF,0xFF,0xFF,0xFF,0xFF,0xFF,0xFF,0xFF,0xFF,0xFF,0xFF,0xFF,0xFF,0xFF,0xFF,0xFF,0xFF,
    0xFF,0xFF,0xFF,0xFF,0xFF,0xFF,0xFF,0xFF,0xFF,0xFF,0xFF,0xFF,0xFF,0xFF,0xFF,0xFF,0xFF,0xFF,0xFF,0xFF,0xFF,0xFF,0xFF,0xFF,0xFF,0xFF,0xFF,0xFF,0xFF,0xFF,0xFF,0xFF,0xFF,0xFF,0xFF,0xFF,
    0xFF,0xFF,0xFF,0xFF,0xFF,0xFF,0xFF,0xFF,0xFF,0xFF,0xFF,0xFF,0xFF,0xFF,0xFF,0xFF,0xFF,0xFF,0xFF,0xFF,0xFF,0xFF,0xFF,0xFF,0xFF,0xFF,0xFF,0xFF,0xFF,0xFF,0xFF,0xFF,0xFF,0xFF,0xFF,0xFF,
    0xFF,0xFF,0xFF,0xFF,0xFF,0xFF,0xFF,0xFF,0xFF,0xFF,0xFF,0xFF,0xFF,0xFF,0xFF,0xFF,0xFF,0xFF,0xFF,0xFF,0xFF,0xFF,0xFF,0xFF,0xFF,0xFF,0xFF,0xFF,0xFF,0xFF,0xFF,0xFF,0xFF,0xFF,0xFF,0xFF,
    0xFF,0xFF,0xFF,0xFF,0xFF,0xFF,0xFF,0xFF,0xFF,0xFF,0xFF,0xFF,0xFF,0xFF,0xFF,0xFF,0xFF,0xFF,0xFF,0xFF,0xFF,0xFF,0xFF,0xFF,0xFF,0xFF,0xFF,0xFF,0xFF,0xFF,0xFF,0xFF,0xFF,0xFF,0xFF,0xFF,
    0xFF,0xFF,0xFF,0xFF,0xFF,0xFF,0xFF,0xFF,0xFF,0xFF,0xFF,0xFF,0xFF,0xFF,0xFF,0xFF,0xFF,0xFF,0xFF,0xFF,0xFF,0xFF,0xFF,0xFF,0xFF,0xFF,0xFF,0xFF,0xFF,0xFF,0xFF,0xFF,0xFF,0xFF,0xFF,0xFF,
    0xFF,0xFF,0xFF,0xFF,0xFF,0xFF,0xFF,0xFF,0xFF,0xFF,0xFF,0xFF,0xFF,0xFF,0xFF,0xFF,0xFF,0xFF,0xFF,0xFF,0xFF,0xFF,0xFF,0xFF,0xFF,0xFF,0xFF,0xFF,0xFF,0xFF,0xFF,0xFF,0xFF,0xFF,0xFF,0xFF,
    0xFF,0xFF,0xFF,0xFF,0xFF,0xFF,0xFF,0xFF,0xFF,0xFF,0xFF,0xFF,0xFF,0xFF,0xFF,0xFF,0xFF,0xFF,0xFF,0xFF,0xFF,0xFF,0xFF,0xFF,0xFF,0xFF,0xFF,0xFF,0xFF,0xFF,0xFF,0xFF,0xFF,0xFF,0xFF,0xFF,
    0xFF,0xFF,0xFF,0xFF,0xFF,0xFF,0xFF,0xFF,0xFF,0xFF,0xFF,0xFF,0xFF,0xFF,0xFF,0xFF,0xFF,0xFF,0xFF,0xFF,0xFF,0xFF,0xFF,0xFF,0xFF,0xFF,0xFF,0xFF,0xFF,0xFF,0xFF,0xFF,0xFF,0xFF,0xFF,0xFF,
    0xFF,0xFF,0xFF,0xFF,0xFF,0xFF,0xFF,0xFF,0xFF,0xFF,0xFF,0xFF,0xFF,0xFF,0xFF,0xFF,0xFF,0xFF,0xFF,0xFF,0xFF,0xFF,0xFF,0xFF,0xFF,0xFF,0xFF,0xFF,0xFF,0xFF,0xFF,0xFF,0xFF,0xFF,0xFF,0xFF,
    0xFF,0xFF,0xFF,0xFF,0xFF,0xFF,0xFF,0xFF,0xFF,0xFF,0xFF,0xFF,0xFF,0xFF,0xFF,0xFF,0xFF,0xFF,0xFF,0xFF,0xFF,0xFF,0xFF,0xFF,0xFF,0xFF,0xFF,0xFF,0xFF,0xFF,0xFF,0xFF,0xFF,0xFF,0xFF,0xFF,
    0xFF,0xFF,0xFF,0xFF,0xFF,0xFF,0xFF,0xFF,0xFF,0xFF,0xFF,0xFF,0xFF,0xFF,0xFF,0xFF,0xFF,0xFF,0xFF,0xFF,0xFF,0xFF,0xFF,0xFF,0xFF,0xFF,0xFF,0xFF,0xFF,0xFF,0xFF,0xFF,0xFF,0xFF,0xFF,0xFF,
    0xFF,0xFF,0xFF,0xFF,0xFF,0xFF,0xFF,0xFF,0xFF,0xFF,0xFF,0xFF,0xFF,0xFF,0xFF,0xFF,0xFF,0xFF,0xFF,0xFF,0xFF,0xFF,0xFF,0xFF,0xFF,0xFF,0xFF,0xFF,0xFF,0xFF,0xFF,0xFF,0xFF,0xFF,0xFF,0xFF,
    0xFF,0xFF,0xFF,0xFF,0xFF,0xFF,0xFF,0xFF,0xFF,0xFF,0xFF,0xFF,0xFF,0xFF,0xFF,0xFF,0xFF,0xFF,0xFF,0xFF,0xFF,0xFF,0xFF,0xFF,0xFF,0xFF,0xFF,0xFF,0xFF,0xFF,0xFF,0xFF,0xFF,0xFF,0xFF,0xFF,
    0xFF,0xFF,0xFF,0xFF,0xFF,0xFF,0xFF,0xFF,0xFF,0xFF,0xFF,0xFF,0xFF,0xFF,0xFF,0xFF,0xFF,0xFF,0xFF,0xFF,0xFF,0xFF,0xFF,0xFF,0xFF,0xFF,0xFF,0xFF,0xFF,0xFF,0xFF,0xFF,0xFF,0xFF,0xFF,0xFF,
    0xFF,0xFF,0xFF,0xFF,0xFF,0xFF,0xFF,0xFF,0xFF,0xFF,0xFF,0xFF,0xFF,0xFF,0xFF,0xFF,0xFF,0xFF,0xFF,0xFF,0xFF,0xFF,0xFF,0xFF,0xFF,0xFF,0xFF,0xFF,0xFF,0xFF,0xFF,0xFF,0xFF,0xFF,0xFF,0xFF,
    0xFF,0xFF,0xFF,0xFF,0xFF,0xFF,0xFF,0xFF,0xFF,0xFF,0xFF,0xFF,0xFF,0xFF,0xFF,0xFF,0xFF,0xFF,0xFF,0xFF,0xFF,0xFF,0xFF,0xFF,0xFF,0xFF,0xFF,0xFF,0xFF,0xFF,0xFF,0xFF,0xFF,0xFF,0xFF,0xFF,
    0xFF,0xFF,0xFF,0xFF,0xFF,0xFF,0xFF,0xFF,0xFF,0xFF,0xFF,0xFF,0xFF,0xFF,0xFF,0xFF,0xFF,0xFF,0xFF,0xFF,0xFF,0xFF,0xFF,0xFF,0xFF,0xFF,0xFF,0xFF,0xFF,0xFF,0xFF,0xFF,0xFF,0xFF,0xFF,0xFF,
    0xFF,0xFF,0xFF,0xFF,0xFF,0xFF,0xFF,0xFF,0xFF,0xFF,0xFF,0xFF,0xFF,0xFF,0xFF,0xFF,0xFF,0xFF,0xFF,0xFF,0xFF,0xFF,0xFF,0xFF,0xFF,0xFF,0xFF,0xFF,0xFF,0xFF,0xFF,0xFF,0xFF,0xFF,0xFF,0xFF,
    0xFF,0xFF,0xFF,0xFF,0xFF,0xFF,0xFF,0xFF,0xFF,0xFF,0xFF,0xFF,0xFF,0xFF,0xFF,0xFF,0xFF,0xFF,0xFF,0xFF,0xFF,0xFF,0xFF,0xFF,0xFF,0xFF,0xFF,0xFF,0xFF,0xFF,0xFF,0xFF,0xFF,0xFF,0xFF,0xFF,
    0xFF,0xFF,0xFF,0xFF,0xFF,0xFF,0xFF,0xFF,0xFF,0xDF,0xFF,0xFF,0xFF,0xFF,0xFF,0xFF,0xFF,0xFF,0xFF,0xFF,0xFF,0xDF,0xFF,0xFF,0xFF,0xFF,0xFF,0xFF,0xFF,0xFF,0xFF,0xFF,0xFF,0xFF,0xFF,0xFF,
    0xFF,0xFF,0xFF,0xFF,0xFF,0xFF,0xDF,0xFF,0xFF,0xFF,0xFF,0xFF,0xFF,0xFF,0xFF,0xFF,0xFF,0xFF,0xDF,0xFF,0xFF,0xFF,0xFF,0xFF,0xFF,0xFF,0xFF,0xFF,0xFF,0xFF,0xBF,0xF7,0xFF,0xFF,0xFF,0xFF,
    0xFF,0xFF,0xFF,0xBE,0xF7,0xFF,0xFF,0xFF,0xFF,0xDF,0xFF,0xFF,0x1C,0xE7,0xFF,0x38,0xC6,0xFF,0xDF,0xFF,0xFF,0xDE,0xFF,0xFF,0xDE,0xFF,0xFF,0xDF,0xFF,0xFF,0xDF,0xF7,0xFF,0xFF,0xFF,0xFF,
    0xBF,0xF7,0xFF,0xFF,0xFF,0xFF,0xFF,0xFF,0xFF,0xFF,0xFF,0xFF,0xFF,0xFF,0xFF,0xFE,0xFF,0xFF,0xFF,0xFF,0xFF,0xFF,0xFF,0xFF,0xFF,0xFF,0xFF,0xFF,0xFF,0xFF,0xFF,0xFF,0xFF,0xFF,0xFF,0xFF,
    0xFF,0xFF,0xFF,0xFE,0xFF,0xFF,0xFF,0xFF,0xFF,0xFF,0xFF,0xFF,0xFF,0xFF,0xFF,0xFF,0xFF,0xFF,0xFF,0xFF,0xFF,0xFF,0xFF,0xFF,0xFF,0xFF,0xFF,0xFF,0xFF,0xFF,0xFF,0xFF,0xFF,0xFF,0xFF,0xFF,
    0xFF,0xFF,0xFF,0xFF,0xFF,0xFF,0xFF,0xFF,0xFF,0xFF,0xFF,0xFF,0xFF,0xFF,0xFF,0xFF,0xFF,0xFF,0xFF,0xFF,0xFF,0xFF,0xFF,0xFF,0xFF,0xFF,0xFF,0xFF,0xFF,0xFF,0xFF,0xFF,0xFF,0xFF,0xFF,0xFF,
    0xFF,0xFF,0xFF,0xFF,0xFF,0xFF,0xFF,0xFF,0xFF,0xFF,0xFF,0xFF,0xFF,0xFF,0xFF,0xFF,0xFF,0xFF,0xFF,0xFF,0xFF,0xFF,0xFF,0xFF,0xFF,0xFF,0xFF,0xFF,0xFF,0xFF,0xFF,0xFF,0xFF,0xFF,0xFF,0xFF,
    0xFF,0xFF,0xFF,0xFF,0xFF,0xFF,0xFF,0xFF,0xFF,0xFF,0xFF,0xFF,0xFF,0xFF,0xFF,0xFF,0xFF,0xFF,0xFF,0xFF,0xFF,0xFF,0xFF,0xFF,0xFF,0xFF,0xFF,0xFF,0xFF,0xFF,0xFF,0xFF,0xFF,0xFF,0xFF,0xFF,
    0xFF,0xFF,0xFF,0xFF,0xFF,0xFF,0xFF,0xFF,0xFF,0xFF,0xFF,0xFF,0xFF,0xFF,0xFF,0xFF,0xFF,0xFF,0xFF,0xFF,0xFF,0xFF,0xFF,0xFF,0xFF,0xFF,0xFF,0xFF,0xFF,0xFF,0xFF,0xFF,0xFF,0xFF,0xFF,0xFF,
    0xFF,0xFF,0xFF,0xFF,0xFF,0xFF,0xFF,0xFF,0xFF,0xFF,0xFF,0xFF,0xFF,0xFF,0xFF,0xFF,0xFF,0xFF,0xFF,0xFF,0xFF,0xFF,0xFF,0xFF,0xFF,0xFF,0xFF,0xFF,0xFF,0xFF,0xFF,0xFF,0xFF,0xFF,0xFF,0xFF,
    0xFF,0xFF,0xFF,0xFF,0xFF,0xFF,0xFF,0xFF,0xFF,0xFF,0xFF,0xFF,0xFF,0xFF,0xFF,0xFF,0xFF,0xFF,0xFF,0xFF,0xFF,0xFF,0xFF,0xFF,0xFF,0xFF,0xFF,0xFF,0xFF,0xFF,0xFF,0xFF,0xFF,0xFF,0xFF,0xFF,
    0xFF,0xFF,0xFF,0xFF,0xFF,0xFF,0xFF,0xFF,0xFF,0xFF,0xFF,0xFF,0xFF,0xFF,0xFF,0xFF,0xFF,0xFF,0xFF,0xFF,0xFF,0xFF,0xFF,0xFF,0xFF,0xFF,0xFF,0xFF,0xFF,0xFF,0xFF,0xFF,0xFF,0xFF,0xFF,0xFF,
    0xFF,0xFF,0xFF,0xFF,0xFF,0xFF,0xFF,0xFF,0xFF,0xFF,0xFF,0xFF,0xFF,0xFF,0xFF,0xFF,0xFF,0xFF,0xFF,0xFF,0xFF,0xFF,0xFF,0xFF,0xFF,0xFF,0xFF,0xFF,0xFF,0xFF,0xFF,0xFF,0xFF,0xFF,0xFF,0xFF,
    0xFF,0xFF,0xFF,0xFF,0xFF,0xFF,0xFF,0xFF,0xFF,0xFF,0xFF,0xFF,0xFF,0xFF,0xFF,0xFF,0xFF,0xFF,0xFF,0xFF,0xFF,0xFF,0xFF,0xFF,0xFF,0xFF,0xFF,0xFF,0xFF,0xFF,0xFF,0xFF,0xFF,0xFF,0xFF,0xFF,
    0xFF,0xFF,0xFF,0xFF,0xFF,0xFF,0xFF,0xFF,0xFF,0xFF,0xFF,0xFF,0xFF,0xFF,0xFF,0xFF,0xFF,0xFF,0xFF,0xFF,0xFF,0xFF,0xFF,0xFF,0xFF,0xFF,0xFF,0xFF,0xFF,0xFF,0xFF,0xFF,0xFF,0xFF,0xFF,0xFF,
    0xFF,0xFF,0xFF,0xFF,0xFF,0xFF,0xFF,0xFF,0xFF,0xFF,0xFF,0xFF,0xFF,0xFF,0xFF,0xFF,0xFF,0xFF,0xFF,0xFF,0xFF,0xFF,0xFF,0xFF,0xFF,0xFF,0xFF,0xFF,0xFF,0xFF,0xFF,0xFF,0xFF,0xFF,0xFF,0xFF,
    0xFF,0xFF,0xFF,0xFF,0xFF,0xFF,0xFF,0xFF,0xFF,0xFF,0xFF,0xFF,0xFF,0xFF,0xFF,0xFF,0xFF,0xFF,0xFF,0xFF,0xFF,0xFF,0xFF,0xFF,0xFF,0xFF,0xFF,0xFF,0xFF,0xFF,0xFF,0xFF,0xFF,0xFF,0xFF,0xFF,
    0xFF,0xFF,0xFF,0xFF,0xFF,0xFF,0xFF,0xFF,0xFF,0xFF,0xFF,0xFF,0xFF,0xFF,0xFF,0xFF,0xFF,0xFF,0xFF,0xFF,0xFF,0xFF,0xFF,0xFF,0xFF,0xFF,0xFF,0xFF,0xFF,0xFF,0xFF,0xFF,0xFF,0xFF,0xFF,0xFF,
    0xFF,0xFF,0xFF,0xFF,0xFF,0xFF,0xFF,0xFF,0xFF,0xFF,0xFF,0xFF,0xFF,0xFF,0xFF,0xFF,0xFF,0xFF,0xFF,0xFF,0xFF,0xFF,0xFF,0xFF,0xFF,0xFF,0xFF,0xFF,0xFF,0xFF,0xFF,0xFF,0xFF,0xFF,0xFF,0xFF,
    0xFF,0xFF,0xFF,0xFF,0xFF,0xFF,0xFF,0xFF,0xFF,0xFF,0xFF,0xFF,0xFF,0xFF,0xFF,0xFF,0xFF,0xFF,0xFF,0xFF,0xFF,0xFF,0xFF,0xFF,0xFF,0xFF,0xFF,0xFF,0xFF,0xFF,0xFF,0xFF,0xFF,0xFF,0xFF,0xFF,
    0xFF,0xFF,0xFF,0xFF,0xFF,0xFF,0xFF,0xFF,0xFF,0xFF,0xFF,0xFF,0xFF,0xFF,0xFF,0xFF,0xFF,0xFF,0xFF,0xFF,0xFF,0xFF,0xFF,0xFF,0xFF,0xFF,0xFF,0xFF,0xFF,0xFF,0xFF,0xFF,0xFF,0xFF,0xFF,0xFF,
    0xFF,0xFF,0xFF,0xFF,0xFF,0xFF,0xFF,0xFF,0xFF,0xFF,0xFF,0xFF,0xFF,0xFF,0xFF,0xFF,0xFF,0xFF,0xFF,0xFF,0xFF,0xFF,0xFF,0xFF,0xFF,0xFF,0xFF,0xFF,0xFF,0xFF,0xFF,0xFF,0xFF,0xFF,0xFF,0xFF,
    0xFF,0xFF,0xFF,0xFF,0xFF,0xFF,0xFF,0xFF,0xFF,0xFF,0xFF,0xFF,0xFF,0xFF,0xFF,0xFF,0xFF,0xFF,0xFF,0xFF,0xFF,0xFF,0xFF,0xFF,0xFF,0xFF,0xFF,0xFF,0xFF,0xFF,0xFF,0xFF,0xFF,0xFF,0xFF,0xFF,
    0xFF,0xFF,0xFF,0xFF,0xFF,0xFF,0xFF,0xFF,0xFF,0xFF,0xFF,0xFF,0xFF,0xFF,0xFF,0xFF,0xFF,0xFF,0xFF,0xFF,0xFF,0xFF,0xFF,0xFF,0xFF,0xFF,0xFF,0xFF,0xFF,0xFF,0xFF,0xFF,0xFF,0xFF,0xFF,0xFF,
    0xFF,0xFF,0xFF,0xFF,0xFF,0xFF,0xFF,0xFF,0xFF,0xFF,0xFF,0xFF,0xFF,0xFF,0xFF,0xFF,0xFF,0xFF,0xFF,0xFF,0xFF,0xFF,0xFF,0xFF,0xFF,0xFF,0xFF,0xFF,0xFF,0xFF,0xFF,0xFF,0xFF,0xFF,0xFF,0xFF,
    0xFF,0xFF,0xFF,0xFF,0xFF,0xFF,0xFF,0xFF,0xFF,0xFF,0xFF,0xFF,0xFF,0xFF,0xFF,0xFF,0xFF,0xFF,0xFF,0xFF,0xFF,0xFF,0xFF,0xFF,0xFF,0xFF,0xFF,0xFF,0xFF,0xFF,0xFF,0xFF,0xFF,0xFF,0xFF,0xFF,
    0xFF,0xFF,0xFF,0xFF,0xFF,0xFF,0xFF,0xFF,0xFF,0xFF,0xFF,0xFF,0xFF,0xFF,0xFF,0xFF,0xFF,0xFF,0xFF,0xFF,0xFF,0xFF,0xFF,0xFF,0xFF,0xFF,0xFF,0xFF,0xFF,0xFF,0xFF,0xFF,0xFF,0xFF,0xFF,0xFF,
    0xFF,0xFF,0xFF,0xFF,0xFF,0xFF,0xFF,0xFF,0xFF,0xFF,0xFF,0xFF,0xFF,0xFF,0xFF,0xFF,0xFF,0xFF,0xFF,0xFF,0xFF,0xFF,0xFF,0xFF,0xFF,0xFF,0xFF,0xFF,0xFF,0xFF,0xFF,0xFF,0xFF,0xFF,0xFF,0xFF,
    0xFF,0xFF,0xFF,0xFF,0xFF,0xFF,0xFF,0xFF,0xFF,0xFF,0xFF,0xFF,0xFF,0xFF,0xFF,0xFF,0xFF,0xFF,0xFF,0xFF,0xFF,0xFF,0xFF,0xFF,0xFF,0xFF,0xFF,0xFF,0xFF,0xFF,0xFF,0xFF,0xFF,0xFF,0xFF,0xFF,
    0xFF,0xFF,0xFF,0xFF,0xFF,0xFF,0xFF,0xFF,0xFF,0xFF,0xFF,0xFF,0xFF,0xFF,0xFF,0xFF,0xFF,0xFF,0xFF,0xFF,0xFF,0xFF,0xFF,0xFF,0xFF,0xFF,0xFF,0xFF,0xFF,0xFF,0xFF,0xFF,0xFF,0xFF,0xFF,0xFF,
    0xFF,0xFF,0xFF,0xFF,0xFF,0xFF,0xFF,0xFF,0xFF,0xFF,0xFF,0xFF,0xFF,0xFF,0xFF,0xFF,0xFF,0xFF,0xFF,0xFF,0xFF,0xFF,0xFF,0xFF,0xFF,0xFF,0xFF,0xFF,0xFF,0xFF,0xFF,0xFF,0xFF,0xFF,0xFF,0xFF,
    0xFF,0xFF,0xFF,0xFF,0xFF,0xFF,0xFF,0xFF,0xFF,0xFF,0xFF,0xFF,0xFF,0xFF,0xFF,0xFF,0xFF,0xFF,0xFF,0xFF,0xFF,0xFF,0xFF,0xFF,0xFF,0xFF,0xFF,0xFF,0xFF,0xFF,0xFF,0xFF,0xFF,0xFF,0xFF,0xFF,
    0xFF,0xFF,0xFF,0xFF,0xFF,0xFF,0xFF,0xFF,0xFF,0xFF,0xFF,0xFF,0xFF,0xFF,0xFF,0xFF,0xFF,0xFF,0xFF,0xFF,0xFF,0xFF,0xFF,0xFF,0xFF,0xFF,0xFF,0xFF,0xFF,0xFF,0xFF,0xFF,0xFF,0xFF,0xFF,0xFF,
    0xFF,0xFF,0xFF,0xFF,0xFF,0xFF,0xFF,0xFF,0xFF,0xFF,0xFF,0xFF,0xFF,0xFF,0xFF,0xFF,0xFF,0xFF,0xFF,0xFF,0xFF,0xFF,0xFF,0xFF,0xFF,0xFF,0xFF,0xFF,0xFF,0xFF,0xFF,0xFF,0xFF,0xFF,0xFF,0xFF,
    0xFF,0xFF,0xFF,0xFF,0xFF,0xFF,0xFF,0xFF,0xFF,0xFF,0xFF,0xFF,0xFF,0xFF,0xFF,0xFF,0xFF,0xFF,0xFF,0xFF,0xFF,0xFF,0xFF,0xFF,0xFF,0xFF,0xFF,0xFF,0xFF,0xFF,0xFF,0xFF,0xFF,0xDF,0xFF,0xFF,
    0xDF,0xFF,0xFF,0xFF,0xFF,0xFF,0xFF,0xFF,0xFF,0xFF,0xFF,0xFF,0xFF,0xFF,0xFF,0xFF,0xFF,0xFF,0xDF,0xFF,0xFF,0xFF,0xFF,0xFF,0xFF,0xFF,0xFF,0xFF,0xFF,0xFF,0xFF,0xFF,0xFF,0xFF,0xFF,0xFF,
    0xDF,0xFF,0xFF,0xFF,0xFF,0xFF,0xFF,0xFF,0xFF,0xFF,0xFF,0xFF,0xFF,0xFF,0xFF,0xFF,0xFF,0xFF,0xDF,0xFF,0xFF,0xFF,0xFF,0xFF,0xFF,0xFF,0xFF,0xFF,0xFF,0xFF,0xFF,0xFF,0xFF,0xFF,0xFF,0xFF,
    0xFF,0xFF,0xFF,0xFF,0xFF,0xFF,0xFF,0xFF,0xFF,0xFF,0xFF,0xFF,0xFF,0xFF,0xFF,0xFF,0xFF,0xFF,0xFF,0xFF,0xFF,0xFF,0xFF,0xFF,0xFF,0xFF,0xFF,0xFF,0xFF,0xFF,0xFF,0xFF,0xFF,0xFF,0xFF,0xFF,
    0xFF,0xFF,0xFF,0xFF,0xFF,0xFF,0xFF,0xFF,0xFF,0xFF,0xFF,0xFF,0xFF,0xFF,0xFF,0xFF,0xFF,0xFF,0xFF,0xFF,0xFF,0xFF,0xFF,0xFF,0xFF,0xFF,0xFF,0xFF,0xFF,0xFF,0xFF,0xFF,0xFF,0xFF,0xFF,0xFF,
    0xFF,0xFF,0xFF,0xFF,0xFF,0xFF,0xFF,0xFF,0xFF,0xFF,0xFF,0xFF,0xFF,0xFF,0xFF,0xFF,0xFF,0xFF,0xFF,0xFF,0xFF,0xFF,0xFF,0xFF,0xFF,0xFF,0xFF,0xFF,0xFF,0xFF,0xFF,0xFF,0xFF,0xFF,0xFF,0xFF,
    0xFF,0xFF,0xFF,0xFF,0xFF,0xFF,0xFF,0xFF,0xFF,0xFF,0xFF,0xFF,0xFF,0xFF,0xFF,0xFF,0xFF,0xFF,0xFF,0xFF,0xFF,0xFF,0xFF,0xFF,0xFF,0xFF,0xFF,0xFF,0xFF,0xFF,0xFF,0xFF,0xFF,0xFF,0xFF,0xFF,
    0xFF,0xFF,0xFF,0xFF,0xFF,0xFF,0xFF,0xFF,0xFF,0xFF,0xFF,0xFF,0xFF,0xFF,0xFF,0xFF,0xFF,0xFF,0xFF,0xFF,0xFF,0xFF,0xFF,0xFF,0xFF,0xFF,0xFF,0xFF,0xFF,0xFF,0xFF,0xFF,0xFF,0xFF,0xFF,0xFF,
    0xFF,0xFF,0xFF,0xFF,0xFF,0xFF,0xFF,0xFF,0xFF,0xFF,0xFF,0xFF,0xFF,0xFF,0xFF,0xFF,0xFF,0xFF,0xFF,0xFF,0xFF,0xFF,0xFF,0xFF,0xFF,0xFF,0xFF,0xFF,0xFF,0xFF,0xFF,0xFF,0xFF,0xFF,0xFF,0xFF,
    0xFF,0xFF,0xFF,0xFF,0xFF,0xFF,0xFF,0xFF,0xFF,0xFF,0xFF,0xFF,0xFF,0xFF,0xFF,0xFF,0xFF,0xFF,0xFF,0xFF,0xFF,0xFF,0xFF,0xFF,0xFF,0xFF,0xFF,0xFF,0xFF,0xFF,0xFF,0xFF,0xFF,0xFF,0xFF,0xFF,
    0xFF,0xFF,0xFF,0xFF,0xFF,0xFF,0xFF,0xFF,0xFF,0xFF,0xFF,0xFF,0xFF,0xFF,0xFF,0xFF,0xFF,0xFF,0xFF,0xFF,0xFF,0xFF,0xFF,0xFF,0xFF,0xFF,0xFF,0xFF,0xFF,0xFF,0xFF,0xFF,0xFF,0xFF,0xFF,0xFF,
    0xFF,0xFF,0xFF,0xFF,0xFF,0xFF,0xFF,0xFF,0xFF,0xFF,0xFF,0xFF,0xFF,0xFF,0xFF,0xFF,0xFF,0xFF,0xFF,0xFF,0xFF,0xFF,0xFF,0xFF,0xFF,0xFF,0xFF,0xFF,0xFF,0xFF,0xFF,0xFF,0xFF,0xFF,0xFF,0xFF,
    0xFF,0xFF,0xFF,0xFF,0xFF,0xFF,0xFF,0xFF,0xFF,0xFF,0xFF,0xFF,0xFF,0xFF,0xFF,0xFF,0xFF,0xFF,0xFF,0xFF,0xFF,0xFF,0xFF,0xFF,0xFF,0xFF,0xFF,0xFF,0xFF,0xFF,0xFF,0xFF,0xFF,0xFF,0xFF,0xFF,
    0xFF,0xFF,0xFF,0xFF,0xFF,0xFF,0xFF,0xFF,0xFF,0xFF,0xFF,0xFF,0xFF,0xFF,0xFF,0xFF,0xFF,0xFF,0xFF,0xFF,0xFF,0xFF,0xFF,0xFF,0xFF,0xFF,0xFF,0xFF,0xFF,0xFF,0xFF,0xFF,0xFF,0xFF,0xFF,0xFF,
    0xFF,0xFF,0xFF,0xFF,0xFF,0xFF,0xFF,0xFF,0xFF,0xFF,0xFF,0xFF,0xFF,0xFF,0xFF,0xFF,0xFF,0xFF,
};
const lv_img_dsc_t ui_img_stingerlogo_png = {
    .header.always_zero = 0,
    .header.w = 402,
    .header.h = 161,
    .data_size = sizeof(ui_img_stingerlogo_png_data),
    .header.cf = LV_IMG_CF_TRUE_COLOR_ALPHA,
    .data = ui_img_stingerlogo_png_data
};

